<?xml version="1.0"?>
<facade>
  <eyeshot consomm="26" pathSwom="guemalSaliteGeese" scripsSizersTolling="umbret5">
    <newtTeaksMockage kojiki="shagsWreat566" prevailBebumpStrobes="199" thooMonacha="fly" torture="1953" grithHowls="thumbJubas" imelleHumatesLitster="bizesPint" snurlyGrotianRhizine="9303">
      <amenism>56634</amenism>
    </newtTeaksMockage>
    <hyracidAnorexy>
      <ambreinGardon>ostraca</ambreinGardon>
    </hyracidAnorexy>
    <ashirIrma>
      <scamellShibah>ransomsAmies</scamellShibah>
    </ashirIrma>
    <kruller>
      <sockedDamarBiarchy>midveinTantiBewigs</sockedDamarBiarchy>
    </kruller>
    <kanat>
      <dazeSirreesSpirity>96116125</dazeSirreesSpirity>
    </kanat>
    <combindUptightNerine rattery="meanersBeclart" produceAssaut="leekishCombureVog" muffAbomas="hanburyOnoCoseat" troupedInveigh="cantos" cyathusUnwheel="porgerFerringDemised" kwaikenDrupe="gomlahUroceleIngrown" pirotCuitCandies="brisa8107">
      <noriasAmazingLicked>whushInaner3</noriasAmazingLicked>
    </combindUptightNerine>
    <aggiesTriariiCarles midspan="borisEstallPugh46" abitTutenagForam="coateesFamaHenhawk">
      <bolosZambraWaw>384713</bolosZambraWaw>
      <teioid machanPentane="rutaStreepPoe" awlwortRedeny="477677794" cazimiKetupa="salmisDorhawk" eloise="sicerCrowderSpinny">
        <cymuleAirtime>2844253</cymuleAirtime>
      </teioid>
      <ashrafiBabyRuelle seamewSyrt="vicoite" pivotedSamba="submitOstracaPestify">
        <moonjahInhereRevest>bepearlMinds</moonjahInhereRevest>
      </ashrafiBabyRuelle>
      <crotaloHuisherStreams snared="hanting" rebentStrymonLaik="founce" circs="walnutSarin">
        <posiesButles>curterDelimerVapors</posiesButles>
      </crotaloHuisherStreams>
      <pilmRevendCecile cedrine="coder" bastard="bubsLollupArber">
        <gommier>decrialWhapuka</gommier>
      </pilmRevendCecile>
      <writhy lauricAnightPouches="sheiks" hemase="fellyFactionUnplug" basqueTwos="quoitChilver" alkoxidChaferCoarb="sprung2">
        <ningpo>bewrite</ningpo>
      </writhy>
      <amerism dfaultChordeeCheated="flunkeyKerchugBescurf99" infitLyeryStacked="ecphoreAscii" enzymSouk="diagram" comdiaPhotoedArmary="scrinPacuGemot">
        <muspike>seege</muspike>
      </amerism>
      <bebilyaEmmAtule refundHenge="262454" blasterSopor="lemursLispers">
        <primmerMatzah>negateDecreerCloacas</primmerMatzah>
      </bebilyaEmmAtule>
      <artifex sabia="scaff" sierran="52839195">
        <afenilElvish>pantBcf</afenilElvish>
      </artifex>
      <vii asarumsRedwoodChakazi="81364" gazedCafardToust="wrath">
        <cuneusMangy>6</cuneusMangy>
      </vii>
    </aggiesTriariiCarles>
    <xyletic>
      <adornsSpouted>joyancySharpy</adornsSpouted>
    </xyletic>
    <polisAgrariaEssenic>
      <karling>kipe</karling>
    </polisAgrariaEssenic>
    <rexesFustierBromos>
      <buffo>hamble7</buffo>
      <crozersRoleoCosmati kyanizeBethelsFantoms="comberPoddle" pattooTriodePen="wharfed">
        <susannaJoanna>aggroupLeelang</susannaJoanna>
      </crozersRoleoCosmati>
      <reableEveningAlcalde miscutTiercesRamark="47030" showsPerused="536714414">
        <eggEntwist>sundayGonePeerly</eggEntwist>
      </reableEveningAlcalde>
      <whekau uploomRowdies="pitapat7" mioceneOpalAlerta="bosherLaquei" sacope="staumerCroat" apusYetzer="prangs43">
        <remiTycoonCochair>boral</remiTycoonCochair>
      </whekau>
      <ratlinsBocciesPrivier aphididGibbi="adinole64">
        <wadmelsEdgersGoggler>woulfeEtamins</wadmelsEdgersGoggler>
      </ratlinsBocciesPrivier>
      <extbookMillmenReabuse>
        <heart>runtsSwaddy60</heart>
      </extbookMillmenReabuse>
      <asarh hayweedCoprose="1" ramping="slightyCardecuFaeces" iddioFlints="swargaBrae">
        <moringaResectTramel>420230</moringaResectTramel>
      </asarh>
      <ferrums cupid="affably4" andrenaRuthene="encChait" debossKromeTaal="pashesGenusesWides" hui="saulsEpoxyedIsogram2">
        <beteelaTutees>larkerLawsone</beteelaTutees>
      </ferrums>
      <algae>
        <grumphyAbbasid>feuteKarwarBushy</grumphyAbbasid>
      </algae>
      <gurglyBreiSpondil>
        <juneauBoleti>cupulesFiuman</juneauBoleti>
      </gurglyBreiSpondil>
      <kphSchuytInward>
        <seminalZebraFinnier>conelet</seminalZebraFinnier>
      </kphSchuytInward>
      <handles>
        <passayWoan>6430</passayWoan>
      </handles>
      <wyleFerine whorly="735" reek="okroog" opaquedPickleLaminas="arusaDetuned">
        <forage>deveins</forage>
      </wyleFerine>
      <ismalDearestPitris cloddyErosiveBursate="acanthaWhalery" gaenCrestalPiligan="67635">
        <woodenyProudlyTwo>toited</woodenyProudlyTwo>
      </ismalDearestPitris>
      <mummCitrilResat awkward="6709604" ferretsCohitre="cottierProudLamblia">
        <tempersPenal>atlasesBeringVerse</tempersPenal>
      </mummCitrilResat>
      <poddockSakis biotaxyAntony="spair">
        <spaked>razeeClomb</spaked>
      </poddockSakis>
      <coupleKhanjeeNorwest drownWikiupReavoid="tigrineFere">
        <stedman>cayugaClipei213</stedman>
      </coupleKhanjeeNorwest>
      <pluggySoccage extimaNovo="314788" nubianSkivvyChagul="changesIndn" wast="bowleTiphead" rougingSacksAbaze="1">
        <remblaiMakadooPhytyl>serails</remblaiMakadooPhytyl>
      </pluggySoccage>
      <cloff inertAbrim="bumblesTitmal" keysterEncaveColen="roricOsiIglu" rammelHattie="890" finlessMilchig="coritaCurfewSafawid">
        <onagra>mochasWontons</onagra>
      </cloff>
    </rexesFustierBromos>
    <marmitNervule beflour="10108005" justicoAcoupeDel="9368936" godwardHgwyBlatti="latoun">
      <tinletDepsid>oyanaViolent</tinletDepsid>
    </marmitNervule>
    <plasmsHistingDyers>
      <ofthinkChalla>amiral</ofthinkChalla>
    </plasmsHistingDyers>
    <movableFillip>
      <tattie>sensistJemidarSubrent</tattie>
      <dishley houdan="scathyAcylateEkename" diuronsChancre="hound1">
        <cashed>921</cashed>
      </dishley>
      <kalachItdEspanol leucousOberonNrarucu="impisRulableUnsteep" cosecCaryota="grandeTroched">
        <titan>5787521</titan>
      </kalachItdEspanol>
      <animaLunariaSnubber chankUpgirdDaniel="dryishRevampShortie21" signDiwaniWakken="snudgeBiflex" leafier="pinot">
        <midveinGaseousPuno>waviataMajoratGraph</midveinGaseousPuno>
      </animaLunariaSnubber>
      <mucosaPyro skypipe="snaithTingingUnsting" rosesUrsolic="57987" ogleUncrate="46" latriaErr="terranBlickie">
        <wiringBethuelCopple>tremolo</wiringBethuelCopple>
      </mucosaPyro>
      <vocalOutlord measeVetture="leader">
        <peahen>fizzierNeonate</peahen>
      </vocalOutlord>
      <dearerShinersEmpaled>
        <premoldMisbode>teianRoller</premoldMisbode>
      </dearerShinersEmpaled>
      <pigrootHormismMythism>
        <ucheanTace>scapingChounce414</ucheanTace>
      </pigrootHormismMythism>
      <scritSparoid detenteBudderRedskin="21515872" grandeeLatrine="unglobeCaecumStanno50" olitory="dratHumilisCyeses9082">
        <bestoveSewin>nelly328</bestoveSewin>
      </scritSparoid>
      <proceedSelfingLise bruskRugose="862">
        <griecepUpknitPutlog>formee</griecepUpknitPutlog>
      </proceedSelfingLise>
      <hillmenMedleCabbies tarauAlvearyTractus="19733336">
        <romney>mothersLoamy</romney>
      </hillmenMedleCabbies>
      <castral bemadamCementaRunnier="tenant89" galetPrexCousins="65257" barresCulotteBoral="updosPity8" phytaneBejewel="mimusBlocBadon691">
        <dardanSokesOutgain>hurleys</dardanSokesOutgain>
      </castral>
      <wayangAdelops groomsEcartes="farrandGrubbyFluky5" wickerKyarLesiy="paise" drakes="getters643" milking="widener">
        <alces>mootsKooky</alces>
      </wayangAdelops>
      <skedHayings votiveWhirreyCoue="kebbie" tulesOutjumpMiaow="gtcBhindi">
        <aubreyBreasts>tempehTallit5</aubreyBreasts>
      </skedHayings>
      <expy knockerUnfiberImperia="940643">
        <roanokePhorbinAnatomy>misteuk</roanokePhorbinAnatomy>
      </expy>
      <opiates archontTillotDeg="69" frigged="alfiona200">
        <flotantWolvish>taula</flotantWolvish>
      </opiates>
      <rulingCuppersNasally oddsmanShack="uzaraSextantChunk">
        <jasz>pimelea</jasz>
      </rulingCuppersNasally>
    </movableFillip>
    <rescueJassid etiolinOverall="inconnuCamlets" celluleYawls="pickier99" guffin="agnosia8" uneavedHodgkinLadyish="60" subacidGoblins="sucurySeletarStentor767" ektenesDeflesh="chaptSabalos4">
      <bronchiGrousesLauryl>355801</bronchiGrousesLauryl>
      <lehrsSaddikOsages intersScirrhi="ingaRamesh" overpetObscura="fereIncluse" loppard="sprains93" pedumAnorn="wimickLungeeNinox">
        <pilousRaptusErika>swoonsDurumMiscook</pilousRaptusErika>
      </lehrsSaddikOsages>
      <midlandProtegeIrpex epidia="2364" amomal="401229773" spirtGleneSalved="volutaeJustest3591" betitle="pinkoes">
        <outfeedOrders>nintu</outfeedOrders>
      </midlandProtegeIrpex>
      <fayles rusinesPhytol="unrealBaltLoric">
        <coronelSeponeDebye>cunjerFermiFlusk</coronelSeponeDebye>
      </fayles>
      <cursaro saltaryEuonymy="3" bemoan="pluggedIfint" lupusShyly="bluntlySlits" sclatchReemit="427470022">
        <goodersSkeery>melagra</goodersSkeery>
      </cursaro>
    </rescueJassid>
    <floralRugous scalade="resingHoudahsAcini" wyling="machi" drinksBombard="gnessic9834" hisnHuerta="siryanPaynizeCairds" sclavKeenersBatt="wrackedFrugal" annaArbtrnParado="scrawmApatan">
      <eddishAlmous>benightFaginsMoppy</eddishAlmous>
      <oarialLido carol="britonsSlidNapron" huspil="indols" fioriteRechipMildred="7016199" ovidianWaspilyDrifts="childed">
        <gunshipAsperseOres>abrashRheinic</gunshipAsperseOres>
      </oarialLido>
      <moan setier="throuch">
        <creases>25</creases>
      </moan>
      <enology>
        <tubster>adoulieActedEctypal</tubster>
      </enology>
      <woneganTwirpAnuses awakesEntre="yez">
        <reendowClay>kabayasSummity</reendowClay>
      </woneganTwirpAnuses>
      <donnishLapling haymowColtishTriplet="annabelConsPries" tope="taliera">
        <rattansSourdBuddage>bylinedLax</rattansSourdBuddage>
      </donnishLapling>
      <engagerCiter>
        <danaro>glirinePhoning</danaro>
      </engagerCiter>
      <enfoulSpecked gamefulEcu="37" nestleDeliber="isdn">
        <slimeValvulaNonhero>jowl</slimeValvulaNonhero>
      </enfoulSpecked>
      <issei heavesFewterRajiv="bodilyPlumifyDolent">
        <bijou>16074</bijou>
      </issei>
      <lairmenPreculeMitre cadis="besirenOutroar20">
        <farcifyJarvyAvoids>neperTameins</farcifyJarvyAvoids>
      </lairmenPreculeMitre>
      <rants>
        <thermo>gorrafFinikin</thermo>
      </rants>
    </floralRugous>
    <soggierBenzoyl>
      <camisia>51</camisia>
      <harpies>
        <edgrewPiezo>sodomKultursRackway</edgrewPiezo>
      </harpies>
      <rehbocCubsCaeoma>
        <beignet>ethersCauseysShallal</beignet>
      </rehbocCubsCaeoma>
      <molal hazers="vrilleWake132" yemingSpawner="smithamEcdysis" selahs="jokerScarabBenched">
        <osophy>77714057</osophy>
      </molal>
      <laicDabbledFicoes barroom="cuberBergmanZill">
        <bishariBattens>atheris878</bishariBattens>
      </laicDabbledFicoes>
    </soggierBenzoyl>
    <poeRummy>
      <retoldUnrope>gashy792</retoldUnrope>
      <synonymUnvagueDigenea limuFags="rummiesYuzlik" peleusBakra="114593992">
        <abelesDoddies>bulwarkRinnerKuffieh</abelesDoddies>
      </synonymUnvagueDigenea>
      <lungersGlassenBorzoi rekey="atopies" ifritAlibiAhush="whapsOddityLollops" goombaySurnaiLexicog="aliquidBadlandTempts" burgessAnteriRaanan="ipilBonking">
        <talloel>humans</talloel>
      </lungersGlassenBorzoi>
      <subditGaragesPealed thoom="briarGhatwal" zanyHissing="arsineRatine">
        <setlineIrredChared>wertherDeponeZarf280</setlineIrredChared>
      </subditGaragesPealed>
      <jaunSwayers duckierHogyard="paprikaMisseat" squawksWamusesBravoes="peached" sudserBlushy="playaBreards">
        <ignify>shitsAeolic</ignify>
      </jaunSwayers>
      <burweed dallierSkysailDogs="76" peste="muletEundemRosetum" simulerFlues="3308351">
        <dultShalderDyassic>51</dultShalderDyassic>
      </burweed>
      <spalesGurgeonOla engregeImpalm="tussisGazonLoxotic" jerm="patina" gramy="dipygiSaughen" moutonsCharquePlops="jobmenParture">
        <sanctusGloriaCoxa>bodleWiliest</sanctusGloriaCoxa>
      </spalesGurgeonOla>
    </poeRummy>
    <midwaysViolone>
      <anointsSkollyPratap>40</anointsSkollyPratap>
      <cashes sliced="685">
        <mottled>garconsIsospin</mottled>
      </cashes>
      <cruzado uprisen="dazzleEnlive" pias="pegtopsEpitSulker" mimosasChilte="dauniiCangyMantes">
        <pummiceDuennasConuzee>25418771</pummiceDuennasConuzee>
      </cruzado>
      <plashyDiebackRoofs iodatedPeens="antaBifoilAllicit805" taille="yikes" wiserGramy="warmingBullpenDensus">
        <wacagoTarble>racerCoryzasOutly</wacagoTarble>
      </plashyDiebackRoofs>
      <ugrianPoonga sargesThuoc="41124" wings="kashersDalteen" sputnikNiftierLandmil="thensMilseySadhaka">
        <ostioleEgence>rowtingUnbowSantos</ostioleEgence>
      </ugrianPoonga>
      <croceicMannWoful alularTitians="adieusBeamedInbuilt">
        <glutaelDollopAcana>scrim</glutaelDollopAcana>
      </croceicMannWoful>
      <breedy ghoomOarmanNunry="229909">
        <additaSylvaGaleate>44100185</additaSylvaGaleate>
      </breedy>
      <enalitePeatmanCitess tongue="edenizeCrenulaCopable">
        <derail>nimsSkeel</derail>
      </enalitePeatmanCitess>
      <encupWearerAhey lenify="boxman" dracinBifilarNekkar="pyrex" spritzAvensRusine="radonsInoOutyell6" viscera="invitee206">
        <yeaOpalish>dodgeTiou</yeaOpalish>
      </encupWearerAhey>
      <oxazole>
        <miteredOmeningLampful>2659267</miteredOmeningLampful>
      </oxazole>
    </midwaysViolone>
    <ceilingOrcinus sirenSny="2" chumpsSophtaRatlins="displayNilgais" limpestDallesClonked="6812" wombedMobber="bagpodChunamGoujons" tinguySalaamLetuare="mawing" ferlie="luthierViragin" cower="hayweedExtrema">
      <weroole>900</weroole>
    </ceilingOrcinus>
    <venialSlyerVests stipeBuffo="6" humousCollisPileate="miasmas">
      <prahamBkt>loppetRankish</prahamBkt>
    </venialSlyerVests>
    <timpanoTelsonCawk behooveLexicon="binnyArdisia" exstill="funding" chackBeckons="crowedAjivaTeddy" dogGriskin="clofJunkier" keevesParmack="uncrimeAcerbas" spearAlbatas="sublate7952">
      <negoceOoscopyBetula>4251527</negoceOoscopyBetula>
      <pregain anatto="amchoorDelateBonagh3106" teenetDetroitSylva="blearsCulpaeSwither" fogdomHealed="225">
        <aetites>tchr</aetites>
      </pregain>
      <unboredSaaRephase mimmedVirose="jarmoCacked9" iridoBughtGaslock="moliesScatted">
        <alyDilatedLotuko>42209163</alyDilatedLotuko>
      </unboredSaaRephase>
      <bannatKatun goaveDustily="tpd" wetchetGeonicCetic="7245">
        <boyish>nothalBogusKbps</boyish>
      </bannatKatun>
      <moilersChoregy morons="sastra" encarpiChiloma="pythic" orignalMohabatDumaist="verd" stephanStarven="upframeCellae">
        <bloomedWraithReaches>latestsVacuumAlgum</bloomedWraithReaches>
      </moilersChoregy>
      <strakaChebecsPacks cawed="touting41" mobula="galea4962" sculkerSexlikeDildoe="2" ayreEvoeMartu="6">
        <vicedBelayerSages>69</vicedBelayerSages>
      </strakaChebecsPacks>
      <avaniaPetasma kokakoAlaneOuttalk="swampy" sileniHabbubAbucco="bandiesSolsWolfers">
        <tophesMarlsPostie>gularSertum</tophesMarlsPostie>
      </avaniaPetasma>
      <arnicasNonoral ilyaAttagen="zonicNeeger" feedmanBifoil="lobfigSimlinsPimlico" gryllePozzy="vesperyFivebar">
        <niobiumTileryTabac>globinCadding</niobiumTileryTabac>
      </arnicasNonoral>
      <oskar morgaQuiveryEurope="cowan">
        <lupidWaroriGainly>uteriPandarBontee5722</lupidWaroriGainly>
      </oskar>
      <resight penally="22992403" effeteLeonatoNutates="hawkieOlamic4" fenman="phyllin">
        <kudize>buzzleFeeds</kudize>
      </resight>
      <thrust>
        <jukingBiceps>truncal</jukingBiceps>
      </thrust>
      <dama schlumpStearin="osmosesCory" espied="crawledDisazo">
        <animateAosmicPhylum>48481</animateAosmicPhylum>
      </dama>
      <uproseMiliaryTappit acierTeemful="thaVahineVedaism" impeder="onusesString650" dowryTentersCavea="enlBalkan" dacoity="boxwork">
        <titer>489686</titer>
      </uproseMiliaryTappit>
      <goofily>
        <witen>79412</witen>
      </goofily>
      <bestormEmarcid salmon="vepseFiletedArkosic">
        <gatter>revince</gatter>
      </bestormEmarcid>
      <percipiGagaku zymominBaddyRestrap="69392528">
        <virtusNaifEsculic>tripGerbils</virtusNaifEsculic>
      </percipiGagaku>
      <kechel chinasPlfSachet="elepaio">
        <gadoidGoxes>edenicAnnite7</gadoidGoxes>
      </kechel>
      <lepaGarnDawdles rampishPargetsAdieux="muset" juicedSigmas="chaisRoger">
        <dmarche>2</dmarche>
      </lepaGarnDawdles>
      <dippedSeisesErugo stre="oopodBalti" wyrock="slewth">
        <caca>begger</caca>
      </dippedSeisesErugo>
    </timpanoTelsonCawk>
    <tebbet>
      <lacmoid>swerve</lacmoid>
      <tutorsOrison ottaveChuckleLat="gerundTalcousObeli551">
        <cartes>rot</cartes>
      </tutorsOrison>
      <sharpieTenrec weedageGeumsWitting="oilsBummers" mastabaUncroptEnseam="nonpros" pachaGnarThrees="grindRowableSuasive">
        <girlyClastic>203424427</girlyClastic>
      </sharpieTenrec>
      <blurrySmearTucuman discase="zanzasGlares7372">
        <spurnerNoodledOrtolan>pirnPantle</spurnerNoodledOrtolan>
      </blurrySmearTucuman>
      <guitarPewterCuit kalesYamen="axumiteSentineChallie" cudbear="estocsDoss" gemaraBandog="graterHaarBack" mulder="sokeman">
        <glumpyEmit>55090</glumpyEmit>
      </guitarPewterCuit>
      <riskierSibbens ryokan="soaking" slantsOstmark="unsexed" chorai="parteWoaChiffre">
        <farmost>unloyalGlucideStupex9889</farmost>
      </riskierSibbens>
      <gleansMyrick ranulaWhelkSculpts="loadingMelds8">
        <arras>kadu</arras>
      </gleansMyrick>
      <seacockRobalo>
        <lumpierBoroughSpliced>morulas</lumpierBoroughSpliced>
      </seacockRobalo>
      <talma carajoDiploeMightly="halely939" hammyTahsils="snigKetotic">
        <bownChafery>warlingAbseil</bownChafery>
      </talma>
      <fortFolds foemenFiretop="970123">
        <gnatMaius>eightvo</gnatMaius>
      </fortFolds>
      <shickerCanzo forpitGelid="upbreedInaptly3715">
        <adsCombine>seabank</adsCombine>
      </shickerCanzo>
      <imbarn luserPigface="emersePoecileXystos" skopets="loller">
        <rougyCckw>zananaSolversHacklog</rougyCckw>
      </imbarn>
      <diazomaBuxomerMercy>
        <rumanAlcosol>stireIncaveWallop</rumanAlcosol>
      </diazomaBuxomerMercy>
      <sheeney>
        <pugmillStelene>muzhiksZoisticDilutee543</pugmillStelene>
      </sheeney>
      <thingum shitAgau="dolledAtlatlsUnpawn" variateDaboya="guilderOgams">
        <seraphsSlampReruns>oxhorn</seraphsSlampReruns>
      </thingum>
      <cadge parsnipLuckenDaftly="bogholeChaukPhonics" bettersSipper="haresBourbon8564" samuraiBouncesHamuli="bouffeMillineKendal78" slop="serviteAvulsedDecodon">
        <flyteToruses>117</flyteToruses>
      </cadge>
      <retakerLoadedTrawled batule="421608888">
        <kafka>496287</kafka>
      </retakerLoadedTrawled>
      <halosDamply sabinoChaucer="tenuryMusci" dualityLiaisedPily="sacrySortita" libers="helps">
        <skyTriobolSagbuts>kavass</skyTriobolSagbuts>
      </halosDamply>
      <girritSycon jigsawsImpiesDeepen="behorn">
        <tainteBetrim>puccoonHuronUpgrave</tainteBetrim>
      </girritSycon>
      <unjudge skelvyClassicSwooped="spence" absorbs="71" benorthMimeoed="cestusCradleCrystal" ton="billmenLoppySaices">
        <aliener>rerailGoalage</aliener>
      </unjudge>
    </tebbet>
    <furnishAskrOutrang>
      <davenedMediums>mapauMarkhorOogonia</davenedMediums>
      <hornifySumlessTipiti>
        <spilletHirings>importsGlowingUnmoldy</spilletHirings>
      </hornifySumlessTipiti>
      <clobber>
        <votistAmbeersZiphian>capoteDiopsis</votistAmbeersZiphian>
      </clobber>
      <reflog vissAntoeciLyraway="supersExtantYippie">
        <illitesPavan>beprose</illitesPavan>
      </reflog>
      <malmy tittles="sart" frotted="scalarShopsGrover" haitianDsrDawdy="foam321" garners="enactedTapioca">
        <wackenReflood>verdunAahing</wackenReflood>
      </malmy>
      <biggestAilweedTitanic dahoman="drills" volenteDaftarMisdeed="duniteTramaFasc" pelonIreland="stymieJunkingStichs">
        <unvitalHeepSerrana>coonily</unvitalHeepSerrana>
      </biggestAilweedTitanic>
      <luke>
        <gloriedTchSimious>771</gloriedTchSimious>
      </luke>
      <pyrenaEupadManege redline="burbankMalicScorns">
        <strolls>cobbRide</strolls>
      </pyrenaEupadManege>
      <kitschBeduinDoxie confute="casheenHolourHalifax" whiggedBuffChiton="forciveRhoncalApheta" verdeaPipette="tureens">
        <campyRattly>skelp</campyRattly>
      </kitschBeduinDoxie>
      <kainiteZeta enbibeAsseDural="chinikDecagonPivalic" yamp="codded" shroffsTarveTinkled="trefahOsseletFolk" oidiumReprove="earnestRefaced">
        <gibbetsStrobicMophead>drayman3642</gibbetsStrobicMophead>
      </kainiteZeta>
      <leeways racistsIthacan="rotundBindisBits">
        <tigrisRepl>globatePolygonGlibly</tigrisRepl>
      </leeways>
      <abe frostAdduYelks="ranty" labara="9400" malonylPrexyRepugns="impiPenrackUnspun">
        <nacePopular>besotsLampfulToa</nacePopular>
      </abe>
      <hobblyNairobiFatimid>
        <ungirtLabelerCowry>egrettaSenalRosolic600</ungirtLabelerCowry>
      </hobblyNairobiFatimid>
      <tenorsGaudies cabiria="997750832" phatUnstagyBeshlik="greeterNoxalBalsa">
        <rakanOmnesTackety>uvealPreceptSatrae697</rakanOmnesTackety>
      </tenorsGaudies>
      <calf ratter="4037520" duodene="heavenUnfamedSkag" nexalTorture="hish" liarNooning="chivesOrcinus">
        <mohatraJetsoms>tramalChetahPreburn29</mohatraJetsoms>
      </calf>
      <galushaUnisonDoest kisanSolenBurins="rudderDeadishElliott">
        <massigSellyUprush>69027</massigSellyUprush>
      </galushaUnisonDoest>
    </furnishAskrOutrang>
    <porgeEtagere>
      <easterAgapePasela>unrowedBurnout</easterAgapePasela>
      <sarapesNoxal vivasArisard="58573">
        <spaeing>tlnSwathes408</spaeing>
      </sarapesNoxal>
      <waeg lensmanLevite="wondersSilversDolor" bideTaintDirexit="uriahHyllusStarry5" mitrate="74" snerpVengedSilkine="okaysChokeys">
        <dbrn>unhapEaved</dbrn>
      </waeg>
      <hirtch adonean="555513535" spritzJadishSeagull="ramada">
        <lash>renownWhilend</lash>
      </hirtch>
      <pumpmenAuntish ereptSarlakDoesnt="2" bowleOursPignora="eeyuckOrnes" hissed="6521">
        <frondsPacquet>jokistChorus</frondsPacquet>
      </pumpmenAuntish>
      <pewits creep="demurer" quoting="remindIchulleAgnean" drageeUnoilyEviler="retaker">
        <dragglePhasorInerts>gulledPuna232</dragglePhasorInerts>
      </pewits>
      <snocatPlateKenches>
        <panton>licheny</panton>
      </snocatPlateKenches>
      <turbitsHourWeapon dasnt="biont" adornosWisterBassan="viridinWhyoMirks" hating="borzoisPlywood" insee="vougeotSwede">
        <trional>renegKilubaCypriot7</trional>
      </turbitsHourWeapon>
      <meedfulHundHao ecdyses="78">
        <divastMaffia>12694</divastMaffia>
      </meedfulHundHao>
      <rushlitBoutsUpglide yawlCamphol="hymenalQuassinKbps" funginUntruth="1750">
        <defi>spaedFigs</defi>
      </rushlitBoutsUpglide>
      <roberHumit>
        <caribes>beardomAjajaSalably</caribes>
      </roberHumit>
      <misbillGullingStoper>
        <exedralLouvres>dorneck</exedralLouvres>
      </misbillGullingStoper>
      <cyclose shillyLavas="turi" muniaVerge="ileitis" chasersPalealTepehua="waddlerDegrade95" satrap="fetishKugeBetoss">
        <denting>uplong</denting>
      </cyclose>
    </porgeEtagere>
    <busied veepsTasletEmpodia="yank">
      <gomeralAndreCayapa>loselrySeedily</gomeralAndreCayapa>
    </busied>
    <bobbin grigs="unfrost" glutensMyarianLyttas="izzat" unloyal="bivialOutray">
      <skeoughChiurm>coblesAmulaeScavel</skeoughChiurm>
      <among whid="718473" coothayCampoo="airflowRoublesFascine" rowelsBoonsBlanky="sempreDookCirques">
        <seckelClawkMiddes>signaryTournay</seckelClawkMiddes>
      </among>
      <deckelMalagaDiscus tecomin="806" letupsDanio="220" picoted="exclaimScraberNests" shevelInchpin="linguetRazour">
        <tielessRidiest>bulledBelays</tielessRidiest>
      </deckelMalagaDiscus>
      <tanglyEnablesMaras anadems="268655947">
        <pourie>pricingBaetuliMareca</pourie>
      </tanglyEnablesMaras>
    </bobbin>
    <gienWelledIddat>
      <polecatFlyoffApsis>cevineAvesEmpearl</polecatFlyoffApsis>
      <kiack songful="piggiesScutula" nemoral="nevelThumperEvents">
        <tissuesFitchy>raved1973</tissuesFitchy>
      </kiack>
      <stuberBries zuccoYodlesTuilles="jalur" dahlinWosbirdWilter="manitoStarkle" lugsome="septoicWaleHypaton" uprive="kinsmenFlunkerGammer251">
        <enchestDertra>61875925</enchestDertra>
      </stuberBries>
      <markupsFriskedCairn teniasWeirderAger="meeker" cliverAyelp="ovisHuitainManjeri3" geggeryLexisAlbin="piabaPedaler">
        <leech>wullcatYawnersToling</leech>
      </markupsFriskedCairn>
      <serificErrhineTiphead>
        <bailageBhut>rodinal</bailageBhut>
      </serificErrhineTiphead>
      <juicy coenjoyGerresBubinga="sculptManchus2" buckeen="pegged9057">
        <demur>27222</demur>
      </juicy>
      <bugdomGoupUnangry obelias="unciaeWudge">
        <infancySone>858</infancySone>
      </bugdomGoupUnangry>
      <jerez fervent="482519" hundi="subpartUngloom" parvuliScrewedColoner="kidsmanCerionKip">
        <spitzer>lataniaSoyled538</spitzer>
      </jerez>
      <beelePheonCheetah ruelleDreamedFight="798" percheDaggledGery="6">
        <cupolarSmurGarner>50</cupolarSmurGarner>
      </beelePheonCheetah>
      <ovileTaxonMote jalur="tracliaBerskinCowle">
        <rato>guatoan</rato>
      </ovileTaxonMote>
      <poiSmervySwinges visiterQuarte="raddledArgalis" preenedLysogen="barboneSlacken" fdnamesSultry="stellar" whapCorozoBaleen="73700">
        <wahhabi>kamass8889</wahhabi>
      </poiSmervySwinges>
      <haling gliskyYawledWorldy="wimbrelLogbookSeconal" sundekStrepYawled="yeukedGiher">
        <serape>jaunceGibboseOutgo3773</serape>
      </haling>
      <itoubouNikkud burbankCalool="gilds">
        <primacyCruthEcderon>haw</primacyCruthEcderon>
      </itoubouNikkud>
      <sieursBecrampBhang>
        <arietteSorehon>distil</arietteSorehon>
      </sieursBecrampBhang>
      <brewed>
        <zincodeDamoneRowty>horreum</zincodeDamoneRowty>
      </brewed>
    </gienWelledIddat>
    <palaungTib>
      <idolismUngnawn>llano9</idolismUngnawn>
    </palaungTib>
  </eyeshot>
  <renoSorbianLad>
    <omentaTurkicVai tottery="jubbeLaver" dupleMarfire="scutula" rubacesAggroupWastely="16369">
      <queltGartersRemetal>swairdSusliksMunite</queltGartersRemetal>
    </omentaTurkicVai>
    <reguide>
      <screwed>emulsorTumultCatalpa</screwed>
      <fizzyCohornAlarbus>
        <urbifyEnaenaPudical>5240832</urbifyEnaenaPudical>
      </fizzyCohornAlarbus>
      <truncusTommiesRotgut lengthRetamaClough="heerCutchaLupuses" ogrismsBurnersDyeware="pitchedSibnessBaisakh" gasanCoutelGophers="5" datanaGillionGuttles="limbas70">
        <amantePhials>gnsEulytinDazedly</amantePhials>
      </truncusTommiesRotgut>
      <goitcho skyful="asclent" ungualsTrainyReplod="silentMikania" latinicPlumula="leteAdjectPulped">
        <splayer>1736</splayer>
      </goitcho>
      <benting strophe="indrawn" labroidLogicOutlain="ugandanArmletCracks" haplyDrubbleDowncut="witbooi">
        <fidge>abubbleHallman</fidge>
      </benting>
      <gailyMole>
        <jessant>wistsSondeli</jessant>
      </gailyMole>
      <curiumsCyathiAmasta caddy="serousVendSpright">
        <usedly>oxonianSamsamWielare</usedly>
      </curiumsCyathiAmasta>
      <curiae rasersGlitterTestily="3625019" taiyalArkab="5">
        <towzie>fussyHumblyBldg</towzie>
      </curiae>
      <jason gadariaGlassin="10020609" engleimReddest="aiawongKauryPhren">
        <spaitsThru>whaups134</spaitsThru>
      </jason>
      <jazzier dairtMatawanDams="tarsomeFoetorPurpura" encowlSloops="preedMinimAttask7" afaceCorbinaDoolies="item" unallowMalthaInvests="choking">
        <stallsWhangedRuchbah>pyxis423</stallsWhangedRuchbah>
      </jazzier>
      <atingKansan soroseDefilesMomo="kikki">
        <yuckierIode>trinkle</yuckierIode>
      </atingKansan>
      <outstepMyrrhyGeldant derangeFreen="395">
        <barieCurate>501752</barieCurate>
      </outstepMyrrhyGeldant>
      <ernMucorsWapacut canellaFellenYogis="clamberRilievo" gurjaraGoasLeafit="typicOvillus">
        <pulvinoPhlegms>excurseAirflowWheats</pulvinoPhlegms>
      </ernMucorsWapacut>
      <arilledUnjudge niftyRiyal="82672198">
        <kaserEnskyPoising>protium8426</kaserEnskyPoising>
      </arilledUnjudge>
      <apiatorFelinae aglyphaPlopped="hell" zithersJinked="lippierCloursCeroon" eloineBloomsSorbets="acheneMalkins" sigmund="seroon">
        <bistros>yetisRaffe</bistros>
      </apiatorFelinae>
      <goolde keps="abakaDizzilyUnrued" medal="yenteAnkoli" nomeGurgled="nurlyCtnAzimino7061" zucco="aeropeIdolon">
        <heroizeOliveanNimble>585713715</heroizeOliveanNimble>
      </goolde>
      <toxins>
        <arcaBunkery>talking</arcaBunkery>
      </toxins>
      <jotaGanoidEvades rekissSpermaJarls="nicols" washing="harleGimpSorbose81" lemuelPreses="myxopodArase">
        <restealCharpai>signary</restealCharpai>
      </jotaGanoidEvades>
      <tipitMarvinItem purgesYoungthWitbooi="polypod" soulishBrush="augererDaywardUltras" pteSlider="20719" querreSmeathFlaxen="unpeacePicheyVarious">
        <pawditeChekanFezzan>dedd47</pawditeChekanFezzan>
      </tipitMarvinItem>
    </reguide>
    <therevaTyning precentRehedgeFerment="cuirassMuffedFavuses" unwaterSaucier="colobDagga" fldCoheadHods="prongs" elegiseCobbed="privataCusses">
      <tenails>muffing62</tenails>
      <tetrasEpactalGlare seders="sortlyInkwell" lainageRastus="feasor" abusingPlumadeReading="816" oceanRelayedGenin="plankyTeuk">
        <unwontTimneHoggers>unwax20</unwontTimneHoggers>
      </tetrasEpactalGlare>
      <umbonicUntameCamelry knuckleBovid="paso" pyemicAlkenna="skilKetogen" probeer="705" shivooLammFriday="2779">
        <wringerVigia>flameBurnup</wringerVigia>
      </umbonicUntameCamelry>
      <antwiseOutpoll>
        <fiversCuidado>jardinStrollsKarakul</fiversCuidado>
      </antwiseOutpoll>
      <saltersPangsTriaryl>
        <lutraAcridinGun>higgled5</lutraAcridinGun>
      </saltersPangsTriaryl>
      <arrivalPadinaHired daint="moliere23" urooGovernSchemas="logrisGraviesDoucet" pesagePokies="unwetGingery" agreer="illumePenceyMooner">
        <pias>ngaioTabret</pias>
      </arrivalPadinaHired>
      <peeredUsnicPusscat>
        <beliefNothing>mystic</beliefNothing>
      </peeredUsnicPusscat>
      <subadarBebeeruSibylla>
        <beltmen>81195</beltmen>
      </subadarBebeeruSibylla>
      <apiiMaghrib outcrop="enfirmBathtubDruxey">
        <steerySpiresDismay>ichu</steerySpiresDismay>
      </apiiMaghrib>
      <tellingAesture jessesGelated="coevalPiling94">
        <eatersBoner>vouge89</eatersBoner>
      </tellingAesture>
      <odorizeBvt dunlapSongy="undies" cosmete="stabler" kopekStrays="braxy" reproofAsseDisa="alfione">
        <shippo>amigoOphiticWestlan</shippo>
      </odorizeBvt>
      <tuarn>
        <lepchaPinte>maius54</lepchaPinte>
      </tuarn>
      <slapPopulusWhuz agnaticStopple="medishQuiff9576" cupulaeShapeSchemy="sinapis" pentylBegall="foxedLinkboyAkonge">
        <candledEncinaSpece>suppledZeoideiSadhaka</candledEncinaSpece>
      </slapPopulusWhuz>
    </therevaTyning>
    <gripesHorsed>
      <piranas>787914537</piranas>
      <kusan feoffer="putois" ironice="disdub" miauled="scorkle">
        <tomcatsVerists>intrantSeizinEmptory</tomcatsVerists>
      </kusan>
      <gluemanBordel prepayCantingIncudal="yutuAskance" evehoodIsn="adcraft">
        <arabin>unfight</arabin>
      </gluemanBordel>
      <tophousLehay dazyBacksawHusht="muteHechtia179" bedustPolillaTanners="rinchRouseSeqrch" mumpedOutsets="lunksSiftageGabert22" finnocBalluteNacarat="pockDeponesDaucus">
        <singlyRidges>blocsSmalto</singlyRidges>
      </tophousLehay>
      <wohlacFalcadeApprize cacimbo="reaps" nyeStoriedKojang="weamCredereAve" raftersGaggled="826659765">
        <dyked>rammedOffcomeSedgier7971</dyked>
      </wohlacFalcadeApprize>
      <stunsleMokshaWhereat eyeable="9285150">
        <ocyroeCajole>decayerFellaniMutage</ocyroeCajole>
      </stunsleMokshaWhereat>
      <renvoy woaded="gonersMunshi">
        <bedaubsMalays>greable</bedaubsMalays>
      </renvoy>
    </gripesHorsed>
    <halesiaNooBacao>
      <tievine>villotaGuarri</tievine>
    </halesiaNooBacao>
    <clad octadsWelters="knavesVisierMunich7" bedecksBordel="sinsiga" tinderyGabies="sequentReft" rectaPoopAdmires="dyebeckEutaxy" boardly="marlenaMiragyLinha">
      <mikrkra>tombaksOverbigTowed</mikrkra>
    </clad>
    <worriesGoodbys jaggaryExsculp="72373" sanseisDorm="1" deductsKunbi="gardenSubactAxled" ourari="kelsons" drasticTormen="470109693">
      <kebbockVidualWobble>ifree</kebbockVidualWobble>
      <pishaugAbbotcy doomerAdornosAbiders="sophNiggerySocked308" weltsTamarauIsls="covingMashers8" satrapChoicesOutsets="gearedJennyWoevine" ballettBorneoHats="jollilyRuanaGunne">
        <deaconsEyl>cotorosBemeansBrise</deaconsEyl>
      </pishaugAbbotcy>
      <guslaSafrols avenageLithate="tartestBrillSkep" entrAlipinErrands="unmovedMaimedPrevize" filmistBateaYahveh="camisaEludeLaxism446" lupomaPrimo="mountyPupelo">
        <shwaEncomiaSoogeed>placedScarted</shwaEncomiaSoogeed>
      </guslaSafrols>
      <modulet subashiPipersArgan="quot" crimpedAcritolChoenix="1309333" importsScapoid="83">
        <cambogeGlaived>flane</cambogeGlaived>
      </modulet>
      <inwallsMyosis quiniaGyp="4811725" street="dadder" unshod="doystPurineAlgieba">
        <busticsDivestsEnhalo>ramateSchoneCasein</busticsDivestsEnhalo>
      </inwallsMyosis>
      <torn annatesPlashyRinner="curr" premune="turretsLunule150">
        <conchaeReasons>cuppa</conchaeReasons>
      </torn>
      <jiggetyTindery tusksMichealSloid="teethes" blessed="favi40" twisterCloudy="9893764" inspakeDrubble="gingal">
        <aphrite>nannyLanceAgers</aphrite>
      </jiggetyTindery>
      <nonaryTampur wanzeMorabit="470255487" leporidSative="lacemenApocha">
        <flannedAskile>5845</flannedAskile>
      </nonaryTampur>
      <beslapBoatieToelike>
        <proceedGrippesFermi>unfiredDwarfy</proceedGrippesFermi>
      </beslapBoatieToelike>
      <whameDowers>
        <caffeicChoes>94750</caffeicChoes>
      </whameDowers>
      <cozed>
        <invisedOffside>topedZeroize</invisedOffside>
      </cozed>
      <inexactQuakilyKilneye scentsThreadsEnduro="travisClinker8" hyblaKopec="956841677">
        <eartag>tievineEvelineDied</eartag>
      </inexactQuakilyKilneye>
    </worriesGoodbys>
    <causeysQuoad>
      <serfishMaltier>379</serfishMaltier>
    </causeysQuoad>
    <averia fillets="anusesJujuismRomney" kogasinPeepulMoudie="skieghDudsCarneys" passFacular="limbyAmylan" asaph="piousPoohGoethe" aureusUnsonsyElatha="kif1" topoPettier="caridMosksHausa" osmite="geeseInosinHexagon57">
      <pouting>unrainyCoothayUnsharp</pouting>
      <dogblowTizzy timishSarawan="fleabug">
        <drapersEleme>84</drapersEleme>
      </dogblowTizzy>
      <sunlandGlyphs tuple="19644163" apogeeSubidarEphorus="zymurgyPuffing" muscidKiters="swarmedLokiPennons">
        <adazzleRangale>brucinaPayagua</adazzleRangale>
      </sunlandGlyphs>
      <campusNab>
        <enkiduCoypou>eavesFootsy6</enkiduCoypou>
      </campusNab>
      <tetanic outagesBugeyed="popish" droits="42841" witletNothingBodle="flneuse">
        <pielet>62398</pielet>
      </tetanic>
      <syncopeKyaniseVomicin widdieTurbot="demastsPlebby13">
        <ruction>pibalAmableSheriat</ruction>
      </syncopeKyaniseVomicin>
      <heelerFlaunts limnite="gabrielDirexAsters8208" caninalMaremmaSyre="ragtagAnlagesRespelt">
        <hedeomaDruery>scalpel</hedeomaDruery>
      </heelerFlaunts>
      <haram beholdPettedPinks="3499341" imbu="enrapt7947" sipiboRundlesTrigla="stotArterinLoopier" silosChilina="mandrilTwilly">
        <eyessManlikeFluffed>torskLetchy</eyessManlikeFluffed>
      </haram>
      <rept orient="sirenicScaffie" buddersTalaing="1256448">
        <erratasNatoFoutra>dicerGazeboGursh</erratasNatoFoutra>
      </rept>
      <atamePilotee scrapedLadyishQuintar="audited" dopasCalquesEaseful="waddieLownSaumur" rifleDurably="35651136" miskeepSloked="apehood">
        <lysolHector>246731047</lysolHector>
      </atamePilotee>
      <shrines tollmanNonuse="4" paste="tawseCymbateEase" yippedAlumnaBelches="deicerLurdanMulier" isort="aryls">
        <copoutsBullet>7</copoutsBullet>
      </shrines>
      <lutrine cohitreGlutterTored="knoweth">
        <refrontOutsungBizes>arboreaUnusual</refrontOutsungBizes>
      </lutrine>
      <araribaRapidDeodars coccus="cawsLukemia" pachucoScyth="habTsotsi">
        <berain>bobacheCakeboxBittern</berain>
      </araribaRapidDeodars>
      <pentine knavesOffer="laicityClassyGiglio" atoxyl="9792" unyoked="thorter" abitibiMontEnright="foveaeRefete">
        <disamis>31224</disamis>
      </pentine>
      <prizedDayWalach starredJenkin="6352" tykeTextlet="unshrewHerdboyUnshade65">
        <qanatSheikly>elegitsScurfWarua</qanatSheikly>
      </prizedDayWalach>
      <hadronBeacherBudworm>
        <glummer>poales</glummer>
      </hadronBeacherBudworm>
    </averia>
    <ciwies>
      <rubigos>505</rubigos>
      <badjuCorcleBanate>
        <arabia>indus7</arabia>
      </badjuCorcleBanate>
      <urocyonDoitkinHooven shadersCamail="crieyRocoloHoeful" plink="lilly8" quadricAkazga="57321">
        <alamoOutward>7500</alamoOutward>
      </urocyonDoitkinHooven>
      <saturnLogions sanyasiCorrido="zappingGamins" lancet="81389371" prisonGamines="preferDoodia" missalsSoprani="hamosePotshawLoftily">
        <abrimAbbeys>phizogToralCosmete</abrimAbbeys>
      </saturnLogions>
      <despertMizrahCarpus tofterMacco="glomsBagLimpish">
        <sandmanLuckfulAmarna>scupWehner</sandmanLuckfulAmarna>
      </despertMizrahCarpus>
      <schouwGongedDaybeam stookieEncoilInfund="dattos">
        <kickxiaPoffleFleying>byeSickestAldus</kickxiaPoffleFleying>
      </schouwGongedDaybeam>
      <ornateTwingleFetting epihyalKers="clack670" sadhakaDevantCaptor="taoists">
        <orderedSunroofPalis>7680075</orderedSunroofPalis>
      </ornateTwingleFetting>
      <penuchePredy mismoshLedgerRehung="marshs">
        <mintakaPunter>atlases</mintakaPunter>
      </penuchePredy>
      <semiteKoran athar="lurriesGravedoTollon7330">
        <fraEmbue>uiguricCudwortBlear</fraEmbue>
      </semiteKoran>
      <ignameProwMisteuk slingOtomacoVulva="gradal" anosmicLehayTeazer="2511">
        <dromeMedici>sparid</dromeMedici>
      </ignameProwMisteuk>
      <dunneShilha pallor="graneTimidSirship" priodonTaroks="165" gyralMogul="detax" fangyNarky="patrolTyeesLope">
        <opahsSlyish>cutting</opahsSlyish>
      </dunneShilha>
      <sextar callop="torsoesTieless" kafirQuinylKish="5932945">
        <isologs>pavanneCuprite80</isologs>
      </sextar>
      <partanLingala ancile="dawenBlawedBorty">
        <dipsos>shia</dipsos>
      </partanLingala>
      <minedLogos brie="pawkDooja" trashipBreards="louvreEnageGuarrau">
        <scrappyBolster>vanwardGranger</scrappyBolster>
      </minedLogos>
    </ciwies>
    <reswardDivisaPrespur>
      <phosBepieceEarhole>69630</phosBepieceEarhole>
      <baffingScullogHexane laseTrionesZuza="jerksAddled" henry="7066705" bosker="cagitNebs" shahidiTardity="urbaneTapisFlysch">
        <agrufeHaltingPosset>tenlineIdion</agrufeHaltingPosset>
      </baffingScullogHexane>
      <planed sew="956521542" begrims="forfeit" markaz="hurdlerWitbooi" unlaw="enclearAlman">
        <jainism>refilmsGripheHomodox</jainism>
      </planed>
      <borings>
        <vigorsPigeonPor>ogeedSkulp</vigorsPigeonPor>
      </borings>
      <sieneseGarlicsCoolth>
        <floatLead>prahus</floatLead>
      </sieneseGarlicsCoolth>
      <cottePedagogOpening receded="94791" calmyUnalike="gollar" stonesDenameRha="beclaw" townistBungingChid="44">
        <oleate>hetairy4</oleate>
      </cottePedagogOpening>
      <cziganyYumTovaria>
        <amire>tossed</amire>
      </cziganyYumTovaria>
      <snoozleBlackerAorist>
        <gibbonDryas>mingleStaysRettery819</gibbonDryas>
      </snoozleBlackerAorist>
    </reswardDivisaPrespur>
    <amidaseDriest>
      <pascolaIvies>funsterMidwestGuitars</pascolaIvies>
    </amidaseDriest>
    <wantonsFurrilyGermany>
      <vitryAnglic>guaco</vitryAnglic>
    </wantonsFurrilyGermany>
    <roganGuying hermanMicas="lobbersCrookle" emceing="juncos" scutchToffing="murkily" todays="soleusCanningFormal" dhauriJajmanKoalas="fluxureDeluder">
      <nautica>schtickEscheatCrowner</nautica>
    </roganGuying>
    <bagleCaracol>
      <earockCrambly>bichosFatalsLucilia</earockCrambly>
    </bagleCaracol>
    <homelet>
      <thwart>lurker</thwart>
    </homelet>
    <abutVicia>
      <garrafaDurriesRations>rasalasQueltHaaf</garrafaDurriesRations>
      <smirkerGotrajaUnclear affaitePommer="621896102" emys="9668" diasyrmGowanyDharma="deusanNondoMidgut5337" titleMinae="755">
        <anteactAsarota>visa</anteactAsarota>
      </smirkerGotrajaUnclear>
      <pteromaSciotAxial haired="rechipPercept" octrois="68" caronePalaisCasalty="vipsUmpty">
        <presidyTwankerAlkoxyl>9</presidyTwankerAlkoxyl>
      </pteromaSciotAxial>
      <sikerlyLilt comdtStyward="spiraeSpaniel8" stylionJoshiDern="plodsEbcdProteas" heldHalpaceEnlaced="arribaCupheadWamuses">
        <swap>guttarTypiconBollito</swap>
      </sikerlyLilt>
      <nippingClickRotular vidua="durosLacernaGigs72" specieTrekPugh="calcomp371">
        <treysChapeau>succumb</treysChapeau>
      </nippingClickRotular>
    </abutVicia>
    <beewiseGruelerBps conduce="popeismBallGurshes" sleeveArryish="envelopDostNomas">
      <scurKlipEmpower>unrhymeCreadCoutil</scurKlipEmpower>
      <tipcart howder="sabalosUngrip8799" berchtaBucksawVesanic="681" acharya="naeviXeroma8904">
        <safrols>wakeelDioecia</safrols>
      </tipcart>
      <topperCrummy>
        <colenAlmnersReagree>yapperDau</colenAlmnersReagree>
      </topperCrummy>
      <scabishTaktVolcan burmeseShipmen="rewagerArblastGilpey" outrodeGliffy="strutsAplombsSkulk1846" weccheTactiveTomboy="jareed" spuedWunsome="tekkeSeethedTaxeme">
        <carromsAjax>glaivedRowersBorscht</carromsAjax>
      </scabishTaktVolcan>
      <garrotBusDiting bisonUnboltsAntrin="kinkledPortals7" tubersReviser="kahaLierErses">
        <shastriPicketsAbacaxi>sinaloaTipsilyCandour</shastriPicketsAbacaxi>
      </garrotBusDiting>
      <injurerBirlsSipapu>
        <exhumerCopycat>cakingNonbusyTunner</exhumerCopycat>
      </injurerBirlsSipapu>
      <battuto majorat="darwin" saponiAnda="befleasCharm">
        <travesReice>453</travesReice>
      </battuto>
      <doliAmyloid jailingRamoonDesign="unsellBarchan">
        <outshowPiscis>bunda</outshowPiscis>
      </doliAmyloid>
      <reopenDoppingBorer>
        <adonistKagu>99282</adonistKagu>
      </reopenDoppingBorer>
      <barkyRemord beefalo="tingentGloom" swagmenBradoon="12647469" waggery="samites" mediantDisbodyMudflow="flappetScuftFumago">
        <undrapePublicsPitied>cluckChechen</undrapePublicsPitied>
      </barkyRemord>
      <rilingPearch>
        <basedDetenueAshes>rimousGorgetIdyll</basedDetenueAshes>
      </rilingPearch>
      <tagsoreBrahmi arenae="coseyMorphinBoreism5" jacensTeetheStedman="40" zenith="cressed" getsTreille="dft">
        <rognons>bowses</rognons>
      </tagsoreBrahmi>
      <rabbetAlong>
        <funfestTrapezeQuethe>pigmewAlnath</funfestTrapezeQuethe>
      </rabbetAlong>
      <enosRousant>
        <roughedGrabsScabble>8980</roughedGrabsScabble>
      </enosRousant>
    </beewiseGruelerBps>
    <wrathed>
      <swotAdepsDonzels>putto</swotAdepsDonzels>
      <thaminVirid arbutesCampanaCouples="venturiKilotonRetted" oxgate="rusticAbjure425" suffectRosin="fugalStatohm">
        <suitorsMisaverMuseum>reeled</suitorsMisaverMuseum>
      </thaminVirid>
      <signerExempt siwash="7209063">
        <cavatedCations>ruderaTuffWafered</cavatedCations>
      </signerExempt>
      <hymnodyChollerDuftite embanksCaphiteOomancy="240032933">
        <myronicPinxPicric>167</myronicPinxPicric>
      </hymnodyChollerDuftite>
      <enowsVenin>
        <vawsAbwabBottine>hoblob7</vawsAbwabBottine>
      </enowsVenin>
      <rued>
        <riancy>9094776</riancy>
      </rued>
      <fratchyHelming>
        <vissVeeriesHunchy>shamoisDeleble</vissVeeriesHunchy>
      </fratchyHelming>
      <bedemen snailedCalesaGrowthy="roadwayBiscotAsylum" eshinVeld="8426342">
        <skivyGeaster>paukpanBides9622</skivyGeaster>
      </bedemen>
      <ordealsLiegesCisco olneyaBathingColdly="7" espino="resawnDrachenPoulpe">
        <hustle>soallyStalder</hustle>
      </ordealsLiegesCisco>
      <abandon vascla="herniaCorkishVirga" dviguBiersScian="scudsPodger7" hutreCoecumMoodish="chello" araujiaCoiffe="willfulHatt8">
        <tyrr>randal</tyrr>
      </abandon>
      <rubabooTib ileusAgnoeteEphah="sicesSylviteTinsel">
        <keapFussier>eliotSavorer</keapFussier>
      </rubabooTib>
      <semperWoodbin>
        <spryest>islandGreggWayaka</spryest>
      </semperWoodbin>
      <neistHilumTushed>
        <reblowKilehRefused>breeks309</reblowKilehRefused>
      </neistHilumTushed>
      <refindsPhytomaJarlite heiauSwipperCotes="scotize">
        <poloistWuddieYamulka>zehnerOwtchah</poloistWuddieYamulka>
      </refindsPhytomaJarlite>
      <jerlRecolor morkin="wickySnirl" masonsHoodfulEucleid="beatas" haggledBlockyFilix="pharGweeon">
        <reengePlafondBelk>zingari7248</reengePlafondBelk>
      </jerlRecolor>
      <araneidHummedStirk ogygian="ardebTheft8720">
        <cremant>manikin</cremant>
      </araneidHummedStirk>
      <geeing troughHurlers="glowflyShottyApio" thermsTriops="28519856">
        <torcel>820694</torcel>
      </geeing>
      <anviledCoccyx kalimba="tuisRubiousJackeen" angsterTimDeben="augitesBennies">
        <brethelClusterRebait>sousUpbelchComfy</brethelClusterRebait>
      </anviledCoccyx>
    </wrathed>
    <tapuyan gurglyRastersDizain="dirkOneraryScaldra34">
      <ferreanCantara>bardoCyperus</ferreanCantara>
      <unsad>
        <meeksFallacyEudist>396</meeksFallacyEudist>
      </unsad>
      <boastsLegacyWheem ungive="pashkaPlacet857" purdahsHogtie="pileupsGabeYojan" patsyLongyiToyota="zeoliteAouad">
        <prender>43842</prender>
      </boastsLegacyWheem>
      <songoiDybbuk pileumTepees="maywortRectory">
        <unfusedScotalJiffs>tineanSledge</unfusedScotalJiffs>
      </songoiDybbuk>
      <evectedEmforthNemos>
        <greige>micks43</greige>
      </evectedEmforthNemos>
      <cracklyHoolie daksLackElope="outdateJobbet" osminaSakelForkmen="27970019">
        <blazingWhalerHubbies>abroadNaked</blazingWhalerHubbies>
      </cracklyHoolie>
      <forbyeTaweryBeeped tomia="hyblaea1580">
        <gratDation>7</gratDation>
      </forbyeTaweryBeeped>
      <adeninCicada slowly="radiateJacanaGrits" tapping="danaiteKickersJewely">
        <mazdeanKabuliLapacho>150062</mazdeanKabuliLapacho>
      </adeninCicada>
      <skidiElectee yeuksSetfast="4607096" skelvyExing="3869">
        <muffinRomeinePrecast>poiana</muffinRomeinePrecast>
      </skidiElectee>
      <termingReplevyCryal aeriestRebusyBrassy="tuftersKinging" squirrExcoct="spackConning" muscatAbodeCoryph="kongoRadiode" tubfishCharked="halaNymphal">
        <lerotOutbred>loonier</lerotOutbred>
      </termingReplevyCryal>
      <eachPluralsArenoid nonliveSuddle="hovers77" operonMilline="redrug">
        <bowlersJinnee>nutriceAldrins19</bowlersJinnee>
      </eachPluralsArenoid>
      <blowupRees smickly="11525578">
        <unebbedWhatmanAched>2</unebbedWhatmanAched>
      </blowupRees>
      <sataChainMaddest jamaicaDryfist="varve" ankle="palaDesireWanes">
        <pyrex>citrateAchage</pyrex>
      </sataChainMaddest>
      <aptatePunce perkingSilvae="cestodeAlphyl" pangasQuassiaAletris="9">
        <briars>twattleEngrasp</briars>
      </aptatePunce>
    </tapuyan>
    <updragEastlinCoadmit>
      <grimily>658</grimily>
    </updragEastlinCoadmit>
    <nickers>
      <imbargeShrinedNigher>daubeSkeensRealive</imbargeShrinedNigher>
    </nickers>
    <alooflyRinka acclaimAirliftSlays="winkingLimbedAlcyon" gepeoo="votress">
      <arco>dyas</arco>
    </alooflyRinka>
    <plan>
      <iberiBraw>693</iberiBraw>
      <minceDrapet jibedDesktop="5509" refresh="ewingSwedishAscends">
        <rybat>pocosinDarkieToffees</rybat>
      </minceDrapet>
      <clusiaTechie demiss="quiina" hopefulRakers="tallishPug18" sudsmanMerryGodpapa="overfedGentilAwd286">
        <whiskerSilker>begild</whiskerSilker>
      </clusiaTechie>
      <silvernAbieKatrina braidedTapers="quaymanBedayYodler">
        <placodeHugerStaffed>topsmenScorzaTurkmen</placodeHugerStaffed>
      </silvernAbieKatrina>
      <holdupSkepful wrothyPaijama="ulexiteFrapleFidalgo" unweldBowfins="788" cogenerArctanDoggone="2225206" sangah="rubaceActuals">
        <wellerButtNablas>wrynessAsculaeOtyak</wellerButtNablas>
      </holdupSkepful>
      <thysen unzen="chinchCalculi33">
        <creatic>6064374</creatic>
      </thysen>
      <ebbingFarseer>
        <sheiksWiney>bergy</sheiksWiney>
      </ebbingFarseer>
      <snoopy peakerNunned="chaster" swankey="drecheOiling" purpureUnstepKimmer="podalicFusulaQuomodo" typeBistort="limbicAdageTypicon">
        <pardyLobola>pimpishFleme</pardyLobola>
      </snoopy>
      <seqence>
        <onicoloPinkoes>32318769</onicoloPinkoes>
      </seqence>
      <arpens morns="toquetSaprobeWatch">
        <jakunCarvene>913</jakunCarvene>
      </arpens>
      <scazon cornEdhRoto="sithens" smirtle="discaseHumours" dinah="pyruvicBlately" alantRhebokTodies="euskera94">
        <isonomySesquih>crookleAwokenSourish4</isonomySesquih>
      </scazon>
      <cete rouncy="4" lideEutexia="plicaeBufo" jandersHavenStallar="techily">
        <unice>gaster</unice>
      </cete>
      <thruHardy triremeRaanan="aridgeGlaiket" circeGoi="fibsterRfbAscite8411">
        <valvulaIsthm>98344</valvulaIsthm>
      </thruHardy>
      <ghastly>
        <bulakUnclimbUphill>474</bulakUnclimbUphill>
      </ghastly>
      <scarfs dewoolCreply="siccity1856">
        <laundry>mucaroOdious</laundry>
      </scarfs>
      <flights>
        <ell>azygos</ell>
      </flights>
      <elidesPewterChagul mastCrowing="rectosDaniele18">
        <hindusDrovyFossa>smashed</hindusDrovyFossa>
      </elidesPewterChagul>
      <dadoing>
        <matster>kerfing</matster>
      </dadoing>
      <blushesMirid raffishQuint="6" ascent="camorraPesaLenard">
        <forfexHapticsRarebit>84816</forfexHapticsRarebit>
      </blushesMirid>
    </plan>
    <hotel oppress="thamengMappist" fallows="padlockHobiler" acetolHernia="muggily">
      <gale>larkishBraddedThanks</gale>
      <shebat lilesSandpit="panicum78" eeriest="703474826">
        <indueAgarwal>spaddleBosomer</indueAgarwal>
      </shebat>
      <blungedPhugoid>
        <unslot>wattHorrorTamely</unslot>
      </blungedPhugoid>
      <bework meithUppbad="61764">
        <durrBungler>jolterFlyers</durrBungler>
      </bework>
      <pectaseRisen oswego="budgetsRankQuesal94" happerRayon="loathyGazPlanked" hymnodeBuggerUpbelt="outwileButton410">
        <alietAeoliaJavas>upsetsGamines</alietAeoliaJavas>
      </pectaseRisen>
      <faciataElains puniestRangStanch="32487530">
        <choanaPrabhu>solomon377</choanaPrabhu>
      </faciataElains>
      <yearnLeggy naiadesSikhBadon="yelmerAcacia" keef="marengo" gamasidCess="lorilet2" lobbish="atuaAlbergoPirrie">
        <druxeyTruestFlange>rattons</druxeyTruestFlange>
      </yearnLeggy>
      <telfer gabelerChindiDaer="dapplesRootage" nuggarVenada="moileTowmast">
        <burgeonGabbros>osageFrigage</burgeonGabbros>
      </telfer>
      <thuyaDartre fellicFaulted="aineeSwanksMopsey9" warmupsHalala="greener156" tuckersAlagauApodan="smartenPegadorFugging" smoggy="aciformMedicaTomming">
        <bookdomSeeressHalibut>catwalkPoshly</bookdomSeeressHalibut>
      </thuyaDartre>
      <sirmianApojoveMangi>
        <minx>bayness</minx>
      </sirmianApojoveMangi>
    </hotel>
    <pimplesGoryCraping>
      <piroNazard>245</piroNazard>
    </pimplesGoryCraping>
    <agalBecivet petum="fluxer">
      <aureus>jubeSquilla</aureus>
    </agalBecivet>
    <sexCoheresPaneled>
      <zimme>leanedForty</zimme>
    </sexCoheresPaneled>
    <tritelyCundumGlowing>
      <headyJohnsonJawfeet>hexerSpumedVino</headyJohnsonJawfeet>
      <pereiraPatmos tenuesHexagonWarray="denyerDrugged99">
        <breechOrange>frenaHiderGem</breechOrange>
      </pereiraPatmos>
      <toupetMadge>
        <myalgia>exceptChitose</myalgia>
      </toupetMadge>
      <glumoseCanganWakes parodePyosisCaroled="minunet" wendWarden="missay">
        <queachy>caseicAnchorReligio</queachy>
      </glumoseCanganWakes>
      <laresMzee nylons="wistiti" highhat="nonrunProserFlyway">
        <sanjibTepefy>thymyl</sanjibTepefy>
      </laresMzee>
      <fakes fustee="146" resees="washinTiredThat4829" inbyeMadshipBeaune="shiai947">
        <droguetFarrow>muffing</droguetFarrow>
      </fakes>
      <prenzieRasant kartsVedaismEncina="outturn" semoisBuglesTechie="mafflerOviparaMarten" xylina="shakoesCorvo" rawer="bonnwisGluteus">
        <acknewTortrix>202</acknewTortrix>
      </prenzieRasant>
      <pembinaAbnPiaffe cayapoAurific="scallop" insure="1" dashnak="13">
        <rwdKiangsTins>merak</rwdKiangsTins>
      </pembinaAbnPiaffe>
      <hereonJennierFoxish>
        <pikers>ninnies515</pikers>
      </hereonJennierFoxish>
      <fag>
        <mottoesSumoSuppage>defyingKramaAdorers</mottoesSumoSuppage>
      </fag>
      <bromism frontal="ogrism" wreatScirpus="shruff" mukti="rigel" fozyMontyCadette="8054683">
        <dish>timingsParralMehalla</dish>
      </bromism>
      <meisjeTooled coiny="otters" hippoidTabefy="clamp" mannansAnisyl="530185165" martenJimmiesBriton="alulimAristas">
        <taeniae>passenMiglioTwofers</taeniae>
      </meisjeTooled>
      <manominImmiesProves>
        <aleuticLhotaGrisbet>ruttleLhota</aleuticLhotaGrisbet>
      </manominImmiesProves>
      <corved consommHumbuzzAedile="tutinUnhatParas" engram="hoopoesSecreta">
        <morice>subcellMutants776</morice>
      </corved>
      <opalize>
        <sikhismStalker>gauzesWhatman</sikhismStalker>
      </opalize>
      <uptrail tokenEncharm="dutcherCupule" thalliCashesPotshot="slittedMerismZant247" monthly="armingSerranoWheneer51" gregal="711388168">
        <unhayedFurdel>antilogErosion</unhayedFurdel>
      </uptrail>
    </tritelyCundumGlowing>
  </renoSorbianLad>
  <realmsTib rivingWilley="oriencyUsenetIsatic2" plagaeSteamy="maplesBeamageHucks" clatsopCudwortArr="readoptYolkyAtypy" ahullFratersZafree="laveersFatlyPorer" />
  <kindsKaratto gamaheOnanistCroupes="sparsim" beckedScrawly="swargaYenteCibol" naurHervePrevise="stepper" />
  <hawkySpacyDecoic agauHorded="782606732" />
</facade>