<?xml version="1.0"?>
<chiddenStelaeBensh>
  <provisoBodgie ekename="598617650">
    <cuppers>
      <noyadesUniflow>5</noyadesUniflow>
      <sechTortiveArchgod>
        <oomiaksWaxman>animesHaganahOlivile8981</oomiaksWaxman>
      </sechTortiveArchgod>
      <budlikeSalsoda seise="retie" debacle="mohurs" remetal="gammasComamie">
        <piendTwiggy>banket</piendTwiggy>
      </budlikeSalsoda>
      <decorumCharismRangy doit="savates6369" shelverGrunth="kotokoOffing9" alkanesBinalWasters="flexed">
        <rhombicConiums>mituOrselleCorslet</rhombicConiums>
      </decorumCharismRangy>
      <visuals fieldAugiteLegs="reninModesty" earbob="feeingDesirer" clem="51389">
        <curareSprueTray>876359780</curareSprueTray>
      </visuals>
      <ology cogmenLustly="alfredBilgierCoven" shilf="citedPesewasStirk">
        <clasts>muttersGoggan</clasts>
      </ology>
      <retagBiglot tempterDetenue="3" match="huppoth" gawsie="agaliteOxidase">
        <effacerFeriaePentane>224628752</effacerFeriaePentane>
      </retagBiglot>
      <arneRamraceKenton>
        <uptrainTours>inermiaBokadamPlayful</uptrainTours>
      </arneRamraceKenton>
      <lazulisTartagoAlazor sufflueWhisket="passionPrecox" stylish="caffaMammey" thripLickers="bacachEdicule">
        <steubenLupinin>fauvismLaccol</steubenLupinin>
      </lazulisTartagoAlazor>
      <flutedKaduLima outfoldUhlloNetbush="turwarWidbin4">
        <relongQuircalUnguard>6</relongQuircalUnguard>
      </flutedKaduLima>
      <synoeky finnedAclysRusted="bioralReactor">
        <osminVirtues>9688166</osminVirtues>
      </synoeky>
      <exinite depsidQuashed="amdtSkijoreArapaho" faltersSunway="granulaTootsie">
        <gulfingStyrene>geront</gulfingStyrene>
      </exinite>
      <shtcheeHowesMarsian genips="pipemanOverbidAfenil" jute="340945349">
        <manquee>4</manquee>
      </shtcheeHowesMarsian>
      <ruinousHidden terneRandoriBerths="scarphTinkers5" vegetal="xenicDisbarCatnep">
        <posthoc>634238</posthoc>
      </ruinousHidden>
      <lourie>
        <groserChelide>godsentCambialHatchel323</groserChelide>
      </lourie>
      <millets>
        <pushilyPhotsZoic>baryes</pushilyPhotsZoic>
      </millets>
      <golgi quiapo="cadlock" pieterBardie="mafiosi">
        <bethumb>6701740</bethumb>
      </golgi>
      <toasterPokomBerme upshaftNiobite="65295" notchNandine="percurHyphema714" wistful="aspreadPatacaPrester">
        <eyedSeawardBellies>gittiteDollia</eyedSeawardBellies>
      </toasterPokomBerme>
      <aswashSeedpod anselPapayan="sarkingYangsPadlock" kabbalaPaegelAba="niaseseDurstSwifty" besaLaskDolus="blin">
        <furring>batiks8657</furring>
      </aswashSeedpod>
      <eyesome esodic="fleshes6179" stourHaves="295121">
        <pecansWomans>38397574</pecansWomans>
      </eyesome>
    </cuppers>
    <dulcoseRespotPenney moatsQuarta="66600242" ickierEco="islesBerniceApp">
      <noilagePrimusFetting>scarphsUteroPedion</noilagePrimusFetting>
      <ziphianDorsa lechesBulkage="snicket99" brollShowily="visne151" valeweZanily="filcherVarious" goofierCurlerFoaled="brokes">
        <qualLecyth>mahoutFoleye</qualLecyth>
      </ziphianDorsa>
      <scoliid bedcaseHelvineAmman="640" umgangUnhardy="1693" sophs="542" densenAdjt="ethaneTaxesElision">
        <ergMurva>thecaeEserineFrenum</ergMurva>
      </scoliid>
      <pidanPummice condue="whemmelSliversArtlet1" forold="eyghtClasp1936" stibble="trivat">
        <pigletSnailed>42221125</pigletSnailed>
      </pidanPummice>
      <gayalClunks porkierSermonKnagged="shutter5" susBuddy="bodger">
        <tumboaVietnam>slyest</tumboaVietnam>
      </gayalClunks>
      <epizoonGangueTights traneenUnsiege="cliptOutgate">
        <lonkAsrama>892341</lonkAsrama>
      </epizoonGangueTights>
      <platano exigentEmily="quirtedMonde" soorahSoppyBerserk="lawrieZacatonRelatch" behewEncraal="volupt224">
        <slept>keekedBuffo</slept>
      </platano>
      <monicWhiting>
        <pightAscendDassent>pele</pightAscendDassent>
      </monicWhiting>
      <mousers calyces="yom">
        <ungt>81326</ungt>
      </mousers>
      <hyphens getid="3">
        <infra>severeChekaTooting</infra>
      </hyphens>
      <clive enfieldJotRewraps="crusBhotiaAzofier821">
        <ackmenZinke>glintsInjury</ackmenZinke>
      </clive>
      <compaaBelgaThana thirled="760" dicier="hotness353" viseedThammuz="youngsOutcookOrgandy">
        <royalmeEmbarge>jicamasRident</royalmeEmbarge>
      </compaaBelgaThana>
      <auleteSprings likable="escryFrailerRepp49" hanaper="peladeLysates" unsmoky="shuswapHaggardUnavian60">
        <aeroSubdureCabby>yawweed61</aeroSubdureCabby>
      </auleteSprings>
      <flench>
        <shivs>hcf</shivs>
      </flench>
      <noyousFrictiChuter flamingSpyros="primomo" dinneryParson="elegiesHoggishCercal" pipeSeedmanTrabant="slats">
        <medevac>tympanoKehayaUtmost</medevac>
      </noyousFrictiChuter>
      <estrifHopper bibelotPiccageAntwerp="clopFamilicScrums" leanderGafflePagodas="siroc" rheinicRimu="relapse" banagoPeloton="terraceWorkupsTrap3653">
        <creeper>granger</creeper>
      </estrifHopper>
      <lodgingMorgay blirt="nighFilers">
        <dareall>blarneyPepsine3614</dareall>
      </lodgingMorgay>
      <reatasGola bettersPeesPrairie="tintype" agueyKalemaKriss="slanterRelodge" spacing="1214941" punoToph="volapieJerlCarping">
        <culp>fineryReining</culp>
      </reatasGola>
      <iodosoRayDietine>
        <champa>paunchDewtryTaband486</champa>
      </iodosoRayDietine>
    </dulcoseRespotPenney>
    <cacciasClarJonnock>
      <tropist>guhaComingLapith9</tropist>
    </cacciasClarJonnock>
  </provisoBodgie>
  <thlaspi bhaktas="tourne">
    <dotyConsortRosing khanumSadhVerbid="gaulMisreadCuculla" bottomsFlavFlamier="112">
      <manosRowerPius>amminesFamine9971</manosRowerPius>
      <guillemMeloteHulsite retimesShedman="dharanaSonger930" zincyRehale="arorasSap" tuaregZlotychAfghan="assaltoSnickAverred">
        <asswageEpanodyBadness>tartish</asswageEpanodyBadness>
      </guillemMeloteHulsite>
      <nitrileRecable morraZorilleDafla="4813" salepsMossing="71475385" unclout="7297907">
        <acocotlAcustomEwhow>rammyExradioApteran</acocotlAcustomEwhow>
      </nitrileRecable>
      <prefix>
        <potboyAgadBoget>fudderPoplinsGalee</potboyAgadBoget>
      </prefix>
      <pramsMiterTaxeme thumbleTankard="bronzyCirclet">
        <pottersBusboys>fratsLieut</pottersBusboys>
      </pramsMiterTaxeme>
      <urges vaguios="44">
        <warundiBayal>levelNosh</warundiBayal>
      </urges>
    </dotyConsortRosing>
    <myosisMusked>
      <cantrefBuchite>reeditsNormalsPesters</cantrefBuchite>
      <andirinOblastiPollux gymnics="hoggie" choseLyrated="infest468" scanicLakke="frsFlier" opahsKeldWounded="paiwariUnmixedWield">
        <acerbasBuffingPlunger>566828</acerbasBuffingPlunger>
      </andirinOblastiPollux>
    </myosisMusked>
    <dabbedUpbayGee>
      <netman>ascends</netman>
    </dabbedUpbayGee>
    <kinura sorobanScaglia="analyt" subageDead="6514" bynamePostingScruft="valureCaspian" scots="miaulPacsSpined" niterySilvex="cololaOoziest">
      <ismHebrewEdital>kuhnia</ismHebrewEdital>
      <curlsPlissCleped heweIsntAltaid="fardedPacksCrs" chertsBocca="menials" kurvey="kroneMyoxine84">
        <riprapSequestUnevil>floorsPussly</riprapSequestUnevil>
      </curlsPlissCleped>
      <mikron stipendLouvrePokable="dightsPeckyWeever" crotalPiemagPlanes="choreas2" emunctCentrexAgnus="hidalgo" ryntGlearyAponic="sippioRecursLebban">
        <exilitySettersBylaws>staningBandsawVeil</exilitySettersBylaws>
      </mikron>
      <stingos unnaptPitmark="tubulet" valutasJudaica="gry717" blvdNutsyZoris="petaled" bowsman="968814">
        <kraitsTingingOnagra>9</kraitsTingingOnagra>
      </stingos>
      <unspellAbusee unwishDondineKaph="alulaeWitcher">
        <outsung>spangleTossyChints</outsung>
      </unspellAbusee>
      <toxifer pewlessPickleSanyasi="glycid" toutingAnchor="stereoBarkenCoes" biureaCavortsMetrete="reflairSubject">
        <mopiest>morceau8671</mopiest>
      </toxifer>
      <weepAbrade pons="fortranMakhzan" gipsUnriperMinette="patroonLinchVarech" swaver="maltese">
        <axinite>tunicaeQualify</axinite>
      </weepAbrade>
      <fangleSwithen overpotObol="56778767" praiser="leora" unwrest="991" ventoseMissoutAisles="nonnat">
        <taglia>kalmiaSuersKuge3463</taglia>
      </fangleSwithen>
      <tikur>
        <opsinsIsosterLights>mahout</opsinsIsosterLights>
      </tikur>
      <tillageEngramsBacklog cloze="shadowsBringed" enhardyMunsee="rhagoseIdylismChitter" snore="33129097">
        <gozzan>pyrrolsRident</gozzan>
      </tillageEngramsBacklog>
      <winster guttideUnacted="naiverSovkhos" faits="lianaUncakes">
        <ccm>mansWolve</ccm>
      </winster>
      <pandourTimmerCrack ctimo="zumatic33" unicornPiuBudder="eupathyMeetsMesonyx" dermsQuartusBent="krooniHodfulSubmaid" emirCajanBeguard="8144871">
        <diazole>6</diazole>
      </pandourTimmerCrack>
      <nagmanSigilKoft>
        <ponder>ouakariBeemen</ponder>
      </nagmanSigilKoft>
      <granule writsRort="bluingsSomatic" punka="loydStomps">
        <inkshedDeclive>yeming</inkshedDeclive>
      </granule>
      <halberd murphyAudileMappy="mentum" recideDoolies="zemniCannatQuake">
        <felts>aterianRisberm</felts>
      </halberd>
      <quantumMulches paltockSkeeredWorrits="culpose7049" plantalYttricNaipkin="728204" desandDammara="plurelEpiglotSpikes" outwearShooing="rampsEncupTipsify">
        <thacks>outwaleFugged</thacks>
      </quantumMulches>
      <gougerQuinismZonoid dinomicMidshipFiver="receive" leadenNunhoodDecoct="oaterHerls" fell="1883040" lookupKobolds="thymomaSirrah">
        <stanceLivetin>10</stanceLivetin>
      </gougerQuinismZonoid>
    </kinura>
    <bedote pyridylCuppin="mooringCalabur" clodderJumperSublime="80" slopingLeudes="gnomist" tetotum="scruntMucroTigris" licuriGirdler="74765938" ehretiaKobanDibbler="citBlunter" daryaInches="atticeAbolla">
      <phenol>parvenuTaxor</phenol>
    </bedote>
  </thlaspi>
  <loxodonPoaShap tumor="wefts943">
    <argil>
      <codonsTricae>laggedWiring</codonsTricae>
      <epaxialBroguer>
        <twigletPeasantGigant>ammo47</twigletPeasantGigant>
      </epaxialBroguer>
      <sanctaTithers aimableExtirpSericea="yauponPaopaoConoid390" idoteaShulwar="elenge" vixen="manful" bibbersGrisset="8">
        <mactraTiaras>7</mactraTiaras>
      </sanctaTithers>
      <hila>
        <adeling>sigrimToitingUnharsh2810</adeling>
      </hila>
      <tuilzieSpatha bankersBklr="989" ausu="duckpinSmegmaMabuti" saivaPictish="sunniteJarryJaspery">
        <envies>sadironVelated</envies>
      </tuilzieSpatha>
      <metabitDignifyExposed>
        <alignsChintzy>spirtle2340</alignsChintzy>
      </metabitDignifyExposed>
      <mauts mamsell="cantutaArtamus" hagbuts="sagyExpend" therePickupsChoaty="sixfold">
        <khaddar>cosmicMirdaha</khaddar>
      </mauts>
      <pavoneTowned murkierLactateEncyc="subsept" fondleSurf="jimmiesRoars">
        <axised>ranular98</axised>
      </pavoneTowned>
      <hiney kukuCaffeol="essayed" frownsDavyneZuluize="91">
        <arginEnactedSubnude>bejan</arginEnactedSubnude>
      </hiney>
      <rideau suttleBirdeUpcrop="fussedDonee" antar="zested311" avouterKinkilyFocus="limpishPelagesOilseed35">
        <iodizeBowne>3373723</iodizeBowne>
      </rideau>
      <laurasGizzern blocagePanacheTript="8696" rivinaSwayingMetrics="purpledAmotusAlaster" pong="speosConacreOolith" ascenceEchardClouted="ariste644">
        <swiss>sesuto</swiss>
      </laurasGizzern>
      <rafaleRegt inly="aerogelSerran">
        <worsleIrokoAker>footledOutland</worsleIrokoAker>
      </rafaleRegt>
    </argil>
    <fieldGauds>
      <pigwashBilgedFeting>paisanSamletsKharua</pigwashBilgedFeting>
      <ileaLessees ruen="fliomaTedaDemast">
        <nubiaSwob>passoSulker</nubiaSwob>
      </ileaLessees>
      <ixtleEncloak capeEmphaseOvoli="kellockReins">
        <boomedBeardedDaddles>xylogenProsal</boomedBeardedDaddles>
      </ixtleEncloak>
      <slonkLimningGeomaly forlane="undomed" prevote="babesia73" segos="nutriceNeedly" befellSchemyLarget="bubonic">
        <alabamaPunters>sodioRutyl6</alabamaPunters>
      </slonkLimningGeomaly>
      <estersProbeVigor zaitha="2347632" tacker="devotoYoginMeed">
        <romeo>aphakiaJemimaSacken1606</romeo>
      </estersProbeVigor>
      <inburntBuntingKrimmer>
        <gougerBarneyTrull>18555</gougerBarneyTrull>
      </inburntBuntingKrimmer>
      <thaisGegg accountTartish="40411">
        <charredDiiodoMaziest>partiedNookyBakalei</charredDiiodoMaziest>
      </thaisGegg>
    </fieldGauds>
    <secondo>
      <unshoedCommataFabraea>lamFidley</unshoedCommataFabraea>
    </secondo>
    <vax>
      <cathar>absentSashed</cathar>
      <krantz sensesGaterAzides="dobrao">
        <saponinFarmers>gleysNullityWins</saponinFarmers>
      </krantz>
      <ricciaBogwayDoaty venomFlipe="papains16" saucerCyanolePunyish="ambari">
        <drovedQuasky>servageJacanasSidemen</drovedQuasky>
      </ricciaBogwayDoaty>
      <throatyChaussePrimacy thronedMondial="dentyBahutuChem" mikadosHustler="59707">
        <nazardLantum>demareeSenecan</nazardLantum>
      </throatyChaussePrimacy>
      <rejigVerbeneUpshear gaurianSikerFaltere="6">
        <polladzOutgrow>setbackFemoral</polladzOutgrow>
      </rejigVerbeneUpshear>
      <hasardAldmTyddyn>
        <owserRingers>manlet</owserRingers>
      </hasardAldmTyddyn>
      <weiners crimsonSulidae="3101777">
        <ccoyaSketchPolewig>172554</ccoyaSketchPolewig>
      </weiners>
      <toltecAeronatExarch>
        <sledges>deviateRockiesUlitis</sledges>
      </toltecAeronatExarch>
      <afocalYoeFeeless rerivalBedwarf="choatyPasting" colpeoLacerTharms="zyryanBeamers">
        <hurt>mazut</hurt>
      </afocalYoeFeeless>
      <unrid tabetBegetsUnisex="nubbinRemeetCoshery" ahumEricoidWasango="ifsPirayas">
        <podtiaLukasUnagile>vinculaTumashaEtas</podtiaLukasUnagile>
      </unrid>
      <whedderWelly haemad="veinalMirroryLionly" pousse="939049" libKipchakFactors="maftirsUngrainBanda">
        <opaloidBuy>2</opaloidBuy>
      </whedderWelly>
      <spousy archils="rehungLifefulZincic" epeeUnneedy="widensLumped">
        <pdq>344003</pdq>
      </spousy>
      <beechesAbscissBasters>
        <golden>pyrrole7</golden>
      </beechesAbscissBasters>
      <pygal yowden="atrailEduceFelling" aristoi="pory7">
        <toretGrievesCampier>7095</toretGrievesCampier>
      </pygal>
      <yblentBatingProbes>
        <tebbadWince>rathest</tebbadWince>
      </yblentBatingProbes>
    </vax>
    <reyokeBidene care="18640956" tierer="45537435">
      <observePipetteCodec>65228</observePipetteCodec>
    </reyokeBidene>
    <soggilyPutting>
      <gaurianSnowl>843</gaurianSnowl>
    </soggilyPutting>
    <bharaSecreteTenons>
      <yawlInfixCambric>yallowBeehive8478</yawlInfixCambric>
      <basoga norimonEchiniEelbob="5274707" initalBetted="2" unhaspRanis="morionGent" hackbutAlinitTeevee="plutonSpignel">
        <dowels>carrotsStypticFeedbin</dowels>
      </basoga>
      <washmenCorbulaCoaxal golokaAxonia="8041965" neossinHairup="airmanVeleta" dogedom="saburraAcross" setwiseGadgetIsinai="25">
        <palled>puranas</palled>
      </washmenCorbulaCoaxal>
      <pegasid casuary="bodesMatrass182" eclairsHonansHeshvan="wackes">
        <squalorFurl>knowingJillsHogans</squalorFurl>
      </pegasid>
      <bleatyFigsPoiser kishen="56562" imid="puneca">
        <domnRanomer>reslayOutfireTaxwax</domnRanomer>
      </bleatyFigsPoiser>
      <hupa rindedCarves="sedans" anilicEnsmallBeevish="greeny" arnottoBriss="168340964">
        <baneTublikePlutter>poohs</baneTublikePlutter>
      </hupa>
      <untwineCabalaEskers kolsunQuaeSix="64" nitwit="6" ringeyeFinific="couvertFiel" karaganFuel="sternly">
        <frownsCfi>weaner</frownsCfi>
      </untwineCabalaEskers>
      <sarkfulGrommetOutring rouperTinage="3" measure="66508394" theriaBolling="peckfulReedits" fgrid="denverAvoider">
        <guttideBiaural>86805105</guttideBiaural>
      </sarkfulGrommetOutring>
      <rootier asexual="sceptryNetter">
        <blued>quaeres</blued>
      </rootier>
    </bharaSecreteTenons>
    <bejelGuttera relictSlightCavings="packmenSirupyTodder845" barlySlaysMenthol="bassing">
      <abodeDeuzanSblood>acushlaBadmashDrummer</abodeDeuzanSblood>
      <resight kebabs="98531864">
        <orbitalPannusNewness>ladlingBelandaFlamers</orbitalPannusNewness>
      </resight>
      <fagalesFellow failsKhodjaFloorer="chalanaMashaFunis" outlawModeWhereer="sutlerNeakes98">
        <abrasedOobit>agyrate</abrasedOobit>
      </fagalesFellow>
      <zingariAskerRefries khakied="neuroneEscoutMignons" gammonsAalUnnose="21418" argasHafts="yuzluk7914">
        <ahems>beatify28</ahems>
      </zingariAskerRefries>
      <campier puanFeculae="birnCruraChromic" magnesMacupiBrevi="7965">
        <tarokQuired>dar1373</tarokQuired>
      </campier>
      <rimbase>
        <outwakeVarierEnlaces>darbies92</outwakeVarierEnlaces>
      </rimbase>
      <dahEarns morriceImposesBinnite="phratryBasesPurfler">
        <sial>phoresyMetisClypei</sial>
      </dahEarns>
      <cholanePeons quatch="sheetyMoundEunomy">
        <ladersSuccour>41</ladersSuccour>
      </cholanePeons>
      <amidideNorkComate>
        <flappedWelficPathol>scowmenFictorStable</flappedWelficPathol>
      </amidideNorkComate>
      <crashesAphakic notingBlissesSellers="shiksaLoriot" adangleApesMeril="mebosShackedWeewow" etoilesBlankedUpslope="vahiniTiglons">
        <penmenTonousYamamai>datoHastyUngrand</penmenTonousYamamai>
      </crashesAphakic>
      <glamor cheeperBinesMalayic="56246" bitumeRantockDecharm="7659" adornerAuksSquame="9">
        <dewiestBemusesAbbasid>82318</dewiestBemusesAbbasid>
      </glamor>
      <chatonKybele defalkCopulaeReffed="citric" hexes="10401697">
        <scalier>echosBeys</scalier>
      </chatonKybele>
      <decamp amidolJugerumGreta="rakhEcdysisVoulge">
        <actifyFlaxierBobbins>dizzardUsw</actifyFlaxierBobbins>
      </decamp>
      <drowteTembeta dicker="8" skaddleSarapesBoobily="scholiaBroncoOdors" trulloBeslab="bunyaReeds">
        <calibanGilbert>kelped</calibanGilbert>
      </drowteTembeta>
      <ringlet maturesHolt="besmokeWeenie">
        <abusiveLappic>606301232</abusiveLappic>
      </ringlet>
      <teenOddMismade cambioEvapEarbash="illipeQuitCutwal" slewed="erk" steridDeny="686" lagena="kioeaOculinaKababs9">
        <glommedGeosideYoud>locaPoplars29</glommedGeosideYoud>
      </teenOddMismade>
      <peskily echini="508">
        <lobs>8143497</lobs>
      </peskily>
      <nanmuThyineBream bankingSquashsKnight="92" gloomedFilibeg="intube" hemicRanulasBedcord="wahimaSantirPontoon">
        <woaldPolloiNoonlit>3167879</woaldPolloiNoonlit>
      </nanmuThyineBream>
    </bejelGuttera>
    <equipedBelier brochanThough="pasisUntasty9577" cashMooderCropman="106793" coerceEuglena="3063" ivresseNickumVinalia="aquose" ceritesMoggingPlenipo="tylariVinierTwirly" tzuris="fardedDich">
      <endorseBlabProtect>gloatedBeliefs</endorseBlabProtect>
    </equipedBelier>
    <djerib>
      <quaifeEnsue>62234</quaifeEnsue>
      <nudging>
        <mandiDonuts>musicalGloated</mandiDonuts>
      </nudging>
      <seversUnsolidMass>
        <jacturaJewfish>covary</jacturaJewfish>
      </seversUnsolidMass>
      <fraxinScarp jiggitDrape="9909">
        <splint>legateKoines</splint>
      </fraxinScarp>
      <clonkedHorla muraenaWiny="overjoy" deerfly="5" ungull="megabar">
        <delaceSaccli>eveweedSkiapod</delaceSaccli>
      </clonkedHorla>
      <typhulaGamelyViragin browner="dedaGaunterEntrain" tenoner="unvoice">
        <queechy>vellumyKefirs</queechy>
      </typhulaGamelyViragin>
      <halcyonEmanateUntaut hegirasMoraeaMelosa="reesk">
        <boeotic>sonic</boeotic>
      </halcyonEmanateUntaut>
      <gunsLafiteTangham snaffleReplotFegary="51921" jurorAstre="dhoniDeer">
        <ginmillPalisfy>1</ginmillPalisfy>
      </gunsLafiteTangham>
      <rigidlyAcheerSpass sappier="skywayIssuersAnklet" inwind="samishHoya">
        <wiltonVigia>dorms</wiltonVigia>
      </rigidlyAcheerSpass>
      <buri mispledUbietyOreodon="molineShereefWeeness7349" nadeemYakking="20">
        <claqueLaurasSwelty>heizeCrzetteCrest</claqueLaurasSwelty>
      </buri>
      <spawnerExtg adazzleDromeDeewan="nursleEutociaLingier" testee="obeliseQung996" alowe="915">
        <belleekChuzwiDish>572</belleekChuzwiDish>
      </spawnerExtg>
      <roastsPranaThammuz gulletsInmeats="unmeetFrasse" filicin="meloteTiltersZingaro" lichtedAdopted="432228384" foggaraConcoct="hawaiiPeon">
        <leger>785</leger>
      </roastsPranaThammuz>
      <topasRetwist vedaic="affrapTrippetFogdog45" requite="javanee3229">
        <lectureUrazoleTice>submainWashery</lectureUrazoleTice>
      </topasRetwist>
      <guestsGawkish>
        <assentsSherif>noil</assentsSherif>
      </guestsGawkish>
      <pisAegisesRetrain sobeit="poppiesUrali">
        <faunusVinylsClayish>3655</faunusVinylsClayish>
      </pisAegisesRetrain>
      <robert hoopingCeilersGormand="tanglyCunza" duodeneJebelsConvent="26987" afreetTrucesMenison="sixteFedOquassa" baterSadhaka="dame">
        <brephicEndew>27823</brephicEndew>
      </robert>
      <kexes>
        <tattoosEusolNizamat>diviRoose</tattoosEusolNizamat>
      </kexes>
      <possumsTarrishPuzzles patakaLockrumForrad="kyrialSteubenNebule3" scummed="rotellaCharro748" zincizeTipreeMusher="8703063">
        <cantateKvutza>nabu</cantateKvutza>
      </possumsTarrishPuzzles>
      <uprootMinyasBanter arborShamansKilims="ponying" muttsHypoid="sourtopUnhewn" ahintLunn="thymeneTsuma978">
        <binderySteg>toes</binderySteg>
      </uprootMinyasBanter>
      <dryadic>
        <infangCiconia>reviews3</infangCiconia>
      </dryadic>
    </djerib>
    <shaslikFlyoffGrasni chelysMusicoTopline="cambevaProngMikveh" cwiercSickieLameter="urucuCawneyParsons">
      <chinin>bandoreRaversRettore</chinin>
      <gamestDakotaTuyeres kyuBedsideBrusk="sartage" avosets="pizzlesYoho" bedsitGualaca="begoudConcher" teamanEstradoBoused="asonant">
        <rotatedLarusBumming>cajeputFend</rotatedLarusBumming>
      </gamestDakotaTuyeres>
      <methoneRosins petriSorbsRushing="dermicWrought" flowedHunger="pedros">
        <begsGoodmen>fulth46</begsGoodmen>
      </methoneRosins>
      <potherbRebrewInblown>
        <bierSantims>beepsLabarum</bierSantims>
      </potherbRebrewInblown>
      <sipPutidly>
        <picoryApart>mudfatDyaster1636</picoryApart>
      </sipPutidly>
      <shoaCalusarLiaised bargeePrimes="attacus">
        <pupelo>oannes272</pupelo>
      </shoaCalusarLiaised>
      <wonders boxers="alkalisRating" agitateBidders="telegaRealty92">
        <assured>735959</assured>
      </wonders>
      <seringShaupImam plectra="pyrexicWhiffleFended" kerfMikesScanty="5762">
        <cluniacTrullan>671229635</cluniacTrullan>
      </seringShaupImam>
      <kendnaWacoMoschi nitrous="nagingBudgeShechem50" thawerPsywarVermily="chukkarTestees2175" drails="harr1">
        <ropingThonOunce>cudeighPusleyLase</ropingThonOunce>
      </kendnaWacoMoschi>
      <tahonaCatapanAsideu>
        <loafers>2659</loafers>
      </tahonaCatapanAsideu>
      <bechalkRigoletMru folkish="priestAsthmas63" chamiteLoydWisket="6239633" pareira="breaghe">
        <chip>goofah</chip>
      </bechalkRigoletMru>
      <haidukFanegaCong vau="143">
        <quibusRingers>zobo</quibusRingers>
      </haidukFanegaCong>
      <mallamYoked pablo="bobfly13">
        <outtireLaughee>kitlingHawkey</outtireLaughee>
      </mallamYoked>
    </shaslikFlyoffGrasni>
    <hoolyHastif ruddlesLeptaSeaside="cadmiaChoriso">
      <oomphsLensmen>5644</oomphsLensmen>
      <pksSeriousSnib hoga="fressChromaKiefs" usationMayenceCommit="teamCunei97">
        <dawt>milpaCoannexShoor</dawt>
      </pksSeriousSnib>
      <opiliaGiterneSnitz attain="royetBusk" filsHippierVictrix="schuytCamorra" dushEpeidia="2722" anosmic="tinglePerpentCoopers1971">
        <partied>185</partied>
      </opiliaGiterneSnitz>
      <creelStammer wisentsDensusPanela="41163" istokeFirefly="woneganChattah3652" furivaeMasjidsMantis="mountieGillyTamale">
        <babelic>silicoUaupeShunner97</babelic>
      </creelStammer>
      <parochBarksDecoy pastesHerbals="atropos" chaka="leallyPsycheChorea" ijoreKiswa="dimityIdylliaRerobe" saltHyponymCaestus="2">
        <drammGazeeGirting>crampsIgneous9006</drammGazeeGirting>
      </parochBarksDecoy>
      <slojdFermeNoddi junciteAjee="lowborn">
        <tazze>478360</tazze>
      </slojdFermeNoddi>
      <eupioneFermeryEndymal inroadsOuthiss="dozedPinxterMudden" sakkara="929847">
        <itemedJustice>fuguingPlucheaApopyle834</itemedJustice>
      </eupioneFermeryEndymal>
      <coelomaMarketsEffray spissy="dlr" gonophsDuffed="40" lahndaDsname="pesadesBilgySubcash">
        <hexanePedetesPacs>downbyeHaploid</hexanePedetesPacs>
      </coelomaMarketsEffray>
      <raquet qidClevis="toldoUnmuddyClovene" laccolSanify="alaund" ilion="uncock5838">
        <kumysesManettiMadrone>balize</kumysesManettiMadrone>
      </raquet>
      <frondedCalmier prosapy="poolingQueryShape" baching="kiltingPabulum86" piferoMazyUrena="mosksUnwaved">
        <crimpyTassesEverted>pottos42</crimpyTassesEverted>
      </frondedCalmier>
      <egmaCoyly>
        <yakimaDualismSnorter>yell428</yakimaDualismSnorter>
      </egmaCoyly>
      <estufa pieterArgosyVaporer="tholliPlatysNevome" matriceTapetSnye="88782929" triposHarpins="252" schwarz="bugeye">
        <freshPlenumPerries>lashesSasins</freshPlenumPerries>
      </estufa>
      <dippier scypphiOvampoAnathem="anthoodPlaintLeche">
        <balanidObtectYodeled>realiseTrusts</balanidObtectYodeled>
      </dippier>
      <baccies>
        <picrisMucklesUnthick>glandesDozers544</picrisMucklesUnthick>
      </baccies>
      <jabulElfHumors>
        <reformAdcons>danize</reformAdcons>
      </jabulElfHumors>
      <dabbingMatross wordingHepperDrongos="unthick9567">
        <effatumHaggingIonises>718</effatumHaggingIonises>
      </dabbingMatross>
      <zebuHidelMischio fired="chidingSnobdomSiccan" heiSeism="440260247" gattenNegress="cleekyRewards">
        <tsia>mazhabiPliablyLanose</tsia>
      </zebuHidelMischio>
      <obligeeSyconesMarco mycoid="kamahiDiazoicFelid" stickel="290343718" healerHitches="fitcheePaddles" ebbingPalpate="meiji98">
        <stubberIslemanMinium>blendes3252</stubberIslemanMinium>
      </obligeeSyconesMarco>
      <choppyDiettedUnrigs rtw="asideu" hoggishMinoanGun="yarthenCunni4">
        <supsCarl>catwoodMonoazo</supsCarl>
      </choppyDiettedUnrigs>
      <craddyOndule lodgedRadialeYous="searsAnton" unpaint="dup">
        <engraceKirbiesCalmant>sattvaHenbane</engraceKirbiesCalmant>
      </craddyOndule>
    </hoolyHastif>
    <virgasRagazzeHungary svarajsMickey="818">
      <moringa>afters</moringa>
    </virgasRagazzeHungary>
    <derm>
      <rallies>25</rallies>
    </derm>
    <crusilyLuffa deadeyeTribade="9089470" labelerPaulieBeauti="835" dowsingPinder="ultimePandaRitter" unjudgeGameful="bagelsMamparaAgua" pappierStink="jakun">
      <bemail>6306</bemail>
    </crusilyLuffa>
  </loxodonPoaShap>
  <geasterPhytylIsobare alchem="artifexUpasOperon" masquerPropr="chelysFiannaSnooted">
    <gatherEncoverWheys lavabos="kassiteHexarchTaurid">
      <budderAssythRalph>3746</budderAssythRalph>
      <anemiaPicricJeepney fouetteDismayAdsorb="chinkleUnfussy">
        <reblend>83104351</reblend>
      </anemiaPicricJeepney>
      <peakilyGallflyTrilogy>
        <chanche>libera</chanche>
      </peakilyGallflyTrilogy>
      <kartingTicer hazerDiapsid="hajilij7372" hushMoulds="delenda" jimpy="donjon" fluorylFlutterSourer="cayuca">
        <salmonDeviseRuggown>32685</salmonDeviseRuggown>
      </kartingTicer>
      <illfareQuayfulUnsely>
        <kolush>rajeevAmaistLienee</kolush>
      </illfareQuayfulUnsely>
      <shug alwiteJaseyedHunlike="msterGemotsSuccor" camlaSecurerIberi="amididTriglidRelapse">
        <hoddinHiderUnframe>sulkRiprapTanager</hoddinHiderUnframe>
      </shug>
      <atreticTeamerGains penrackWaybook="dadsWingy" frameaeYuncaAffaire="alachahWhalers" faucalTunga="enology" emeus="sealkieAlane">
        <wigwagEntteRoodle>exult</wigwagEntteRoodle>
      </atreticTeamerGains>
      <smaltzImp immisWeekend="hymnicBeady" ablauts="pimpledAugh5">
        <bathsNickeys>603216</bathsNickeys>
      </smaltzImp>
    </gatherEncoverWheys>
    <chiasmFeriaFriar caneva="33" pilferNuns="duresMapland14" carrotGrowlsAlert="baffled" emergedPeavies="dangLordkin2" blueth="9" askosWadeUnbud="balauGallizeMenage">
      <earhead>refersInfamedKirking</earhead>
      <warierSkelper logres="burger" bedumbsBopeep="9318872" ploughWingbowCreep="7578328" ectopicBadiagaOlena="amolishRosinolMoults">
        <apeakLowlandAmplify>lupineFlect60</apeakLowlandAmplify>
      </warierSkelper>
      <hurling lindFoldersFrizzed="carolanOphioidFilace">
        <tearierApiol>stoptSpolium</tearierApiol>
      </hurling>
      <walkistIrousNimkish showing="macacosZontian5" sclereQuashySepiost="tushedReprime" jawy="copouts" alephsHidableOkrug="erlkingSprowsy">
        <liquorsWinedEddic>orejonKapur</liquorsWinedEddic>
      </walkistIrousNimkish>
      <likenedDjeribAmp recladMosgu="dmarche" ahumMissNursy="rowYapness" maha="bablahUnjuicy122" layrockWritten="osmolal">
        <elains>grondMuskegAnatole</elains>
      </likenedDjeribAmp>
      <taggers crayonsMithanSurd="flambes">
        <pauaPlatea>hymnic</pauaPlatea>
      </taggers>
      <wencher frogman="wearierAnglingObscure" nagsVelated="rishiPipraKepping" sulphoRelesGloves="genny3627">
        <danaite>speosBch</danaite>
      </wencher>
      <almoignSkisFluors ebon="abatersTowner" freyjaHaulersNappe="graciasHevedHeifer" sacchaApardonColunar="kenaiBetesLete">
        <combingOpenerAvenage>aith</combingOpenerAvenage>
      </almoignSkisFluors>
      <wares>
        <inulinsVespers>powderAdroopConcoct</inulinsVespers>
      </wares>
      <trompsHatpin psis="myocoel" chamarEstradaBuduma="yearnedHangby" niseiYettsMask="euskeraAstound9" joyantBogomilNicky="oafs">
        <tectonaPiers>sanedWuss</tectonaPiers>
      </trompsHatpin>
      <hilsa faddist="nidaryNebbishCavdia">
        <tootlesTibiaHory>dongolaHaybandBeta</tootlesTibiaHory>
      </hilsa>
      <fany unglee="wowed" acetiamKytoonBuqsha="broking" wursetNonskid="408">
        <postingRoomfulRox>helpingUredosKoulan</postingRoomfulRox>
      </fany>
      <expiree lamb="oologyAnonol" kotos="tineToughlyRewall">
        <penicilOilingArrays>9163</penicilOilingArrays>
      </expiree>
      <fourragWryingBaroto thurtNocktat="inflict" fikie="fonlyBieldyNawab9">
        <bestuckInfaceHazanim>glossy34</bestuckInfaceHazanim>
      </fourragWryingBaroto>
      <ringedWitbooiCowpony nitrifyKinkilyLaibach="52792494" reekingIratelyDecury="1860" upshove="tigrinaSnipyGranose">
        <uraticSonly>taumReestleFungal</uraticSonly>
      </ringedWitbooiCowpony>
      <ladderImbrued quinseReaveTamarix="murilloNestler1" balaoRisselFitty="sowte" walapaiCavelSkilty="fldxtJoyful">
        <alebion>promic18</alebion>
      </ladderImbrued>
      <outgun aldazin="nodulesTomiaCuret">
        <unicornBefit>gubat</unicornBefit>
      </outgun>
      <haesGelosieNdoderm facadal="bedkey" styles="253364" resinol="cfi" blightAxoniaShih="sullWurmalLohar">
        <bklrRidge>toiledWilletOralogy91</bklrRidge>
      </haesGelosieNdoderm>
    </chiasmFeriaFriar>
    <familyUsheen>
      <nailsPooler>espadonChethsOutroop</nailsPooler>
      <panditLindsey>
        <cowlickArised>secqueOgrishVeinlet6</cowlickArised>
      </panditLindsey>
      <battureOvenly>
        <procity>9626</procity>
      </battureOvenly>
      <bournes sim="lungerMisgyeFdubs" equerry="charetWillieSedates">
        <fixatorEnhortPuntel>wjcZoopsia</fixatorEnhortPuntel>
      </bournes>
      <tiguaSereh cleaded="lucreceRoyet" pisachaTrolls="rends" commendFormalsChalks="yiteHammedPailful">
        <zoogony>haptere</zoogony>
      </tiguaSereh>
      <eligentWokas curiosi="weewee3">
        <reexpelLarUpstate>battlerPastorImaums</reexpelLarUpstate>
      </eligentWokas>
      <shammes jarg="bigener8493">
        <mudfishSuinglyWamara>rhymers</mudfishSuinglyWamara>
      </shammes>
      <lowsinJugfulSpinal>
        <loimicWolversSieve>cuttail</loimicWolversSieve>
      </lowsinJugfulSpinal>
      <manaceTedded tureen="iberismUparchChaines" dismalsFungid="notselfArrah" rosaShiversRumly="gaulterGambs">
        <brandleUgali>entiesCleoid</brandleUgali>
      </manaceTedded>
      <axises pelidesEndemicDyaster="tripeBethuel">
        <jampanSkee>unodeBruntSlovene</jampanSkee>
      </axises>
      <swarfer asciWilton="46408949" duloticBuddies="grossesSpock20">
        <loves>752612</loves>
      </swarfer>
      <salpas milvagoTewaFiends="deleterUnheardShizoku" sistani="shtick" flannelPyran="rachelRazeesPardahs" bowsieOllas="flowed">
        <febris>954</febris>
      </salpas>
      <jurants kibitzKrans="casingsRelacesTimor">
        <harrows>jaloppyArcadia</harrows>
      </jurants>
      <nosingsAcinous>
        <peckedIdoism>milreisStannel</peckedIdoism>
      </nosingsAcinous>
      <cowpath sews="exogensAphodi" heardKatarBagobo="statersLineups">
        <tsotsiFishnetSlewer>dutched</tsotsiFishnetSlewer>
      </cowpath>
    </familyUsheen>
    <plugCivismsLinalol soulterIgnSaner="colera">
      <sibbyUnboyTrawler>whiffy5228</sibbyUnboyTrawler>
      <puffersIjmaJundy circaWinceCaba="dereignGaudier">
        <unmewsVirgate>belled</unmewsVirgate>
      </puffersIjmaJundy>
      <pallallFormat hasidRelief="ceteraNudishBoggier" masc="furoresGhaffir" kursch="473024" creoleMarahExecs="knatteBardilyRumors">
        <biorgan>35489</biorgan>
      </pallallFormat>
      <footles injoinWapacutGrazed="ghibliJouster" versate="geticClosky">
        <ascapeHaplite>cedula</ascapeHaplite>
      </footles>
      <disavowFisted bootidSyrtic="agnatUnbrandSwiften" splicerOogamyLarker="87044200">
        <hippleAnglistAortas>momentaPastilSpleet</hippleAnglistAortas>
      </disavowFisted>
      <plaitsNockerl lutany="jinns">
        <hadronForwelk>bejel</hadronForwelk>
      </plaitsNockerl>
      <tampinPericu asthoreTylopodWastely="9017">
        <neaped>3</neaped>
      </tampinPericu>
      <scouter rubbisyDecryPeafowl="genaeWharvesClastic" saberedHective="brugesTamasTuyere" fruslaEnrollUndated="9743">
        <bluesEctal>81790646</bluesEctal>
      </scouter>
      <eatNichilEpisode agameteDosers="snorterEosinsFilmdom" county="oafs" hieldQuoined="infancyFulgour" pitterDanian="saltilyUpstaff">
        <bainieUlexine>5751</bainieUlexine>
      </eatNichilEpisode>
      <clawersWhishes matsFease="outrank45" emysPasted="resalesReins" inlookLamedhs="plainer">
        <nonzeroPinkeys>vaseful</nonzeroPinkeys>
      </clawersWhishes>
      <prisses stannid="hugely" metoacKetones="spays73" atwitchHearerAnquera="gutweedKinases" snurpSubdeb="bivvy">
        <weddersSloydsKanuka>dewretBagindaPanela</weddersSloydsKanuka>
      </prisses>
      <cushyRoxanaPulp syncsAmies="7031724" enamdar="3442778" helledLohan="ziraCoignesWinger">
        <stchiGrovedFilibeg>amphideRetd</stchiGrovedFilibeg>
      </cushyRoxanaPulp>
      <readyHexerisFlubs ecologyMulet="5215691" gamefulHabitueEndship="itchDrabble757">
        <subgitRoasterReloads>maedPippenConches</subgitRoasterReloads>
      </readyHexerisFlubs>
    </plugCivismsLinalol>
    <leisten>
      <fleshenAwkward>hemiope</fleshenAwkward>
      <pelvics shamoisCassaba="essedeDibTheines" halesia="kophsMurrEquals" plectra="octodonJismsMought">
        <unstripAenach>logcock</unstripAenach>
      </pelvics>
      <pizaineArboresPean>
        <revestInglobePews>lived</revestInglobePews>
      </pizaineArboresPean>
      <clarty epirotDecency="7" trackedSundekArsine="palmateElbowWestern" flakesBurnie="team" fescuesClaim="tanistsDonzel">
        <overplyTimne>gliblyRamonErikite</overplyTimne>
      </clarty>
      <handout thuanTolzey="bazars">
        <swashyCeylon>choyaKafiri</swashyCeylon>
      </handout>
      <winfreeMandateSkilful hoofrotSeptave="riggalDioti" factoThyrseMacrons="milkyRecatchFrowzly" shardyThrawPrimar="998" diwanHinny="bulbelPilus">
        <chorogiHookum>9464</chorogiHookum>
      </winfreeMandateSkilful>
    </leisten>
    <crocusAnnicutMyrtus scavage="timothyHamusChaws">
      <piedCantilDrawly>sprierSinianMusang</piedCantilDrawly>
      <harming>
        <vuggs>1920</vuggs>
      </harming>
      <nunry>
        <speculaRuttingWerther>cummerRampoleGrowze</speculaRuttingWerther>
      </nunry>
      <durangoBeziqueMips tarumaKail="scoutedMuscid" cornTowards="6" resacaMortarParsnip="flutterCandler">
        <siganid>dital</siganid>
      </durangoBeziqueMips>
      <bandhHerdmanCavil hosieryUnsage="armfulsNoter" tallierSelahGenipap="decoderEyelid" beearnOrtrud="ungood160" tylocinCollude="340564452">
        <moline>nieves</moline>
      </bandhHerdmanCavil>
      <tavernsGrousedEyeful bumpkinHumismLaotian="9707770" futures="solvateRaveryTurfed" pipidaeUprearSyconid="5">
        <satisfyRevertsHeady>ladakhiFidelio</satisfyRevertsHeady>
      </tavernsGrousedEyeful>
      <gloea memnonLodeman="gidjeeEldestWaylay494" thorp="indorse" decousuLagunasTracery="quenite">
        <journoGeez>totySmilersDorine</journoGeez>
      </gloea>
    </crocusAnnicutMyrtus>
    <trucial>
      <gummic>mites25</gummic>
    </trucial>
  </geasterPhytylIsobare>
</chiddenStelaeBensh>