<?xml version="1.0"?>
<normanBalanic>
  <teasle gedsWindlesLowings="cabaDimwits" />
  <carobUptower>
    <hinniesSnaffleMazing tiribaPlerome="rewakesObeyersWavier93" subtend="nailing" facetedLoups="46847292" moguls="starfulMsl">
      <eoliths>clusterAramu</eoliths>
    </hinniesSnaffleMazing>
    <yblentHalest trowths="dewaxes">
      <mastageSporal>forceneCapsa</mastageSporal>
      <nervine>
        <unmoble>kotokoFrutifyTweaked</unmoble>
      </nervine>
      <ernesse galeeDoddies="919" challieSdeignFrisbee="9" carceagRarefy="inhumer" uptownsFerren="38778520">
        <kmel>spales</kmel>
      </ernesse>
      <clover gales="raisonPlumbog61">
        <aiolisVariate>manettiLapsersImbarge</aiolisVariate>
      </clover>
      <sindSiegingBrowst regret="jeddockLockboxEffects" groomOrchardHaffits="407" laceyUnfeatyFaxing="3782" antonia="recokeSheely">
        <cuppenShodLauia>spitkitTablets</cuppenShodLauia>
      </sindSiegingBrowst>
      <benorth chinosCalker="23" pyaemicApneasFagott="macduff" scalaryAntirunFilaria="onfall">
        <shyer>quopTankersAmbones</shyer>
      </benorth>
      <haffetRumen bredes="hellishLatvianKaid" volostElzevir="succulaMilleri" romperDeducedMillie="13203827" adhibitJerl="9046815">
        <drawlsAsquareInstils>cliteExtollPerilla</drawlsAsquareInstils>
      </haffetRumen>
      <fluteyDraftClyer>
        <guppy>boodlesUniusMikvehs</guppy>
      </fluteyDraftClyer>
      <waists>
        <bloopDuettoCaridea>1144461</bloopDuettoCaridea>
      </waists>
      <shmaltzShaffle abramisPrewash="mackins" rutterWergildKylie="flocLege">
        <akey>beleapRecchePreship</akey>
      </shmaltzShaffle>
      <hibitosReaders dykeLarceny="muskierFluoranQuata744" doorman="snuckArmoricKohens9">
        <weaveAthingAlison>gulonic8</weaveAthingAlison>
      </hibitosReaders>
    </yblentHalest>
    <labellaGaspersGabbard>
      <hadithsReamers>galyacsKnowe</hadithsReamers>
      <rondeauClootsCathryn skirlsAndesicEocene="2717" mokiRuen="fellaBullies">
        <riviereMussingEngird>starr</riviereMussingEngird>
      </rondeauClootsCathryn>
      <lyc buvette="pikakeDoubled" elogiumSumphPigs="celtRelicsBabiche33">
        <pinsonsPigg>bosnDensify</pinsonsPigg>
      </lyc>
      <boise israeliMonacan="arshinsToxemicGrazier" gean="vodkaMisallyVivre">
        <snidely>nudaWaggly</snidely>
      </boise>
      <jokeShoggle peinedLithi="ouangaLemon29" guggletEcoCraters="chorogiSwim" onyxesLowbredGaffs="jubbeCheetal">
        <mackleBefan>crowhopSchmoMeiosis</mackleBefan>
      </jokeShoggle>
      <cardelCainismSlaking pikasShog="290729915" bouquetCowsHail="frauenChoiler" sejant="pangenSiegurd" rtw="435">
        <pinuela>71180851</pinuela>
      </cardelCainismSlaking>
      <metresChaverChistka>
        <coppasBifront>29</coppasBifront>
      </metresChaverChistka>
      <clonkedFetialTurcois noilerCollin="dayton" pebbled="plenistGlobyShoot6" sprays="26696">
        <eggnog>hertzStyloid69</eggnog>
      </clonkedFetialTurcois>
      <daggersIbo yawledUpstoodToted="laithe" scirpus="visedCharkhaEscaped" peroxylJustifyUpsit="proveInsipid">
        <lassoerSecess>hadlandBejant</lassoerSecess>
      </daggersIbo>
      <humiriaBuddage phytylAcaridCarbide="wogietOsteoma" parsedCaesura="eparchsQuints">
        <quakers>benchyTomasDismain</quakers>
      </humiriaBuddage>
      <gommier dewcap="eyeful1518" undigWongshyCelsia="roytDiedricQuim1" guisardSomalKiva="wourariHayward" vallies="cicaleIliadic">
        <mesode>predictAsideStengah</mesode>
      </gommier>
    </labellaGaspersGabbard>
    <palaces>
      <toucheBultongHomrai>frouzeMaucacoYahweh9785</toucheBultongHomrai>
    </palaces>
    <rokerCursen lintFlaffer="pens" luciveeCutely="xenyl1331" homiest="bookfulOleronMussels" schorlyHobnailAviate="dassentSet" needier="9483" tiltsSerrage="sonlyYeelFakir" lushes="hellcat">
      <tykhanaScenaryPaloma>tectumGpss</tykhanaScenaryPaloma>
    </rokerCursen>
    <usancesFugallyWinged valeralAbkar="baugeStupend" dear="meaListfulRemock" dextroClachPenfold="whingDocketAland" freijoAffects="forrue" kaif="whalery13">
      <ottawas>fou88</ottawas>
      <toricUnhate peste="3" toggingWawling="zooglea" scraigh="cadTurbeth" unlikedSmuttedAration="520864271">
        <ack>cingleLineary</ack>
      </toricUnhate>
      <flamers bursati="90689273" fraile="426045" joggingBilchCnemic="73">
        <fumetDrip>uninert</fumetDrip>
      </flamers>
      <speech tingleBedeen="racquet11">
        <betonKarmasTinkly>thundMyomere</betonKarmasTinkly>
      </speech>
      <zanyishSisel eneuch="5466208">
        <zabaismCaline>clonHaggisNibber</zabaismCaline>
      </zanyishSisel>
      <agnosiaFobs mowrahEnl="hexogen" sought="valvataSuccus" phonicsRisorse="bravade" burritoUniateNimbose="tastes581">
        <bopsAcutes>verdugoIllumedColchis</bopsAcutes>
      </agnosiaFobs>
      <sherpa ascelli="merismScrollyTutelo" zulindeFigury="atokous" boubouSupply="macanAghasHede">
        <moldersHugelyTraffic>verbena</moldersHugelyTraffic>
      </sherpa>
      <molerOsmosed baroqueHegarisResilia="lonefulKids" boseStetsonInvein="tsarFeveryAfghani" snipers="damsite">
        <ismFrowyBlype>automatKirombo</ismFrowyBlype>
      </molerOsmosed>
      <irefulMacaboyDaphnin cappaghSucklesBecuna="rooinekKodakerDodona">
        <rotular>beheadQuinoneApogees</rotular>
      </irefulMacaboyDaphnin>
      <crazilySanjayNuance terrorBalmy="201621" nibblesLoof="aonian" sophoraPibcornExasper="segetalBouton">
        <bonkingWhappetVerity>floria</bonkingWhappetVerity>
      </crazilySanjayNuance>
      <esseEnserfRolls gradesCrofter="gonditeIndiaLeviner" garconsClonksSoaped="glaux" infleshFuzils="4693" wirebarManiniGaditan="foamUpsup2479">
        <beknot>doodlesCraney16</beknot>
      </esseEnserfRolls>
      <profaneGoog barryAiger="deepestLasherIsomery1823" tenace="masse">
        <unmarchPodsnap>tgtRunklesKlieg</unmarchPodsnap>
      </profaneGoog>
      <lutoseVawsShotgun noilyOctavosAblings="angasThoro" geswarpPubic="tarocco" gooierMuscid="witwormBaryes" patamarSubedit="44074">
        <torulaeSpacing>arrayer</torulaeSpacing>
      </lutoseVawsShotgun>
      <autocabChicker fleecedMudroomArtize="saynayTrystsTenour" violineNutmegWeevily="rollick">
        <nazim>lourieAwkward</nazim>
      </autocabChicker>
      <serra yttric="skeyEscalanMesozoa33">
        <styFrittSapiens>uveous</styFrittSapiens>
      </serra>
      <cortaro yarrowsAspy="tiering1" purl="835735">
        <anottaLexicogChteau>dikaFissureBlellum</anottaLexicogChteau>
      </cortaro>
      <zoistFlasher potage="pradoSniderWarblet" retledGorseddUraline="302919573">
        <hoglike>3025163</hoglike>
      </zoistFlasher>
      <dhikrsHantle asylumAnsate="963012563" frigateAbsitFoliary="elsUsed9391" swinge="sirihScapesLunacy">
        <traded>edgingGrootPyocele</traded>
      </dhikrsHantle>
      <troikas cullageStrolldVitrous="sixish" tambacColpheg="63847" kaldaniZenithPinales="33714150" alnitakBryumIdeally="vaults">
        <beeswaxSkidded>laurCambersAlters</beeswaxSkidded>
      </troikas>
    </usancesFugallyWinged>
    <trottieYepCunzie enuringPoplars="410439474" sabicu="spec" tomjon="risibly49">
      <sansThoftIndia>vicaireTriace</sansThoftIndia>
    </trottieYepCunzie>
    <waggon rhoda="respot8" sniggleLinkupApulian="unparch9" tagusAiwan="heftier" joeDesorb="paneity">
      <anogra>siddursSpiredHastula</anogra>
    </waggon>
    <puffier>
      <drecksMealingTweak>21</drecksMealingTweak>
    </puffier>
    <canzosBrocage buccinaUngluedStagger="sunwayYowingVisuals" disc="athrillElritchNummary" cruorin="hectiveHorns718" rancioNgaioOeci="oxeoteDemencyPeered384" dubbahLeaguedGenetic="nolJerez">
      <millersChaityaSanely>drunkAlulaeOograph</millersChaityaSanely>
      <cleome chera="dialing" waglikeBanged="9930" owerby="dotters" khotanaAmusiveBongos="shipboy">
        <mooch>272341</mooch>
      </cleome>
      <catsupHiemsExcamb murly="544552553">
        <oghuzEcch>amebidVittaeQuaff</oghuzEcch>
      </catsupHiemsExcamb>
    </canzosBrocage>
    <fub>
      <fumados>sensoryGogoCloset</fumados>
      <beadier goryCheseInhance="556681" bungingComate="carbarn">
        <warmenSpumoni>1572</warmenSpumoni>
      </beadier>
      <fiefJarmo>
        <vigninOohing>subnexFlirtsMildred</vigninOohing>
      </fiefJarmo>
      <smithyNarrowy nanas="orchelPhytate" oglerStoolieKellock="924739624" corneum="thrawnBlatOxbows" strickReforgeManse="605647">
        <gonopodWhirled>plaque</gonopodWhirled>
      </smithyNarrowy>
      <aefauldDearestThegn aortaePhearseMoults="xylenolPlasherNiched" swather="backPsychal" berlinsRecentChloro="chookieSeducer" shramDrattedBurkei="unfoxy">
        <growerOzonifyGaloshe>electro</growerOzonifyGaloshe>
      </aefauldDearestThegn>
      <pargetLispingBizen medinaRuble="overgotAobSlaum" defiesDenial="ophrys" posteaAbrin="turkmen" tweakyAhsIllegal="hurlerArrack">
        <weazand>4168207</weazand>
      </pargetLispingBizen>
    </fub>
    <forgieAxonia>
      <guerdon>parangi</guerdon>
      <spumier epha="8826954">
        <gedunk>prickly</gedunk>
      </spumier>
      <baiter guimpesTzigane="parelle">
        <akpekAllod>716332</akpekAllod>
      </baiter>
      <otidiumFeirieFlorist>
        <balak>zabetaLampoon</balak>
      </otidiumFeirieFlorist>
      <embraceRiddelFiltre>
        <quaighsRecockAgrapha>wane298</quaighsRecockAgrapha>
      </embraceRiddelFiltre>
      <bananasNotaealProal crimeanSamiteTuts="maserAbris" sickoutPuppilyUndean="wissesPinnula23">
        <wunteeHowever>hackletTimable</wunteeHowever>
      </bananasNotaealProal>
      <gospelsJaupsFirming>
        <fauvesExplatEarring>fraggedNewbornEques</fauvesExplatEarring>
      </gospelsJaupsFirming>
      <vility tallith="97" bedCardiac="moxaOversumDels" samkhyaVampers="parenVedika">
        <quercinBututs>reomitCreams</quercinBututs>
      </vility>
      <bewrapSimial padri="huchnomSpeightBevil">
        <moothClosest>irene</moothClosest>
      </bewrapSimial>
    </forgieAxonia>
    <amalaRamblerStrivy>
      <sorties>luggard</sorties>
    </amalaRamblerStrivy>
    <unipods desexWarnersTokelau="dwarfsChimpsCloyer" afgodFarseEstafet="attornsBladeBogomil" coonerDiceboxCyathea="mappila" rangey="sradhaKhasi5585" donutsSleety="soldatBruetTean9300">
      <havel>scruffsStupentDonatee</havel>
      <esprisePreactsTramman>
        <gaseousWaney>damesWritsRehonor</gaseousWaney>
      </esprisePreactsTramman>
      <quemado touret="tofu" scabrid="powcatSlim" gripedVitrean="whandPropr" favelEnshawl="mealily">
        <sunglo>98612</sunglo>
      </quemado>
      <boffoSoleCarking nurlsLactealJabiru="misniacTurbot1716" bedimEsdrasSoutter="rotulusPeriostAjari55" smyth="cried" dudeensMeadowRoughy="fractur">
        <origin>poetdomUdo</origin>
      </boffoSoleCarking>
      <paramid frae="adeona" blissomJustly="poteens">
        <sprucedVat>swimmerSenegas</sprucedVat>
      </paramid>
      <larkish tikkaRetyped="yarayArterin">
        <benjyIssuesLenger>hajjisFakersClipper</benjyIssuesLenger>
      </larkish>
      <devastCotsHaafs>
        <modelsWakariDoddart>454898</modelsWakariDoddart>
      </devastCotsHaafs>
      <defangVodumsHeapy maying="yarrow" busyBourlawKiluck="sprunny" pods="3">
        <reawardCuraresBalonea>2977864</reawardCuraresBalonea>
      </defangVodumsHeapy>
      <yamph sextosLumpkinCarmele="percherTurjitePunkin">
        <wambles>joviteJingkoConn501</wambles>
      </yamph>
      <tycheAristeWady kamsinsEpicyteCiphers="voltaicKeramicMzungu75" enhuileCordant="sellingRaylet" beltmenSleyerUnpaper="urodeleHallingLowsin2654">
        <skenes>mismet</skenes>
      </tycheAristeWady>
      <tookDartKelima zeeFossa="bocherTucketReflag" floteSoshed="trocheeMemo">
        <biotaGiggledSwaddle>26359</biotaGiggledSwaddle>
      </tookDartKelima>
      <moody ixodidUlmusShelta="misfall" ajava="faitorPawersInglut">
        <lambyPoundalFarms>cosineMarybud</lambyPoundalFarms>
      </moody>
      <retells mobsmanPoschayStickly="20817433">
        <timbersNeuma>stoorySulfine</timbersNeuma>
      </retells>
      <yardedChaiCuber nosingsOronoco="loughMeatmen680" jerries="cajonFlectorWich" vinea="vecture" trine="artemiaAsself">
        <funnier>leerierLutidin28</funnier>
      </yardedChaiCuber>
      <veeriesWhirlSemeion estrumsPomeriaVitrum="lull" bivalve="tooartDemies">
        <liftRompu>lutoseBewared5871</liftRompu>
      </veeriesWhirlSemeion>
      <coon>
        <cuirImpingMalo>1674</cuirImpingMalo>
      </coon>
      <grecoInvader>
        <elepaioCayapoZira>nagmaalChingShofar</elepaioCayapoZira>
      </grecoInvader>
      <eutaxy imputeStablesGrimme="3" discoid="sewing880">
        <zande>fresnoOakletBoater</zande>
      </eutaxy>
    </unipods>
    <dirl>
      <fetalDebtful>cordies</fetalDebtful>
      <twinersGnattyInsofar handoutOutwalkTotally="roukyBegripe482" blend="1524758" bewrapZanyish="1" polkiJanglesTrame="45">
        <leversBaringShotes>tiento</leversBaringShotes>
      </twinersGnattyInsofar>
      <skiersGimmal deathsAriadne="quidRechant4941" rasceta="pudicalNutriasBook" brunetGustusCambium="lassoPitylus">
        <femesBiopic>428213798</femesBiopic>
      </skiersGimmal>
      <boxfulsMaku attics="airbillEmpyemaGlozes" dunkedLingoes="salines" ternletBarabra="mislyNursy">
        <huffilySlingerDamages>gemeledSiwensWaac</huffilySlingerDamages>
      </boxfulsMaku>
      <russud hippie="diamatJouking22">
        <qtsWhilie>lucayanTypicKiki</qtsWhilie>
      </russud>
      <ordoInlayed oxerHoggin="881" outsoleMorral="8" heaths="farciOvertTaotai">
        <vixens>doodah</vixens>
      </ordoInlayed>
      <hasinaiSaffian ownParmeseGazel="loofahBothroiLentisk" bemeanToglessBlende="15728939" vicuaFacing="ldgFurcal" enateCabrito="daroghaNectron">
        <sinkedPodgily>affordsRappist38</sinkedPodgily>
      </hasinaiSaffian>
      <reggie icefallBremely="732739037" cushTwankyJibbeh="82" alehoofHexadAubin="meetenMopesFlirty" kanaeDumdums="44476">
        <requeen>browedPyrroylPraxes4247</requeen>
      </reggie>
      <rudge keddahUnroomy="91" outputsBusking="2880438">
        <klipdasYourtCooner>8</klipdasYourtCooner>
      </rudge>
      <morescoBramah asorGateaux="stuped" melaSowtOnsweep="cuspuleSabbeka" ahaNomnem="78055" jungledPuffletSclerae="belying">
        <umbroseGivin>6</umbroseGivin>
      </morescoBramah>
      <syrinxFerular bacons="tagsterRebabPurges" agenize="ovateBritten" rodgerUst="67137" whauk="40631">
        <sourenCiboryMund>hadedNoricSphacel</sourenCiboryMund>
      </syrinxFerular>
      <corruptNormEggy cholaScampiGuyline="111568">
        <ovinesSkirt>tannyToft177</ovinesSkirt>
      </corruptNormEggy>
    </dirl>
    <enidSeek>
      <guareaMammae>19987</guareaMammae>
    </enidSeek>
    <oology>
      <karitiTomtate>veligerWork5305</karitiTomtate>
    </oology>
    <ahetWhaur>
      <brims>918072827</brims>
      <epeiricAncylus>
        <violone>fobbedCotise</violone>
      </epeiricAncylus>
      <zombieBoody>
        <goodmen>909082</goodmen>
      </zombieBoody>
      <xylenesBarbudo zadMyelins="mongolLianoid" tulisan="unmaidDiscaseCarnies">
        <artelsTossilyStriper>abuses</artelsTossilyStriper>
      </xylenesBarbudo>
      <tattingWile packing="sial" vouliDoubts="5">
        <paginaNaid>79097</paginaNaid>
      </tattingWile>
      <acaciinBipolar geegaws="33592071" covert="ungaged" ferriKonini="ageist">
        <gurkOwtchah>exormiaVoyeur</gurkOwtchah>
      </acaciinBipolar>
      <flopped linier="ridsPellaeaKamsins">
        <zoquean>pourie</zoquean>
      </flopped>
      <serificSayidsSulla cyclasMusery="fleckedAnthdiaFylgja" stewy="disrestBravish" trame="spadger" colterTurps="lown">
        <tarotScreamyDinitro>aik</tarotScreamyDinitro>
      </serificSayidsSulla>
      <lucksMeadowsIllipe loneCoaxerKettrin="turjite">
        <riataKebbock>croydon</riataKebbock>
      </lucksMeadowsIllipe>
      <torilis chaharsLanier="petateBanditTalck7959">
        <copalmsBoopis>unseen</copalmsBoopis>
      </torilis>
      <forcer>
        <eulogy>8629</eulogy>
      </forcer>
      <lummoxEyaletRumdum suddyBobacheShirty="tarascInosicTwankay9" strawed="tryoutRepieceSpirt" ruffle="5008020" fillesPooris="bummackEmetiaTooler">
        <hoseWhilieAscula>robertoAlcyonPitched</hoseWhilieAscula>
      </lummoxEyaletRumdum>
      <brassSynd zazenIdist="soiledDoesnt" oiks="dumbaEssex">
        <biskRecado>9</biskRecado>
      </brassSynd>
      <toweledChielYezdi seethes="1595" sla="813629">
        <jesses>3294</jesses>
      </toweledChielYezdi>
    </ahetWhaur>
    <basale cast="arboresSkiwyYiddish" gullahUnstop="henyard" whiner="cozilyBrayed857" tuateraZygomaCrayer="peelingKanagi">
      <lophineAlquier>vlsiTutorer</lophineAlquier>
      <pusgut precess="enrive" hyne="horserPadlock" imbatheHeeding="kumysesSimularPietic" unvalid="paucifyDnieper81">
        <vibixBikinis>4160</vibixBikinis>
      </pusgut>
      <fashFlaff dabblerRawheadFlyless="griftsDisgulfBowmen" repawnTedsLazily="lehayEndozoa" angasFlaresClubmen="triquet" sikkim="arusaChoking">
        <compdCustronOusels>derivalSpewedEggy407</compdCustronOusels>
      </fashFlaff>
      <argledSunsetRacons shellyJoebush="megass" togglerFairmDwale="ptaHwtLebes" elizaDeltoid="subiliaAbrosia" surtout="phylaeTrivvet">
        <livetinAtomy>rekiJacuaruDene</livetinAtomy>
      </argledSunsetRacons>
      <stoping lokeRecant="sulfion" aurallyCopain="50060">
        <jodelrEndiaWankel>tonify</jodelrEndiaWankel>
      </stoping>
      <allegesSlee unwofulMagianForded="502" legionHoarse="uncoinJophiel830" unplug="stromb">
        <uglisMislear>lifEtudeLeuch</uglisMislear>
      </allegesSlee>
      <woefulSanzen moolvi="chilverCarylNanisms">
        <abeliaNappierAiawong>riservaPansit</abeliaNappierAiawong>
      </woefulSanzen>
      <euonymBowler>
        <polaridNarialJacuaru>tuberPotionBooley</polaridNarialJacuaru>
      </euonymBowler>
      <stimeVervetMottoed printsDeist="wef" soohong="pandied" pangsWakhi="drupose">
        <policesRousers>indigen</policesRousers>
      </stimeVervetMottoed>
      <katanaGoatishOcarina warsawAxillar="437521" sleechy="2" barkingFondonGire="deprome">
        <makhzanConifer>zeuzera2716</makhzanConifer>
      </katanaGoatishOcarina>
      <roovedYaourtClof budgers="osphereDanton" managesYirredLaetic="puckersTrogonsGizzen5061">
        <succors>durablyChecksCords</succors>
      </roovedYaourtClof>
      <retem kipChirkLated="48215020" brenderAbyesAthbash="2769844">
        <jiquiCherootUnfaith>bavaroyWaul</jiquiCherootUnfaith>
      </retem>
    </basale>
    <abroachAutoma>
      <palmful>plock</palmful>
      <kylies plfIzoteSallier="arcite" ganamForseenDrachen="vetchyEggersMagging">
        <muconic>harding</muconic>
      </kylies>
      <fixatifItylusLiwan murmi="encharm" hobbyShahiKyries="abaticTurfmen56" loafingUntrill="unheedyAlbaDumb2">
        <upshotsTastily>heelsHooye</upshotsTastily>
      </fixatifItylusLiwan>
      <coseyJozy advent="755822" demivolFurca="9391596">
        <zonulesAmil>seinedPuzzler</zonulesAmil>
      </coseyJozy>
      <termaLathers fights="81701732" alluredCycasesTunland="konde">
        <overdoMidvein>redatedMattoidKings</overdoMidvein>
      </termaLathers>
      <bridaleMensk adorersTaslet="780" hestiaAlcosol="priusSickensNewborn">
        <tumericAdoninVinyls>nantzFolic</tumericAdoninVinyls>
      </bridaleMensk>
      <untireKetose fleecesDedanimGybed="satient" tabbedGobs="massiveBackersIrma3" salliedRebeget="diegoWolfed">
        <saronic>inoculaEnweb</saronic>
      </untireKetose>
      <uncomptLecidea displatWoodier="sulfurPicriteBanff" camansiVile="928321" mucid="landed3687">
        <smitherChewier>looies</smitherChewier>
      </uncomptLecidea>
      <puggiHrdwre retractUpwent="psi" phoseEkaha="853121">
        <subtileGront>doonNeatPawpaws</subtileGront>
      </puggiHrdwre>
      <pariah prosperKernos="tipsify" mutsShelfAula="4" busiedAgronPithily="kirtledCepheus6">
        <sicle>thymele</sicle>
      </pariah>
      <willMuricid quaysSaltenSmitch="ravelBromian">
        <siccarNull>696454779</siccarNull>
      </willMuricid>
      <mistalEphete>
        <curdlyPurlieuCalmer>78336</curdlyPurlieuCalmer>
      </mistalEphete>
      <almondySands malatiQuadratCozener="maidyFaveoli">
        <awakens>58514</awakens>
      </almondySands>
      <amoleCurdierCrambus monauliRusaHacklog="botargoCantataForty">
        <medusasPhobos>fumet</medusasPhobos>
      </amoleCurdierCrambus>
    </abroachAutoma>
    <diobelyGulperChaui artistsBenicQuink="kenn39">
      <olykoekPlinths>farrelStoning</olykoekPlinths>
    </diobelyGulperChaui>
    <wifeLiberum>
      <donmeh>roesUnlutedDrags</donmeh>
    </wifeLiberum>
  </carobUptower>
  <boltin pleroma="moldVaginaeAoul4481" arses="4662" dbrnNatant="dauber" resexCarbene="556" />
  <covaryNoddies>
    <tondo>
      <crimmer>wappedBishops</crimmer>
    </tondo>
    <retractKindle>
      <tsksHigdonUpland>22</tsksHigdonUpland>
      <faddingDiaulicFatbird agismsVannus="coynyeParergy" organzaEncryptRetract="adrenin">
        <caraboaPptGimpy>delubraOtisPolemic</caraboaPptGimpy>
      </faddingDiaulicFatbird>
      <linsChapatiNandow dermadBurbs="276592">
        <maumeeMiaows>deroutBysackiGifted</maumeeMiaows>
      </linsChapatiNandow>
      <killasFilmyEdited stovies="vetchAutoed">
        <flyman>holloas3913</flyman>
      </killasFilmyEdited>
      <heml adarmeAxial="decampsChiwereThroddy">
        <versine>pias</versine>
      </heml>
      <almners dreighFlitty="gatesUgsome">
        <callers>heminMergesSculks</callers>
      </almners>
      <hoboeSapindaHugged nutletsTootses="matarSaxonicBandala" embolusNishadaAttal="wisingToa">
        <withal>cagayanClarina</withal>
      </hoboeSapindaHugged>
    </retractKindle>
  </covaryNoddies>
  <harmostGeront baptistIndigesSadly="beersYokedHicaco" bloody="navelHulyBrevis253" wharfie="787671" pianicSosLatham="379393" />
  <tacklerCocama audiosReenactRiprap="kalwarVelikaWoodwax" />
  <duncanMumping spicingGroggedMakah="birred" pulmentTap="yabbieParadoCrimped">
    <samielHonoreeGrump valour="guatoBoogersForaged">
      <ranella>1430799</ranella>
    </samielHonoreeGrump>
    <hooterPactionPert jebusFreud="renewal">
      <wasogaCaraipi>verbumTomjon16</wasogaCaraipi>
    </hooterPactionPert>
    <durwaunYawpedWears calmVaudy="whatna">
      <stretSputumOfer>754163</stretSputumOfer>
    </durwaunYawpedWears>
    <pardahsCha>
      <suretteAcrasinVerso>fettles</suretteAcrasinVerso>
      <rapperBatler pleuronLucible="flyboyFilcher" seamedParesCalesin="knotterNoummos" decastMadafuIdiocy="mazzard" bonnieBolling="8">
        <ganofs>hummel3</ganofs>
      </rapperBatler>
      <wrasses maddedEcbasisMagpies="7" syntanClough="volsci" noneneFlativeFilace="tempsWithdaw" halterOhioMullas="wystyOxtails">
        <waxbush>effie</waxbush>
      </wrasses>
      <lutrinNitterImpaint kukang="acknewYeasty" erlkingHerbidSynurae="imbrownSycon">
        <spattedCapture>eupnoeaRowportCrabit</spattedCapture>
      </lutrinNitterImpaint>
      <theismSeemingAmrelle tallageSplay="tentoryPiqure" lowesGnarlCasky="45591238" albanyVillotaWilily="650262" turbidTiffanyJirgah="drapingMegilpsHadder">
        <alaresGenitalBallota>cloyerHamatum</alaresGenitalBallota>
      </theismSeemingAmrelle>
      <yuapinGoodAmyelic reteneCanned="baetyl">
        <cushat>stong92</cushat>
      </yuapinGoodAmyelic>
      <stables logionSeawan="fitzroy9024">
        <aforeOscines>arbours</aforeOscines>
      </stables>
      <gabs frusta="heatsScuffyYfacks" hylistPeaviesUnhelp="crazy">
        <buyerChackle>tossupPatchesNemean5</buyerChackle>
      </gabs>
      <wedder nablasReviewsAdyta="unifiedPhotomaBanners">
        <flannel>biplaceNorit</flannel>
      </wedder>
      <suprTomes>
        <caderKababs>cliteAmomalLakmus</caderKababs>
      </suprTomes>
      <khasaCartonsGurish drattedHunted="tipit" chakobuPickets="614639" bonitoToolmenClutchy="260" nondo="nonupleMobulaTierer354">
        <biggety>38723</biggety>
      </khasaCartonsGurish>
      <bosons>
        <wissel>uptrussKibesRingent</wissel>
      </bosons>
      <uranylGroupieWrist>
        <syruperAntoeci>duredMustelaTwinner</syruperAntoeci>
      </uranylGroupieWrist>
    </pardahsCha>
    <capsulaLunetWhumps>
      <larditeSammier>drycoalCremuleMusal8</larditeSammier>
      <cotedFrizz bahts="monistsAzophen">
        <pythiosTchickBlocs>gapper</pythiosTchickBlocs>
      </cotedFrizz>
      <agentsEleciveMugs otariaSpectra="snubbeeReargue">
        <besaile>75551</besaile>
      </agentsEleciveMugs>
      <pedantsCastletWagged unlaidSpatheDizoic="balneal">
        <darklyBranlesCorpora>coercer</darklyBranlesCorpora>
      </pedantsCastletWagged>
    </capsulaLunetWhumps>
  </duncanMumping>
  <gantCanting alipticLoped="velouteArgylesRamed" blighiaVoguey="gobletHuscarl" perdueGrampAcale="filled243" imparkThrive="acosmicSorbin">
    <remarry>
      <jugglerSmeer>bigas</jugglerSmeer>
    </remarry>
    <baboolsBorgh proleg="4490" genital="196592243" vingtunRapiersCotte="noilAdmire" cookeys="sunbelt">
      <brailParde>hollaDaggleFacula</brailParde>
    </baboolsBorgh>
    <geddsPrattly>
      <pattaraDinomic>28</pattaraDinomic>
    </geddsPrattly>
    <chertsWintrySkeat melon="aglaia" forleitColp="gauchePooled" hakesCarites="sniffed47" nargilePlatode="6" rimyBatlerWanny="syndicPunjum" pavaneFaenus="plakatTale8" buchite="pleonFaunist">
      <atimonEsopgiTachism>pertest</atimonEsopgiTachism>
      <uplift gayishFunkier="5" saravanFannyGallet="feralin">
        <alveoleBrevity>371116987</alveoleBrevity>
      </uplift>
      <clayeTappaGetfd muzoona="5661766">
        <keresanUnwire>eesomeSnowsConning</keresanUnwire>
      </clayeTappaGetfd>
      <swarry namasteMallard="berneHectePaise">
        <mannieBoyla>proximo</mannieBoyla>
      </swarry>
      <papaioKamasin tricksRic="wyledStephenGozzan">
        <curt>pogge2</curt>
      </papaioKamasin>
      <inanes waffiesVideturUndewed="6514" brisantGuijo="allude" yawedDravePardah="pizazzMycRobust5941">
        <aidanceTreppe>cudavaUnarmed889</aidanceTreppe>
      </inanes>
      <bisectNegundoRichter saplingEvasion="itel">
        <beiraVivace>agatizeFeatish</beiraVivace>
      </bisectNegundoRichter>
      <jerib squalmLaibachCowries="planingStroot">
        <pitsawsVervainHereout>35</pitsawsVervainHereout>
      </jerib>
      <edhEnerve elbuck="7453416" nonasBursate="exampleMalchusVespoid">
        <turfmanMizzlerSmutted>devious653</turfmanMizzlerSmutted>
      </edhEnerve>
    </chertsWintrySkeat>
    <goyin>
      <butanes>appalto</butanes>
      <fewPulsateUnfussy mislies="666950">
        <saman>showed</saman>
      </fewPulsateUnfussy>
      <glowing stakesAnthusBid="9987824" bywalkMenukiMaru="wasn" palemanTangum="skirtsFolacin" aricianSlyest="studierAciditeCapmint7122">
        <courses>artiest</courses>
      </glowing>
      <mbeuer likefulDugongs="9" dysnomyNaperer="lippenOstracaTiremen" outlimnKetmie="blancheDrouksImposed8267" jude="vinealEarnestLentos">
        <atwirl>abbess</atwirl>
      </mbeuer>
      <tsantsaCardiodBoort>
        <causeysTernar>rillow</causeysTernar>
      </tsantsaCardiodBoort>
      <subgape rhombicScoured="21818457">
        <autosVie>cannery</autosVie>
      </subgape>
      <sheth butylicCelsianSeel="mophNasoSmudder" disty="cedarHonkeys64">
        <chewetSeasonBella>19471903</chewetSeasonBella>
      </sheth>
      <sampiBrattieFanfoot misread="turkdomBreckTrover">
        <darken>sugarerBatoid</darken>
      </sampiBrattieFanfoot>
      <deemerGimmePawkrie acuanSetous="desoleWittome" funicle="roughtTanak">
        <infold>dernRankettJuck</infold>
      </deemerGimmePawkrie>
      <curarasMowtSpouty>
        <hatful>789</hatful>
      </curarasMowtSpouty>
      <pneumSpilthsAltered campiUnbinds="epigoniOptimalFallal">
        <hilted>59161</hilted>
      </pneumSpilthsAltered>
      <speakiePrylerBelick hyblaUncurstPoudrin="giocosoAbsumeSorbets" kymnelTheet="82" pouleNarcous="foresay">
        <acacinDangingGauric>prebadeTayirSedgier232</acacinDangingGauric>
      </speakiePrylerBelick>
      <bourns dizdar="aeons" zoaPetitorDampish="fubsTasian869" pyrrolsChavelPiastre="unshylyWise" mensasVicilin="xviii">
        <pardaosWetlandZmudz>duimTwosome</pardaosWetlandZmudz>
      </bourns>
      <linderaSerfs zendoBurros="kaywardHollosDukely" saveloyFlor="decimusTurkic" cockierGannetScotale="seraphCrowned">
        <hunt>bantay</hunt>
      </linderaSerfs>
    </goyin>
    <degermsLeche>
      <sirop>surgerReshownGunnar895</sirop>
      <bun wrangleIsatis="obitsCuecasNaish7270" jarlsKullani="734268" bourneFlagonSinter="beryxRidableZarp">
        <rimmedLemuel>gladdy</rimmedLemuel>
      </bun>
    </degermsLeche>
    <pizzleBaboons>
      <draffyBasote>arabicaLpm</draffyBasote>
      <weirdieFoes silicyl="843849035">
        <putonEryopid>syntholJulid</putonEryopid>
      </weirdieFoes>
      <sloughs boragesCresc="maxwell">
        <entrail>acutateClarkiaDhotee</entrail>
      </sloughs>
      <peeves opsoninSeedmenUnbefit="goonyRoggleHookupu" exurban="blush" tilia="thulite1967">
        <spleensUnoilBeamier>arret258</spleensUnoilBeamier>
      </peeves>
      <chaton downBackway="rottockBeld" fawnSlicer="stream" undomed="grindCroutonMandora" milha="simpsChainer">
        <padasha>keep</padasha>
      </chaton>
      <roeFordingBailies lurks="retomb" limbusMudrasFretum="786">
        <gallerWrested>exedralMallee</gallerWrested>
      </roeFordingBailies>
      <russulaSpace grousedWinsLorica="balks1149" maddenNistPippy="upfeed" imparksPhotogsUdo="307483949" weesh="nippledAdarme">
        <gregoJackeen>labisBrimmed8</gregoJackeen>
      </russulaSpace>
      <assagaiDirect yewsDarkeys="voragoRepelDaghesh" painingMattin="95" forcheDrably="totemic">
        <slippyWhom>ophitesWeeshyHackbut</slippyWhom>
      </assagaiDirect>
      <kwapa bistro="ongaroRepays975" tamberKiltedPlicae="leban" vacuit="burialsTakeingAllheal">
        <holw>clausalSwaying</holw>
      </kwapa>
      <areasPotoos rebulkAnthelaJetties="525454" limySowarrySorty="copticLackies118" dyarchy="shudderAlexas" viduityCandace="loopeGastricDevance">
        <aqueityInstar>4506</aqueityInstar>
      </areasPotoos>
      <billaFeared penisesDistainSickens="realizeBobstayNonfood" eburineFaffPoteye="isotriaDefRewind">
        <showilyNitrils>pandavaRet</showilyNitrils>
      </billaFeared>
      <upbeltMinieAurigid>
        <prahuPintlesBundoc>boidIchs</prahuPintlesBundoc>
      </upbeltMinieAurigid>
      <rupiticSarah heald="wea">
        <laynerSoroseHussars>15545</laynerSoroseHussars>
      </rupiticSarah>
      <tarcel busesOutkingNatal="theoremGemse" judShrimpsTrowels="cakraJujubeBaker" eluxateViolety="886107">
        <enrobedPercuss>swiften</enrobedPercuss>
      </tarcel>
      <vicuda millersBeheldRugate="moaria" machinCantlet="mummiedLourdyHazily">
        <flamersStoury>redameGuides</flamersStoury>
      </vicuda>
      <petreanCorylinPeiping areaSprattyByzant="61" grizelPeeved="knaster">
        <axonicRowena>snarers</axonicRowena>
      </petreanCorylinPeiping>
      <chabuksDaresEnajim monaulGaleasWhydah="traikySenex" jarfulBosomedPolony="wyle">
        <freety>quislerUngBrasher260</freety>
      </chabuksDaresEnajim>
      <rugaeAzophenPaces quicheGrondGuadua="curial">
        <meatierGathersSaic>craichy2</meatierGathersSaic>
      </rugaeAzophenPaces>
    </pizzleBaboons>
    <subtoneTiedKevel>
      <gaupFraudOno>cycloGtcUndies1</gaupFraudOno>
    </subtoneTiedKevel>
    <amiantTheronAbs bushfulYearDaysmen="joachimUncartNuchae856">
      <jerrieHiera>hibitosPompon77</jerrieHiera>
    </amiantTheronAbs>
    <handarmChit>
      <leven>1357</leven>
      <ferlied>
        <untuneSiva>ghanAcaleShisham</untuneSiva>
      </ferlied>
      <rapedShahidi>
        <foulest>telegnRammed</foulest>
      </rapedShahidi>
      <petherEdgewayEdiles carmelaDuction="takingsClypealCordoba">
        <typika>enfoldsAnytimeSkun</typika>
      </petherEdgewayEdiles>
      <unmoble donzels="besom" feezing="61682493">
        <risala>60678026</risala>
      </unmoble>
      <covererYensMenthyl soaksAspireFugard="sadhePinSlammed">
        <mobberRehemStingos>783818447</mobberRehemStingos>
      </covererYensMenthyl>
      <vidiconRummes unrarePontons="athyrisKisses9">
        <holdsDuredThomite>drivesManniteRabboni</holdsDuredThomite>
      </vidiconRummes>
      <matchesHalakic lactoSchmoe="volunty" randal="4831810">
        <talonCancans>earshot</talonCancans>
      </matchesHalakic>
      <pilsner sesamolKerslam="17" didymiaJiffBlesser="275">
        <docks>mappedPeskilyRhatany6</docks>
      </pilsner>
      <coppas>
        <tactful>918850</tactful>
      </coppas>
    </handarmChit>
    <stgeNubaSlanted>
      <honksAlgins>cumshaw</honksAlgins>
      <buckraPontiusIngnue camelBlupHoodie="acritolOverplyOint3642" fluxionRials="stereo" cuchiaBaillieInsurge="spaeHurlockVicuna">
        <stolidPyretic>circePiliUnden</stolidPyretic>
      </buckraPontiusIngnue>
      <waveletAiger sleepsLatounSauba="88" bagong="basos" araksEktenes="872837">
        <refect>hasp4974</refect>
      </waveletAiger>
      <driverTousche>
        <firmanNeedingKingu>gadisOnaggri</firmanNeedingKingu>
      </driverTousche>
    </stgeNubaSlanted>
    <barking>
      <skollyChampyBaskish>sandiaTracedTrias</skollyChampyBaskish>
    </barking>
    <abuccoPopply>
      <inorg>blawBairamAdoniad7215</inorg>
      <stiesPostinBozos inpoursYashmak="trypsinReprintArtisan26" kilomCacajaoSkaddle="7755" hexylRummery="clubberAdod" knittie="bemixedSadism7">
        <bandelJane>gapoTuba6566</bandelJane>
      </stiesPostinBozos>
      <bardashGambol ajangleToxoidBigamy="quell" gazeUalisHetty="enround">
        <mazedly>ergotinMattockSstor</mazedly>
      </bardashGambol>
      <hallo parsony="scruffTurcic" yuansArsenicCoil="6201127" flumedUnrun="1" lirSeizesPegbox="61471">
        <muzzleGruidaeDecise>scoveChipsLibbra</muzzleGruidaeDecise>
      </hallo>
      <racquet cafhTakyrNicker="freaksDiasperDonovan" garn="werf241" syrUrarticForebay="synopsyBuffsRefait" shadyMisfile="93">
        <griotteMashmen>soomFlecheBails</griotteMashmen>
      </racquet>
      <custodyRictal>
        <peasesPenults>goldneyXylans</peasesPenults>
      </custodyRictal>
    </abuccoPopply>
    <larrup>
      <awberOcneriaNeume>4</awberOcneriaNeume>
    </larrup>
    <latroWeesheeJuan>
      <risible>mozoSudors</risible>
    </latroWeesheeJuan>
    <pupilsToreros>
      <rawheadPeatAzymite>940083217</rawheadPeatAzymite>
      <pict cottid="bisulcUppourTrans" fenterTurkoisJoyrode="reclameBusboyLappish" pyreninKustiYawns="splayerBailo">
        <blazes>gigPodsolBldr</blazes>
      </pict>
      <shooler visage="glb7" gernitzDowdier="431874" bahoo="flamenPiazzaJicara" pratersDrudgesBepelt="floppyCommark639">
        <swealLoggia>cockledFricace</swealLoggia>
      </shooler>
      <portor jiffyMouill="tovariaBaraCochin" threose="cayugas" exequyCoalboxTutin="dipt">
        <insite>tribadyLungan</insite>
      </portor>
      <eutociaVelaric sonata="phages" theyveSawerJoyrode="chemKnob" huarizo="91119" ovicideSpirted="dislipHilloed">
        <blister>72912</blister>
      </eutociaVelaric>
      <lasketDreader>
        <glaiket>curvousPrebble</glaiket>
      </lasketDreader>
      <musquawFlawy santiiSpikes="winklesCarts7681" lepteneExpreme="pollardSizes" pmtTunganShruff="36" repleveEvansTappen="coelinApehoodFerular">
        <wisesAbacus>anukitGwantusInfuse</wisesAbacus>
      </musquawFlawy>
      <scotiaClatchyEnleaf stonied="caduaWise" monkismFungic="cackler" laving="succinBummalo10">
        <corslet>insueSubgape6854</corslet>
      </scotiaClatchyEnleaf>
    </pupilsToreros>
    <arriver aristoMannify="dimeterPesoPlaids" manolis="517914094" dances="urazole" seenilGusto="90099336" ruticDadoingKitchen="86538311">
      <bog>283394</bog>
      <sadCloff spurIneuntZoarium="foetid7" sphegesCrockoTournay="timers" whitlowMalletOmphali="haven" rabidly="45331485">
        <torcel>misty75</torcel>
      </sadCloff>
      <apochaeSatinayScanner magged="nonasMurexesTabooed">
        <gratias>scummy</gratias>
      </apochaeSatinayScanner>
    </arriver>
    <labral tacet="thenadStigmal" bartendSeetheNbg="bon" gerlandXxxLeaves="cabotsBrochan">
      <mossy>tabiraRauqueEscopet320</mossy>
      <yarner stopsTylosisAngakut="unburlyDrunker6131" catalos="979" sapeleJemmiedLores="sulfuryCalkedBurma" daftlyHak="vinetArrives">
        <minorLeadoff>931</minorLeadoff>
      </yarner>
      <fishersEngore drave="rattingRotter">
        <glent>manchetLodesBewitch</glent>
      </fishersEngore>
      <carucal unsorrySerab="192440" glakyEugenie="gids" hushesTrevets="teletexSockedPudder4887" yakamikCarpeDemur="claretEyrarPreview">
        <checksShorted>dobbyAllyicTaupe</checksShorted>
      </carucal>
      <restaurAnguisGnomist gunniesSoilsBarnage="phylonAythyaJolter" bumareeChengalLogbook="centradEnrobe">
        <abunaCorserSizeine>gliomaRanceNilgais8843</abunaCorserSizeine>
      </restaurAnguisGnomist>
      <dueled daman="coaler" vomicae="argalasPectase">
        <pupilHosing>625929401</pupilHosing>
      </dueled>
      <enablesForgrow intransYod="62142" sleekerBedwell="gudesCharier6303" winery="oddlegsAnicut" restripMightSailfin="anzac">
        <megafogFluskArches>crunch</megafogFluskArches>
      </enablesForgrow>
      <nostrilWinkles huron="chelys">
        <deciderFeatySugent>vakeels</deciderFeatySugent>
      </nostrilWinkles>
      <snout haricoCyanidYatagan="752">
        <koorhmnJubile>menowCystis</koorhmnJubile>
      </snout>
      <hogan>
        <sicel>obeyerUme</sicel>
      </hogan>
    </labral>
    <vedism>
      <thronesUpcoilSov>91</thronesUpcoilSov>
      <bruisesChanche referOyeletLiefly="distendAtaxiaNuttery" waicuriIsatide="1450694">
        <genic>rowleyRushy</genic>
      </bruisesChanche>
      <paunchTaskerPtts tubfish="3" cor="1962337" confer="933700096">
        <aclemonSquawksRapiner>occur</aclemonSquawksRapiner>
      </paunchTaskerPtts>
      <divots pombeFerlied="saugerGapper" hayaAutoist="callets" dongaRyked="isinaiAgrege" engulfs="oaricOutrail">
        <maranha>47440</maranha>
      </divots>
      <corymbsDjinny moneralFroeman="ensiledKiddier" dizzen="gonidChorogi153">
        <merlon>beclownRenal</merlon>
      </corymbsDjinny>
      <casuary>
        <replume>386544</replume>
      </casuary>
      <abasioTendsCunonia tiltsMiae="raveCopehanBangkok1">
        <gawainApozemBoagane>pungentRavenryGormed</gawainApozemBoagane>
      </abasioTendsCunonia>
      <docmacFlosser>
        <fontsUnriskySowfoot>manzilStringsGonion</fontsUnriskySowfoot>
      </docmacFlosser>
      <monial waltron="arrasRafaelMarie">
        <acus>hamulus</acus>
      </monial>
      <estopsSwirl southPuntaSoncy="5237" varaBnf="glidingGorgon" railsSannop="galileoMunsiff" rullockRageous="formeltLisles">
        <tweetsHethenSheuchs>4</tweetsHethenSheuchs>
      </estopsSwirl>
      <monadalSeba boeotiaEtwas="scarabEnsteepWaffies">
        <cabaa>sickedEyemark942</cabaa>
      </monadalSeba>
      <curbashGovtAwonder whealsGooneys="puquinaMullah" calpulTinajaWaxes="cymbate" inhauls="saintsOutwits">
        <malkiteChgObvolve>demulceIdoseDand</malkiteChgObvolve>
      </curbashGovtAwonder>
      <coghlePyreneScaloni curs="422" infamyDonnismIntire="figwormJazz" meloeStoperTaslet="mataxBottled53">
        <cocopanCalkage>sending</cocopanCalkage>
      </coghlePyreneScaloni>
      <floatsShode hugeousPiccage="twal46">
        <boranClumpy>devilry</boranClumpy>
      </floatsShode>
    </vedism>
    <muddenStripy>
      <graven>rosierSynaxisAdmits</graven>
    </muddenStripy>
    <minyansMayfairInfamed>
      <gobiidEnchestBallock>1618304</gobiidEnchestBallock>
    </minyansMayfairInfamed>
    <rondureBoomersSpayed prooShangy="diplopyAsthmas" lamsterEustacyPermute="oicksGiblet" uproseDieter="cockupsSitheRawky" coppy="rooReworkHaycap">
      <towardsPronger>1</towardsPronger>
      <leporid wapped="oyerFused" pulvicBwanaPeroxid="prebbleMuscatSterve">
        <villainGranatHaram>phallicRelicts</villainGranatHaram>
      </leporid>
      <soamOutshut>
        <titfish>geomalyBewailsScapus31</titfish>
      </soamOutshut>
      <anorchiShitty talky="toasty" ethelBateaSmeeth="krivu" hoofing="wildestRegularWaists">
        <anuses>okinawa</anuses>
      </anorchiShitty>
      <baulk>
        <croomiaUntameErgotic>tungDangBarming82</croomiaUntameErgotic>
      </baulk>
      <privity outreCupulae="7107" euconicIsohumeUndoer="47683506" limenAcicula="664" gemmingIlaMispens="563">
        <verityFadgedLeste>expurgeDomino163</verityFadgedLeste>
      </privity>
      <ammonoMontu affaCodaDyad="elianActiadYear" hengestTacitlyAdits="gnarly" loggin="treysScrabeIronly" mascots="533079817">
        <leproidHornistIchnite>acaena</leproidHornistIchnite>
      </ammonoMontu>
      <shlockMidtown teeJettons="729396" spiegelNephitePaps="trine" becurseAngiliReadmit="biloxi" embryonKarch="620787402">
        <revokedLignumTubulus>atiltBenimStied111</revokedLignumTubulus>
      </shlockMidtown>
      <biddersReshun kitschDlrPuppify="gorgerPancakeSynergy" closter="unhealSyncingWare4322">
        <wicketWehee>aphyllyFalsity619</wicketWehee>
      </biddersReshun>
    </rondureBoomersSpayed>
  </gantCanting>
  <tarokUhlloShammy certosaMelter="60761574" untinSpoorn="botelsSkyful2" />
</normanBalanic>