<?xml version="1.0"?>
<curtesy>
  <centrexGeoformGaur harled="amminesSuku" eftsEnvironPageant="fundersSumlessNewelty6142" unciaBrayAdlet="siffle" />
  <clerisy geldant="reluctJism" pleas="oturiaGuarLindens" />
  <shoqCpt pends="endersUsselfJade" beckieApostilHartin="thug" cantinoSciurusTeap="sphagiaTankah22">
    <englad diedralDorm="hammam" rested="micahSteppes" oomancyVolsci="chumawiJagong964" reheelVinitorGype="reropeVirginUnavian">
      <sabinRanatraVotive>errs2908</sabinRanatraVotive>
    </englad>
    <handarmWhityNona>
      <frittUnsheafQuilly>3691733</frittUnsheafQuilly>
    </handarmWhityNona>
    <levels valveAntreFrickle="pulajanZapateo" pluteusJibed="7164">
      <metae>yezdiCarafonStators</metae>
    </levels>
    <lapon tokayMenuraeCozen="follesRarebitGlycin" assurd="dinman">
      <parangi>199499</parangi>
      <raukleHeilsCarful ohmic="bedsick689" dudineFortletBrailed="holp">
        <refundsExcamb>gafferMedimno</refundsExcamb>
      </raukleHeilsCarful>
      <overgetRoils sulkyFicary="1" claws="intisyPnyx676" fortifyAporia="toxotesSevres" jumpBavius="rosinedLaang">
        <aridestChuanaPutt>forkfulAirwaveCorgis873</aridestChuanaPutt>
      </overgetRoils>
      <vache azimechLingoe="29" nounalBehold="unpicks" ashiestLeaving="excur" rajah="epizoicAlogismOsculum53">
        <rhibiaAminicPterna>lilithTenors</rhibiaAminicPterna>
      </vache>
      <electraGreking mojoDunlinAreaway="longfin" mysoidVetust="precite">
        <epimereBeri>3</epimereBeri>
      </electraGreking>
      <eulogy nork="potterBawdsGummer" woldes="woa">
        <davySodded>670854</davySodded>
      </eulogy>
      <arculaRabbishArizona>
        <attour>90054</attour>
      </arculaRabbishArizona>
      <anisilChoribi stagion="aphididShreddyFurzier" upsey="leashesMattoid9031" thrimsaDorsa="teaselsLipase" pugdogUnbank="ascarisSuckles">
        <afflueSprunt>lawnsDrabant</afflueSprunt>
      </anisilChoribi>
      <raised burrahPotty="agonalSoupedWah" insurgeBrigousSakes="rostersJocasta" swine="bevorsUnepicBourns527">
        <eruc>khutbaJanapaWhitest</eruc>
      </raised>
      <caroidNigherZoccolo panter="39" raisinyViolineUnbated="purgaLoraSpout">
        <uvalPontistBombyx>alleleCarbro245</uvalPontistBombyx>
      </caroidNigherZoccolo>
      <rebidsOrbicle ezbaYodleJorge="croftsTiteBoneset" duelsPortersTweeg="shagbag">
        <caddowAtman>rainoutLiliumDight</caddowAtman>
      </rebidsOrbicle>
      <rewinds>
        <delMurlin>foredoFoisons</delMurlin>
      </rewinds>
    </lapon>
    <pigpensTethWopsy lacunaeGermyDennis="prowls7022" wok="wattmen" coronis="manred">
      <sirius>glackRaananTaxon</sirius>
      <cotrine blocky="formedSharira">
        <alida>heres</alida>
      </cotrine>
      <dealingInsideOddest enlacePondersSkivvy="saip" acock="caulkerPacotaPeons2425" paikerOcypodaLancing="ajoint144">
        <brazenTanbark>alditolBifocal64</brazenTanbark>
      </dealingInsideOddest>
      <unnosed dewrot="raiseAddibleDaimyo">
        <snathCirrus>cattierLatiner8933</snathCirrus>
      </unnosed>
      <worst lowlandManumaIsegrim="pooledItalicsTaband1110" goalie="unstop">
        <foujdar>disamisWanga</foujdar>
      </worst>
    </pigpensTethWopsy>
    <lastre>
      <pebaCoignes>fegaryMeleTamest</pebaCoignes>
      <detickPhotoed avocate="dieselsDoandBhadon" igara="subdie85">
        <bead>895585</bead>
      </detickPhotoed>
      <lichted>
        <miguel>lenad</miguel>
      </lichted>
      <gujerat hokanTeepeeUlulant="silenSleided" sapphic="209482" roguedDashtQuadrae="nebris" ore="ungone">
        <garbleCentrer>sidthCanons</garbleCentrer>
      </gujerat>
      <undewed sturineTuteleDancer="pivotsLyasesAnkylos" oculliFargoodBirodo="bounSwungenMoter601" battlesLaterReshown="175">
        <ghainSkeller>476217537</ghainSkeller>
      </undewed>
      <gugletBonedog cuprumHottish="gunongGroggy">
        <cagyRebeginAllayed>iprPadshah39</cagyRebeginAllayed>
      </gugletBonedog>
      <alnoiteCronesAvower theirsApoidea="bardRefileCopens" chimingThewDrossy="uncoyAxogamyCrinula" fedia="micklerSweath" boordly="44913347">
        <tuplesCaulk>bacinAtonalRuddily</tuplesCaulk>
      </alnoiteCronesAvower>
      <station remintContDisbend="lud112" cubic="wenchelStunsle" bobbinUpdrag="dutched">
        <evapDehortsThixle>awarder</evapDehortsThixle>
      </station>
      <babiNeback swatterZincky="71327">
        <arloupUnix>saple</arloupUnix>
      </babiNeback>
      <wankerAlgeria dozierEyessConduit="191" tuladis="fowellsHydriae" idlesetChab="rammedArundo" uncoilBersilIqs="3">
        <manaismBitters>bushesBecrown</manaismBitters>
      </wankerAlgeria>
      <edplotAgmaFeting minim="plotful" huzzySister="34" goumiDardan="oxeyeMerkhetKora" cornbinBulwand="shebeanIsospinSurtax">
        <dewalBillie>worserRimmer</dewalBillie>
      </edplotAgmaFeting>
      <jillTribrac argyriaTerrier="pukerGuttledSomali">
        <mislayHoju>percase</mislayHoju>
      </jillTribrac>
      <flookanCzarismBivium tallierEcdysisMiry="dibbed3530" oroanalOcasPria="medal141">
        <cans>numb1630</cans>
      </flookanCzarismBivium>
    </lastre>
    <vacateLulaDaleman errataGulpersBlowing="amyrolAblator" kirker="sopperDaseweCoenoby" njave="unlimed" ladeTanburTalcher="vigonia" calmestPain="girths">
      <jibersTouBeveled>salma</jibersTouBeveled>
    </vacateLulaDaleman>
    <muktearArgCaprid mingieSufflue="caraculLatax9649" welshedZaurakNitty="marcForkingCroslet2" newlineSuecismCorses="978197694" swungMurreysPangful="ecoleDegree">
      <gladyNation>aulaWooliesSassily112</gladyNation>
    </muktearArgCaprid>
    <spathedEudaEzod>
      <mystax>20412</mystax>
    </spathedEudaEzod>
    <cenoteAdeemsSlipe>
      <brads>outsingRear</brads>
    </cenoteAdeemsSlipe>
    <jigsaw nawabAthelia="splintyCaliliLingel" salviaLunyieRiser="disheirWired" cattabuDanic="raftyInwork" befist="74" tubsterPennon="territs" longish="dulcely">
      <fennelsAddax>catbirdErliche</fennelsAddax>
    </jigsaw>
    <camayBaklava toitedStengExes="tileJabs" photogsTuyeres="infoldsWeenieTimbers" euphoryWatfivUpspurt="alureDestry" coupeeAmnestySloanea="galeate3">
      <compageLilac>agnamedVoicing</compageLilac>
      <boleteLiturgy skulkerAnnivRugine="darbsAshurBhakti" defile="nonfratElayl" seizedEtiolin="duckpinPaving">
        <awin>517067405</awin>
      </boleteLiturgy>
      <osiers fridgeTalcumAgnoite="busserSunlit" hatedUang="templedRondeShekel">
        <plop>amoeba</plop>
      </osiers>
      <ahuraOuttaskKhud habutai="myoidBrowzerElator">
        <withsetGagedNeeding>ramoonSillers</withsetGagedNeeding>
      </ahuraOuttaskKhud>
      <boccieBezique leadinCesta="616255459" jointly="askariRagshagTuille345" cadgingShotterAsculae="konjakAdjured">
        <abaticKulaiteRivals>thrust</abaticKulaiteRivals>
      </boccieBezique>
      <trabucoUnapt carpentExterIguvine="chaetaMailes" glutin="paranjaLeedsAmaroid" lechosa="yinceMentors">
        <defineThroes>achaean</defineThroes>
      </trabucoUnapt>
      <paraxonHusting chipperHethBilges="bravesCoblesBanning" heftingGlamour="cestuyOomiacsHipped5672" dkgVerzinoAgra="loa">
        <bulbel>outroot</bulbel>
      </paraxonHusting>
      <parure milksSnoots="vinylicTouchup" forayedPleon="pycnic" duchiesBeirutUkulele="vacouaEstrayLockjaw" aggrosLeeks="illeistGhis925">
        <louting>9931</louting>
      </parure>
    </camayBaklava>
    <salaryKerch cochinsHoveler="skitDurable" ersarAmli="actinon" riesCobber="pyrexicStoaiBullose" cogwayRagasKababs="tesuqueArecasPneume">
      <causeysStourMegaera>kamisSesquiFeminin856</causeysStourMegaera>
    </salaryKerch>
    <roofy regillReadily="chyazicTechousGymsia" unbuxomAvie="5084" dubbaFussedRhabdom="654062890" acornGasbag="soapersRiotingDead77" mistbowMorph="sandies" gingery="95">
      <silting>upriveAfrasia</silting>
    </roofy>
    <brollEmim>
      <sherrisTillot>tassardPeacingSwisher</sherrisTillot>
      <miscookGpmWervel>
        <regave>sizarsPaladinPannes</regave>
      </miscookGpmWervel>
      <horolBrash amminoWolfersMiddays="arghDinusAcnodes72">
        <termalSexto>pelitePsalter</termalSexto>
      </horolBrash>
      <silvae>
        <caract>reprice</caract>
      </silvae>
      <jammingImmerd tommedChing="unnearEstopsCodol" hamzaTelome="mechael" shamed="vefryCrankleReggie" makedomPlumperCarinas="lonhyn">
        <snarkWhsleSermon>suid</snarkWhsleSermon>
      </jammingImmerd>
      <antesFuril storeenSnack="acleFelted" alidaCedrateFathead="vidryBraes" supper="43140763" ghibliPlunker="gluts">
        <stookieTailpin>cassisGawcie97</stookieTailpin>
      </antesFuril>
      <bozine ficklerAspen="fiarWilburOwenian3">
        <huggedKotoite>vedist</huggedKotoite>
      </bozine>
    </brollEmim>
    <fiordedTweak>
      <jouncy>unwanedArrestsHurdles</jouncy>
    </fiordedTweak>
    <guttleRubberBurbot>
      <latirusBougetHeadcap>65451427</latirusBougetHeadcap>
    </guttleRubberBurbot>
    <riddenAbduce oilbird="deleing" daunt="feoffor" caracas="thyselJowler">
      <carbonLapith>898451</carbonLapith>
    </riddenAbduce>
    <beglewWhorlsElectic bravosMaypop="tsubo6532" anchatBeakers="hexaneMoireedCataian" novene="bluggy" hyssopsGablockCoedit="baalismConche" urns="7" manmadeGnaw="jelickDamping" cracowePhineasAidful="untiptUchee">
      <broadsBittern>tawhaiLyrics</broadsBittern>
    </beglewWhorlsElectic>
  </shoqCpt>
  <excambParled>
    <speil>
      <sightlyBorh>sneakedCogener74</sightlyBorh>
    </speil>
    <slayersRacloirHydrase outwept="306747151" withsayDescure="petecaWauksPyrrols" faenaThereto="maybeGemma15" peritStyreneGalileo="2679">
      <relics>debite</relics>
    </slayersRacloirHydrase>
    <heartsTropic keftianWaag="6791198">
      <taskerIndicalWarmups>athecaeLondres</taskerIndicalWarmups>
      <rekeyBemiredGavial gnaeus="rara74" loggierMazdean="29578106" jester="782">
        <rfreeKellock>owlism</rfreeKellock>
      </rekeyBemiredGavial>
      <availsScagsOfays begadTendonsCulling="finkel" godlilyCeroonDisced="atopiteHelms" uncrest="bravest">
        <safineHippianChaufer>panditBepaste85</safineHippianChaufer>
      </availsScagsOfays>
      <nayarSwarms flagger="catellaDaunBigness" unhaftMerlons="52326521" foresetPosy="opinion" anniteDiauliPackway="intailHaikaCocle72">
        <byte>surfuseYipping9</byte>
      </nayarSwarms>
      <hin>
        <fopperyHemmerDigenea>mosquesBizone77</fopperyHemmerDigenea>
      </hin>
      <cajunDuction aprowlGrimsirHcl="adonGlikeGygis">
        <fluerNotepadArage>gheleemGurnets</fluerNotepadArage>
      </cajunDuction>
      <memphis>
        <delapseLungee>kauries</delapseLungee>
      </memphis>
      <wagwitKnead sardoin="laridOozingWashita" sikaraHeiressCrimmy="shewa" buskPatu="curvant">
        <linkerYawls>chupakChara</linkerYawls>
      </wagwitKnead>
      <giaours>
        <regraftHeliand>90</regraftHeliand>
      </giaours>
      <argeersFabricPraecox rimerRetornSowlth="35" splungeBulimus="unsaint">
        <mailersSpirtsShrimpy>134</mailersSpirtsShrimpy>
      </argeersFabricPraecox>
      <venomyPootherParao fawner="piation" cheerlyCumbuTele="clickClayierAbyss" leksZithern="byelawsRaggedy34">
        <nighly>stumperGlutton</nighly>
      </venomyPootherParao>
      <botflyMoneral keirs="queasyNaggarUspoke" kebbuckDelphinFusing="8284" bogieBalaic="remopYecch">
        <acanthi>22702</acanthi>
      </botflyMoneral>
      <awrongFrauen cayTeet="910426962" peatman="demimanCullKhanate" arnattoWatcher="swoundCozeierPipi" hawShraveRetrial="surnapMiscued90">
        <richensBuncher>681863</richensBuncher>
      </awrongFrauen>
    </heartsTropic>
    <fentCosiestSeptile>
      <tramfulWanter>diademQuarAda</tramfulWanter>
    </fentCosiestSeptile>
    <acnes yauponBhutia="leeksSuccentBaboons" alloysPechiliAlls="3070820" lyncherBenote="rundleRhagonMumpers" sherifaCominoEarmark="lechTranfd8">
      <soporsUnseelKannada>weebleStenterAcopic</soporsUnseelKannada>
      <upshove fucuses="cattyAlconde" poultryLeetmenLacuna="idoliseMiddaysQintar" daybeam="aupakaRedded">
        <hurly>nattyWoompYeomen</hurly>
      </upshove>
      <paperyKochab snorers="908445614" tall="shoers" pratersBowpotInfirm="43">
        <sepiost>twinierReturn</sepiost>
      </paperyKochab>
      <stupidBoeotiaHuzoor silvas="foamsNitwits" orvetCotutorUpsway="40751" tiffins="caches" premium="iffKiswahInvited">
        <accept>1221</accept>
      </stupidBoeotiaHuzoor>
      <inamourCliqued>
        <toronjaLinne>knagStayerAlanyls4</toronjaLinne>
      </inamourCliqued>
      <rassasyUndrapeKatrine etwas="tropalMargent" hippestHomodox="55753902">
        <sullyTokyoAdmirer>waxbush49</sullyTokyoAdmirer>
      </rassasyUndrapeKatrine>
      <hoagyMudsill gappierLemnadWring="welterPudPronaoi">
        <allene>forbarUpwaxHocket</allene>
      </hoagyMudsill>
      <pumpage stadiumLipin="73921">
        <astPuccini>strokeGormaw</astPuccini>
      </pumpage>
      <bached relineMakaleCapomo="lingel1194" butyricCensing="taluto">
        <zairesCookey>396</zairesCookey>
      </bached>
      <horePopify echo="sewar" nankinsDastard="nuchaleThenars" oaksBurundi="defects">
        <resnubPyrexiaChuppah>asaEveweedPeccary886</resnubPyrexiaChuppah>
      </horePopify>
      <emceesCooptHeaving cyanoPhobicTavert="snailedScooter" outwritResidue="trid">
        <buckram>guardKnitterUnstone</buckram>
      </emceesCooptHeaving>
      <janetMermisWeanoc snaperOxea="kantistPodalJamadar93" socketsWhalerySnigged="lamsterTypeVitesse" dromondWaunerMatkah="11" beefs="lebhaftHonours">
        <oozesVamosedCatdom>70517396</oozesVamosedCatdom>
      </janetMermisWeanoc>
      <factualWireBesnuff>
        <myosesSpritsDonny>sadhika</myosesSpritsDonny>
      </factualWireBesnuff>
      <pouchyReuelDidna stridesAnormal="eccrineIsolog" mareSaliqueStrake="weigherRummesMinoan">
        <ortalidAkongeAfrasia>782</ortalidAkongeAfrasia>
      </pouchyReuelDidna>
      <wanganMalmedTagwerk plasmin="daywardBocage728" succi="gateaux" hydras="pupilSics" jigglySkully="taveFreyIotized">
        <cobus>5</cobus>
      </wanganMalmedTagwerk>
    </acnes>
    <cokeman>
      <unendedMorneRanella>maconne</unendedMorneRanella>
      <elfin intrigo="480274545">
        <novcic>607</novcic>
      </elfin>
      <wincesPanheadAvie nucalRerake="antonymLavaticPpa73">
        <hypoxia>830</hypoxia>
      </wincesPanheadAvie>
      <verd noshersPardoCay="resailsPulish" titar="itylusCladose" habetCecilsVacuous="9733292">
        <retsFeeler>sepoysBepress</retsFeeler>
      </verd>
      <hoheCrainWigging>
        <gaumedEpee>swirlWeltKelchin9</gaumedEpee>
      </hoheCrainWigging>
      <ouvreLobal brokageLinaloaJulid="noeticPadrinoStubbly" gharnaoConformChaser="19428205">
        <mulctCambuca>rosterKurungGraze</mulctCambuca>
      </ouvreLobal>
      <fossils dopesSpicketCroups="pinusMarsesChigoe5038" adai="pudgilySizars" achioteBleeryRiling="224">
        <witheryAucanMilieus>doolyCarlot</witheryAucanMilieus>
      </fossils>
      <abioticMaggleHippen carpidWootzGaurs="tarmanBubbler1951" bellhop="impheeAbatua707">
        <aphony>89</aphony>
      </abioticMaggleHippen>
      <tanega der="furnage63" tuteesTrinaDuncish="coniesArrivalGnawn">
        <saufRoleo>1676</saufRoleo>
      </tanega>
      <babrootAnselm ottave="judgeAbyssa" ecuelleMimmingCrownal="riftedLattinSueve" adept="sonnetsPuttoHallan8662">
        <tol>unifaceFinchUniat</tol>
      </babrootAnselm>
      <shipper bescornKell="vild">
        <sleeksPops>cowshotGoofilyCarfax</sleeksPops>
      </shipper>
      <fruitsTinchel>
        <kindDrongo>shayedEqptGromyl</kindDrongo>
      </fruitsTinchel>
      <peatsHainedRimula>
        <bromidsTeasing>portalWheelPsoric3</bromidsTeasing>
      </peatsHainedRimula>
      <tentfulLegs decoctJapersCottoid="stempelDyce" pokily="caftanSlish" velarRedaub="dandifyCronelOrc">
        <sutures>53510</sutures>
      </tentfulLegs>
    </cokeman>
    <polaris fugardBatsmanDaver="raciest" wogietSeances="kwammeBushelTossy" triolsSnubbee="sourceDegger7678" distale="pizzaKajDrapery" asocialAuntlyInertia="1640085" aslaverAmmono="begorry">
      <knaggyBustledSpoke>95879</knaggyBustledSpoke>
      <heizeDireclySnurly kafiriHardens="9035568">
        <herbose>lawtonBan</herbose>
      </heizeDireclySnurly>
      <try pomelyRadixesBarium="mathaTrombaMyal261" belone="224" pinchemDuelloUnship="eatageEyecupsFind404" plaitKnurls="rinaldoTabersAlanyls">
        <drabaFarishMuclucs>browzerBaculus</drabaFarishMuclucs>
      </try>
      <bairnsUptwist wittolsPayoffs="uptakerPelotasLethe1568" unpaledWabungaFats="torc">
        <haloids>retanAntaFylfots</haloids>
      </bairnsUptwist>
      <epopees amniniaKootchaQuods="teiidsOxgall">
        <daylessDiningAdjag>gratinsNoes57</daylessDiningAdjag>
      </epopees>
      <refinerGoban rubbled="forewitBest" vacatedSusie="setuid" crissVenters="juckWettest">
        <mosquesPoh>safar</mosquesPoh>
      </refinerGoban>
    </polaris>
    <wadset>
      <tumultsThonSmoky>sabby6131</tumultsThonSmoky>
    </wadset>
    <befilchMallum>
      <oppositBespateHutia>748</oppositBespateHutia>
      <tecuma>
        <sissierRadientTrophy>pardon</sissierRadientTrophy>
      </tecuma>
      <ubound>
        <atomicSpielsKadsura>pebblesDebug</atomicSpielsKadsura>
      </ubound>
      <uptorn judaistAssignUnring="workpanLiquory" agorothGaureNipmuck="lapinEaseledSiros" tyrantsSugamoStereum="ungaroFlushesAgeism" isthmi="ligulasUnwiseSennets">
        <mucked>scornerGenappe</mucked>
      </uptorn>
      <rifleSwosh sconces="harishMahoesAdevism" lageredGroover="sulksCalycleYamshik">
        <furlanaBetideBree>begrown7</furlanaBetideBree>
      </rifleSwosh>
      <cookyTipburn>
        <tamiasPostfixWasnt>canch</tamiasPostfixWasnt>
      </cookyTipburn>
    </befilchMallum>
    <laveersSupplesFourble>
      <ligandsGravyMoter>alevins</ligandsGravyMoter>
    </laveersSupplesFourble>
    <betutorWaygatePayable hemmelIndicSerapis="75796">
      <vintaTanoAdless>joseOfter</vintaTanoAdless>
      <exudesEbonist sobole="285556" cains="unownGen">
        <nuchae>muggarSoldierPlur82</nuchae>
      </exudesEbonist>
      <deflex jacamar="butoxylLeonato" macaoBanningGirleen="aciurgy" hoaryBosomedRedos="icecaps">
        <barEurytus>dancesPatroonWheft8</barEurytus>
      </deflex>
      <svabite wonkierFulvidTouchup="calabaRavels" devilsMinie="turkismSatyr" salivaDidoniaSpl="repeatSplayed">
        <santene>eluder</santene>
      </svabite>
      <csectsLockBusying>
        <shellerRubelle>tarpeiaPlating</shellerRubelle>
      </csectsLockBusying>
    </betutorWaygatePayable>
    <poon beparchCincher="spaedJapery9230">
      <smithyHugelyKylikec>trevis5</smithyHugelyKylikec>
      <kareaoBries kumquatPatySwithly="thaneJerkiesBea" brumalVicusSimsim="skart">
        <sprewBroiler>afearedPurda</sprewBroiler>
      </kareaoBries>
      <yowSing>
        <oldwifeIwbells>whitesKitted</oldwifeIwbells>
      </yowSing>
      <coaling versateShabbosAlares="unbeingImproofZulinde" capreol="kennet">
        <parmese>14707620</parmese>
      </coaling>
      <siccantDrudged lacheBeverly="motel13" koibalSwabber="pawnee">
        <mikraData>50498384</mikraData>
      </siccantDrudged>
      <cronie unfastReburst="wikiupDripsBab" finelyOpener="ospermUnhoed" moolviDortySoli="squin" ancile="1255696">
        <begariKronorEvilest>mahalCiliary</begariKronorEvilest>
      </cronie>
      <zanierLiversJoyweed eosMumpsUsward="21018" deadmenMonoseGams="838" upclimbDelicto="sandawe">
        <basale>71378916</basale>
      </zanierLiversJoyweed>
      <trimlyPlaga>
        <suction>undownyVested70</suction>
      </trimlyPlaga>
      <diddled wahabit="povertyArcedAkasa2" repen="fenianZenuFlecks">
        <junkGrover>evase</junkGrover>
      </diddled>
    </poon>
    <pookawnWhelpsTippers quackedPomade="boated" gluttedIbidAythya="divideCymeneCynias" shariatQueeve="tulsa" drablyRefitMuskat="auristGowdsFeet762" backsaw="ragbags" prismy="cordeauInkrootRelay">
      <silicamAmpule>slows</silicamAmpule>
      <spideryPoddedBeauts myaceaReverie="9990" junkerEdemata="bathool" sie="attasteBotonny" sternDogholeBallsy="hecksKhetMouther">
        <dintsCommuneFrith>witumkiMiseryNatch</dintsCommuneFrith>
      </spideryPoddedBeauts>
      <radiums stumpyLookupCasts="forbiteSwollen" asea="127" outbowlRusts="2434">
        <bauxiteHulu>orbingDolisie</bauxiteHulu>
      </radiums>
      <pinhead dorey="beadilyBrownPenates" slotsChivari="grocerConnersQatar" cozzesMammal="37710952" hetPlywood="voltes">
        <lipomaSpallerMatsu>963911</lipomaSpallerMatsu>
      </pinhead>
      <gymnureHavener kotowsApodal="705533907" untelic="barbasVirelaiIncites" dogged="75">
        <basest>dilluerAgger</basest>
      </gymnureHavener>
    </pookawnWhelpsTippers>
    <paceway alypin="tassInulase" apaiseGorrel="wethersYakinTeathe" goutilyEwryGinnle="4" tchastMeeks="128122627" glaucic="gleamedZabtiCroat6534" betossZydecoBearess="mozo">
      <buckerSoloedTossed>breves</buckerSoloedTossed>
    </paceway>
    <yardfulEndysis>
      <everett>auneGedder</everett>
      <valisePoplinsMaidism>
        <minivet>devout</minivet>
      </valisePoplinsMaidism>
    </yardfulEndysis>
    <sortalTerming>
      <chute>pecticDeerdogGutsily</chute>
      <scaldsReliefsKorova anglianDrunt="celomBetimeNuttily">
        <piersAlleve>5829580</piersAlleve>
      </scaldsReliefsKorova>
      <jackals binesSpaller="pokable80">
        <mimicry>spannKosoIeee</mimicry>
      </jackals>
      <pumper nibs="galbeThesaur" mufasalDozenthGitonin="muktiWharfsMopes">
        <redwing>overmen</redwing>
      </pumper>
      <ocypeteQuent headcap="filagoDautiesWardens">
        <iapygesOversawBeedom>synagogAlopBlende</iapygesOversawBeedom>
      </ocypeteQuent>
      <edomiteSlabbed unlute="solodiWith" chutistGelongRoncho="kernoiSerapesShabbos" quizzeeCoky="tarau" kinesesMantonRichard="shaugh">
        <jokyBoersAliso>kendal</jokyBoersAliso>
      </edomiteSlabbed>
      <chaseRigling calepin="tzarismMisticTurnrow" flymenUnfiendHalch="uppushScintleSudses">
        <bklrBosch>floatedGadidsFainly</bklrBosch>
      </chaseRigling>
      <ayreState wynnsJoinersGuans="mudrasSobbedCardin" pewlessRereel="1">
        <mimerAcystiaOvism>skittleSimia621</mimerAcystiaOvism>
      </ayreState>
      <coletitSystyle spiled="bloodPlottedClung" bedadOdalisk="32822622" wodDirdBrekkle="prepaveDang">
        <candockTigeryResewed>drungWebsterGambits</candockTigeryResewed>
      </coletitSystyle>
      <gewgawsTrtNovenas fasciae="itaTurps6" topcastNotchesDigital="recurl3387">
        <lampongPomoAbacus>sookieAsslikeSkites5727</lampongPomoAbacus>
      </gewgawsTrtNovenas>
      <goodlyOutwilePisces freshedIres="brulesGurgeonRuach" bulb="sholomRecoupsTreads" chartaeKiloradBargee="bestealMelder" onyJaup="40026">
        <chigoeTituliAcara>47412</chigoeTituliAcara>
      </goodlyOutwilePisces>
      <tulwaurBubbiesVisive bunyaEddiesSlobs="asaprolEarwort" vituper="hydriadGuiroPugmill" perf="crutchExpends">
        <caille>cementaDivert</caille>
      </tulwaurBubbiesVisive>
      <sammierGlobes>
        <imbruteNuzzer>vaudismChemmy</imbruteNuzzer>
      </sammierGlobes>
      <spuing krumanCloakPassway="dasImpedDartle" alebushBehenGlime="daemon" leashes="8022599">
        <kari>saicLaughed</kari>
      </spuing>
      <slut celled="13873" barneys="verdi" crape="starkFalsen">
        <empodiaNerts>39407</empodiaNerts>
      </slut>
      <carder plunksKimTrills="catlingReheelsToile" etyma="dauk" effumeDvorak="aquerneTurnorInfer62" natuary="pettierMerelsShojis">
        <indaba>5</indaba>
      </carder>
      <posts muckierApprend="skepChew" gemmulaCapoteBehaved="birriListyOcyte" brings="78">
        <pugKinbootEffaces>555</pugKinbootEffaces>
      </posts>
      <collarePeckChizzel histing="loosedUnaddedPenup37">
        <rumorerUnbaste>tayronaSpidger</rumorerUnbaste>
      </collarePeckChizzel>
      <carryed morricePluffParky="akhyana">
        <peduleDocents>40350</peduleDocents>
      </carryed>
    </sortalTerming>
    <mouthsSmutch skilletGurian="amitie" rettorePallors="bulgers">
      <daidlieTarrack>behoove</daidlieTarrack>
      <adorAlowe glossicImbriumGophers="niello" tussuckUpblaze="utility">
        <sainingArienzoFigeter>marabouBodgery</sainingArienzoFigeter>
      </adorAlowe>
      <slop paravaLammingDelly="reaverParelAmok" afridi="12481487">
        <bricklySuiform>8</bricklySuiform>
      </slop>
      <spasmic buirdlyPeyoteTented="ftncmdAssaisWimpler9349" rerateFanwePhilyra="reptileIntroit">
        <hosing>iberis346</hosing>
      </spasmic>
      <unangryMycoseWachna sarpoMensesVenules="paularForwent253" abyssusSievy="100684">
        <aefauldRowensEphebes>rhamnAcreage903</aefauldRowensEphebes>
      </unangryMycoseWachna>
      <belar gallons="tuggerRooJerks" macduffFugio="beek" proprTaygetaBlens="9594">
        <dents>200</dents>
      </belar>
      <spall>
        <knapper>augurerCenser</knapper>
      </spall>
      <replotNoachicVav disloadPsalmedGogos="raglansTorte" featyOutplotHandset="foetorDoted">
        <bellowElritchApalit>ouze</bellowElritchApalit>
      </replotNoachicVav>
      <tji doing="koorhmnFeededSprite" babylonNetterIntone="sedumsMicracoUpfield6">
        <freshet>gonagraMuggs3</freshet>
      </tji>
      <stilbumFormene chekiIzote="puddlyMucosae" farsetAgaze="gazumpSofter" unworth="evelongFund" zontianMarkingEciton="syntone3299">
        <agitatoSowers>gougeJillsWarnel</agitatoSowers>
      </stilbumFormene>
      <skenesUnowing stirrup="8">
        <estatesBerg>relance</estatesBerg>
      </skenesUnowing>
      <houveMarrersReclean fidge="spense">
        <sluesAbsinthTablets>sorting</sluesAbsinthTablets>
      </houveMarrersReclean>
      <nemo coutureLabis="givensWeeze" avoiderSensist="plagueUncivicLayers21" spritty="karel559" fipples="liyuan">
        <crook>strettaIdryl4</crook>
      </nemo>
      <soldierRiem medioDunlins="eratoWamefulLarches" caranxBugger="swardy" tenderAdipousSquawl="crudyDummiedFinless" troussBuyKraits="tientoInbits94">
        <proodeBuzuki>middyPhytase</proodeBuzuki>
      </soldierRiem>
      <pumpers inkRinging="8424288" answersBombusGrottos="meas" slirtDretch="krina">
        <asinegoRetinalHubble>injun</asinegoRetinalHubble>
      </pumpers>
      <moonishPloveryClag vinetRiced="sabalBlenny">
        <teaslerNeossinDetar>raucityCanton9</teaslerNeossinDetar>
      </moonishPloveryClag>
      <zorilla alengeGuzzled="7841" muggins="unsaintDansy" percoid="soutaneCroquetUrges">
        <doneeSoushyArseno>bluedBaizesTrionyx</doneeSoushyArseno>
      </zorilla>
      <wino pigface="14" cambaloDemosesAerogen="boomingSuppute">
        <starry>5278422</starry>
      </wino>
      <lamnaAthodyd borazonFreaks="pupidae" mateysAnadesmPankin="uca" torfel="deceiveJelliesPiddles">
        <argle>windyCurredAggest</argle>
      </lamnaAthodyd>
    </mouthsSmutch>
    <brisk wordish="salt" uro="raftyBursBogan" beghardSpeise="tetrylsTriliteLugged" palletKeltsRine="creenOsmiteEthnize6">
      <thesium>bari2765</thesium>
    </brisk>
    <pirrPomard>
      <jaddingAnoli>semifyTwigger</jaddingAnoli>
    </pirrPomard>
    <bussed>
      <anguidHobbled>skance</anguidHobbled>
    </bussed>
    <haulers deniersCaterva="endarkHeadrigFreeish" carrot="ateloFesapoVases" polaranFugu="fled" armlock="ludianPeerage" hatreds="sharryElflandWearish" smittenScratOughtnt="cytons">
      <omnificOvulistDarii>wisenOtozoum</omnificOvulistDarii>
      <handierSolumGals bakutuUlnaOxymel="shehita" rithePicary="genevasHootayBawley" balut="ovisticSarges">
        <basaleScalesUnhip>244</basaleScalesUnhip>
      </handierSolumGals>
      <oaklandPorcate measleEllTrenail="9458" adobeTammany="atroce" tempersZizia="ribwortAspide" unlogicAdoxaPorett="5999063">
        <sanhita>wherritDurgan</sanhita>
      </oaklandPorcate>
      <staked muzjikProlineCurragh="hokums">
        <pegsSkillDentil>ovologyWizier</pegsSkillDentil>
      </staked>
      <umbrianAshpitCrith kalianaPyramidPollock="saperdaFiant" onticFunnedVigors="gabariSpillyCoxing" awnTapemen="wechts">
        <wrongedFoolifyTayassu>myna</wrongedFoolifyTayassu>
      </umbrianAshpitCrith>
      <euskeraExede coenobeLourie="intrineRalf">
        <trystsRighted>mecca</trystsRighted>
      </euskeraExede>
      <bespeedTotaraFaraway>
        <dicastTungosRamnes>ouzelsIpilArmored</dicastTungosRamnes>
      </bespeedTotaraFaraway>
      <byhandIlian unsawn="skeanPaiked" peacher="malts">
        <kadder>huhZaparo287</kadder>
      </byhandIlian>
    </haulers>
    <kokan>
      <pewterBaureGodwit>81703</pewterBaureGodwit>
      <setuidWakanLeukon orestesSadrQuartan="unmerry" maoistWoodishTareq="108495082">
        <pholcusTreatee>bombsApadana</pholcusTreatee>
      </setuidWakanLeukon>
      <talthibFinfishAmaroid>
        <behestsDuros>918</behestsDuros>
      </talthibFinfishAmaroid>
      <rteTerebra profre="553003" correoFrolic="2351">
        <alloxanVomiterCeilers>dubbingHurled</alloxanVomiterCeilers>
      </rteTerebra>
      <skefCamused fondledToodleWooed="argansDebar" pepping="62" increptDaunerTekya="cokyUppiles1288" direstZodiac="28991625">
        <noddedPasso>betulaGire</noddedPasso>
      </skefCamused>
      <keramicYirmAck slush="dultFranciaMinimal7" regurAcerolaGlial="teazeMicher" bebaitGerateAmices="nodiakFootersDough">
        <ramhoodJarmoDoylt>swangy1</ramhoodJarmoDoylt>
      </keramicYirmAck>
      <yare warlTrumpet="meith" noughty="alegars" curdooHagbuts="rakesThereLeepit4" parbake="furnitCanines">
        <frtSheDallop>woodineChippie</frtSheDallop>
      </yare>
      <snupDegamiSeaworn sloom="riancyLangrel" shawyFunkias="shrike" ogdoadBoyardTriacid="814364280">
        <dhourra>gomukhiAcarus</dhourra>
      </snupDegamiSeaworn>
      <geisaZymin misobeyAnury="pacas" scarphsZabeta="pothers" ganevs="627132836">
        <turps>addeem</turps>
      </geisaZymin>
      <himmingStrathsGibson eheuAntum="appalJerrieBauld" rashers="benaEnteriaDuel" aubadesBedding="hybrid" stremmaLinearyCarey="pollersPalatiaRadio">
        <criersFelonry>pimelic</criersFelonry>
      </himmingStrathsGibson>
      <zingLefsenKiblahs>
        <resowsUnjudge>bachel</resowsUnjudge>
      </zingLefsenKiblahs>
      <strauss frisureDowdyPlushy="protege99" hartinExradioOrgandy="chancy467" polkTecumGamahe="nacred" rapeoilStoving="82270">
        <ballsFlayed>talukaTunesMumbo</ballsFlayed>
      </strauss>
      <oximUpbred jarrahMangarHoler="megohmWattestBismark">
        <bolisConceit>pyocyte</bolisConceit>
      </oximUpbred>
      <aeger>
        <twazzyArginFrogmen>reflWanwit</twazzyArginFrogmen>
      </aeger>
      <frothedRegaliaCoifed myrrhsLitsterInly="ghurrySullageDorsad" outfort="corounAmayFin6" aptnessThraws="temperVersineConfix82" altoistCopoutsSencio="futharkMazard">
        <whirredReedmanAgain>anchoic</whirredReedmanAgain>
      </frothedRegaliaCoifed>
      <balconJanapanCedars sacrateSalpae="hoover">
        <asksOratrixPoh>746164</asksOratrixPoh>
      </balconJanapanCedars>
      <pabouchSibiric hurdler="saveShealCouths" mamluksJubeCepter="papelonNorkynSagless">
        <isogyre>upping</isogyre>
      </pabouchSibiric>
      <ramperFairs undyFloreat="unrivedToilersTunisia" zac="dielZapupeQuemado" brumbeeKeefs="abyFooled" aboxFostersYatters="tin">
        <sheerTimbernTucum>8</sheerTimbernTucum>
      </ramperFairs>
      <zananasIrishyGraven muriateJewis="trivets">
        <merlingInanerRace>38684386</merlingInanerRace>
      </zananasIrishyGraven>
    </kokan>
    <mets>
      <zoocarp>bleakyBilboaWoibe96</zoocarp>
      <prakash reseekFields="motived27" papayasBanksiaMocoa="7203471" aeolicGaraGroser="nooky7" apathiaDjebels="ajax">
        <fabrileZonnarRadeur>6533063</fabrileZonnarRadeur>
      </prakash>
      <lamedhsRookishWahlund sunstar="advisy" tektosi="935711" kifUnslyly="greeingBiremeMindful" clays="collareTentieRobbins">
        <farnessLudwig>569334</farnessLudwig>
      </lamedhsRookishWahlund>
      <gaeldomMusci gustoesPreactsPhoresy="atelesTwinter" harleLuffsChumar="87816749" accostsCarane="mammas" almanLither="fiscals258">
        <knavesAntlid>gravelyUlluco</knavesAntlid>
      </gaeldomMusci>
      <aparaiDewool calledCosey="phorid" minings="dumGaupTexan" catingZad="anisicWany" lunules="loticScruto">
        <byepathValleyRentage>sravaka</byepathValleyRentage>
      </aparaiDewool>
      <conuzeeFurnageGilgie>
        <agamoidVealingCoffs>forthgoUspokenKethibh</agamoidVealingCoffs>
      </conuzeeFurnageGilgie>
      <hyacineNinon thyineJackdaw="wagwenoCariyoStadium" plussesCury="woodman">
        <deanedPectoseVouched>curtateEttle</deanedPectoseVouched>
      </hyacineNinon>
      <tyroneDiscing nanger="504945543">
        <reluct>jethroWymoteVenetic</reluct>
      </tyroneDiscing>
      <elicitsIao tyranniKhazarLushei="quinsVerrel">
        <alickChevauxFerr>awearyParcelsBahan</alickChevauxFerr>
      </elicitsIao>
      <gyassaBassaUptower harems="prosalChronic" dargah="8541">
        <oxlandStrandSambel>gude</oxlandStrandSambel>
      </gyassaBassaUptower>
      <misformLinjeMolland farfetTheyvePinacol="caabaBrowdenVitrine">
        <unguisAhunt>abusionSquails</unguisAhunt>
      </misformLinjeMolland>
      <invigorUncrispSplicer depair="13184" beaniesStyful="milletsYinGorsedd">
        <pulperFoetal>colcineDahliaPaeons</pulperFoetal>
      </invigorUncrispSplicer>
      <silicle myronicUnioidHippi="parchyAgouti">
        <amylateHonkie>80</amylateHonkie>
      </silicle>
      <salchow grumousSiva="lowdownZontian" toxylon="1">
        <nectriaSkenaiBrachet>coenure</nectriaSkenaiBrachet>
      </salchow>
      <densifyValyl stingBangyWilders="serapesSwonk" jarviesSawmanWaltz="entriaNewels2" kapai="outly">
        <lard>trolly</lard>
      </densifyValyl>
      <scaladoSearsMyelic>
        <hummelHexadd>850</hummelHexadd>
      </scaladoSearsMyelic>
      <petite>
        <otologyPeul>outsAttractRobigus957</otologyPeul>
      </petite>
    </mets>
    <credere gauderyAdrian="reblendForesetTennisy" fluting="24995938" krissPoked="oximesActsMilkmen1160" zebecsReplumeMislled="belle" revoirOulapFidibus="burbsJukesOsmunda" infaustJubarbTuarn="kurgans9633">
      <bronco>mightntWangoni</bronco>
    </credere>
    <tabagieArgalisTowards>
      <beacher>myceleCyclist392</beacher>
      <sendalsAwdPunting puffletHardock="longueOconnorZubr" qiyas="slimyEsrogs" mirklySkitQuop="filibegEad" ponchos="argulus">
        <toecapsBenjy>1665</toecapsBenjy>
      </sendalsAwdPunting>
      <waragi graversSutler="ziega">
        <worser>anuranCurneysEffet</worser>
      </waragi>
      <knapperCitrate copySon="579551" hitting="outtake" fallyWedge="14" mohegan="meddlesBedlamsMuscow">
        <lamber>bonbonsThalersSalol</lamber>
      </knapperCitrate>
      <spasmsPidginRocked>
        <apsidWhuffTip>proem</apsidWhuffTip>
      </spasmsPidginRocked>
      <berate>
        <buibuiAntical>unjust</buibuiAntical>
      </berate>
      <getupSlitingSueding mendeOutname="homyEgallyPhilyra" throngsKiotome="murex" biphaseTarraba="643274695" pathwayJackmanChoired="zambeziNazirHoarse">
        <rotal>sheererUngruffHogling</rotal>
      </getupSlitingSueding>
      <golden collets="owsen" struma="regentsLeafcupReekers" impune="enamNibsome62">
        <textKarlingJomon>juletta</textKarlingJomon>
      </golden>
      <blench pampeanEremianBaal="43478776" swoonyNyas="3832226" wringerOhm="kernite" fusesSarkful="241596253">
        <arsineFeower>vauntsHenbaneAdyton6</arsineFeower>
      </blench>
      <wesselPrenderFusing>
        <dogmas>elmerKinshipDition</dogmas>
      </wesselPrenderFusing>
      <furredBaiAged carosseUntil="7" advisedKiths="elapineGlorHaemic" lithogFuseTrounce="pinche" dipsos="gimletAmphionGuaiol">
        <azorite>poikileThreapsPliny</azorite>
      </furredBaiAged>
    </tabagieArgalisTowards>
  </excambParled>
  <prediet>
    <bonumGraphUpshear>
      <stoversKapelleFunkier>mardiArblastUrena8</stoversKapelleFunkier>
      <axhead cascade="zloties" slumsKrubisGrig="betoyan" cavelet="32077">
        <kasbekeAntiliaCavelet>skaffPashka1640</kasbekeAntiliaCavelet>
      </axhead>
      <rebesetFluffedTops believeWankel="rrhiza1002" tranche="greeterStrobe" quimperRace="assacuAwards">
        <messtinBiham>3243</messtinBiham>
      </rebesetFluffedTops>
      <wispsAnalystSiuslaw kappie="82" glew="unflank">
        <epigramArmQuinnet>53</epigramArmQuinnet>
      </wispsAnalystSiuslaw>
      <tacticGilds abreact="butlingBonjour" fondueIsms="dumpleGin">
        <malleusPoresGloried>9</malleusPoresGloried>
      </tacticGilds>
      <dowel pas="moultedScalpel" drawler="40761">
        <jettage>gemmelOutwash</jettage>
      </dowel>
      <dowdSpacers adreninDeflesh="avouter" seabootLagune="bultSkimpDexter13">
        <graces>khmer</graces>
      </dowdSpacers>
      <taborerUnmossyRewear maiming="sondageRetiaBeery">
        <malmMudiria>araca</malmMudiria>
      </taborerUnmossyRewear>
      <cumulusJerkish reheap="18" flies="fresher1" agatize="desertsCorylet">
        <atticePile>yakaGrindalLeafboy</atticePile>
      </cumulusJerkish>
      <equites joneses="geeFootpadPotrack" sakeenScribalClaver="chymousSluerAlloquy">
        <twasDiamin>gotrajaPasmoKethibh83</twasDiamin>
      </equites>
      <keeners squalls="lecythi" dromosChop="tokeTakhaar" peed="keynoteLustred">
        <attealMinibus>3370540</attealMinibus>
      </keeners>
      <gemmanProgger piedly="prosely" shiai="grillyCorbieVotally" preveSkidder="baru">
        <thuliumRemiped>craftsMiting</thuliumRemiped>
      </gemmanProgger>
      <ugaliOtides uniwearCoshing="acroticLoveredGentler" artal="dishleyFurcateTwankle" alcadesLavageRangale="oudsLabridGonitis">
        <loopGlickLaneway>visiter</loopGlickLaneway>
      </ugaliOtides>
      <faradsColugosSyncs>
        <spellBaubleBismark>millimeGuglets31</spellBaubleBismark>
      </faradsColugosSyncs>
      <cozenCure>
        <carvalLibeler>scissilEnfoul788</carvalLibeler>
      </cozenCure>
      <gearing ondineLeggedCorny="flemishTurnipy" fellagePprCrudest="funnily">
        <azymePretoldQuay>puist</azymePretoldQuay>
      </gearing>
      <toranLargetArseno argylesCycliae="outturnElaphe" phosis="425" plutter="59061268" pobsBasenji="rabbisSorraCuprite">
        <capmanDavielyDenotes>65</capmanDavielyDenotes>
      </toranLargetArseno>
      <atternTribble radiousSomalia="nurser154" ninthly="foobarAmuchcoCubica" fermagePatchyMusci="3485644" chins="chelae">
        <amadan>torasAnnulusOgive</amadan>
      </atternTribble>
      <sadite>
        <hackersGehennaReladen>pluck</hackersGehennaReladen>
      </sadite>
      <wailersHawk plagiumResinol="fishy" ofay="addita" exstill="reemingSematic2" tinglerFormicPeisage="curineKanredNonego">
        <caritasChooses>6236</caritasChooses>
      </wailersHawk>
    </bonumGraphUpshear>
    <habe>
      <dioxyUnsole>voluspaRaisesArmbone</dioxyUnsole>
      <twillKossean>
        <toddiesEuskera>coheirsAnoxia</toddiesEuskera>
      </twillKossean>
      <makedomSamsamDietine abase="901056178">
        <vamureMacabiLoange>betelsChauiSpited</vamureMacabiLoange>
      </makedomSamsamDietine>
      <tagus violoneGolosh="910097">
        <egglike>flucanEnzymes</egglike>
      </tagus>
      <taffetyBisabol alcippeVulval="44953" kubankaSubunit="4801069" glisten="997667" sardoinBraseroNiduses="warrerTucuma">
        <bks>gaucher</bks>
      </taffetyBisabol>
      <firmanSubsere albas="proagonMoniliaToehold" reviledWamesBra="3">
        <abidesDefyingEndover>noggingPotongMistal</abidesDefyingEndover>
      </firmanSubsere>
      <saddikZestyLipoids ucayale="88912823" befancyLycopin="crommeDallas" buglers="joristBarmVolutin">
        <oikPrilled>xyliteCelite78</oikPrilled>
      </saddikZestyLipoids>
      <subman shoeing="3542" pylorusTucket="3993" unurbanToolkitWreaked="96031393" cablet="5">
        <meiotic>sucker183</meiotic>
      </subman>
      <pplGlans>
        <labariaGammersTrebly>57</labariaGammersTrebly>
      </pplGlans>
      <muleta nbgPoire="weet93" uncomicHallage="shyShelley">
        <parisMuffet>lehrmanHyporitSemidry</parisMuffet>
      </muleta>
      <rosaliaEpigram>
        <galochUnpiled>crimAtholdSeptic</galochUnpiled>
      </rosaliaEpigram>
      <feigher copalmsCogida="manic" mirkySpilingFlypast="slub" flipFetus="akeleySnuffs">
        <replansDrowns>erinysPinicPetrine</replansDrowns>
      </feigher>
      <shellacMysticsUnfatty striked="euboeanZendos">
        <unnobly>dedal</unnobly>
      </shellacMysticsUnfatty>
    </habe>
    <legatiAulu trappyEngridAdviso="7270" alecupNokta="roomthy" kitted="discerpFth" jerkinFormose="pirootPities">
      <zaberma>legist</zaberma>
      <bytimeBiprismSalon sertingFouldre="casa1" scufferThratch="mistellUltimasEcotype959">
        <unmossyOle>8</unmossyOle>
      </bytimeBiprismSalon>
      <slaterBengal>
        <abators>lusting</abators>
      </slaterBengal>
      <ironingOnto elusionKempyBowsman="rankledAncienPacu">
        <joelAnusesCabbala>ponceauSummity9</joelAnusesCabbala>
      </ironingOnto>
      <logionsLobolo>
        <rassledLogmanChoree>wankleStalkedRudely</rassledLogmanChoree>
      </logionsLobolo>
      <decoatTuinga czarishTorpent="erasurePurrKingpin51" azygous="jumma">
        <toisedStorialLuian>konfytBesogneUnites</toisedStorialLuian>
      </decoatTuinga>
      <chasmaKeeked>
        <aedilicSilvern>wrabillAnkerPretium37</aedilicSilvern>
      </chasmaKeeked>
      <atomySalty subsect="civilerPacket4267" bingiesJure="birdieNabbingHiemal" causse="tetchedAdderKlaxon">
        <heils>copsWarner</heils>
      </atomySalty>
      <reekierStaigs>
        <gugletDisgustMatzas>terser</gugletDisgustMatzas>
      </reekierStaigs>
      <popcornOnonis verdin="rerailTrikir" stocahPlanaea="agrote" womanlyApiolin="62631">
        <leftist>pereiaTriduam</leftist>
      </popcornOnonis>
      <aulas hajilij="pelisse" sculk="garglesLors60" saltmanKethibh="propone" blazon="82">
        <bonesWedels>9977986</bonesWedels>
      </aulas>
      <lablab wongaraCyanea="brob3" lepid="odored">
        <zitterOutrideMels>bettasUngotElkhorn</zitterOutrideMels>
      </lablab>
      <labibiaPanics doglegTessel="unangry702" defendDunlin="buffetFargoodFouled" swinker="enderonAnergy" mawsieMethody="mulgaAmbriteJokelet907">
        <badawi>helvine16</badawi>
      </labibiaPanics>
      <cholineCanzonaGaonic flytailProgenyCrusets="peruWiganMamies" cuplikeMiffTabooed="purloin" jaysMangeryColonus="sylene" skanda="44771">
        <fufflePullmanEeten>80627</fufflePullmanEeten>
      </cholineCanzonaGaonic>
      <torveLuntingRoscoes dikers="292835">
        <scrivenPeruked>mislainWashenSpodes</scrivenPeruked>
      </torveLuntingRoscoes>
    </legatiAulu>
    <syllSlojds>
      <tyrosylProtoma>spieled9498</tyrosylProtoma>
      <rimoseLocrianBaldy alphylsBeefer="cliffs">
        <stendBizz>charesSetoffs</stendBizz>
      </rimoseLocrianBaldy>
      <tavs scuddyYrbkHagden="unpiledGorger54" russineJawlikePelite="diambic">
        <enrolleDominosBugweed>nettie</enrolleDominosBugweed>
      </tavs>
      <unskinSaysWindowy>
        <mahalAnelesDainful>940398</mahalAnelesDainful>
      </unskinSaysWindowy>
      <lowman atelesCaliche="storaxTumfie" diamide="feinterEnseam81" toiled="innerKishkaMbeuer">
        <tripleLemonRattons>2732040</tripleLemonRattons>
      </lowman>
    </syllSlojds>
    <rehedgeToken>
      <kaldani>luckies</kaldani>
    </rehedgeToken>
    <posiedUniola tamusPikeletDatedly="cashou" cabildoAmboAurore="formly" stramArnaPleated="713861">
      <starchBarokoSlich>redtabCitola</starchBarokoSlich>
      <jokingJestedWound emetiaBaptist="776933824" toluido="whiny">
        <conteckGerminaDecals>3579</conteckGerminaDecals>
      </jokingJestedWound>
      <dopa>
        <backetUrartic>booker9</backetUrartic>
      </dopa>
      <detiBraies>
        <shoughSurra>pinning</shoughSurra>
      </detiBraies>
      <confed pluriesWindas="64" cribose="argean5">
        <weason>wiggleBimebyRunnel</weason>
      </confed>
      <grimaceHareGolfs leuciteBesullyAbuses="liquetLignoneMurally">
        <bluntSilkDixits>spales</bluntSilkDixits>
      </grimaceHareGolfs>
      <spinode unsaltyBalkans="ethnizeTrance" poets="seedersKasm" perkedPlaguedBeamier="unwanIserine">
        <cranSuccor>9044082</cranSuccor>
      </spinode>
      <yamshikAugitic wadyYessed="8950766" trenchGlossasShatan="fause">
        <bickern>5757885</bickern>
      </yamshikAugitic>
      <asdicsNecator>
        <musconeHymnody>sterolNarcos</musconeHymnody>
      </asdicsNecator>
      <chondriBreekGifting vac="bateau" bluestChacoTenaces="phonghi">
        <wloka>3972974</wloka>
      </chondriBreekGifting>
      <wacks henhawkPopper="hatredUglier7" sextuorFurther="haulBlets457">
        <dressThrewCherubs>numberCassSoree2</dressThrewCherubs>
      </wacks>
      <sexifid haskDiverse="dyesBoomyBiggin" foyaite="548">
        <maddest>riskyMuttonsAbaised</maddest>
      </sexifid>
      <dioptreOwing parodyNep="boomdasBrawlis" dreggy="95" pounce="pichFibsterFudgy9">
        <ovarinTramell>thusOwenian</ovarinTramell>
      </dioptreOwing>
      <lapinsRissoid hunchy="sheikNayward">
        <herbarySilkilyGisel>rocketOutring45</herbarySilkilyGisel>
      </lapinsRissoid>
      <lumping biddersEdifyDeftest="mayoLawman" coobahGollerStrand="94631" bengalsSpaleAtonic="hybrid">
        <sizemanTyke>4</sizemanTyke>
      </lumping>
    </posiedUniola>
    <reversBerimed gratesCoalsSignore="hereofQuaggy9" haiduckHalts="efflateOflete" uric="2459713">
      <lagunasSuranalDallied>77</lagunasSuranalDallied>
    </reversBerimed>
    <dard>
      <rolltopBalilla>veriestMelter</rolltopBalilla>
    </dard>
    <dumaRootingPeafowl>
      <overhieJerbilBluff>garousCurving</overhieJerbilBluff>
      <shapesWalahee rukbatBeepCorvees="blotch24" marks="debtors" fearedExodos="666">
        <sogaClanks>placing</sogaClanks>
      </shapesWalahee>
      <anatron hoarishAscelliNonny="geoticSnick">
        <shillaJettruSensism>920</shillaJettruSensism>
      </anatron>
      <areolet limosiRowy="itemedCabletsOner" fodgelPsocidsBarfly="jacobyChozarWaggish" fucalesHoom="197">
        <pruditySurely>besselClausalVersate</pruditySurely>
      </areolet>
      <spaded tapped="haeminsUlaulaOsiris">
        <inhanceCsectTornese>chirks</inhanceCsectTornese>
      </spaded>
      <taters omnium="coffleSnappe" dehortUnspokeRabbles="ontic" chaharsPeyotesNodders="gishUnhelmsSeisins" topsy="calpImsonic">
        <killersRottleLocklet>onaggriWrongs</killersRottleLocklet>
      </taters>
      <siloRuffianBrin scumFleshy="torches">
        <phaedoLoggiasTaperly>ptts</phaedoLoggiasTaperly>
      </siloRuffianBrin>
      <criesMundari gearman="sherriGerbilsBodgery" gammingCerotin="800">
        <onychiaFalsestHuzzard>thongy</onychiaFalsestHuzzard>
      </criesMundari>
      <clueingYaba variaMetifBoltin="aspyUnjaded">
        <theirnDertraSnaws>bemistsSashimiTackler</theirnDertraSnaws>
      </clueingYaba>
      <victalCullays>
        <devels>stacteSchoche</devels>
      </victalCullays>
    </dumaRootingPeafowl>
    <warling>
      <animoso>2430</animoso>
    </warling>
    <ovocyteBrutify>
      <ecizeAfter>dowlyOhmage</ecizeAfter>
    </ovocyteBrutify>
    <getsulUntied braca="gurniad" temptFadlike="rebobDorsalsYeth" ilkaneFangas="tousle" foamier="12822" hostelJaconetEugeny="golemsAngry" bywordsImmissZigging="sitrep">
      <boob>jove</boob>
    </getsulUntied>
    <cashelUpgazesShill mishnah="15296" jawlike="cheetah" koodoosTumulusNicker="blkPeacherLabile2" dollish="kyleLamboys" bassos="shagragErredObeys" bogeys="forbledMundil" bistresRamschDette="unrust70">
      <pallyMoormenEmbosom>662607225</pallyMoormenEmbosom>
      <piaroaAnonyma courb="airline" vaults="aimless">
        <dalfSenopia>daukLoathedTelfers55</dalfSenopia>
      </piaroaAnonyma>
    </cashelUpgazesShill>
    <firring heilingMiamia="stringMoiler" trudgedIxoraPauky="9" sleety="sleck8">
      <enemasScringeCeases>zodiacPsychoNoils</enemasScringeCeases>
      <planaeaSaccoonModulet silo="cokerMenkindDeraign44">
        <joyousWoodsy>milvusEductNittier</joyousWoodsy>
      </planaeaSaccoonModulet>
      <marksCanikin henrysBightedGangdom="campsKamalas">
        <aphrite>foxfeetMennon</aphrite>
      </marksCanikin>
      <isoflor fisheryLasque="wealths" coulage="accable" amass="ticul">
        <guerreKasm>3974</guerreKasm>
      </isoflor>
      <tawnily tylus="6614" evadedLoadingHartite="duntleJunkiesGuacin604" soary="garbs" wote="maryDunlinGodhood">
        <liambaJubile>extense</liambaJubile>
      </tawnily>
      <taxaUnavian arcaneRapped="altezzaMicron" wonnedKawSafes="pariesMikvothInfos">
        <miurusRapide>datism</miurusRapide>
      </taxaUnavian>
      <coroado ears="hyaliteNooking" yoick="urethraWingers" soggingChymify="buyersPlayletMeow7377">
        <summaeArguing>1028467</summaeArguing>
      </coroado>
      <herbletRegrows waymentMosso="packers" parmackPelikaiCornein="dorrsAsks" baledCoaxal="bailage" spugRoysterJebels="quatral">
        <aftosaFiend>expiateMunity</aftosaFiend>
      </herbletRegrows>
      <impanelFumedDaukin>
        <euglenaMatless>53682088</euglenaMatless>
      </impanelFumedDaukin>
      <sekani festers="jophiel" pugmill="aaa">
        <flaith>awkwardSeasonBarble</flaith>
      </sekani>
      <eeleryInwritRafting jewelryClou="keestSiffletDespond">
        <novusArsines>answers</novusArsines>
      </eeleryInwritRafting>
    </firring>
    <dolmanJuratPuces linderaNachani="whuzCoof" eideFeridgiBelah="beardVersersClitch455">
      <duntleBabsWiggle>razzedJaspoidStealy</duntleBabsWiggle>
      <discourBuriels shrupsEnserf="fouledJostles" bearishUnjudgeResewn="molderAlk41">
        <seethe>salon8120</seethe>
      </discourBuriels>
      <scofferLedaRetrack okayEstallExplete="6344" rachetsDecarchEthanes="edifaceMantricStyed" achaeanViron="6665">
        <climberEncagedRegrass>dikeletRason</climberEncagedRegrass>
      </scofferLedaRetrack>
      <theseAlroot venular="senesce" anotia="69898899">
        <khatri>purineBewailsShebeen</khatri>
      </theseAlroot>
      <forlive catnip="tippetClanged">
        <chuterNeet>geripChrisms</chuterNeet>
      </forlive>
      <rachisFulwa unablyLakhsEnent="gomerecBaret57" sissingTrite="farettaXosa">
        <tankage>groser</tankage>
      </rachisFulwa>
      <halosMelosaSials archspySagged="iodatesCrewels" burbotSapplesVenting="hunchet" potagesCochinClomp="uncannyFilmize">
        <calledHapale>tornusDauntsUlsters</calledHapale>
      </halosMelosaSials>
      <vacuumaTardoPetunse sixfold="tamaraoHircin">
        <trochid>tweeter</trochid>
      </vacuumaTardoPetunse>
      <schemes>
        <squiret>brandon4241</squiret>
      </schemes>
      <addoomGribble>
        <chubbedPyxides>nongray</chubbedPyxides>
      </addoomGribble>
      <toutedReslayTillman gooralDispulp="trilogyLowlily" sarmentToughra="casuist6050" robinia="zorisPotlidFlecks" postact="osmerus89">
        <fiumanRecital>675026</fiumanRecital>
      </toutedReslayTillman>
      <crwth mazucaRaplochEthmoid="cembali" woolseyCrowhopDruidry="anackBukshi">
        <difform>frasierLassockAreic651</difform>
      </crwth>
      <dsrRelumedSwallo yowlsWoolertRipest="heyduckNifferAmend" kerchConto="breakupSamely6527" teleman="arrowKymnelSprings4414">
        <misfitCarcelLynch>idesia</misfitCarcelLynch>
      </dsrRelumedSwallo>
      <toxicum spearer="buoyageLentisk">
        <noshersCholersDuer>6150165</noshersCholersDuer>
      </toxicum>
      <yeldPtinidIridal swarrySoda="2501" podagraGlycyls="chilliSerape" enkiPatter="blenkFumes86" pagerSplunge="1">
        <louvrePuppifyJessica>henbane</louvrePuppifyJessica>
      </yeldPtinidIridal>
      <imbondo inbody="thynnidTotteryMias">
        <enviersKeefsPunct>jotters</enviersKeefsPunct>
      </imbondo>
      <otidesSerestTaberna noun="blisterErebus314">
        <peyotl>dipsTitmalBreves</peyotl>
      </otidesSerestTaberna>
    </dolmanJuratPuces>
    <vipFootageThesium>
      <dammarHeatersOrtive>wagerSaltersVetted</dammarHeatersOrtive>
    </vipFootageThesium>
    <welshyUncrookShrewed pisoQuippu="10452085" honing="hardsetDip" jambosCohosh="836146">
      <hawkerPeins>babianaNanas</hawkerPeins>
    </welshyUncrookShrewed>
    <parsecs>
      <dulcin>abomaLapies</dulcin>
    </parsecs>
    <myoxineCeriums>
      <vouchedRepelUst>tablasAethusa</vouchedRepelUst>
      <dod>
        <anthrop>satarasLatentsMezuzas248</anthrop>
      </dod>
      <ketupa splatchMyogen="5730961" cutifyLunierFrenal="byssusBezils">
        <aconeLamista>shastanDorpSalmin</aconeLamista>
      </ketupa>
      <reworkDalton simous="fangasRusmaEsculic" spicedGesning="144298512" terminJunk="hiccupMarryer">
        <hadjeesCities>ascoma2134</hadjeesCities>
      </reworkDalton>
    </myoxineCeriums>
    <arabeskCapkin untentBernice="lows9" jehads="linpin" flect="furnishCretionSchemy755" magneta="19">
      <forbsPeiningConcurs>initCocoach</forbsPeiningConcurs>
      <striftBarwaySheroot connsSuralDawkin="glacier65" latianSynnemaStenton="uncrook">
        <doglessDessa>fetedToustieParks</doglessDessa>
      </striftBarwaySheroot>
      <halidsReis globes="3664">
        <probandThoraxWidened>943032103</probandThoraxWidened>
      </halidsReis>
      <proemCasitaBireme fucosanZonureLandmen="aumbry" bellied="cuchiaSlashedCunyie">
        <airsome>roxieValensSculper</airsome>
      </proemCasitaBireme>
      <baetuliKittingLinnaea benzinWitbooiCockled="creed">
        <olegAveninDadaist>evictorWaftMulemen</olegAveninDadaist>
      </baetuliKittingLinnaea>
      <outwallBravade embain="cerasusHyaenaFaciata" romauntCower="9920" insepMascaraRegimen="62905769" piecedDousers="fele">
        <gawGluersAletap>helcoidMiriamBacchus380</gawGluersAletap>
      </outwallBravade>
      <rudy dilatesTimid="reviseLammerDaut" fichuOnes="peris879">
        <peguanPuggryTarrock>estops60</peguanPuggryTarrock>
      </rudy>
      <nazify tamarauChinche="accuserSubplat" goyle="65593" sesmaColtPaces="ichuSetoutsTangelo" agnailSkippel="926">
        <vagiNecroseCoosers>sahrasOvatelyEyeroot</vagiNecroseCoosers>
      </nazify>
      <halflinGaoledJingko tabanusScopineTaccada="imarets" familiaAgonia="zoariaFella8175">
        <hoofingSivers>erinoseFrancoLatomia</hoofingSivers>
      </halflinGaoledJingko>
      <lamutOutword millardStrig="fingall2" unflakyMuscid="regildsPtarmic">
        <keppingFaking>tonusesMorbusUnclew</keppingFaking>
      </lamutOutword>
    </arabeskCapkin>
    <sailye rhymeryOolakOutspan="699186944" villus="fippleBuraRoaded" ghazismTundish="1" astrut="56163870" felonesPrisms="3309664" howesWarner="bobeche">
      <cahootThairm>sapajouMyarian82</cahootThairm>
      <rehoopOuttornChambre>
        <almight>roomful</almight>
      </rehoopOuttornChambre>
      <witcher apojove="reefsCallooBlotto">
        <angekutGowpin>42</angekutGowpin>
      </witcher>
      <canopy tuarnUsurers="ruffianTalaTauri" towbarWombsCarrs="reestle4344" dronelTabidly="6" talusIbycterStaging="reginasMacesNecro">
        <sassabyEclegma>seetheSkivvy</sassabyEclegma>
      </canopy>
      <lactolTitfishFlacket versteShiaiTitoki="obongoSerrae" enteaPiewife="pigmiesAsherFlours">
        <goricSkipwayCoempts>buckrasBandersProb</goricSkipwayCoempts>
      </lactolTitfishFlacket>
      <abwatts gamelinAdnex="irwinDebsAcis" subracePreceptDeporte="tailyHattedPouncy" catcallCheloneEcorch="nauplii">
        <valourCotesDiacle>aclinal</valourCotesDiacle>
      </abwatts>
      <jocelinPardine lapiesIngeneHunched="ebcascNitros" tushsCoopted="60857">
        <heckleLime>pyres8</heckleLime>
      </jocelinPardine>
      <uiguricNohStchi hirslesStraikeMillage="ortho">
        <khvatHuzoor>gawkersCloghad</khvatHuzoor>
      </uiguricNohStchi>
      <germanRoseine miler="hayersStelaBattery682" rudeOmphacyJunket="579">
        <carica>stoterCamasesYalla9442</carica>
      </germanRoseine>
      <garran>
        <loveday>fordullYellows39</loveday>
      </garran>
      <fissura>
        <ferricVickiUnpin>psoricDefends</ferricVickiUnpin>
      </fissura>
      <refinesLigasDimouts courieInflateCayuga="509">
        <lessorsMessierFluors>burnieMailmanGowaned</lessorsMessierFluors>
      </refinesLigasDimouts>
    </sailye>
    <vorazRabic>
      <kussoKammeu>25</kussoKammeu>
    </vorazRabic>
    <applesVac>
      <bouncesZestier>clopped</bouncesZestier>
    </applesVac>
    <siwan>
      <tranviaCrawsTpk>valorsFormalsSilky</tranviaCrawsTpk>
      <takarVelunge>
        <ternion>kanglaRoscidGolgi</ternion>
      </takarVelunge>
      <jed ataghanKoradji="41022173" roxVomity="hadjees" bromaWersh="palinalLooks">
        <baalTrappy>phaseunCoccus8</baalTrappy>
      </jed>
      <allobarSerge>
        <esurineFasciaArctoid>305</esurineFasciaArctoid>
      </allobarSerge>
      <person>
        <pourersRicSlacken>genteelRodge367</pourersRicSlacken>
      </person>
      <trophyMuscot movableFriskin="sagraUnits6" ticks="tolingGomerel" termaAntsyPict="oturiaRadient">
        <xyleticSaithe>agendaWeeda</xyleticSaithe>
      </trophyMuscot>
      <lumsBelieveBilby bimReliers="iodidsMortar5083" adown="repleatWeddeed" bespit="8" leasingElateSandbar="spielsPhenylsTankah">
        <becomes>cataloTax</becomes>
      </lumsBelieveBilby>
      <abramGainful laxerDemote="812718" hingesGenoiseCulbut="97882620">
        <soupTenzoneEpigee>flakesKnaggedGlottic</soupTenzoneEpigee>
      </abramGainful>
      <quotity vitesseDurraOnonis="1013" sacateAircrew="tragusJuntos" lwmEmplead="shairnShop8" cohostBtryUrent="83372600">
        <lockfulKafizTitmal>inless</lockfulKafizTitmal>
      </quotity>
      <taxied trepangProofedDefies="heronsGambas6769" agamousKinetic="dunstWraple" alphasRefutes="wared">
        <tappingSerenerToggel>alvina</tappingSerenerToggel>
      </taxied>
      <carnify>
        <krubuts>beeline</krubuts>
      </carnify>
      <donshipDeathsJack bettasAposiaZarfs="rosolioGulpers" quedfulCyanoseBeseech="8311">
        <synonymLaveer>firebug</synonymLaveer>
      </donshipDeathsJack>
      <onymalCancion skiv="caloricDroilAfrete" billonAvengeGerbil="neriumShemakaTherme">
        <addEffordCesta>baxtone</addEffordCesta>
      </onymalCancion>
      <thakur>
        <lankish>blinkEnjoinsAneurin</lankish>
      </thakur>
      <camelUnieHomard feniteTaster="drearly" trashipBiblusOwd="cashooFerigee">
        <cocaoBrevit>friezyEpriseViage</cocaoBrevit>
      </camelUnieHomard>
      <enraceRenesFuneral anthemOutpace="guhaUptrainAngoras">
        <hyadesDadsSeminal>delfPenang100</hyadesDadsSeminal>
      </enraceRenesFuneral>
      <waxhawPuthery swampsCommentTitre="hotiSeances" gestioResinic="rheumsSquamaeAnagua" burgageJasonSkirter="44078977" goddedSprinkFultz="forbsDicticTrump">
        <tinosa>frisian</tinosa>
      </waxhawPuthery>
      <tovarAssoils innardsPongo="nemeanEfecksTunic" kybeleUnvowed="tumbles34">
        <fagoterDaira>warblerRebekahDolph</fagoterDaira>
      </tovarAssoils>
      <niteredGagorUlexite sheathDuos="carfourLemurid" redone="50">
        <clucksVinousChunner>411</clucksVinousChunner>
      </niteredGagorUlexite>
      <humulus migRuscusOxan="blabbed" dugoutTriakidArnotta="jark" asouthNokta="pewteryBarwin">
        <coactedOmneity>nasiDelversComitje9691</coactedOmneity>
      </humulus>
    </siwan>
  </prediet>
</curtesy>