<?xml version="1.0"?>
<yeraver>
  <costFormee smegmasObligorSkinful="tunneyZan" rancer="inpours" lewisFardsLogship="rankineSpouter" reblendIda="930">
    <sazenClariniBrunt>
      <fattier>9</fattier>
      <fidibusEncamp unhandsClacketTanned="90615497" faenaCloacasDysury="fastusVase224" sneezeKoprinoRipest="6338371">
        <mooting>669</mooting>
      </fidibusEncamp>
      <gipsiedLordlet beggingWoolsEdaphic="inhales7" rampickGats="mon" jewbushDissaitVanadic="fluorTrim">
        <kithingUnusageDhaks>29</kithingUnusageDhaks>
      </gipsiedLordlet>
      <jinnee>
        <hutcherScorner>chuzwi</hutcherScorner>
      </jinnee>
      <sirih lampletCaskingBurnie="unripPeris3" skirrSecos="787495818">
        <henwise>scrayeBurel22</henwise>
      </sirih>
      <possies lithate="98" cuneateFunbreGirt="bourkhaElric">
        <darnWrokenMou>diallylMakatea</darnWrokenMou>
      </possies>
      <nookingMocaBumbler ozark="flavAlvelozSniffy" arabica="snuffIliaGiglet" zoonomy="scobs" peckers="padlikeGuilty52">
        <patacasSyrmaBached>remintsEpact</patacasSyrmaBached>
      </nookingMocaBumbler>
      <papoose>
        <dabbyZontianSegni>871657492</dabbyZontianSegni>
      </papoose>
      <metonymTippyBleared>
        <ungripeAdnexed>7612</ungripeAdnexed>
      </metonymTippyBleared>
      <pouchedArchontPhoss meccaHabub="thoricSuzanne">
        <flexors>95</flexors>
      </pouchedArchontPhoss>
      <indolylJealousPertly elsWanionTansies="clechyTryingPrill" amosite="530762875" riels="tessera">
        <coatersScarabsMckay>hipbone47</coatersScarabsMckay>
      </indolylJealousPertly>
      <lineupsVillateLarynx rodinal="mabyerDgag" baleiOutjazzMeaul="sleeved">
        <umbella>thymeleUnseen</umbella>
      </lineupsVillateLarynx>
    </sazenClariniBrunt>
    <stormyCairnyShirks>
      <paseDodgeryAstelic>chapes</paseDodgeryAstelic>
      <arksAnteing magani="spitboxPicky" scarierClutchy="nowise">
        <payeesCourche>tactoidGreedy</payeesCourche>
      </arksAnteing>
      <atuamiStabberHaylage taffleFeudalKedged="6626" arcaceaPliable="sneaky25">
        <hexosanUsers>coenureMatters</hexosanUsers>
      </atuamiStabberHaylage>
      <tuateraPenury>
        <journ>boggler</journ>
      </tuateraPenury>
      <wissheErbium dieselsTimbo="urosomeSiperFervent" roupsHoch="usterPythias" banabaFascesPredraw="larsSycones" maidishOtters="binitAntlionRhagite">
        <acetoseYaka>1900</acetoseYaka>
      </wissheErbium>
      <fluemenHornerIrisate nauticRoistUnpiles="pharmClankumWoak" arabaAnoint="3533" citralConcussCaseful="5166" placetsGaleoid="dellPacersProsing">
        <vidameSeinesSuid>passataLenoTimarri</vidameSeinesSuid>
      </fluemenHornerIrisate>
      <batters clameNudiesHeritor="depermsTunnels2491">
        <grandoVagrate>4</grandoVagrate>
      </batters>
      <olpAusubos comitjeEvected="59672" scoffedGeneticSidth="edging">
        <nomeusJuttied>nervoseSpatiumMiglio</nomeusJuttied>
      </olpAusubos>
      <unsuedClr>
        <liquetBoikoKlezmer>oaths</liquetBoikoKlezmer>
      </unsuedClr>
      <recash>
        <dhanYesesCoplots>debbieWaterThenars783</dhanYesesCoplots>
      </recash>
      <vocate>
        <kaonsSriOrlage>koppiteIndulto</kaonsSriOrlage>
      </vocate>
      <steyPasteButtle induesGirshes="8">
        <dop>dipylonVictims</dop>
      </steyPasteButtle>
      <milieuPlatansJaildom bagass="sjaak" crewingUnclot="wierdColytic728">
        <dowressFetterSloke>27846776</dowressFetterSloke>
      </milieuPlatansJaildom>
      <loquatsBastian hurtedPaussidChanty="7" primersWhelky="prefetBreesSiccity56" frden="tools">
        <cubeSleeperSprain>fanfare</cubeSleeperSprain>
      </loquatsBastian>
      <aidless>
        <unacuteBaningGudge>frim</unacuteBaningGudge>
      </aidless>
      <sweater>
        <dogmas>mucklesBeasts</dogmas>
      </sweater>
      <rootle bunkingFinnedCrooked="seguing" strewnCullers="isatis" trocarSubicleBlypes="ruthsAxoneRatchet">
        <greeksDamp>tapaloSmicketWannish</greeksDamp>
      </rootle>
    </stormyCairnyShirks>
    <perca>
      <wagsomeAgronLentic>grimpTurtan</wagsomeAgronLentic>
    </perca>
    <grovet spoilerChumpsDeafish="bandageSlumsAboral" pissStupexWage="seder">
      <fluffyTragiaSageer>247327806</fluffyTragiaSageer>
    </grovet>
    <cistsShitsZitzith adoneanAbayah="prestOvaries" halter="godwardCalvinKyanol" onstandJagatYodel="18" elonPrancerUnneat="myiases" toking="cuffingColobus" babbageGeekPack="lyceal8" clarice="bandedUpstareMoluche">
      <lansing>738925991</lansing>
      <jilterSmytrieOverapt paulist="diverse946" general="chanduy">
        <lechosaYamilke>damar</lechosaYamilke>
      </jilterSmytrieOverapt>
      <nullah deputeBrucins="zinged" linsCutlet="heroine" benzoLitsToodle="alibamuFarciedThir" hemineEbcdDobie="bogiesChafes10">
        <forerun>emerFaltere</forerun>
      </nullah>
      <unlie cocoasRon="fulgideMahone" espritDutiful="299" tunicUllBetween="swillsWomanedTylotus" canchi="unbearsWakhiAtazir">
        <jonquilPiotinePsst>nitosSkerSad</jonquilPiotinePsst>
      </unlie>
      <aggadic antirun="biotinPoianaTilley" crusLunkerRaught="normedMikvoth" sickbedDagoba="60172701">
        <pander>eolithInsolCages</pander>
      </aggadic>
      <meshechLoonierVatted essaysAblesseEstus="talerRespireChined997">
        <nonnant>vivendi360</nonnant>
      </meshechLoonierVatted>
    </cistsShitsZitzith>
    <alleger>
      <stiddyHydnum>47013789</stiddyHydnum>
    </alleger>
    <wedgieByteGirls>
      <hayboteEscapee>taharah</hayboteEscapee>
    </wedgieByteGirls>
    <cascaraSpile>
      <placedShoorRumens>1708229</placedShoorRumens>
    </cascaraSpile>
    <pendent>
      <dogfall>36</dogfall>
    </pendent>
    <lentiskSilipanWelfare>
      <concave>titledAbaser</concave>
      <verdoy cravatsTangiHighths="gaufferFermentAnonang" feuageCourseyTambour="forefit" aymaraStooged="81049805">
        <mopedCeccaThatd>ammonia38</mopedCeccaThatd>
      </verdoy>
      <galagosHarsletMandate yachan="liseSwisherGanzie">
        <apianTelfersSavitri>1231998</apianTelfersSavitri>
      </galagosHarsletMandate>
      <marciaWettingAchylia cannat="regnantFubby316" nertsWastine="corrive" scurvyRackettFeculae="deifier" rubens="enocyte">
        <truant>6424867</truant>
      </marciaWettingAchylia>
      <bityite wrigleyLayette="askingPippy6101" motykaUnbefitCabocle="mentaryTwangSlummed" fornixUnmasksDoling="posey" pahosSadnessWhetted="3968">
        <bemaskNekkarAthyrid>96</bemaskNekkarAthyrid>
      </bityite>
      <tinselsHewable lamaBedrock="jawfallBoloedBaby" leggin="spinoffEnhat" tousleZythiaKapelle="67">
        <crup>moraineUsageUniform1457</crup>
      </tinselsHewable>
      <leonCorvet potGavotte="kabuli" filmize="cynismZooids" emotiveMelinaeChields="cupeler">
        <gltZamenisEyelash>8166907</gltZamenisEyelash>
      </leonCorvet>
      <turfiteVaguity>
        <diazoLuganda>evasiveEpingle</diazoLuganda>
      </turfiteVaguity>
      <danakil ussr="91577374" miskillDressy="carroty">
        <violer>ingangs</violer>
      </danakil>
      <deskman>
        <melinaeAnticusSubtill>equallyFetlowLingel</melinaeAnticusSubtill>
      </deskman>
      <trypanVac unspan="chosenOutsungSarcode" mundifyMaioliManitos="souring">
        <massiveGamingsPrewire>gellert</massiveGamingsPrewire>
      </trypanVac>
      <kludged felwortCladsResuing="97808" iconicRecsBusload="decimaInnards">
        <anoasSaguranSwaler>sulaibGades</anoasSaguranSwaler>
      </kludged>
      <gladdySourdreMambos russudClingerBeckon="park" trumphPippyVacua="maarten" atelyPhonet="88227" jubbahDansy="47958589">
        <cdf>vardyInunctAlumine</cdf>
      </gladdySourdreMambos>
      <passionUgali pugmanFeedyErbium="devcharNoxaEnfin" unquiet="5565074" gramper="adducerSelvage" apiculiKurvey="murks">
        <warrishKnuckly>chadsDobie</warrishKnuckly>
      </passionUgali>
      <kowbird pons="tapesTamoyoSarpler" famelic="7319" aplombsQuaking="60797" muletasPergola="713">
        <disobeyGrindsTealery>cabotinAbarisGlycine</disobeyGrindsTealery>
      </kowbird>
    </lentiskSilipanWelfare>
    <benshee fie="looker" vigil="955102667" sassakSamaria="orsede" cafhOwedSeisers="walking" indults="goxesVulpesNema41" eczemasRepaid="oosAdorno1461" wadmalsKabuki="pommey">
      <siresGuffawsEngross>calpac</siresGuffawsEngross>
    </benshee>
    <greyerMisdraw>
      <evoeMalapiSpence>33</evoeMalapiSpence>
    </greyerMisdraw>
    <conusor doltMateleyWigtail="spurreyDeedilyHoverly" cheeser="bodrageOsiers4" wests="pis">
      <lomboy>princesSeceded</lomboy>
      <overpay sookyAroras="miscopy8" deplumpRazing="tailziePoult" reclaimMelos="notablySulcate9640" phocaKambal="hassletDaybeamTuracos927">
        <chukker>azelaicGiggeUnweary</chukker>
      </overpay>
      <glimmerFiddingSieur>
        <pipid>chinafyCurdler</pipid>
      </glimmerFiddingSieur>
      <wroxCramperTurkman>
        <forwalkYonner>milkilyPilaffBacchar</forwalkYonner>
      </wroxCramperTurkman>
      <rhema pascalUtmost="305753423" alcaid="medleBodegon137">
        <wejack>purisms</wejack>
      </rhema>
      <braving milieu="falsumKendos" cozie="5671">
        <bulluleWoodbinAbwatts>dmarcheScalers</bulluleWoodbinAbwatts>
      </braving>
      <inkless aselarMaunchFecal="amimideTai" pommy="dadePudical" outwept="oltunnaReshear8">
        <bobbyNecesse>shivesUnrowedMeller</bobbyNecesse>
      </inkless>
      <uintjie fardhCinuran="pirolRuptureCueman4113" solders="thou" ironist="spikLuck" bipod="whereofBevomit">
        <mailedAphyricAubin>2883650</mailedAphyricAubin>
      </uintjie>
      <aryanStendArachin mayedDetacheTholing="mistrowTimarri" unturnArriver="4423">
        <unslung>cahiz</unslung>
      </aryanStendArachin>
      <malarNeezePiu peseta="chalotDupableAleppo" bolivar="4">
        <buryingOxanicPisa>cedar5981</buryingOxanicPisa>
      </malarNeezePiu>
      <neviHerbalsAltun utick="yukking">
        <muzarab>engagerCivile3</muzarab>
      </neviHerbalsAltun>
      <runoverDirigo hohokam="16731" wickyStow="goth">
        <pipkinsCoatersDhobis>revokerYairds</pipkinsCoatersDhobis>
      </runoverDirigo>
      <avengesBooniesPosing bajauAttainsChampac="eeriest" studierAnionTururi="dallanMatsuCollare">
        <puruhaBalsas>bummieCocking</puruhaBalsas>
      </avengesBooniesPosing>
      <carratScisselSadder primo="vesselHarks">
        <warnsDietyRobalos>6548692</warnsDietyRobalos>
      </carratScisselSadder>
      <sacraLairy gladfulCranesAnsar="phocidReedit" hammy="scummer" blurry="7">
        <stylus>lifedayQuilted</stylus>
      </sacraLairy>
      <kyke retina="strepGlower" cowpat="loofieOsculumMuss">
        <jaysNope>kerchugGoo</jaysNope>
      </kyke>
    </conusor>
    <fearersSkeensBodier canell="achage" lileJatTucuman="combeHoverer" towheeDorsalDreidl="kerflopScirpus" archtFimeticAiwain="iviedEnviedAcmatic" waikHora="relacesFreely" umberedWannestCanroy="fluteyChyme" subsult="falcial">
      <yatter>amideUnduty89</yatter>
    </fearersSkeensBodier>
    <cementaMoeursDeisin>
      <fluffy>khussak</fluffy>
      <tinosaPobbiesOminate quoniam="26474590">
        <capple>podiaMeaconFolkmot</capple>
      </tinosaPobbiesOminate>
      <oglala mgtUngoldIrreg="suffete" diene="tussehChallis">
        <vilhelm>deriv</vilhelm>
      </oglala>
      <zill griping="773500660" dilly="68" dipodidDebelPanagia="repeal" yieldyViolandRelabel="uncase">
        <jundieTuffetsByre>marmink</jundieTuffetsByre>
      </zill>
      <lautu ctimoYecch="pedesesCoke" unhabitLalledWrenlet="chassis" lakeRetainsEpiotic="razzer" yokelsNubaLeander="remassSationTrain">
        <partons>firmingOlogy</partons>
      </lautu>
      <uraticRighty annatsUnbowel="dewdamp" moughtVentric="cupiubaOmahas">
        <nitred>edemasUrinose674</nitred>
      </uraticRighty>
      <nooningTahali>
        <fascetLimaChomps>faying</fascetLimaChomps>
      </nooningTahali>
      <guilyEarflapRipoff bebop="alcinePrecool">
        <eked>glutaelErgasia</eked>
      </guilyEarflapRipoff>
      <unstung>
        <screwsSiftedCarib>guttedLick</screwsSiftedCarib>
      </unstung>
      <exhedra creaticRiggald="foetureYawny">
        <copepod>womerasCorbanSowed</copepod>
      </exhedra>
      <puerer caeca="barnabyBef725" boost="blamerVolubly" hague="64949632" capiviRewoundByzant="unshiftWeasandSwanker">
        <depureDynamisDemurs>volesGildenSarodes</depureDynamisDemurs>
      </puerer>
      <unapartAlansNeedn>
        <chutzpaPalmed>mikvahsGunnarBonks</chutzpaPalmed>
      </unapartAlansNeedn>
      <rickets>
        <doubts>habile8598</doubts>
      </rickets>
      <uppentCro landedPresift="batonWylesQuiffs" nevilleElepaio="1043696" teemPlur="78828">
        <gibel>3666</gibel>
      </uppentCro>
      <hosingLaicismHalted>
        <azlon>mundicTrooper170</azlon>
      </hosingLaicismHalted>
      <corncobDlrThrew stablesKintraNatalia="yoking" faxingSyrmaBlip="samovarDebtful">
        <saddhus>charksAuletaiHienz</saddhus>
      </corncobDlrThrew>
      <flatter ancressIrades="7652214" effigyYodhs="existedMadames" daverPraetor="atbash">
        <reprintPhilipBlesbok>bacchiiFranc</reprintPhilipBlesbok>
      </flatter>
      <wight nikkudEatable="pelfs" weans="tielessCymelet" brooks="9889367">
        <odylicCobalt>enduredMissoutMakluk326</odylicCobalt>
      </wight>
      <haoriWilson giro="amharVulgoWacken" urdeeQuint="locatio">
        <spanky>lossXipe</spanky>
      </haoriWilson>
    </cementaMoeursDeisin>
    <steelySprush sinopicColuteaExempla="imager" royPhallis="gainor" brawlNomic="sarada" inkfishCarny="abrimBallastWigwam" prelateNearlyCessor="asperRankett">
      <pelure>calmantBarfy</pelure>
    </steelySprush>
    <mastic>
      <roofman>gustoso</roofman>
      <dairousTombe>
        <laeliaChimedDemean>nearlySuedingJoinery</laeliaChimedDemean>
      </dairousTombe>
      <kalpak hadingHaiks="litatuDiscedeAdjudge" amomalPanfilMassel="ureic7" jumped="windbagDreepyCentra" mucor="earsoreRepleteActress">
        <ducker>fuckwitHomelyn</ducker>
      </kalpak>
      <albion gabbais="cinchaMescals" museBejewel="inanesPalmicPodite" senex="deguGanodus" miserly="formaZillion">
        <gradelyObeliChamade>3690</gradelyObeliChamade>
      </albion>
      <pechay gallSavantGarland="lidiasPausedPopper">
        <joyceNobbut>fixer</joyceNobbut>
      </pechay>
      <knurlsDobroes>
        <nitersGamma>gyrus51</nitersGamma>
      </knurlsDobroes>
    </mastic>
    <mushlaTagRheae>
      <sinople>slaveyHaramDaunch</sinople>
    </mushlaTagRheae>
    <theodyPutt>
      <sawyerAstrer>airwashMoradaCml</sawyerAstrer>
      <lagopusNagamiDiopter airiestRous="winston19" swiftenBiggieAccess="1645351">
        <iddatSwipple>hoovey20</iddatSwipple>
      </lagopusNagamiDiopter>
      <liukiu duskierBastianPlinth="sculkOporto" crawtae="salary">
        <coyedRepugnFerrum>ranceAdhere</coyedRepugnFerrum>
      </liukiu>
      <aullayGilded goupen="unausSqueezyFlirty" geebungPaseoUnfunny="tergalMownWilted">
        <courageEnmity>936918</courageEnmity>
      </aullayGilded>
      <spilthMickAmusing jardinTelomes="clamantImposedWanner" eastedLatitatBoric="iddioIglusLikker6364" quillsPaonWhitens="monismsPiled">
        <mitosisEthenolCaused>robbin269</mitosisEthenolCaused>
      </spilthMickAmusing>
      <burlaceClavialLaquais arcking="yucksDimyary">
        <culetAlgalAbator>soakageStayingPalaced6</culetAlgalAbator>
      </burlaceClavialLaquais>
      <ludden>
        <gagrootMoiresPhono>avarishMidguts</gagrootMoiresPhono>
      </ludden>
    </theodyPutt>
    <ncoKonradUnlit shemaka="grauntCodexBunkers" mahoutKoryakPashto="uxorisBeulah9" stratiGirlismAceric="ornisChessJunta" zebroidSpoofs="suliotePhocoidVerbify" lumpmanStimesDestry="outhitBereave" opsoniaDhoti="331672301">
      <yacca>unloftyProudBuoyed</yacca>
      <yanker rierCoalsOtogyps="unripedSnyesSalband918" bonboIxora="nevadaPectusCapris" immovedSpriggyChaufer="cluckShisnAchech448" spawny="eryon">
        <causonLibbedInfo>ptomain6258</causonLibbedInfo>
      </yanker>
      <mountsAdelingSynurae asuang="reverie" snipeHapper="aphakia">
        <mize>tozerBiblic</mize>
      </mountsAdelingSynurae>
      <agamistFactumApeling berk="relumed355" wagsomeSoleTopples="funkierDobbing4" chomper="rootyMpbs" brickly="amoraimSlatch">
        <intill>861</intill>
      </agamistFactumApeling>
      <scudlerSneathParoch legesYeast="provExtineCahoots">
        <trovesGowdnieJulian>13607933</trovesGowdnieJulian>
      </scudlerSneathParoch>
    </ncoKonradUnlit>
    <squawsGlaikRahdari>
      <dadoOutsailCantuta>displayNoldPubian7161</dadoOutsailCantuta>
    </squawsGlaikRahdari>
    <caickleJennieUnsnarl pertish="olykoek" whollyDiomateFatling="dwightNotably478" marion="paganryShinersToecaps" questerJamsRutch="tahsilClaiverResects" spalax="bamalipDartsChafe3867" laudingBatters="sarahDalteenPalsy">
      <serg>boxedFreet</serg>
    </caickleJennieUnsnarl>
    <adcraftMagrim tarsalsMiseaseSocker="577290831" lyaseKnit="lazarsNoritesAweek" glottis="yowie7726" nantzBermesWhisper="trismicRiservaAccend" savarin="sucrierRadulas" styreneSoth="tearageHeaumer">
      <verPizeSacculi>435410</verPizeSacculi>
    </adcraftMagrim>
    <claspedUntrillAutomat biminiRobertoFolly="masonedScrods" notoirePippier="shaleeSongle">
      <shibarTurkeerDuim>hard</shibarTurkeerDuim>
      <swungen outishRehoneLituite="563" retiledSlippyRodeo="40" algarde="bemusedAppuiMuskily" ataraxy="danic">
        <tutsFubRidder>syncWisking</tutsFubRidder>
      </swungen>
      <lepre turkifyCaroticObis="revisesMerbabyShofar" speeceTraneau="syrphusIsotacSapele">
        <thermesUndoing>delhiGrowlyTrewel</thermesUndoing>
      </lepre>
      <augusteWetlySatyrid fiantsHewable="435989790" cloners="alepotBittiumTwangy" subplotAmpSupple="backupBrookeCamogie">
        <tholesWoodies>mowth</tholesWoodies>
      </augusteWetlySatyrid>
      <balaam>
        <entireScap>tupelo2</entireScap>
      </balaam>
      <pulvinoFraserStuffed>
        <wendyRebox>yettJitiEvolute9</wendyRebox>
      </pulvinoFraserStuffed>
    </claspedUntrillAutomat>
    <hairstMopierVaselet>
      <bedazedSerapic>7301707</bedazedSerapic>
    </hairstMopierVaselet>
    <loments gymnicsEarlyGorilla="noa778" amenity="porterEctopyMassif" campeSement="4450644" unraked="74" uralLadydom="hanchMorwong" rowletYechs="soakyTurpidSwevens" indueFurilAllyou="yapnessBadgirCanapes">
      <trippetChaka>heuchsCardiasNudging</trippetChaka>
    </loments>
  </costFormee>
  <volutedAlcosolPrest jewbushNonsaneRaffman="roralScrumGrushie" portalsMoileWantful="termal" steve="outgaze" regretsClicket="heeler">
    <pdqEscotSopited>
      <cordite>fencesQuaggleAmplex</cordite>
      <siccarIsogons lungingSnigs="bultenDucked" yajeineArrtezForbs="hedges" sotting="nepheleEntradaCitrons" weedage="norbertSerenes">
        <wiccaPathic>393654589</wiccaPathic>
      </siccarIsogons>
      <pasteurMeaned>
        <faciestVocalWordman>41</faciestVocalWordman>
      </pasteurMeaned>
      <ggrLevulin follow="seor" girritBelone="mopheadGlasgow">
        <billerSagitta>wanningFolRipsack</billerSagitta>
      </ggrLevulin>
      <peliticAmnesiaDoozers fluskerSlumsStupa="8560456">
        <trogue>intuitoOutbendRugby</trogue>
      </peliticAmnesiaDoozers>
      <fuirenaSatis loserSlavistPlural="upwallNotary" hastier="mourn">
        <pignut>562170710</pignut>
      </fuirenaSatis>
      <squiresSolum bisayan="truttaFrillerBottier" lesedOctantCopens="570" ceinteBoreeGrilles="demMadrihHodure47" zillahDurwaun="otters9">
        <booteesPunceHained>qualityChair</booteesPunceHained>
      </squiresSolum>
      <fumantSubgyreKarl unhullYuckier="eyot" jannockWeds="sluttyCutesy195">
        <erse>1</erse>
      </fumantSubgyreKarl>
      <anthersHausseAmebian>
        <restateBeedomIrising>ovine</restateBeedomIrising>
      </anthersHausseAmebian>
      <usuriesHelzel massier="plainlySlims" fashingWavably="ninonSwashyDepayse" joinedElutesLooms="slavThermsEngulf">
        <encodeJerkinPismire>5902851</encodeJerkinPismire>
      </usuriesHelzel>
      <metwandLatched>
        <hashabi>shakeTammuzVaster</hashabi>
      </metwandLatched>
      <sebateDeboshFlegm zarebas="farinha710" cabbledBards="pleach" alburnFubsCoyer="dotchinLamasScherzo">
        <tillZooter>hhd</tillZooter>
      </sebateDeboshFlegm>
      <defaced>
        <gating>8252416</gating>
      </defaced>
      <rehairShradh>
        <aquatic>canell</aquatic>
      </rehairShradh>
      <amnestyShiverCasule broilFlamb="potiHeptadDeyship" pyrenesRescued="641366" faulds="1993629">
        <picaras>restrDeledTubifer</picaras>
      </amnestyShiverCasule>
      <slavianMorboseFieri crassFervid="cabas5748" zori="1137" spunCrambesUnself="70120467">
        <corset>jibby</corset>
      </slavianMorboseFieri>
    </pdqEscotSopited>
    <mynheerGlorifyGood>
      <hags>cakingMyxomasSitter593</hags>
      <soverty clypealReflew="5400" exposeSantii="uranine" wapataRattlyZerma="rajeevBottegaTurner">
        <cosecCarceagNatator>naos</cosecCarceagNatator>
      </soverty>
      <crimpsRockers busterMantis="sultry" butmentFennish="poleaxNorsel59" mesteeNohexEigne="rodwoodEobiont24">
        <crapesBesoil>nardus880</crapesBesoil>
      </crimpsRockers>
      <fobsRadeaux meropeSharpen="5672" hypateDextrinAplanat="serpentTenable856">
        <iodatesGangs>twits6310</iodatesGangs>
      </fobsRadeaux>
      <parian shitsGreatMaftirs="502" upsoars="969325">
        <cowsBowableDissour>816</cowsBowableDissour>
      </parian>
      <frankMatelowFucks tubingJigmen="238">
        <emydes>yed</emydes>
      </frankMatelowFucks>
      <lowball agibleCogitos="probitsPocill" mucoidSimioidDwarfed="carbro" timeousOutgaze="carcerAtresia">
        <parpalRistori>jaziesCassian9</parpalRistori>
      </lowball>
      <ultimo>
        <yeanSallooMajorat>ceciliaTarting</yeanSallooMajorat>
      </ultimo>
      <glacis>
        <tasseMegrimsDoyly>886565</tasseMegrimsDoyly>
      </glacis>
      <tined meitheiAviatic="atenism">
        <helder>nootka</helder>
      </tined>
    </mynheerGlorifyGood>
    <reedits aludraSardine="insolidDiaxone" submenPatersTurp="spousedCitrul9" unlutedTormaeOrgasm="flaresDadayagTakar178" dodderyPremuneTertial="5688368" skitherPurdonDyne="885" waspier="stepsBakshi" fasciae="gawpBlunder">
      <exter>tiglons</exter>
      <pygmy dolliesCotulaAlimony="bakaSlowest" brosseHackney="semicScourge">
        <leadenLimpid>apposeAkan3</leadenLimpid>
      </pygmy>
      <trollAliptic glumalArgentNaunt="151240088" nacelleNorselChoreic="622427" resileDenierDorn="epsilon">
        <bicepJimboHydrid>bedlikeWis</bicepJimboHydrid>
      </trollAliptic>
      <blocageBoxtopSuffect subra="andirinEnserf" avocadoUtricleSpaded="purpieYaff" gagItali="nakongWakf80" rappel="annexaRequite">
        <reevingEtrogRebut>boreDolus</reevingEtrogRebut>
      </blocageBoxtopSuffect>
      <ringmanPuttsBayards inuloidBales="riffGeoside" bromiseHogansBuckeye="36">
        <parsec>unfold2</parsec>
      </ringmanPuttsBayards>
      <sepalsYoungerFibdom furil="dawted" wolfmen="354384057" guarandEmmets="dowless">
        <lanao>atweelCumaruGiveth</lanao>
      </sepalsYoungerFibdom>
      <aerate meableCardo="cornierAerobeOaten" zepFet="615">
        <alphylWelshy>7</alphylWelshy>
      </aerate>
      <teff reaksBegar="braidsJorram" stuboyDevexRebob="lond">
        <belsBalersMinnies>godship</belsBalersMinnies>
      </teff>
      <rewarn moorGeezers="koomkieBuffi">
        <himatiaBuses>urite</himatiaBuses>
      </rewarn>
      <itelmesFluidly sestuor="650" cleanly="dona" tidies="tousleSalpaSkipman" mullas="rhytonFiredog">
        <ergodic>studiaSdsHething8130</ergodic>
      </itelmesFluidly>
      <burrishSortersOlpes coucheDepeTahona="murkyCalcateRemakes">
        <ebbets>tosserDartosTroller</ebbets>
      </burrishSortersOlpes>
      <cogitosPalatal findersTecumaStephe="carrionChooserRocking" snyedIsatinDem="stibiumUsed">
        <devoid>isaianFuzzily</devoid>
      </cogitosPalatal>
      <audientChacoHelios entourScopate="rangeySwelp">
        <tampan>isotopeCarajas</tampan>
      </audientChacoHelios>
      <pinkyDeclaimBalau condemnBiopsyCurer="pledgesAbanga" yemenBreadMnestic="21" jaditicCoblesStowing="echardSlues45">
        <joroposFixedlyPuberty>kaviFoismLumper</joroposFixedlyPuberty>
      </pinkyDeclaimBalau>
    </reedits>
    <litherSowfootSowte koryakAdapid="pamir" yojuaneZepPunct="despert" sunni="62">
      <calcifyKarmaPushpin>caurusTikesSubet6</calcifyKarmaPushpin>
    </litherSowfootSowte>
    <thebanMuckierImpasto>
      <bergmanDosesSprawl>flushed</bergmanDosesSprawl>
      <ileonLogical gayliesJantuRemade="piraty" liaiseGrandeAdmired="kratersMommet" hayersEspier="adagial">
        <halsenDoudle>menta6946</halsenDoudle>
      </ileonLogical>
      <frowzlyCarlessUnpower vorago="788637" leud="4951" apptdNeffyNache="constrHamite">
        <lehayimAspatia>adati</lehayimAspatia>
      </frowzlyCarlessUnpower>
      <painingLumpyYowing dardanUni="laridae">
        <pottedBalerZeism>yoginFitcheArratel</pottedBalerZeism>
      </painingLumpyYowing>
      <roolUnshent radiaryImmoral="67702950" ratanySpang="bestraw8616">
        <csmp>safflor</csmp>
      </roolUnshent>
      <limey gabber="skuaBancaBlows" suckenyFinfishSkil="nyoro" seabedsDoaty="tiptoedLouiesLlyn97">
        <skete>9287375</skete>
      </limey>
      <teemedKabukisStogie untruck="53" isopodThunor="ferdiad" washmanCroisadStyldia="474">
        <bitmap>cerumen</bitmap>
      </teemedKabukisStogie>
      <iambeGecked efl="helioidMoyiteKodro">
        <bowboyElutes>florounBeyond</bowboyElutes>
      </iambeGecked>
      <hillersDillier>
        <coscet>7</coscet>
      </hillersDillier>
      <bannerMerak warabiAdweschTsadis="foutreSmethe" yawpsLivest="79518" liangs="886730387" fugie="petara">
        <ballots>65434</ballots>
      </bannerMerak>
      <stylish shag="2831201" remindAmoriteRetake="enrank" benzinPalpBorers="monishRehingeFucus749" poufMiswritStingo="npeel">
        <anat>temacha</anat>
      </stylish>
      <phytonsOsculum diosminHedonic="beecher" mataxDartre="boozedHarmineRance">
        <boloman>alurLuting</boloman>
      </phytonsOsculum>
      <jiffPhooka>
        <sluigFlyoverNauset>thinnerStatist</sluigFlyoverNauset>
      </jiffPhooka>
      <snitchyThujasWonegan>
        <ahongGoodmen>amiable30</ahongGoodmen>
      </snitchyThujasWonegan>
      <leaderHiss>
        <shisnVastusGoujon>aldaneAblingsUpbring</shisnVastusGoujon>
      </leaderHiss>
      <edified ownhood="repugnsCaususHauling1" mailPseudAnsae="97907" stettedPatcherWeirdy="sacelaCoix">
        <mucinsAredCrowl>twinesAlcaic262</mucinsAredCrowl>
      </edified>
    </thebanMuckierImpasto>
    <jaglessBrickleHeck downlie="6741" unhazy="247801768">
      <wellmanJinxes>arcsineMoneme</wellmanJinxes>
      <abnaki quashesGaggled="979219161" conf="626" resectDecried="neurualPoshest">
        <roumanGnarrFizzes>retralDerat</roumanGnarrFizzes>
      </abnaki>
      <adnexaRectiGotra spingelAnimousZingier="brasqueDentary2" complotRamson="diesis" pushers="870067" bemaimHitchyPight="creekerOnsightUntoxic">
        <doystPimpishBeadman>subsignFlotsen268</doystPimpishBeadman>
      </adnexaRectiGotra>
      <shivvyPimentPalermo copFiuman="crusterSherifiPhasic" oblongLoudishJereed="jarinaCorvus" clameHoelikeMimes="wafdist" zlotyCorningMaters="boucles">
        <reefed>viagramMetes</reefed>
      </shivvyPimentPalermo>
      <carawayBlackenMol vodkas="meratiaHedericCeviche" kantar="cestUrgency" maniasParus="composeRewhelpCowslip8">
        <goldarnMoblikePonier>fuligo</goldarnMoblikePonier>
      </carawayBlackenMol>
      <zemeismEgrets sirisImposeAurora="decampsRiddelUngruff" amazonsSorters="cattish" osoneSheolsCroisad="fidfadAwry95" tinfulsIntnl="cooperyWallochEmbden">
        <suidaeYestyGlowfly>oogamyDuchess</suidaeYestyGlowfly>
      </zemeismEgrets>
      <zaniahSnitsSchizos scalmaPrefabsDisbury="5" inableCamanay="sacculi">
        <outasksCraizey>8677863</outasksCraizey>
      </zaniahSnitsSchizos>
      <sugh>
        <fizgigArk>2736</fizgigArk>
      </sugh>
    </jaglessBrickleHeck>
    <simar warily="ofay" buttonSerean="lowbredLicury" pareNail="emotedAnginasOverhie">
      <centena>worry</centena>
      <tractorGleans phylaePavlovGeck="686">
        <gonagraDarghinAnural>retraitDoomfulCongrue</gonagraDarghinAnural>
      </tractorGleans>
      <shirvanDazyCurrie>
        <asemOwnhoodBesnare>inkiestKomarchMtier</asemOwnhoodBesnare>
      </shirvanDazyCurrie>
      <nolosUrticaRewager boileryProto="84170251">
        <barresTabut>snickWaget</barresTabut>
      </nolosUrticaRewager>
      <chicote penheadAshameIsoline="42" cajaputInjuriaSupines="slappy" ephebea="roedCraking" diaper="palsiedBeearn">
        <mannish>airaTringleCyclop</mannish>
      </chicote>
      <andriteAdauntTostada avulsesGalyacsPaidle="pyxidiaOpianePicas" taximen="betakeMotives5692" fullerWampumsEurous="crouke" dhobyErraticBrawner="distTeeteryAbakas">
        <eryonMouserTanrecs>7484243</eryonMouserTanrecs>
      </andriteAdauntTostada>
      <grantsBugong glomeRadiantNowhat="urohyal" mohabatAmici="justlesAusterJanua449" bestabCrakow="847" saphenaReached="epigoneOrmer">
        <discingExterna>idylian9</discingExterna>
      </grantsBugong>
      <ksiSynapteSplurt dawed="zappedLipids" wonder="2109">
        <matches>26398762</matches>
      </ksiSynapteSplurt>
      <swidgeProkeAlane>
        <heals>quink</heals>
      </swidgeProkeAlane>
      <subgitUsurerCocuisa tifterPeckle="cathar83" agronBluntsBlurb="shi">
        <winkles>4</winkles>
      </subgitUsurerCocuisa>
      <diddyGasogenBrevete pouncy="carbeenTuedian">
        <pelta>susliksArchit</pelta>
      </diddyGasogenBrevete>
      <malonic>
        <camions>errandsMahallaPellian</camions>
      </malonic>
      <dynodeScrawlsCrore pulque="washers" lazarusLaded="7394" amici="ballet" tubulus="320">
        <yakamik>gypsiesHuffier</yakamik>
      </dynodeScrawlsCrore>
      <subkingLealtyEunice organerDollin="helpfulFlamens627" ronald="nexumAlepoleFozier" jarvies="wanionsIncagedTalons" trochil="upstaffNectonUnsane">
        <damars>alumniDwyka</damars>
      </subkingLealtyEunice>
      <alwiseIuusObelus>
        <jymoldTaysmmVertigo>journeySwot</jymoldTaysmmVertigo>
      </alwiseIuusObelus>
      <outpourStaysBettor steeplyJorden="jell" problemUitBruke="puruhaStamin" latrian="lombardConeinePontons">
        <bushelMazzard>nailbinLoudensNina67</bushelMazzard>
      </outpourStaysBettor>
      <hidatedAbroadFlews>
        <cabinda>doariumSleying</cabinda>
      </hidatedAbroadFlews>
      <buqshasMummsNeopine reesk="briguerHaveCrammel">
        <prelaty>firearmForfendSibucao</prelaty>
      </buqshasMummsNeopine>
      <ariels ottavasAshotPostmen="tane" chauleJuleps="aleppoPowanPillars">
        <croisadBamoth>bromate</croisadBamoth>
      </ariels>
      <scaupCalmato gothJowlish="numbWorks">
        <talakRecusf>daoineCoddingYanky</talakRecusf>
      </scaupCalmato>
    </simar>
    <splatsChuzwiQuo judgedLinacLivre="pipidaeMenialsTrails" recarryCrypt="loxiaAbbest" equus="groupedBetutorPapua" boongGunnery="yuleUraniid" macramShimmey="smiler">
      <urohyalPicRanine>calxWheaty</urohyalPicRanine>
      <siddurDipsos xylanFustleClarke="herbsSitient" quins="tropinGrimier" allyingGeomyid="pkt" topee="cashboyAnklets">
        <latredePotatorHalide>15683</latredePotatorHalide>
      </siddurDipsos>
      <triagesFallal redientSoupconSetier="wendi" cleck="opensWabbles">
        <modularAnted>62513808</modularAnted>
      </triagesFallal>
      <elling gumless="galeaeArchwag" poudretToetoeFunis="fitcheUptill" fumulusHogtonUnmake="laylock8973">
        <bugwortDislove>587</bugwortDislove>
      </elling>
      <pipplePerine slavicWafter="agamyAirliftSlock" formeltTinsmen="denim">
        <novoDebout>yarlKhutbahUng</novoDebout>
      </pipplePerine>
      <chimeBanzaisChirr roralCivyLeggier="sriram" cacique="snecketDreich" crimmy="overpayBenson" vastierLocket="7">
        <weans>setlineNorites</weans>
      </chimeBanzaisChirr>
      <paselaVirtusYezdi overbig="rid" naiads="oopuhueLatrineThereof" clerisy="hiccups439">
        <ballersBrannySpelts>langielFausant</ballersBrannySpelts>
      </paselaVirtusYezdi>
      <jaguarsBindis scraich="clawersColor" werfFostellWhetted="nitidChapeau" leucineFowledTovah="mappingYttriumHarang754">
        <embrueBahutu>tapped</embrueBahutu>
      </jaguarsBindis>
      <slusherCeciliaFoliums imaretWiddleGrouf="pourie">
        <prizerBegins>mks</prizerBegins>
      </slusherCeciliaFoliums>
      <molaryEmodins>
        <hopoffMezzoKim>298320403</hopoffMezzoKim>
      </molaryEmodins>
      <thramEmptyUropygi mammers="goodbye38" fwdEthine="burmaTapletBoxtree" rubiate="ralliedHohnFedora">
        <kokos>92</kokos>
      </thramEmptyUropygi>
    </splatsChuzwiQuo>
    <uncomfy>
      <tauBlaeSevens>obligeeDebyesAnticor</tauBlaeSevens>
      <desistsTiber ventilOnerary="amity60">
        <pitarahDonkey>powan</pitarahDonkey>
      </desistsTiber>
      <unwwoveMauveinWhetted dammaraTussahAnticar="acidoidUpbindEnergy" milady="algebarJereedFibula" oleariaHint="dintingFuzzSlithy" okayedNidulusRankish="fantasy">
        <tomeWeemen>ghostLiterDupion</tomeWeemen>
      </unwwoveMauveinWhetted>
      <bhaluAdminSulphas tetroseHemapodTsktsks="whewPimped" decalGluiestCindie="moreish" nikau="77943">
        <elianDiquats>plumpen</elianDiquats>
      </bhaluAdminSulphas>
      <ratitae women="693" tasian="mesostPoetlyForests69" renownsEmes="impiousAshweed" lobipedLucidaOttars="gomukhiRepunch">
        <waggeryBalloMurat>ledgesBogiesUptrail</waggeryBalloMurat>
      </ratitae>
      <salpTatusia visagedUntiesShippon="78" unaliveVeneurGenders="doatIlealDetenus163" golokaArenas="gunsterKedjave" topaz="squeamResmile">
        <not>tentureImberbe</not>
      </salpTatusia>
      <gliosis bopeepQuizzy="osiery8">
        <ropishHarling>topiStenar825</ropishHarling>
      </gliosis>
      <wire ilicic="dhan">
        <argonneHiemate>amoeba</argonneHiemate>
      </wire>
      <agaroidAzurinePremie quiteno="aponia7">
        <imbued>granted</imbued>
      </agaroidAzurinePremie>
      <tehsilSleepry rattles="2321493" hamose="2">
        <sager>swampyCimaiseMitome</sager>
      </tehsilSleepry>
      <tanbarkNullaryLivres leguminStoachUlnaria="osophyWraithe" molokerToppler="1" exclam="canganMadreResojet" arteriaTestonChurner="broseBursty">
        <smeth>375416</smeth>
      </tanbarkNullaryLivres>
      <skempBabongo bodyRyndPalaver="behoveOsmosisPsst">
        <ovalishPorcineOunces>lankerAllodAnises66</ovalishPorcineOunces>
      </skempBabongo>
      <cervix synapteUnvexed="alatedEustace" salvaFurorsExcides="pollera" fiscsHacklyClonked="galaticTearcat">
        <trackerSupportTuskier>5691</trackerSupportTuskier>
      </cervix>
      <shotman advised="leonidCatsosTali664" lure="slammerExscind" yuftBoarderCoperta="awlessRavison">
        <vergery>pargos</vergery>
      </shotman>
    </uncomfy>
    <musses>
      <razeeEnjambCrisset>sired</razeeEnjambCrisset>
    </musses>
    <piouslyTehsil sagital="sucresChumawi" blethe="summaryBetoss" strewnAswoon="roulade" korinSimballAys="9">
      <unkedMutest>443</unkedMutest>
    </piouslyTehsil>
    <cretizeAlgum qats="41699133" mongersHawingSleeted="407901393" mykiss="64243167" pereia="uraeusFps">
      <sanify>ducatusRacloirWolves</sanify>
      <pteromaWahimaChappal clout="kerfWakeup8" setbackChadriScyld="evolate" banally="saponiPorerRhaetic">
        <tripyKnarleFare>dusklyRegivenOaritic</tripyKnarleFare>
      </pteromaWahimaChappal>
      <kiyiBeguess boxcarAkchehStabbed="valhallPorchesGim">
        <gladen>2221</gladen>
      </kiyiBeguess>
      <millfulPome mehariPassman="sebasicKernsLohoch">
        <oriasDeneb>fiancedNunship</oriasDeneb>
      </millfulPome>
      <boostedYakkers skopets="guldensChainonAided" magnetSyruped="gluesPamlico9431">
        <khalsaShotman>sweertOutwoeBoughed</khalsaShotman>
      </boostedYakkers>
      <credosBenders minor="8114461" bardelDoxy="442" rissel="zenuKhadi463" attires="alcades45">
        <bigfootGorsesAlmadia>wadmel</bigfootGorsesAlmadia>
      </credosBenders>
      <iranicAtakeEcbole arachneSnakes="floggedSidearm">
        <craniomUncivic>xylenyl</craniomUncivic>
      </iranicAtakeEcbole>
      <moppingPettilyForints capitanPotassSubherd="clubby">
        <borzoisCadmeanLvalues>pavlovAcridly</borzoisCadmeanLvalues>
      </moppingPettilyForints>
      <liming ville="870282" bellboyDulcify="palelySprung" leonineDespume="324961" ulyssesHutzpaMoider="normaSeveralAbusers">
        <apeptic>811320274</apeptic>
      </liming>
      <scaffSilen jarfulCreeler="476" metazoaThymus="stimeNitros6">
        <unstar>ashpanHeehawsBougee</unstar>
      </scaffSilen>
      <inroadFluor pinteEstradaTapetal="daleman" totedIsonym="beblotYarthen">
        <seabootFusulae>momusesGonerJarsful</seabootFusulae>
      </inroadFluor>
      <hemiambOofyMurre unspellQuinova="amasser" cpusBoomletBlobber="muladaSkims">
        <wirosLupoidMaungy>7947431</wirosLupoidMaungy>
      </hemiambOofyMurre>
      <boigidShists>
        <lappedEarsh>372658849</lappedEarsh>
      </boigidShists>
      <sleathyZonitid timetHawkery="spurtsGropes" cayuga="iodatesNeskhiChria22" kartSperplePaydays="morGienahRomanos">
        <tommer>forfareDecadiSamian7010</tommer>
      </sleathyZonitid>
      <pincaseDimorphBettor>
        <rufous>suboralFlisky</rufous>
      </pincaseDimorphBettor>
      <jizyaUndosedAndvari collineOutgainKairin="759" creeps="98" eyelashPedaApili="6309" valeriaCroat="solachCroupyPaeonin2599">
        <venedAries>719084036</venedAries>
      </jizyaUndosedAndvari>
      <paiockeVoladorSullens idolify="skyhootFringesEnvious" harvard="asale">
        <salvors>goateedStarr</salvors>
      </paiockeVoladorSullens>
      <pares>
        <elytronIrrisor>672</elytronIrrisor>
      </pares>
    </cretizeAlgum>
  </volutedAlcosolPrest>
  <fluorSightySkipway dodgedAzoresRevs="subplow">
    <intagliTyppCochal>
      <amidinsLugger>uppropsSur</amidinsLugger>
    </intagliTyppCochal>
    <aidennAdielBardane croppedShrTahona="825806037" bukeyefDanismSociety="freddyBotan8" mehalla="damoneGrist">
      <cawnyAzorian>quoteeDoddingFalcade</cawnyAzorian>
    </aidennAdielBardane>
    <caddied>
      <bas>964</bas>
    </caddied>
    <purrerPeeper drudged="6" laconic="wajang" humiriaKalmiaBelsire="cisele" centimo="3418" dripsEncaveSelamin="1762288" lisbon="otosisRanere">
      <betideScrim>amessPacketsLitas</betideScrim>
    </purrerPeeper>
    <flumped rasen="unmakesPrisal" hellery="sinaminGaist" breedyButanalBromoil="obeyeoWealful846" tumbakSnirtOrpin="ibycusTweedyKelt">
      <cluffBlinksCyclose>sheughsShapersPulu</cluffBlinksCyclose>
    </flumped>
    <outspinHomesBeant>
      <dudlerPotusStoner>15796012</dudlerPotusStoner>
    </outspinHomesBeant>
    <ablesse>
      <volsciBobblesRouser>clodlet</volsciBobblesRouser>
      <bongosSendeeSail huarizoPocked="44" effieVaulter="robertoDovekey">
        <aidableWaddyTaroc>willbleNudd</aidableWaddyTaroc>
      </bongosSendeeSail>
      <knollsPastoseRedowas>
        <pollsSallier>sclimInlaceBaroni</pollsSallier>
      </knollsPastoseRedowas>
      <giraffeBoyosIncites pickGeasonLymnaea="tamperDefinedColada" synovia="gireFormols" unsadJewry="wamaraCaperedOboles" paybackHansa="soorki">
        <viewed>975167634</viewed>
      </giraffeBoyosIncites>
      <chevonDulledSprucy>
        <letchesSlopped>pinningAscesis</letchesSlopped>
      </chevonDulledSprucy>
      <wittolsChichPissant prehend="85" whame="skinful" brillQuinism="guaqueLivens" hongMucidMusily="saeter">
        <dihalidSattie>bothie</dihalidSattie>
      </wittolsChichPissant>
      <dowsets ionistSlowerMona="fuds80" shrewsLobo="sangahCadetcy">
        <llbButcher>406</llbButcher>
      </dowsets>
      <beastlySeriWomble obiter="adobes" safesMondos="cutdownNouveau">
        <temblorHagfish>yeming</temblorHagfish>
      </beastlySeriWomble>
      <yechy saurelBegem="flopsLigulas" gilse="manilleHoecakeChitak" intrado="yepChawle">
        <parejaLood>someone</parejaLood>
      </yechy>
      <spexCheapie perukedValewe="unwaxedBowtelUnwooly" carissaBagiosAdeline="calathiFeodsIcarian">
        <bogyFolden>haying</bogyFolden>
      </spexCheapie>
      <floret>
        <arrayWanzePether>64</arrayWanzePether>
      </floret>
      <crackPendle>
        <glaurySahiwalGrapple>disdain2019</glaurySahiwalGrapple>
      </crackPendle>
      <encode cadsUpcity="bracted" condomsStolePicard="legists" indwellSuccubaVagile="968">
        <halalahEnvied>manbirdHatGout</halalahEnvied>
      </encode>
      <boeingTentie livier="burners">
        <adcons>52</adcons>
      </boeingTentie>
      <systyleShypoo>
        <alphyn>choko</alphyn>
      </systyleShypoo>
      <lemmasDarkedTori luxury="unbendsDefend927" crotaloGemmierWaker="anogra">
        <explatBatboy>argyleElsinAdalid</explatBatboy>
      </lemmasDarkedTori>
      <enveil trinkIroniesBestock="imbargeAppaleUntell4" jawansBeylikStamina="66332108" saeimaChurledProffer="dearthsYedePeruker1259" orarionManropeVerity="charvetSettimoAyllu">
        <casave>spurdog</casave>
      </enveil>
      <chrisma shariraPithier="outknee">
        <buzRaploch>ameniaHeederCrotin</buzRaploch>
      </chrisma>
      <feting moire="sambar12" tinkBopsHued="zitiLensmen" krems="droilDunnyCadmic">
        <xyloid>suedeFonlyRetort92</xyloid>
      </feting>
    </ablesse>
    <mopping>
      <updartNosuAswithe>tarpeiaGoel</updartNosuAswithe>
      <myodesTunics tiererPalmic="kammeu444">
        <orl>7</orl>
      </myodesTunics>
      <expiredSquiresDamage licheny="bottlerPeg" ban="79">
        <dickBuxomerDasheen>nudityOeilletDeter806</dickBuxomerDasheen>
      </expiredSquiresDamage>
      <ransesFagger nuptialEvanPlating="348313716">
        <terass>munific</terass>
      </ransesFagger>
      <omalgiaJouster chrysalHommock="65921853" sprucyMournerSuimate="lucrece" lirothAdorerSapium="rice">
        <bariumPielessSwannet>prandArghTibet2335</bariumPielessSwannet>
      </omalgiaJouster>
      <sages>
        <pleaded>77083</pleaded>
      </sages>
      <stichel napperGorgiaSpoorn="tawedLunoid" tobine="porksQibla" humdrum="besmut" taxes="oicksVoled3">
        <dallesSophian>calceus</dallesSophian>
      </stichel>
      <tared>
        <detachTecFasciae>blksizeEquinia</detachTecFasciae>
      </tared>
      <murrinaEthnize broma="kotarEnstyleHadrome8386">
        <jurareTavellVista>reequipMeldingHogs</jurareTavellVista>
      </murrinaEthnize>
      <excurFilles sunsHocuses="6642303" aligns="tilden" helmsBelayKrna="horstesRediptDite384" lucyFellers="roaringRajidaeExcern">
        <escheveMurray>catlinBeeyardRooinek4</escheveMurray>
      </excurFilles>
      <dsrBanyulsGuising starostAramusEnserfs="84440" bacalao="984" uterineOgreism="37463606" overlegBottomsDanglin="miskalsModuletBloats61">
        <lawyeryHaikunWinepot>glen</lawyeryHaikunWinepot>
      </dsrBanyulsGuising>
      <reefersGill doubledFogonPace="redtailHirundo" bontokChevron="lesghFlanged773">
        <misfire>levancyOctectTotems</misfire>
      </reefersGill>
      <vanille mannySkirpRewrote="salutesHaem" undoerAlferes="71298" diosmin="strind">
        <chutneyTestisAnathem>collaudHugsomeIndult388</chutneyTestisAnathem>
      </vanille>
      <drysAntewarClitch parodusVoragoBrasero="melanicMaids" addenda="agedStatize" florida="88">
        <scotsBongingZaitha>scilSamir</scotsBongingZaitha>
      </drysAntewarClitch>
      <dipygi filets="keftiNidgetsAdulate">
        <unhiveBandora>deaner</unhiveBandora>
      </dipygi>
      <klutzesRehair adaptPsovieWeanyer="sewarsBreva">
        <repavedHaumWob>vale</repavedHaumWob>
      </klutzesRehair>
      <lattinsCupsfulPontin>
        <nature>368358576</nature>
      </lattinsCupsfulPontin>
      <pighead chicker="ornithFluffedShootee205" koshareCurred="bhar" garbing="thonga">
        <sarwanShiv>gramperCitronCassoni</sarwanShiv>
      </pighead>
      <aphoriaIlkaFragged popsRegattaMer="sleepyAssuade">
        <magyarsBellowAfar>dryest</magyarsBellowAfar>
      </aphoriaIlkaFragged>
    </mopping>
    <metrist>
      <upcity>gamondWarl</upcity>
    </metrist>
    <ennageAwheelNovem>
      <venererGraphedUily>cosmoid</venererGraphedUily>
    </ennageAwheelNovem>
    <indigenRunnersLocum>
      <ovoliVisceraDhikr>169339678</ovoliVisceraDhikr>
      <piggleRomanosAmparo clisereSoggily="thallicExsec" royale="kasidaPatelPikas" unsneck="algoresVicilinGomer22">
        <timishVoguesTigrai>chary8</timishVoguesTigrai>
      </piggleRomanosAmparo>
      <atherisColombo mullaStadial="searedLicitly6" warrinVeepSynergy="quotedAngelus" loafed="balkerFrivols2942" loxingDivelUpriver="molsPillaryChikee">
        <lurches>unhasteShallop</lurches>
      </atherisColombo>
      <nereid relyMatzoAbnet="kinker" arrestsFidding="elbertaAfara" cadie="crinula">
        <zebecksSculper>buriersRoweledKraut</zebecksSculper>
      </nereid>
      <fisher crowtoeWhicker="toised6">
        <hadronsOrient>880274841</hadronsOrient>
      </fisher>
      <whorish>
        <julepBequest>tzars4</julepBequest>
      </whorish>
      <villoseKindest begemSoccersFeazed="folioedDefuseTownees">
        <tassels>nearbyEnmist</tassels>
      </villoseKindest>
      <iocsTauntWebbing>
        <impowerCitersQuaggle>tutela</impowerCitersQuaggle>
      </iocsTauntWebbing>
      <pipeTagetes>
        <laudersNeukPapayan>rebloomUpwellsOpalina2</laudersNeukPapayan>
      </pipeTagetes>
      <mayanceCathole strepsKirtle="4772309" devoidBaguet="iresColomboGeulah5" glebalOppugnIrbis="rosinyCompsRoadite" stayedEaters="498414299">
        <mucigenPulex>chunDinmontSionite</mucigenPulex>
      </mayanceCathole>
    </indigenRunnersLocum>
    <glia>
      <amirsNesiot>mellah9</amirsNesiot>
      <dadaistAcutish scrupleVitalsRamark="hommackBohawn" batakanDerner="canticAscend" bagmanCawnieWyne="courbCireCycliae" rakitTheyll="topspin">
        <cohost>narwRaidingVedette</cohost>
      </dadaistAcutish>
      <frereHenpeck>
        <fowlpoxViminal>60696074</fowlpoxViminal>
      </frereHenpeck>
      <phenate ormersRemedy="measledLegong">
        <claims>axled</claims>
      </phenate>
      <blintzeParley yelled="piuri" ceaseNutmegs="daleBusySource6597" tabu="9387796">
        <silveryFoaling>hungary</silveryFoaling>
      </blintzeParley>
      <ektenesMirkier gunshotBenzinSeqwl="cagerNitAllice" biuret="271" eschele="adrenin" ruesomeHaak="dumdumsLoftman">
        <satientChaton>unital</satientChaton>
      </ektenesMirkier>
      <balsams>
        <blotCreaticTeemed>931</blotCreaticTeemed>
      </balsams>
      <gamicSawingsMensis>
        <screens>lyraidNidgets</screens>
      </gamicSawingsMensis>
      <snawleAvowalsDotier cecalSwelty="espying">
        <chunga>nais5143</chunga>
      </snawleAvowalsDotier>
      <twae carles="soaves" chefdomSimians="deansSpaceFuel2861">
        <inhumer>cfsRifty</inhumer>
      </twae>
      <micklesEstivalEgises mastsDiols="8">
        <postals>velte4162</postals>
      </micklesEstivalEgises>
      <unnetMinaret lapsingTuateraDaza="zonerBiddersKlavier" sangarRook="variola" cluniacEstamp="smearer5064">
        <bronzedMelanoiCurver>taygetaPallor</bronzedMelanoiCurver>
      </unnetMinaret>
      <fridgeRaconsLek popperShivey="nelsonsHackingPiroque" phloxin="howitzServetGrasped" embrownExposes="sounderDinks" savarinDolisie="aristAssholeBowwows">
        <hemipod>crotalo9</hemipod>
      </fridgeRaconsLek>
      <maypops glairinJumbuckScaut="flurry" lieut="abampsKanchil">
        <jauk>tarascoMazesSwashy</jauk>
      </maypops>
      <papoosh awaiterBronzeDidelph="stokingSooky">
        <mimosa>rimpledUnhusks</mimosa>
      </papoosh>
      <eskimosVetaJawy>
        <aboCowweed>femininTemblor7563</aboCowweed>
      </eskimosVetaJawy>
      <shiitic middler="aidesNeumic" posers="tuesdayDunging1" ages="daunNizamat">
        <overfitLavehrGraylag>sniftyHashed</overfitLavehrGraylag>
      </shiitic>
      <ebonies inventsVastierSainted="6262522">
        <facadalSpeirsFrisch>91</facadalSpeirsFrisch>
      </ebonies>
      <tutelaUrushicRegia pigtailFarms="78765" mingierPlumpyLigyda="shipt" hoboism="loess">
        <lintyTuttoQueens>8667</lintyTuttoQueens>
      </tutelaUrushicRegia>
    </glia>
    <monactIncavoHeyday ricinCimeter="sperketNigrousPinxter45">
      <subcoatHovelSmelt>etesian</subcoatHovelSmelt>
      <bergylt melanoiImbargeMaxima="clawsPochade" cantref="433" yinToged="glibly">
        <spritesBennets>fromageGimme</spritesBennets>
      </bergylt>
      <frierChequin pesewas="fiercenAspalax50">
        <kotowedAxmen>541</kotowedAxmen>
      </frierChequin>
      <waygone>
        <hamal>crummy</hamal>
      </waygone>
      <mossful gismosSteppe="canticoAuguredForging">
        <bathicKapeikaCupseed>vasefulGeburWagon</bathicKapeikaCupseed>
      </mossful>
      <gunmen itaMiljeeBulwand="casalWaukingHoagy90" clotterUnbareTripart="nearOncer" fumes="loyChechemGemels6" whort="healedAmbolicLindo">
        <croat>frieze</croat>
      </gunmen>
      <wewenoc>
        <coppra>subways</coppra>
      </wewenoc>
      <relanceBeknot sixgun="3593898" inlawStalely="skysail8">
        <podlerIncivicPaiwari>lilac</podlerIncivicPaiwari>
      </relanceBeknot>
      <badgersAquaeTaipei>
        <beckett>scruft</beckett>
      </badgersAquaeTaipei>
      <gamble forfaltDomboc="guseridOutworeReveil" madgeGybed="eimer">
        <faraon>sooganAwsharCircus</faraon>
      </gamble>
      <flexPipals luketAllots="gildenRoridBecrowd" mimic="hempy" slats="gelatesFedn" halacha="ovalsPutage3915">
        <pentail>renigsConveyDjebels</pentail>
      </flexPipals>
      <dingusThreoseGorcock runkleBrutal="smushCrumply" gret="77162169" mtn="sosoOutrib" kartingComptShyam="lifersPly4">
        <goralsSubsultAbasing>5</goralsSubsultAbasing>
      </dingusThreoseGorcock>
      <ensures loxomma="judaistZigzagKirombo" atomicHynd="alasasSpearedChampy258" typp="55267" dooredFrustShelled="66160">
        <morphsTinBalm>listTexanGasp</morphsTinBalm>
      </ensures>
      <catgutJeames wanelyDeseedStinted="bopsterClivSpitter">
        <mistbow>manominCool</mistbow>
      </catgutJeames>
      <elbFaddingPlanxty sinopicInlaysDunged="alphylAceshipSubicle" crafts="malapiAbit" eremiteVahines="bewest" quibus="daud">
        <alawiReringPonhaws>hitsDoorboyScreeny</alawiReringPonhaws>
      </elbFaddingPlanxty>
      <kokowaiAmie tholus="honiedBisayan7187" pravousSpelterVaster="ottersTaheenSubgape7" mayhapsKronurYoick="rompish">
        <sepsFreemen>lekanai50</sepsFreemen>
      </kokowaiAmie>
      <owlism yeomanSnurlyAsarota="rubrics">
        <ageismOleum>vitraux</ageismOleum>
      </owlism>
    </monactIncavoHeyday>
    <tandoorEardrumEgally cheapoKebbies="brims529" fibraCowkine="koumyssShamoyFarad99" oxgoadLimbing="drearWhetter60" tabira="shiGutsierExcises" earlessDorlot="flytingTietick">
      <allodiaFliteIllapse>wiggledSpulyie</allodiaFliteIllapse>
      <leotardLaudsCenacle>
        <wabron>pyrazin17</wabron>
      </leotardLaudsCenacle>
      <mommas pimpishTeaboy="atesWapsFoeti" cantigaAculea="upbelch" unioLaos="vigogneDecarch" knob="offscum">
        <shrillsGobia>beday</shrillsGobia>
      </mommas>
      <outrigAsgRegilt>
        <jaggar>citola</jaggar>
      </outrigAsgRegilt>
      <frowzeVastusDiverse pleasedKellia="stipelsFault" yaba="beggary">
        <eleazar>andaChaoua7</eleazar>
      </frowzeVastusDiverse>
      <pewsBordLurrier sunroom="sibericPrecideUngula">
        <nozzle>kelpingYearaHamel</nozzle>
      </pewsBordLurrier>
      <lamiger antacid="4" diarch="tuilyieFlying">
        <pilotryShakudoErrite>870943</pilotryShakudoErrite>
      </lamiger>
      <sprayeyMaskoidSpidery runsCulets="37875" starnSheety="valliesBeliing" shuckBute="proferSkerret" lowerer="tortorRebeccaKebbuck374">
        <wapp>smoltPotties59</wapp>
      </sprayeyMaskoidSpidery>
      <resewsUpbuildPebrine heizedEnstoolIslamic="boozilyCaseateXylonic" nitoHeptads="vasculaGouging" drownerCrockerRetaste="onymyBitmap">
        <mutuaryYfacks>goeticChappeMobber</mutuaryYfacks>
      </resewsUpbuildPebrine>
      <burkHendly dikdik="morgensMynaHubbubs" cornutoAbbeHippian="muscoviMiraUnhaunt7281" isobarUnnailsLadle="dahoon92">
        <gandersGurshes>serrano</gandersGurshes>
      </burkHendly>
      <ugandan kelperRillet="bedebtAgue" braggetContexCassare="behalf">
        <ladesLeucoma>mining</ladesLeucoma>
      </ugandan>
      <marezzo>
        <pezizaLereTanka>laziedShoppes</pezizaLereTanka>
      </marezzo>
    </tandoorEardrumEgally>
    <takhaar>
      <lardsHins>janice23</lardsHins>
    </takhaar>
    <lowser>
      <resweatBields>46953</resweatBields>
      <implumeStemJicaque stagerySalay="magyarWusBraised" concursHaglin="buyidesYabuPeage4949" spalled="plumistGlettyVeneur" olivesTylocin="gulpierPigboat29">
        <purins>gem</purins>
      </implumeStemJicaque>
      <ambBanlieuTripe meward="bowker" tactiveTossed="daybookFardageInstal239" jeerersOleanaFainest="estuate">
        <socages>pensive</socages>
      </ambBanlieuTripe>
      <blierDuctorFervour keyholeStrataPredraw="35519" ruminaUngear="alvina">
        <culposeCoenjoyBelamy>geek</culposeCoenjoyBelamy>
      </blierDuctorFervour>
      <unaxledIntuitBraised>
        <speechBoggin>snifterElance</speechBoggin>
      </unaxledIntuitBraised>
      <paleateGuardedGoading styca="neistOlitory" omikron="trustyDringle" huskers="dupatta78">
        <ladingsHagia>dozenedPhasesAmalett</ladingsHagia>
      </paleateGuardedGoading>
      <fridgeFrownedRipes deboshMavises="firVughYuechi" strokerBurnets="lackeyHurdlesLogier" habbub="coctile" reversiSinaiteRoncet="9">
        <dimmet>swirrer</dimmet>
      </fridgeFrownedRipes>
      <outban hackled="freaksBlazeHyaenas" mosqueCreaghtAbstain="shent" truckleOpting="78431" pungeyUpsweep="insurerPandits5059">
        <nankingPhew>decadCations</nankingPhew>
      </outban>
      <while>
        <poddingWoader>touslyImpearlShend</poddingWoader>
      </while>
      <betterRetund nace="fellowsManiocArrant" placodeReddsGlads="cussosRenkRickets" azulmic="mammerVelary">
        <aegis>grylliZoonule</aegis>
      </betterRetund>
      <alecMistime alhagiStocks="scrumpyRatlinMatless15">
        <relime>outflewCrinetDenies</relime>
      </alecMistime>
      <beechenWilliesBecurry pobsUncrime="notPap" bervieMohawk="haleruSolert986">
        <aeolisCramble>muntzInsep6869</aeolisCramble>
      </beechenWilliesBecurry>
      <mouched squashLiers="leftish76">
        <gubatJovite>skidded</gubatJovite>
      </mouched>
      <dawedPulwarIncorp>
        <pipemanDatakit>ensnare</pipemanDatakit>
      </dawedPulwarIncorp>
      <ozaenaAvives deskillTriamin="7" farsangBlowupsUcayale="stentonRabidlyBedaff" boules="2509236">
        <misfondDufflesAnthos>saxaul</misfondDufflesAnthos>
      </ozaenaAvives>
      <binoticGangdomBorough opesPapizeGongs="maffickCranial" skegMissangDadaist="dyking" sertumNemas="humping">
        <sockWarriBurbank>invitesLovat</sockWarriBurbank>
      </binoticGangdomBorough>
      <fussesSeenilHobnobs joinsBabhanCranes="upstirWorry">
        <gamicTrifoldBeading>754</gamicTrifoldBeading>
      </fussesSeenilHobnobs>
      <apiary oncesPurrerColory="endfile3" sauncy="pottleTintersBuccaro" longersMaysin="mallingPlodderFume" fishAspish="asquare">
        <drummedActify>rowdilyMine</drummedActify>
      </apiary>
      <aglossaBerainGrout bdsLewisiaScrogie="chitlin" fissilePoneHollock="gibboseRutyl" avision="4" jigmenSqueam="asimmerAphodiJumpy">
        <trisomyStuntsGlycan>1</trisomyStuntsGlycan>
      </aglossaBerainGrout>
    </lowser>
    <psaltes miaowsMarshalKnosps="donaxAbbate" paregal="marshalTalcums2216" ornes="lankier" shice="bonnesRajidae47">
      <yentasEntrailTagula>numericVickie</yentasEntrailTagula>
      <esse lame="815946725" equerryAbstortCrafts="6">
        <bodikin>immixt5383</bodikin>
      </esse>
      <grumlyHobnail twibilsFleur="adullamUpchoke" feezing="5540" retunesMammodi="4">
        <spik>pussesHure</spik>
      </grumlyHobnail>
      <saddleVomicaGoop dwarf="cobbs" kelep="3510" rhizoteWadeHilting="161087397" curtisLych="waftureAlulaeTimelia">
        <oldies>amorousCecileDecamp134</oldies>
      </saddleVomicaGoop>
      <ethenolRulingsMahmudi agropeCopei="etc9" koulan="alap" progne="cueball">
        <skyugleFever>shiaiSluffed7</skyugleFever>
      </ethenolRulingsMahmudi>
      <bkcyPrefoolLochlin bricole="quatre" argaileChirperPreplan="88687" mistide="messinVivdaFranker135">
        <rheaeVisoredPlums>zoonaBumble</rheaeVisoredPlums>
      </bkcyPrefoolLochlin>
      <wadding mererJogglesMarkery="doctrixRisbermDatto" jundied="spinoff639" tots="rewinsMulmul">
        <budders>yquemRamplor4830</budders>
      </wadding>
      <permix bahan="camaligPriersUnlit76" dunkingTuaYipe="brogan6235">
        <rigling>villanRearmPigging</rigling>
      </permix>
      <leucinsRebeatSiltier>
        <rompeeImbuMuonic>758</rompeeImbuMuonic>
      </leucinsRebeatSiltier>
      <bypassEngladClanks brotel="protendAnswer2" latiteCaching="broon96">
        <araliad>stagsOgdoasZionist5714</araliad>
      </bypassEngladClanks>
      <herdedHorreumHelicon krishnaPaydays="hoodooLagurusBrose" aionSticta="tabet47" mogging="mascotsMom">
        <graph>sheriff</graph>
      </herdedHorreumHelicon>
      <cochDubbTressed kiki="realmsHuitain" ostitisNervid="pileTaximanKnitter" danta="sevres" slotsUnbegotDecease="ourie">
        <visualsStylistCapito>spatter</visualsStylistCapito>
      </cochDubbTressed>
      <witheryRattier expremeDryfist="898613" banesSvabiteBurely="pardoAssizedSpondil" gobbedAmyelia="speaveWaggonsSloyd">
        <reshake>nigging7</reshake>
      </witheryRattier>
      <sabirs psidiumRehoopRootle="spunkyThyUnurged" galataeZingaro="saliant">
        <sproseLadykinFusate>kalonSemite</sproseLadykinFusate>
      </sabirs>
    </psaltes>
    <moating boydWhirryFreath="unfilmTiliaFilters" canchasVisagesJekyll="48" bedChinar="mallealMehallaEnfarce" dodded="uncruelMapache" touchupGuards="8012711" ecarte="farawayLamedsSweese">
      <kapote>loynOtidine86</kapote>
    </moating>
    <suraGodwits adjoinsVolcan="unrowedUndryBitser" tyburnWanderySkiers="unition">
      <gpssAke>mogulCanchasDialer585</gpssAke>
    </suraGodwits>
    <facyCatalan>
      <cushawRedderHcf>dargEspave</cushawRedderHcf>
    </facyCatalan>
    <musetteSubmitQuanti>
      <gipperUndub>531846</gipperUndub>
      <pattieRoughlyEau nirvana="langues">
        <squats>55601</squats>
      </pattieRoughlyEau>
      <somalSclerHat levisRenamed="palch890" flankyTwibil="kroonNist" swillsOrleansShive="588281380" odorfulStinkySubsale="ngomaIraqCarlin7">
        <whizzed>mermenSaltineCytozoa</whizzed>
      </somalSclerHat>
      <viremia patente="jawlessPaleaeHoorays">
        <rebunch>misliesGarous</rebunch>
      </viremia>
      <toile latenEthan="tonemicWaffies" nattilySnakierDiazoic="calcite9447" knacksAngliceAsor="178989009">
        <potoosPedate>26076</potoosPedate>
      </toile>
      <baldest outgrinCamisia="sivaCaelusDirled5363" adlay="quiltedDichordIndone">
        <pawnorLapserKintar>4</pawnorLapserKintar>
      </baldest>
      <parangi magpied="peculiaScirpusQuinto">
        <pokily>984405145</pokily>
      </parangi>
      <gutsyPoutful heifers="junkier" bamahMidribs="cantish" friezerSuitorUredema="13235" zulus="stances">
        <amaLarrups>inkosi</amaLarrups>
      </gutsyPoutful>
      <lobbish>
        <azurous>fidgingAmatiAtrible</azurous>
      </lobbish>
      <guyline tientaAbasTeaming="pekes" quadraAsor="pralineAngico" blondes="arangaUnmeted" fletGaffle="409735089">
        <unbittLoupedDryable>glycoseWearish</unbittLoupedDryable>
      </guyline>
      <parbleu>
        <anon>chacconBawdier</anon>
      </parbleu>
      <ruffesPenochi mockado="restow" otariesKernerTyrone="unpeg" sebumSuet="honda516">
        <fleshesTopkickCroat>56</fleshesTopkickCroat>
      </ruffesPenochi>
      <usnicMedeolaPiker>
        <irkedPounced>lamsFicary1</irkedPounced>
      </usnicMedeolaPiker>
      <boasterKickxiaDeink>
        <lampfly>741741</lampfly>
      </boasterKickxiaDeink>
      <heirdomPinions retemptScrews="728" limpestTailerAnicut="antitaxDibrom7" cloutsMewedUnicell="fumingDumaist" meseemsSialsCarrat="nicotia">
        <brazeraSlimmerGorsedd>tunicSwirledBrassie</brazeraSlimmerGorsedd>
      </heirdomPinions>
      <ulpanimGriffsJear frizingExisted="azideDayroom1">
        <diskingRisalaAddeem>shameCloddedWearier</diskingRisalaAddeem>
      </ulpanimGriffsJear>
      <lewist wetbackGenettaTanadar="5140166" granolaStickyPenicil="913877" onstandCuculePari="dicerasNeatestStyxian" finites="ledidaeWroDaylong">
        <outdidFlowerTundish>jampanRivulusUnslave</outdidFlowerTundish>
      </lewist>
    </musetteSubmitQuanti>
    <naniticLewtyCongoni dollin="dotiestVervain">
      <burbles>7555</burbles>
    </naniticLewtyCongoni>
  </fluorSightySkipway>
  <surelyPribbleRestore battAngarepPisum="malthusNarisPonchos" opaleyeVoltize="otateDecors5">
    <trawl untidy="thymeyDuhatStory" noodlesUpseekKaruna="alreadyNewcalWhited" itoubouSeismal="enchantAudilesBlender" fluting="1326" byssineDumbsInrush="shiah" noises="outjutsGirlingKayward9">
      <sibbensSejour>5491543</sibbensSejour>
      <dinnersOverdye lampate="hooyeUtah1530" cuckoo="crosser2369" quassinAlmonry="booze" unhuedRude="deliesWaivingTilt7669">
        <galtSeaport>sprentAchueteKnurl459</galtSeaport>
      </dinnersOverdye>
      <kibosh>
        <crinula>gnabble</crinula>
      </kibosh>
      <lactidOverdo thaughtFilicalRebar="peccaryAselarTetrad" ahemsStarikKismats="whaup154">
        <nose>mandua</nose>
      </lactidOverdo>
      <fleabagAdiosMalices yajeHillierMooched="leak">
        <tamably>zentnerAwmousHoppity965</tamably>
      </fleabagAdiosMalices>
      <palsifyWorritsUnbuild campoutMgt="turnrowDonnas" apeletLoren="collumEmbossBosuns" glossalIsles="22004053">
        <roomerApert>dickers22</roomerApert>
      </palsifyWorritsUnbuild>
      <drovingMeropCestas>
        <untwindTaskPeshkar>vigone</untwindTaskPeshkar>
      </drovingMeropCestas>
      <endiveFascism faenceDipwareGreyhen="dabsterBulger" anearsSuzanneFigaro="qtsTamas" matloTictocVisney="kingsSkeely3" pauserGesture="kurganCaddiesAmine">
        <aciliusTophe>7</aciliusTophe>
      </endiveFascism>
    </trawl>
    <klnFanesVineity>
      <hery>borTalooka</hery>
    </klnFanesVineity>
    <caulsPeevesAdviser peggyCerreroAcyetic="animizeBludgedGingham" waird="baftLymPeauder" camphol="vestlet">
      <satyrNasiOversaw>creplyTushieDighter</satyrNasiOversaw>
    </caulsPeevesAdviser>
    <wadmelPuruPdq>
      <murinesGrist>baumierAskingsGodlier</murinesGrist>
    </wadmelPuruPdq>
    <grouted podgier="3764049" oxidsDusking="skidpanCroatPudiano62" hafnylBastesGurjan="mantleTutorerFellahs" cronetIndweltGorevan="licheeLaymanDolmens" napaeaLacunal="quickenLobules469" zealots="manbriaPatandUntooth99">
      <lampersBureleUpper>unsuitLiniestBarfly</lampersBureleUpper>
    </grouted>
    <manillaDiaulic humet="estrumUnslate28" banditRugsDjersa="alamoth" dismiss="oremus" cockletBoronOrant="88132471" thiasosFrugginGrecian="garaged" tegulaGaruaAudings="dockmanDiffLacert">
      <fierce>pyxieRoustedYeared</fierce>
      <darkful hebetic="figPedderTwere">
        <trajet>517561774</trajet>
      </darkful>
      <towropeMerceUngrand lessees="boro" preknew="zoealYobiHedgier" balor="rekick">
        <cuissesPuchero>eundemPinkedTinted</cuissesPuchero>
      </towropeMerceUngrand>
      <pochardOnanLotan perhaps="wofflerScapheRatline" mastax="67">
        <tweezeFeodalCajang>5181</tweezeFeodalCajang>
      </pochardOnanLotan>
      <jiaoTostaoQuiteve>
        <rchauff>euripus6469</rchauff>
      </jiaoTostaoQuiteve>
      <tubfuls dogfishWadgeMoksha="joanneNatant">
        <zoned>treeing</zoned>
      </tubfuls>
      <maiidRallineCelery eboniseDubheIstana="gerbeZinzar" alidads="sickbedMaghzen31">
        <zonerZongoraFixates>beetleFaithed</zonerZongoraFixates>
      </maiidRallineCelery>
      <coupons wrestsDenyingGifture="xincaLacunas" fiendsJuyas="bootid63">
        <slipwayJetport>armeniaInnyardEleazar</slipwayJetport>
      </coupons>
      <dewless sherifaTugboatLactuca="gyroArcady">
        <shaveryTilth>5911150</shaveryTilth>
      </dewless>
      <fideleSten legmen="cliffedVarangi9" racists="7072" baratoPicongFayal="phobistAnornBedsite" theciaBeryls="tronasBoraces29">
        <brosyFrasera>soxMols</brosyFrasera>
      </fideleSten>
      <almanHuggerArgyric>
        <flutersVeda>caftansRailcarFumers</flutersVeda>
      </almanHuggerArgyric>
      <ceint rayletUlvan="492420216" daffledDeveinSomal="223508">
        <swoundBarestAzyme>marshyToughtBaffing</swoundBarestAzyme>
      </ceint>
      <notches tasselyLibitumTar="chimley">
        <bangyOutbegs>93527614</bangyOutbegs>
      </notches>
      <quoinedAssaut vesperyWaniganHellcat="encupOmagua" messtinAscotsDogging="manilla171">
        <joseite>kungEirack</joseite>
      </quoinedAssaut>
      <ascends>
        <roupier>crwdUnstoicGaulsh</roupier>
      </ascends>
      <marshySibiric>
        <nihil>506289</nihil>
      </marshySibiric>
      <brokage nigglesProvide="atalanDiddies" linkage="revisedDree" orogen="spoilerGrackleTinsels">
        <caeciasMombinThill>4712718</caeciasMombinThill>
      </brokage>
      <regelSeabagRatti vitrify="laminasSchisms942" exigent="sphecid" twiddleMoodGaurie="suredLimniadPiuri" beans="crabbitBaja276">
        <pacta>gabfest</pacta>
      </regelSeabagRatti>
      <wrigleyQuaigh bagmanAffreux="rawnie" wellsetPurred="8267" enchafeLuthier="drieBenzinJulius">
        <vibrioDunsterParges>ecru</vibrioDunsterParges>
      </wrigleyQuaigh>
    </manillaDiaulic>
    <cutcherHausseFinbone ptolemyKarsticFain="2648466" screetDkmSchola="balled" baktunBurier="heelcapHookersPassewa" nitridePrinker="bannat" orthronCrusilyAff="ebonige">
      <treeing>kidhood</treeing>
      <horlaFrilled>
        <anseis>setups</anseis>
      </horlaFrilled>
      <epizoonSarongVamp>
        <horrifyTrashedFenced>alannahGesten</horrifyTrashedFenced>
      </epizoonSarongVamp>
      <tandoorSpoony kadosJehads="gravels34" mopiestInnyard="pavadeAlgous" rehearMapauOarcock="4506881" reesleSwinks="orcin">
        <sawnieMaroon>lechweYamanaiDecease</sawnieMaroon>
      </tandoorSpoony>
      <ruelliaCyclosCowlike calderaHematinUngt="fernery" mnestic="uranide" hardestEclegmeLemurs="springyDesmansRut" fistedIschium="vitriol">
        <mahonia>berberyBeelol363</mahonia>
      </ruelliaCyclosCowlike>
      <snot>
        <pondsGaulshRana>48</pondsGaulshRana>
      </snot>
      <beauts crapaud="harkPointe" dyeweed="vermix" tipplerFlaring="unrung" cycadsAngelin="civiesOrigins4988">
        <leissChangs>hyrse</leissChangs>
      </beauts>
    </cutcherHausseFinbone>
    <swabianStubbed>
      <bisques>74866179</bisques>
    </swabianStubbed>
    <axils obelial="abbotcy" fitchyBinderyPinoles="ulnaria" gambiaWaiveTeles="wareful" abreact="361">
      <jacketsMixe>wilroneDehacheJokelet</jacketsMixe>
    </axils>
    <eyght babianaCaliperFlanque="4" timetrpUnbraze="tepid491" acmite="beanersLeave85" guarDosselKhedah="crozier64" unpensShiko="189776330">
      <cancion>sordorLustly</cancion>
    </eyght>
    <slitch>
      <bantayAthenaPoling>inciterRedecay</bantayAthenaPoling>
      <ureDoglegsBosques nirvana="alneinXylonReveler8" thymeyEyot="whamCunyieStums" irwin="naiskoiRhemishRealism">
        <skyward>mesnage</skyward>
      </ureDoglegsBosques>
      <dhobyInduce benzoic="whishtsOillessAmuses">
        <geasonTestata>outjutVenine</geasonTestata>
      </dhobyInduce>
      <scotomyLeonoraMisstep benegroMahdiFreckle="festinElixirPersea" ayelpPackers="weseBatlonKlismos">
        <leonatoButsuEarwig>linkingRheeboc</leonatoButsuEarwig>
      </scotomyLeonoraMisstep>
      <alodyChicos pecked="rheas" sarodes="overbar" hypoxiaMuftyRaping="ascrive">
        <eminentBytalks>59321</eminentBytalks>
      </alodyChicos>
      <ionizer ragazzeSummonsStroker="pocanEssenicHades" kerfing="hasardUnicef" evolvesPluteal="witlessDankali5856">
        <gadis>veddoid</gadis>
      </ionizer>
      <noveneUpdos hooplaAgeneVary="5848642" orgyArctianRedrape="misceWurley">
        <djinniTupikRann>aeroIpomoea</djinniTupikRann>
      </noveneUpdos>
      <uramino lorel="deponedLumpmen" chert="eucriteNumnahGoofs79">
        <lataKamiasTopics>prevailChidedWhizgig6417</lataKamiasTopics>
      </uramino>
      <sloshySuaver crisps="drumlerMiriest" unaloneYogurt="94437" jowter="boucher" biggiesNimbler="lakeyDwyka">
        <ridgedOleronCothish>restrEthanSoueege</ridgedOleronCothish>
      </sloshySuaver>
      <trinalBrinersBunton>
        <assn>buzzesAxises806</assn>
      </trinalBrinersBunton>
      <beingHcfSassak>
        <abought>nondoYat8387</abought>
      </beingHcfSassak>
      <bookdomGoutte danzonVerbs="sylid" punterBucklum="544032">
        <unhabit>conableDoodles</unhabit>
      </bookdomGoutte>
      <puermanDjebelsThoft unruralIsz="reviePensionGulae">
        <tolesBlunged>monied</tolesBlunged>
      </puermanDjebelsThoft>
      <luciana cirriCerin="shochet" insularProcityUnduped="shadedLinnets" traikCossas="885439">
        <couhageSternalPatera>sods</couhageSternalPatera>
      </luciana>
      <rumblyApposesDegener sandixJetbead="arrietCustard">
        <pokeyDopplerMitella>rutaStadionUrsolic</pokeyDopplerMitella>
      </rumblyApposesDegener>
      <cesious>
        <rever>oralist</rever>
      </cesious>
      <sonshipCompeer blurryDhotisLandage="spialMervailPunnic8043" crissaSnoolAspire="ceredUptrendBackjaw1" carrots="darbsUnbars" upbay="5">
        <ensearGozell>arrand</ensearGozell>
      </sonshipCompeer>
      <reestle coprasMauled="depohDanaiteShrinal" montjoyGroomParten="pta" printedTossupsBoomier="apseFractal">
        <sortOffhandSsu>repugnSextic</sortOffhandSsu>
      </reestle>
    </slitch>
    <beheads>
      <ratine>marrerSenega376</ratine>
    </beheads>
    <popsyTalcScrout whooplaComoseAlives="sixtyPosySlumber" ungoredNeeld="spright" psoitisEstopsBespawl="fooyungLoughsUrochs765" yachter="apliticBrogh4" squish="spass">
      <hoisterBemadDerning>grudgerMacupi</hoisterBemadDerning>
    </popsyTalcScrout>
    <tether>
      <yulanClassy>swithNoonsPegall</yulanClassy>
      <epuloid rebushVazimba="tsuba" nikkudTriglidAecidia="ikra" rantKidlingHandjar="daytaleCasasiaLsc" selsPinkenChud="mophDoyly5">
        <detruckLapse>obviateSmazes664</detruckLapse>
      </epuloid>
      <balms teparyKossFaluns="630711">
        <roupetSpiryKeglers>anybodyRakefulPlowmen</roupetSpiryKeglers>
      </balms>
      <crowns>
        <silexesWorking>2</silexesWorking>
      </crowns>
      <hallooSwobberRehaul>
        <monaseDunned>valiumComaHumuses</monaseDunned>
      </hallooSwobberRehaul>
      <arthelPhallinBurgled sampsNellieSnurp="wifingMunifyLilac" centimoZakat="45060281">
        <elitismFenagleScaum>tardityChytrid</elitismFenagleScaum>
      </arthelPhallinBurgled>
      <ripa>
        <globSells>bluet</globSells>
      </ripa>
      <readout>
        <mobbishKamala>84</mobbishKamala>
      </readout>
      <ovenmanEmceedCarcass godfreyOusiaEffs="glumalOrlo" haislaCajonesPlap="unc">
        <histoid>yearlyGlanisAlmoign</histoid>
      </ovenmanEmceedCarcass>
      <lankySmudgerDepark>
        <enorm>pourer</enorm>
      </lankySmudgerDepark>
      <anabongPantas rabicEnsient="infieldPlatyDistoma" flensed="draysPossThatll" jackashRestack="kempite" biliousVirge="36">
        <shapingVacates>shardsPerfin18</shapingVacates>
      </anabongPantas>
      <pyroid lycianSlumpy="aeolismFasolaWhampee">
        <reapers>rotcheGlitzy</reapers>
      </pyroid>
      <punceWagtail bargeHowletBailed="tostaoExtortsCrambo" bryozoaDecode="411866257" greably="floccedAlogismMousery4" azuresNidingVerminy="559789583">
        <brehon>rouens</brehon>
      </punceWagtail>
      <slatishCyul marqueDendron="fogbank" blowsyPaganly="enrheumYikes" arouserAlerted="exilingEta128">
        <dipodeZigankaTumidly>515962</dipodeZigankaTumidly>
      </slatishCyul>
      <randellWarming>
        <manualFused>corersAlgor</manualFused>
      </randellWarming>
      <parsersPorrEstrum>
        <klopsDaying>847853619</klopsDaying>
      </parsersPorrEstrum>
      <danskAdagios>
        <hissyRackle>cobiasTrowth</hissyRackle>
      </danskAdagios>
      <golemAtinkleBreakup>
        <nitonLinguetEarlap>61</nitonLinguetEarlap>
      </golemAtinkleBreakup>
      <organumQurshesUndomed addisonFermail="elboic">
        <wadders>3786</wadders>
      </organumQurshesUndomed>
    </tether>
    <subsoilTievineLivetin carpingCreat="resackPlonkWarm816" aivers="rescuesBainiteCodder" gonyHyoidesPyruvyl="cottaeUptieEnjoyed" nonent="xylo38" epitomeRespace="777" undowny="unurged">
      <twigged>skelterCatfallMarathi2892</twigged>
      <clayUnhad amoles="diacopeDelict" codder="aroph" carkedDigammaIworth="vanwardGiglio">
        <feralinBanba>cogmenTantaraChemick</feralinBanba>
      </clayUnhad>
      <sop broughBaronsQuizzes="agalenaOutfledUredium9681" rahMisdaubJing="bemercy">
        <anlaute>whishedSelamin</anlaute>
      </sop>
      <dyslogyBurdieCells balza="chesoun" swamiesTamises="cubdomHoarded6" illingDanianMegomit="duff" civGuan="510">
        <sealantTinklerGenian>amadiGuyots</sealantTinklerGenian>
      </dyslogyBurdieCells>
      <metus>
        <valentGagmen>maclibClecheeTsoneca</valentGagmen>
      </metus>
      <vobis vulval="stigmasTogs" horsifyMugwump="keefs" spiroTriamidAmandus="warmersVests" lugesGoliardZehner="66070">
        <hermeleLutaoKinkier>badchanSistani</hermeleLutaoKinkier>
      </vobis>
      <relicti repruneJodel="2057" twarly="torteGirdingDedd">
        <olivedBorty>6</olivedBorty>
      </relicti>
      <lesteGarbure>
        <psig>wheezer</psig>
      </lesteGarbure>
      <gibbetScalpra matersGroats="berobed">
        <slapsCowrieLuite>lorriesPeer</slapsCowrieLuite>
      </gibbetScalpra>
      <cranyLiveyer tytTiarasDeblai="25443956" curiateLynneBootees="sontagLaciestDruxey" bisect="climbedMentaryProtext" blinksUnsated="87">
        <galluotOpined>femes</galluotOpined>
      </cranyLiveyer>
      <peltaMongholMudir intrant="265" brakierXylemsCheetal="guan948" flexureDowserWearers="kharwa">
        <daw>shendPublicaLusters</daw>
      </peltaMongholMudir>
      <jangledSoulsScaping alyssonFlaskerGrays="iller">
        <beriMudlandMaint>fifoPralineDiable9691</beriMudlandMaint>
      </jangledSoulsScaping>
      <anlacesClowIncle mythusTilths="scheatLastyEtuve" pickierPecosRiped="9" frailty="keirsPrivies" pandyCausae="7162">
        <visardHasnt>kiblahsForwore</visardHasnt>
      </anlacesClowIncle>
    </subsoilTievineLivetin>
    <finback adighe="doucineNickleWairs" germenSworderBarm="27">
      <dingeySawlike>40</dingeySawlike>
    </finback>
    <salpoid lakhLoaders="bastileCreatesDonary" truthBawtieHerniae="beng" forkers="51" lotaStylarStair="waurLenaeusAuturgy">
      <haysuckGizzen>mutismBootObesely</haysuckGizzen>
      <inholdRfb telfordStoney="355" bulakAndvari="munnionFiefdomCingula" agamontColmose="kiwai1" pectize="awakesLispund">
        <ainus>swaAgeists1503</ainus>
      </inholdRfb>
      <shadedFencedDiploe>
        <subpenaSternWiener>5493</subpenaSternWiener>
      </shadedFencedDiploe>
      <default>
        <sotikPasewaNielled>tillmanAnalogaColors</sotikPasewaNielled>
      </default>
      <londony>
        <wannishHadDamps>acroama</wannishHadDamps>
      </londony>
      <phloeumAjharPlacing angelinAttic="wool" browdRiggerJungles="disroof24">
        <epulo>espThetineRuderal</epulo>
      </phloeumAjharPlacing>
      <cadgerHylist>
        <ahwal>shakaSherds</ahwal>
      </cadgerHylist>
      <prioralLongfulCoryph asgmt="866885632">
        <gimbal>gracileVortex</gimbal>
      </prioralLongfulCoryph>
      <editorMohockRoc wasps="upcurlsHoversCedron6615">
        <hoaxesHelve>reffed</hoaxesHelve>
      </editorMohockRoc>
    </salpoid>
    <sabatonExcheat>
      <bonzeryBugle>embolumLeyland</bonzeryBugle>
      <enarmAnguis fumer="soomDenarii" heynne="66" demeanSegar="ecesicChimlas" suaedaSizingFined="befist968">
        <uraei>cooboo</uraei>
      </enarmAnguis>
      <trilletChowsedAmatory vaporsNautic="deeper" joypop="labefy">
        <glacier>hornyNibbingIndico</glacier>
      </trilletChowsedAmatory>
    </sabatonExcheat>
    <mnesticLucindaSheik>
      <anginas>pommels150</anginas>
    </mnesticLucindaSheik>
    <morally>
      <armingsEmyds>preamps</armingsEmyds>
    </morally>
    <urazin daytideGuise="grigs">
      <tofile>usherCalvary</tofile>
    </urazin>
    <thujasLowesThuban>
      <khodjaPoundedMamba>quickly9726</khodjaPoundedMamba>
    </thujasLowesThuban>
    <muvuleSowarry>
      <sootedHircus>haik</sootedHircus>
    </muvuleSowarry>
    <tybalt>
      <insep>1474</insep>
      <vodElitist danteDacianJoseite="avast196">
        <babudom>vicariiSerosasVaidic</babudom>
      </vodElitist>
      <crumbsDefis fraxinRimmer="boylikeRefrigPean" esodicAnimas="honkiesTalcose" bepiece="winddogAwlessBumwood2408">
        <novellaPelts>callotDirecly</novellaPelts>
      </crumbsDefis>
      <dormersKeep pleiads="hydrous19" oilcupOxterPlumbic="retrustWinkers">
        <remercy>spignetWigless</remercy>
      </dormersKeep>
      <botchedOchava schizos="laces" bolti="6954">
        <pilateDeledThinned>midisCacanaKlesha5</pilateDeledThinned>
      </botchedOchava>
      <malpais oscule="hang" peroneiRalesNejdi="5887788" dependsDool="jacchusStoppleFutchel" raisons="ceduleVoltesMuddify">
        <genipPointePeaky>flouse</genipPointePeaky>
      </malpais>
      <swordsThonderOlibene ovisYontLasted="stockyGaugingIrony">
        <gracedSaufSulfite>acritySwizzle</gracedSaufSulfite>
      </swordsThonderOlibene>
      <adapisMantua samshooDrapingAssized="toriiJewfishWeve" seedageStuddyHoles="daswen3761" spursArchseeNosings="pentritEmeuteAkawai" basos="bestoveDupattaPataria">
        <craniaAltairDeers>5776203</craniaAltairDeers>
      </adapisMantua>
      <laccaicUnjolly bacchar="darren" roband="dryfatPippingFardel" tushiesArthronSteels="45490">
        <mycetesTreeify>enifTicunan37</mycetesTreeify>
      </laccaicUnjolly>
      <imbue patens="indoleUnhexCho" herberOrotundProving="973191264" rimierAlle="ratchet">
        <panurge>outpull</panurge>
      </imbue>
      <weavesSociety udaller="serbize" isotomePhased="messierAccueil" budlessSeinersRailman="coupeeBrinieLavette" upmountAramuCiders="5071">
        <caeciasSalonsAmpery>18</caeciasSalonsAmpery>
      </weavesSociety>
      <packet>
        <hagride>8335</hagride>
      </packet>
    </tybalt>
    <abutOilily>
      <prilled>7528</prilled>
    </abutOilily>
    <sirship erinnic="emigree" tilly="relideInlandsOutsat99">
      <trollopDizzied>sordidDekkosOttetto29</trollopDizzied>
      <trebledConsortTritons lotus="londonHibla" peteca="dopierGrills" ghillie="ametriaMirkestBalkish6">
        <zymotic>shading</zymotic>
      </trebledConsortTritons>
      <vavHowdieNagmaal sinter="unsleekSeismsCaduca">
        <blazyCoelome>9075</blazyCoelome>
      </vavHowdieNagmaal>
      <dealingAbettedSatan amovingBrigousSatine="819676805" organalFloraOlamic="talipot8">
        <stoond>5312</stoond>
      </dealingAbettedSatan>
      <colitis joky="gertie" isidaeMaltoGrift="outages9" synnemaKnoppieGravity="returnSoniou7" bestadRedelay="braggetEmprint">
        <unicumChappin>liskDoles</unicumChappin>
      </colitis>
      <prelawDoctrixPolity shynessIrksCohob="7013" enveilDowryMaxis="533979374">
        <newsyCressonForworn>matmanOxtail</newsyCressonForworn>
      </prelawDoctrixPolity>
      <deditEuglenaSarods adesmy="23417" jointly="voidlyAraireKhedahs" cuckScutterDaboia="2">
        <foulsSozzlyCared>caserio</foulsSozzlyCared>
      </deditEuglenaSarods>
      <clavier>
        <elysian>whitin</elysian>
      </clavier>
      <thapsiaHaredGeneric guideHoly="sowishCorneal" differLohochEyeing="4834" polioHelmedDirexit="lugsailBeano663" hybrisResidua="heynne">
        <angeletRancherRaws>19</angeletRancherRaws>
      </thapsiaHaredGeneric>
      <prelims noilsGregau="64368171" kunmiutGruyereRuntee="5112" deciles="milordsPlectre">
        <etaminSproutPleurae>21</etaminSproutPleurae>
      </prelims>
      <gaufreEnsweep winnowDicconSlob="lamboys" shiaFedayeeDjinny="119547812">
        <lobbishOrcanetPelota>tinderCoalizeSnell</lobbishOrcanetPelota>
      </gaufreEnsweep>
      <setwallUlan tasterZeuxianPlans="wearKwamme">
        <nibbingColombRejig>congestHealful</nibbingColombRejig>
      </setwallUlan>
      <mincing butsuIdeasKeeper="artouTaluhetIsled">
        <otters>jetonsDotkin</otters>
      </mincing>
    </sirship>
    <koloChuroyaHymnal valinesSickedRajah="monthly" hopsage="stoma60" tuchunLappers="redhoop" poinardAncoraSeating="18515731" boozedCayapoCringes="gowdieChuvash" rosy="44952" patnessDonut="egma">
      <itselfIntillOmegas>repulseTarbet28</itselfIntillOmegas>
      <pricer brawledBistortFullage="winkersJaguarsWamara" paversHerat="stodgedUnbrand" nybbles="aloysia">
        <taldCurcuma>faulted</taldCurcuma>
      </pricer>
      <pholcidTease thirst="51837735" trekkedVoustyAflare="steamedHairif437">
        <culmenHookaUrsa>naganaGlidersBurbles</culmenHookaUrsa>
      </pholcidTease>
      <cubedSciath>
        <avid>weskit400</avid>
      </cubedSciath>
      <dizoic>
        <rhabdom>calamiStaningActinal</rhabdom>
      </dizoic>
      <rioterRippetTurkle knuckleFusus="funnilyJailage" wapatooLabra="piedly" gauderyKenning="sledded">
        <secludeDioxaneTlingit>dhobieLacemenObrazil</secludeDioxaneTlingit>
      </rioterRippetTurkle>
      <skidsGorbal maraudsKissarSkeller="sawersEquiaxeHirstie" azoth="loth">
        <oppugnsVapoury>cadgerDurwanDhurnas</oppugnsVapoury>
      </skidsGorbal>
    </koloChuroyaHymnal>
  </surelyPribbleRestore>
  <fatimidAka patchSilosEmbay="noyZerosNishiki1" />
  <chainerSliversPerpet gristLettersClunist="axleSwoshEndecha" netsukeHamose="thaught" suede="squidLidiasMamaguy" nursing="ademptCumbhaMalter">
    <stropsUnimpedAnimoso prefine="9" referdaTammyHectare="startsyFantodsPunkie" ebbedBelched="justusSlumgumHubbies" vaticalNytril="pltanoMateleyZemi3" fulsomeFoistsEkistic="kelepFurledJobbet8">
      <tapaloKnelledRepros>bayObole</tapaloKnelledRepros>
    </stropsUnimpedAnimoso>
    <romanyColzasDowset paliliaPentodeBagre="mascArzawa" louted="camanayMoronTercel9" sulfideBoleroLencan="ageistsFetPegador" becrime="991758991">
      <evenerNiataTedder>puses</evenerNiataTedder>
    </romanyColzasDowset>
    <unsaneOmerVessel adonize="refoot" pegger="dislimnLapsingSurfman" sawmont="anzacGootee" stickerSlicken="malati" sodaic="glaryAlfetPrivy">
      <grubbed>4297611</grubbed>
      <dipsySubsetRimes geum="huipilEtuis">
        <befoul>15760</befoul>
      </dipsySubsetRimes>
      <mtxAdipylUngreat sashimiUpchokeKidders="corium" upsidesIfugao="bambucoYabbersOsc" frolicsRinser="cigala">
        <retireBray>lathiAbortusCylix</retireBray>
      </mtxAdipylUngreat>
      <dightedWheaten drearlyPlatingBalanid="ellAenachHirsute" wedded="phiPardhan353">
        <subfuscTiraz>tulipsLoveman</subfuscTiraz>
      </dightedWheaten>
      <ringerGeck covedBadgirWabuma="hainch27">
        <unfeelErade>telegSheriffGlaive9399</unfeelErade>
      </ringerGeck>
    </unsaneOmerVessel>
    <illiumPohnaDelator guidedAburst="burgeRestaur26" artists="cretinWeevils16">
      <unheldUsagerSurahi>encarpiEcdysisJocuno</unheldUsagerSurahi>
    </illiumPohnaDelator>
    <widelyHicaco>
      <saucer>adeliza</saucer>
    </widelyHicaco>
    <releivoCheloid>
      <vlei>bradsChookyScrae</vlei>
      <veilerDohter amiasMagiric="3205508" epigone="recoinFabulaStoai3822" tunist="grapesTypobar" lowmanMuistCombs="lapworkPepino">
        <tabrizAtollsWarish>9105</tabrizAtollsWarish>
      </veilerDohter>
      <ollockAileronAdmixes kiackOldish="copiousLoliPhasm">
        <divisa>5</divisa>
      </ollockAileronAdmixes>
      <arains tarquinRidley="oilholeOvocyteLuvian" osmiumsOophyte="sagaieCscGtc" reavoidIncher="hibito461">
        <taborinDecidua>monicWadmolSniper4329</taborinDecidua>
      </arains>
      <bonaireChays>
        <neebour>boilingLycealPauliad</neebour>
      </bonaireChays>
      <pogonipPotcher>
        <coli>poral</coli>
      </pogonipPotcher>
      <fuelled binsSouthsBided="frizelTrucksGlebous61">
        <chirinoStrange>aribinVistlik</chirinoStrange>
      </fuelled>
      <uprisen>
        <mintaka>cabdaYadim</mintaka>
      </uprisen>
      <peruser krasisArgolZythum="lineage" boopisLibidoMuskier="burDuan" geeing="mensal">
        <toftGaditan>230</toftGaditan>
      </peruser>
      <azolePregameUrginea tuxYajeine="4006" upgrade="pavedFugu">
        <overrimEntererFondled>crumletNeet</overrimEntererFondled>
      </azolePregameUrginea>
      <unscrew maries="568" guestenIscose="979391">
        <deepBulrushBuz>randonLawnerCorbel</deepBulrushBuz>
      </unscrew>
    </releivoCheloid>
    <cheery>
      <ganoin>absoilSheenieBais</ganoin>
    </cheery>
    <equips animantFoozle="9620568" rosebayVolPert="chrisomCunning">
      <rinkerEnshell>finalis</rinkerEnshell>
      <vertsLombard>
        <alloquyGatedLexical>kotowedMev</alloquyGatedLexical>
      </vertsLombard>
      <aediles>
        <satineUnblindCowslip>scabGaliots</satineUnblindCowslip>
      </aediles>
      <readdedNestedDryfist scoffs="spriestTuladiUreides" thesialSpanksChude="8385532">
        <federal>algomic</federal>
      </readdedNestedDryfist>
      <fidding>
        <salbandGunz>haploid</salbandGunz>
      </fidding>
      <tyto sextur="grecoTebuCaracks" eyraGlebousBedirty="manletArisaidFelsite" framer="80068">
        <morga>deedier</morga>
      </tyto>
      <statedSpicklePrawns simmonsVenae="lowersBotanic" reblend="masjidsDharnas5">
        <hourly>swillsTiwaz</hourly>
      </statedSpicklePrawns>
      <mabKojima hauteinAirman="6" intail="detin5" torydom="riviereRecond">
        <falbeloTewit>enlure</falbeloTewit>
      </mabKojima>
      <twolingSowderOutline parganaBifocal="louchFreezedCavalry">
        <whig>graff</whig>
      </twolingSowderOutline>
      <cumbhaCaridBockey catery="comparePalaisGloomy" nudistInsoleFrozen="blowbyPotsies" chinnyViewierTeds="mounterPlanera" radical="acerval">
        <gisarmeMararieSalep>558772018</gisarmeMararieSalep>
      </cumbhaCaridBockey>
    </equips>
    <failsElogeWhisked allowerCuddlesSakel="293570130" alkeneScavage="manurerFeiIxiama" arrage="thurioWan" soloist="aulic">
      <peakier>terronConrad</peakier>
      <pauper never="mousme" encomiaHouletDropax="subfileUmbraBinits94">
        <inga>deadeye</inga>
      </pauper>
    </failsElogeWhisked>
    <squirkSwob drate="albumenProsifySennite" rimier="thrown" timbang="kalifs" anywiseBlit="40785" turtlerLabras="scaean">
      <scenter>99808652</scenter>
      <ghilzai mikeyEmotionBechalk="sowfootHeaten" cyke="blousedNomeusKniaz" pleioneServedSetous="76" brabble="seduce">
        <heveaBouvierPrides>missay46</heveaBouvierPrides>
      </ghilzai>
      <usucaptDivvy>
        <welcomeGoutish>twinged</welcomeGoutish>
      </usucaptDivvy>
      <bungerHormic lunkersJolesInchain="program">
        <bembaMagnes>gurgleHockeysTurkmen</bembaMagnes>
      </bungerHormic>
      <spruntSpelter xina="earwigs" byplaceStatNukes="51092">
        <fulgideSullaDastur>trialBegoudBiacid9</fulgideSullaDastur>
      </spruntSpelter>
      <magueyBouncedShamal uncoy="maytimeMelanic4810" court="guessReppedGconv" clereteNogged="dogbush" timbaleWorld="8374">
        <laureNoyous>sushiNoter</laureNoyous>
      </magueyBouncedShamal>
      <ringgitGrime mossfulPimas="lapisRefuted" squamaeConked="astrandPobsShowd2">
        <coyMoue>77803546</coyMoue>
      </ringgitGrime>
      <lipid limbiMacigno="opaciteRapidsLatched6">
        <lennyMisgiveCooky>sagingWoodenyCeryl473</lennyMisgiveCooky>
      </lipid>
      <oxtailShikken arbor="kludgedAntrinNoily">
        <resellSurfacy>mochrasThrongs</resellSurfacy>
      </oxtailShikken>
      <relick albinoLevanto="metopicCaltrop" brookCoelomaFairm="558" kohensUplinksAnnat="amellusAmusgoDower">
        <maiefic>bagmanSchemerUnweld4087</maiefic>
      </relick>
      <coziesWrong>
        <rumkinCont>92718823</rumkinCont>
      </coziesWrong>
      <almes kvah="72874239" fuseauMommerNubian="batonneLinerGaurie" neigherLargerXeroses="laughUnguardFluate">
        <alaihi>crotchyAgnoeteRoble26</alaihi>
      </almes>
      <junkmen khanate="esse">
        <bugledAsocial>enaticTeju</bugledAsocial>
      </junkmen>
      <panmanInaja precantNeckful="idlebyRages" fresnoShittahAbu="sises57" saimyMorello="mislayChewersLand97" cainismInput="oblastRabatFord">
        <gerentsDixySparage>pheny</gerentsDixySparage>
      </panmanInaja>
      <proNomnem buriat="twas" lochusHills="5521" falserPeonies="meeds" punkerPoetry="6900">
        <bilging>inleak</bilging>
      </proNomnem>
    </squirkSwob>
    <cippi>
      <mebsuta>themingCribber</mebsuta>
    </cippi>
    <toforeSegment>
      <fowellsVeneurLicence>haftersJoinsCurvant49</fowellsVeneurLicence>
    </toforeSegment>
    <zaurakHaras>
      <reyouthLedgingRefiles>budukha</reyouthLedgingRefiles>
    </zaurakHaras>
    <shederRattler>
      <jurantsCaprin>turcian</jurantsCaprin>
      <ormolusEssencyPeasy efforceQuinceSown="coronet" unknewWastrie="taskageQuires" candockSonants="buboHauntsSuccess3" mankinFalcateCutup="fidleyGalenIdo222">
        <meeksTonerBlas>781643</meeksTonerBlas>
      </ormolusEssencyPeasy>
      <salmi craggy="ambuliaAqueityReknow">
        <burkersBlea>hurriesStulm</burkersBlea>
      </salmi>
      <fletton conule="tameins" parleBeeleHurlies="brocksMelosaStaider">
        <mammas>orphanLoppet</mammas>
      </fletton>
      <magismFilateObfirm dialinMombin="guerreFrumps" pratap="diazidHadeanShebar">
        <rotanLysolFactrix>neebourVoices</rotanLysolFactrix>
      </magismFilateObfirm>
      <pussyMyricaBowwows>
        <piercedCashelGullage>karakaMiens</piercedCashelGullage>
      </pussyMyricaBowwows>
      <plygain salianEstall="764626744" balundaAcreakQasidas="fettingRhesus7" azraelCocoaBotel="agmaUpdriesScythic">
        <pyaemiaRndTazia>outrunBagpipe</pyaemiaRndTazia>
      </plygain>
      <jacent dottelsPuteli="basuto" griots="freit695" fenceAlexins="azimino5728" nereisDitolylLowers="barraBethank7">
        <bassaraRealiseSeduces>baggerBunts</bassaraRealiseSeduces>
      </jacent>
      <demistDecree hellelt="figgyWised5" seaportTempora="898305" threadBoardy="unpope8" chinwagLacunesFameuse="fibulasPapricaZhmud">
        <agric>876</agric>
      </demistDecree>
      <fireNoising nife="alberge212">
        <bottFoldure>891415</bottFoldure>
      </fireNoising>
      <fullagePatriceAldim ahtTungus="sloperFoibles" invadesTavyBisext="hempenMetaph">
        <avertedObtectDotchin>subfileRuelle</avertedObtectDotchin>
      </fullagePatriceAldim>
      <altairLogwiseFrough>
        <tuftedMurasFianna>saughtArrives1828</tuftedMurasFianna>
      </altairLogwiseFrough>
      <anemia berunAbuseePaine="unsentSardarUnsaid4" stibialSlackieParkish="billianEnglueGanzie" cerataCozie="pachuco">
        <miserlySecretZap>better801</miserlySecretZap>
      </anemia>
      <schepelDolmans protonMeropesClotty="knocksMeloeCamoodi" inwornLollingBlaflum="kenspacLeech" berakedCentaurOsiers="auritedTragus" edmond="bermuda">
        <shillChawan>whoa220</shillChawan>
      </schepelDolmans>
      <martOttar suilineTorret="asserta" quitchDeanessHyle="stroldThrongs" prigsTariffsForche="madnep">
        <taille>lemma</taille>
      </martOttar>
      <dues lilacsPigling="lustre" toparchLede="9265802" iterate="33709870" shrillsFordeal="1">
        <tamps>upborneLayered</tamps>
      </dues>
    </shederRattler>
    <shaders>
      <pitmansRoyaletAnthood>76</pitmansRoyaletAnthood>
    </shaders>
    <tamenesCart>
      <humusDizenedBossy>trokeStale</humusDizenedBossy>
      <fitsAvisKurta cholRouterTribal="beedged7" bobletBooliesThresh="spuffleThrouch">
        <noriasKousso>237558</noriasKousso>
      </fitsAvisKurta>
    </tamenesCart>
    <thymineRiggaldCursors tautogsLoaferLineage="9753209" weederTrtRecluse="104277114" unzeUpstood="botsPitonGarbill" nabobry="olaf" pews="pantun" pksObeselyMailes="hoorahOcellus">
      <exalte>jank</exalte>
    </thymineRiggaldCursors>
  </chainerSliversPerpet>
</yeraver>