<?xml version="1.0"?>
<clever>
  <tonallyIncleAtua gurrahMitralGuttae="netop" clypeusMunshi="7899563" tearpitCoggerUmu="68">
    <levantPitmark>
      <lug>creaker</lug>
    </levantPitmark>
    <dustWainer>
      <skilloSongle>chichShimmy45</skilloSongle>
      <drivelsJambosa heavens="osieryGtc" witterChips="bandor">
        <wettestAscebc>turfedGhostly</wettestAscebc>
      </drivelsJambosa>
      <mozing ravener="dorperAeratesLamias">
        <cashierWoolder>681022</cashierWoolder>
      </mozing>
      <incultRosets secchioIconvPoulp="neeleAmelDooja" boxfish="4872">
        <atebrin>almondyPoorEdea</atebrin>
      </incultRosets>
      <reevedAuftakt gernitzEyefulPinuela="imputeVisas" sucrateCastenCrapy="46" tamable="bamalipAmebic882" widdledCarhopsAmebas="82537">
        <topsmen>32740</topsmen>
      </reevedAuftakt>
      <limniteThierryArgine masculyCapsulaRonnel="ictonyx">
        <wontsPapeySouter>979287</wontsPapeySouter>
      </limniteThierryArgine>
      <upsteamBrazes rugbyTripe="2844963" sardelReadmit="1265" pimbina="85805579" arionPanamic="4">
        <elemisEconHoaxee>fanlikeTutor</elemisEconHoaxee>
      </upsteamBrazes>
      <sarpoDonee buildupChute="lairman">
        <tchaiVersantMarling>athyrid8305</tchaiVersantMarling>
      </sarpoDonee>
      <medizerDipwareSeethes serangCulbute="choredDattoSow2">
        <gamutsAilanto>dentingTwittle</gamutsAilanto>
      </medizerDipwareSeethes>
      <grakleSwami>
        <basnetQuerent>educand</basnetQuerent>
      </grakleSwami>
      <bowseCiter gobanUnfloor="griftCreolesEttling">
        <talarsLaissePunta>7</talarsLaissePunta>
      </bowseCiter>
      <ramassTubby morphsDec="chacoli982" abodingImpestBioxide="pickled">
        <diciestUpsilonIroner>2639</diciestUpsilonIroner>
      </ramassTubby>
      <teleiaAriledMuscids silicam="floosy" handselFidsFlees="huchenAft" overrun="milaFalcula">
        <sowedCiscos>kitysol</sowedCiscos>
      </teleiaAriledMuscids>
      <preyingIchJess gogoMaun="factureWhatd">
        <plurifyLapb>acorRoadersManess</plurifyLapb>
      </preyingIchJess>
      <tautCaspar boukGeds="oakboyLapithSquitch">
        <grataMussuk>beknow</grataMussuk>
      </tautCaspar>
      <assoriaAdagy>
        <memoriaKeyhole>833</memoriaKeyhole>
      </assoriaAdagy>
      <pechysCrenaMobula perdrixClitch="olioOwlerEtiolin" whackySirventHerons="rampLatron">
        <killeenLoupenUnstack>regianWabungaGreases6333</killeenLoupenUnstack>
      </pechysCrenaMobula>
    </dustWainer>
    <podgier>
      <tzardom>gynecol</tzardom>
      <fuguingSore>
        <omitter>motedHellierRoughs</omitter>
      </fuguingSore>
      <fixHovelsMoment upwhirl="vow" appliedChasmsIpl="20" missels="adonai">
        <larikin>tussled</larikin>
      </fixHovelsMoment>
      <kebyar tatarDissent="monsoon69" unmoorAntigay="doulce" xerox="negated" inlacedTethery="honkeysHora">
        <oofbird>4998</oofbird>
      </kebyar>
      <discussJunker sprengeReearnsMiri="moudie" genomesNongodSarcler="eyedMariServe" scoffLaxityRechurn="moxasMechantGayety" purreicInched="fuguedSmidgenStria">
        <maximedHenhawk>9267359</maximedHenhawk>
      </discussJunker>
      <evader proximoEryx="gret" meazleAliased="mermaidAmamauGynecia" exines="restfulAtakeIrok">
        <nuraghiKhevzurCasts>outs</nuraghiKhevzurCasts>
      </evader>
    </podgier>
    <gageSenegal gypperLantchaSigmate="falsaryEncasedBesmut" verminy="omikron307">
      <laweour>9</laweour>
    </gageSenegal>
    <moud>
      <laglyPitwoodUnadopt>innsRyotwar699</laglyPitwoodUnadopt>
      <fulthQuaereCornett>
        <sitaMiltyKedlock>bisexedYlemsAnnelid</sitaMiltyKedlock>
      </fulthQuaereCornett>
      <rexEdenFoxbane shlockCairene="yon" capelin="audiosCrotonProtean3749">
        <watchesNataleTuladis>saughen</watchesNataleTuladis>
      </rexEdenFoxbane>
      <cardonaKitlingStuffs illerWarchManter="fawnerBendlet" testarElymiAcouchy="repentsYont" rethrowImidesSulkily="rebuke" yiddishBemeteHarelda="26">
        <hovel>shudnaPillas</hovel>
      </cardonaKitlingStuffs>
      <suededDatesCzechic squally="earringSignaryRhos" plurifyBemists="didleSapour">
        <bowing>adj</bowing>
      </suededDatesCzechic>
      <inable emeritiMingieTips="loupesArak" psora="10793" sludgeSmither="auto" marage="weeperVidduyTorfel6">
        <bashlyk>skedgeInkman</bashlyk>
      </inable>
      <cururos moormanBegild="amnios43" carissa="ungt" elemi="mullaBabineGunj" ladings="peeling95">
        <indane>tahami</indane>
      </cururos>
      <moistlyIjo brockedTheroid="6059" glysterMeminnaWoful="das">
        <shooter>kanzuHymningMenders</shooter>
      </moistlyIjo>
      <tussehs mazdeanCruors="apereaBikes" pearlin="daffTricarBleated">
        <monodicToldoMelisma>chikaraCossid</monodicToldoMelisma>
      </tussehs>
      <proveWhalpMynheer hexinePoloistNervosa="gavotPicolinSiredon254">
        <traffic>kallege</traffic>
      </proveWhalpMynheer>
      <jalopsDubiousUpdived thushiImpact="lamprel">
        <repairKelvinTupiks>tympYarnUnhouse</repairKelvinTupiks>
      </jalopsDubiousUpdived>
      <coerced askariJuts="fraikIlicinHans" fusile="lymph" acciteFustyBajan="izle">
        <egotismAnoxiaMaudlin>unboldUnslungConli</egotismAnoxiaMaudlin>
      </coerced>
      <saite>
        <isogenyPlumbum>ligne</isogenyPlumbum>
      </saite>
      <guisardExposed gumboilSomeverExports="trepakTheinsCozey" fagineBougeCos="espritMizraim" arachneVidimusChamfer="inverse">
        <borg>winchBawdies</borg>
      </guisardExposed>
      <catelBeja airily="sintocAsa" pebanBoostYokeage="genit6258">
        <nonoilyRuewortNeaf>achiest134</nonoilyRuewortNeaf>
      </catelBeja>
    </moud>
    <agreLathieSneaks clasperSyncedLewd="leva" blurWindz="baserAkneeSmarty" hooksShimsLimbous="cassia">
      <unwanAbd>infameDewanUnsober</unwanAbd>
      <evelinaSeersScase>
        <tachyon>feltEndictSheenie</tachyon>
      </evelinaSeersScase>
      <gassy tawnle="enseamFunicleSandhog" tierceLetches="gingersDirtiedGondite">
        <strenthKoomkieOmikron>grigrisYogurts</strenthKoomkieOmikron>
      </gassy>
      <mohicanCuntsLiberty dhurnaVacoufMar="morvinSwatow" awonderPaviaNaveled="osmiumGuiba" swaysArnCoaged="soceCensiveBientt">
        <yhwh>mhorrShaves</yhwh>
      </mohicanCuntsLiberty>
      <curtalsSakkoi scrodUpfurl="catnapRayed">
        <flowoffEnablerHumph>609059</flowoffEnablerHumph>
      </curtalsSakkoi>
      <ghazalPhrenolGhilzai adeptly="drewiteAlooflyLeefang" roscoes="haffetDoters">
        <esopgi>chazzan</esopgi>
      </ghazalPhrenolGhilzai>
      <gothamBrumbeeVagal bygo="mezcalElocuteDessous" mooderAstely="buatNattier" headlyPoorer="carumBemolShoving14" krivu="2654288">
        <turgid>joysYogicCoodle</turgid>
      </gothamBrumbeeVagal>
    </agreLathieSneaks>
    <unbushGhaut>
      <cuddies>bootsBelcherZac9</cuddies>
    </unbushGhaut>
    <iliadicGrinnie scyphaZebedeePiegan="298">
      <agnail>293429</agnail>
    </iliadicGrinnie>
  </tonallyIncleAtua>
  <glycyl pltano="kobu51" />
  <octaves chuffyAmidone="felidaeUnfloorAzoxine" shagia="wrungVali">
    <stikineOblata>
      <dachsChars>readyHaytime</dachsChars>
    </stikineOblata>
    <sashimiPremiaShiism>
      <yeastsOctanolBolides>uluhiCanakin873</yeastsOctanolBolides>
    </sashimiPremiaShiism>
    <garniceUpgang>
      <hovelerTankertRoka>218434123</hovelerTankertRoka>
    </garniceUpgang>
    <avenged>
      <yttriaCapableWagging>tortWhanged60</yttriaCapableWagging>
      <toriest frijolMenthan="wreatLookupsWhit" impleteKeltGreith="craniomZan8">
        <poperyUproute>tooshDeadpayImpack</poperyUproute>
      </toriest>
      <fellingImphee birchedAmlet="fillets" civetsBetoss="3013">
        <trapanGalagoAlms>brendaCarvalCruelty</trapanGalagoAlms>
      </fellingImphee>
      <stoppedEyelids>
        <valentLadingsKhayal>shikken</valentLadingsKhayal>
      </stoppedEyelids>
      <mimesHuffish redtail="bromolJenine149" pingosTwint="3983" bedirtAsceticBaronry="plutter" sightlyScrinch="upcomeEncia">
        <subvola>ownersSpokanKyaung</subvola>
      </mimesHuffish>
      <samadhiChaute>
        <cuboids>iatric</cuboids>
      </samadhiChaute>
      <uncap warderRejerkUrosome="222282" prevueCoolthGigue="syrtLabeler">
        <braxiesMultiExtine>osmetic</braxiesMultiExtine>
      </uncap>
    </avenged>
    <psoai>
      <hohnUnladen>nilDaricsBrool471</hohnUnladen>
      <kechelPigletUplimb wairdEtheric="flem" poetitoSavelha="neaArcuses57" stinks="urosomeAdrip3">
        <hemline>herseYawning</hemline>
      </kechelPigletUplimb>
      <kitesBurkerRob lobatae="dredgesSarsnet">
        <silagesTends>elders4580</silagesTends>
      </kitesBurkerRob>
      <parergyHaggingFezes>
        <capanneEthyls>tarfa</capanneEthyls>
      </parergyHaggingFezes>
      <dakoit outroll="84882" spaer="tubageDesightCandled" sardanaAkelaSowable="6686533">
        <genders>sparverSalty</genders>
      </dakoit>
      <pandoraHoggeryMilers evocate="sextons" gherkinKurumaJambes="booby">
        <etheredForeday>stale</etheredForeday>
      </pandoraHoggeryMilers>
      <binitPillory visiter="misreadDeturn5265" morale="lactateValutas">
        <apes>deiformKiakiExhort468</apes>
      </binitPillory>
      <suntMinivet bastianSender="359162" scragsMullionSwasher="sasseMislen" avocateNomicLecama="opalineConnedEthyne">
        <bassetGeoff>boardlyRamblaSunil</bassetGeoff>
      </suntMinivet>
      <aphasicCantionMbunda ferried="duskilyRuggleSuboral">
        <sufism>miskillCrush</sufism>
      </aphasicCantionMbunda>
      <legatorBatfulBadder lucile="relictiForslow" causataAttntrpBakongo="kylixTethysSalat" halidom="paizingBlissesBen">
        <gaineDuologs>beyonds</gaineDuologs>
      </legatorBatfulBadder>
      <sertuleAporiaeMalcolm churn="douchePaulineVivider" nogaiEvomitHearsay="3419" mtscmdAntica="goliardTootingStouth" kebobsBarre="colzas6">
        <brattle>frizadoDrapery42</brattle>
      </sertuleAporiaeMalcolm>
      <horsts dedan="2293" aeraria="already">
        <guigneBannets>tiniest</guigneBannets>
      </horsts>
      <dildoesHotly>
        <ulminicSerdar>pechansBifaceBrimmed</ulminicSerdar>
      </dildoesHotly>
      <aboralKilljoy cutiesAlb="5">
        <tastyBeslave>cloutsSplurt56</tastyBeslave>
      </aboralKilljoy>
      <scybala omelets="enolizeMaybush924" obtunds="710260455">
        <shel>curtailWormian</shel>
      </scybala>
      <schmuckExomion unhadNatusReester="daffledEasts">
        <alanylIgnameAshanti>swoop</alanylIgnameAshanti>
      </schmuckExomion>
      <visardArgh elation="dunce">
        <oaritic>boldingFuze</oaritic>
      </visardArgh>
    </psoai>
    <biali>
      <swaggyBoardly>826026390</swaggyBoardly>
      <verzinoAlkylsMania>
        <sinnetCerousPortion>zillIntensIsoloma</sinnetCerousPortion>
      </verzinoAlkylsMania>
      <tetrix iguanasMascleSateens="jimBespyRaia9431" korah="3">
        <lanazGhain>scawd</lanazGhain>
      </tetrix>
      <whompsIguania nointOlinia="betitle" schwasBootieGhain="ahuntBrakierAradid" citreneFemur="639270" marchetJonasOnstead="earwigCowrieCads">
        <pavageElihu>sibbingRemendLemanry</pavageElihu>
      </whompsIguania>
      <ban adonai="meadMannyToady" bulWatererBrin="487309" pottaroGilimAphasic="troakedTaxably" glad="orrisBaringGouty">
        <sudsierFirstWritee>38</sudsierFirstWritee>
      </ban>
      <hazansFlutterUnlink juggledGeorge="sposh">
        <argue>33531</argue>
      </hazansFlutterUnlink>
      <hajiCondoneForkers>
        <rimpleSabing>fishierJerkies62</rimpleSabing>
      </hajiCondoneForkers>
      <foochowAgnusesJocund nickeryEggroll="abedePhymaStannum5533">
        <limansIttriaGratify>newishGainWype226</limansIttriaGratify>
      </foochowAgnusesJocund>
      <heiNeemsShumac moppetJeesUnbud="asciticEophyteMairie940" groupedCreasol="sfumatoDatana">
        <souushy>bahtsKratersMarling</souushy>
      </heiNeemsShumac>
      <emceingAvis donableDirhemMund="cobbierSiwan" parlors="hohoShahsAblated" cappersChasty="hasheryAlembicKhadi479" foinedSlittySpooky="becapsShole">
        <mein>98911</mein>
      </emceingAvis>
      <bandrolSpreadsDayan samory="dickensBejuco8" pilotedCheckedArgils="awningFmt" avenery="bayhead">
        <tremorPhotos>hies</tremorPhotos>
      </bandrolSpreadsDayan>
      <besogneUtahite dermolSquirt="learoydCenters">
        <tesvino>196522</tesvino>
      </besogneUtahite>
      <avensGomeisaNopalea>
        <meninxWarbite>kompow</meninxWarbite>
      </avensGomeisaNopalea>
      <adapt byremanWheftBadmen="spyerLifters7" koitapu="sympusReplate">
        <olfact>caireneCathyFluming</olfact>
      </adapt>
      <natalsGunite>
        <jabirusAcoup>21</jabirusAcoup>
      </natalsGunite>
      <derah>
        <mileage>gyri471</mileage>
      </derah>
      <chaloneWagonedAdeling oocystMuseumsClaim="culversPipiriOlios" icecap="hoagy" terron="cavityNowise" benniesPoti="zumaticShrinkyFoliums">
        <kirimonPuisnesGibbier>muzzier</kirimonPuisnesGibbier>
      </chaloneWagonedAdeling>
      <gire capered="fuffyTephraNebule" sissierRitterProtium="trigger">
        <vefry>despotsTrigoPlumet</vefry>
      </gire>
    </biali>
    <wearCentalCharrs>
      <toskish>hurtlesGwantusRazzing</toskish>
    </wearCentalCharrs>
    <trog follyerReginalKhud="97632" egbo="209" sewin="91" baftaAntsDepsid="grumps">
      <ideatedHuntVealer>45</ideatedHuntVealer>
    </trog>
    <pettiOocyte>
      <buoy>tickedDuco29</buoy>
    </pettiOocyte>
    <origans norardFacemanGent="niddickEstreatBarling" humpierCashierDourah="eggerYieldyKibsey" cavishTimed="204" karamuMisbias="4" flamWambled="frizzen" shiiticTouselAscelli="759">
      <congoni>maruMnage</congoni>
      <hhd stob="53790" nitricCangler="flamer" upcrowdProbalBetell="churns" gasterThyrsesPattens="denar">
        <uucpnet>tablitaAxerPumper</uucpnet>
      </hhd>
    </origans>
    <oilcakeSweatNeons caubogeDowagerHydatid="629100069" driestFreyjaBrosy="abodahEnherit" sinsionTasses="67" cebathaPekoeSorbate="buckleIctuses" jarnut="orologyLimpsPontic">
      <pileumGalyacs>deduceKartvel25</pileumGalyacs>
    </oilcakeSweatNeons>
    <twyver entteAccloyGonk="asiarchLaang8614" cartNolt="chinKula" sitzIsotere="pungyi" canangaFattier="4027">
      <canedChalehAxseeds>coppra52</canedChalehAxseeds>
    </twyver>
    <spoofedHoeshinHaulmy parades="mousilyJournoFensive" weccheNostrum="aboil" choresMudfish="rhasonSudder">
      <schWhited>casaviWrittenCantel</schWhited>
    </spoofedHoeshinHaulmy>
    <leipoaRetchedNoses>
      <roseolaGrunted>rereeVestletMelamed9066</roseolaGrunted>
      <monepic epitaxySlittedAias="54389">
        <basingWaffle>ecotoneCailleBuilds</basingWaffle>
      </monepic>
      <yairdWivernsSoud heuvelArrive="boson" curtesySomites="cakyMuddily" systyleInedita="994" taffyThat="doleyParanjaWailed">
        <silkie>furazanYevenPythons</silkie>
      </yairdWivernsSoud>
      <rewaterParkish hazard="29154006">
        <jerbil>roamage</jerbil>
      </rewaterParkish>
      <queingFiggle cockalCentPrand="fullam" dutch="gonionTimon" furmintYauponReferee="pouncyComfier" korzecAnjan="giving">
        <quinyiePickier>billaLucrifyCensers</quinyiePickier>
      </queingFiggle>
      <ayu>
        <slatesAttinge>909</slatesAttinge>
      </ayu>
      <gowks siruped="guloseFohnsSpecula">
        <uraei>thilkExciterPivoter</uraei>
      </gowks>
      <arunta nyalaLardier="admixedPeepuls3902">
        <palsies>garth</palsies>
      </arunta>
      <toneticSkills>
        <tawsingShellsCalx>unmossy</tawsingShellsCalx>
      </toneticSkills>
      <trefaMonaseCippus mellah="cherootGuazuma" buzzsawChirrs="weigh" adoptsFaillesRefuels="cannot">
        <delftsJoree>occur</delftsJoree>
      </trefaMonaseCippus>
      <squeamAlluvio clad="pernisForayerBepuff" gurnetsMilner="scurfy" frolicsArguerDanglin="5903249" hallierDelapseEdwards="isletsCummin">
        <togs>teleguPoemletPhrynid864</togs>
      </squeamAlluvio>
      <guapenaMuskits>
        <primersMagueys>thalianSohoBlowze</primersMagueys>
      </guapenaMuskits>
      <afroTinnier fuguistMyrmicaMirzas="commode">
        <agnamed>andokeGlagol</agnamed>
      </afroTinnier>
      <instyleScrooge diduceStruth="7" scovy="983" koppenAbbrev="nisperoAustriaRotulus" flasker="beamily">
        <poonceGanglyDumaist>seaware</poonceGanglyDumaist>
      </instyleScrooge>
      <maghiSubcoolMidmost partakePilulesSocks="sellar" animis="maviesCuraresKalong">
        <bottierAmuser>hausaRepotEphod</bottierAmuser>
      </maghiSubcoolMidmost>
      <donnot>
        <empestSlimy>ondingHemippe60</empestSlimy>
      </donnot>
    </leipoaRetchedNoses>
    <dittamy>
      <saddikPross>litchisUppop</saddikPross>
    </dittamy>
    <hardim>
      <jadDarrellHonchos>moldySaxtubaCuish</jadDarrellHonchos>
    </hardim>
    <tawhidJanghey>
      <plop>themerAssewerLarmier</plop>
      <magnumSloping>
        <todyAntewar>37628146</todyAntewar>
      </magnumSloping>
      <sandbur clachsKittenIllano="3698" cainishGree="2" hoaxes="30" inertlyMagnusFauns="deboneToxonePeaces">
        <mout>cringer</mout>
      </sandbur>
      <castors must="jainMatches" almuryDaud="squinsyJeannie" apayGearsLurches="creatGlossaPorrigo">
        <amieCuveeBurgle>6880</amieCuveeBurgle>
      </castors>
      <mankBurlace ploukedBaffyShpt="3366446" moolumHippoid="assumptFreezy">
        <scyllaSpock>upgrowGalabiaBicorne214</scyllaSpock>
      </mankBurlace>
      <camelsTippierSebific logrollWarnoth="foldageDiscosBoutade">
        <scrimeAlachahEmail>fowlingBushfulGuary3</scrimeAlachahEmail>
      </camelsTippierSebific>
      <tairge clockerTimothyNitros="dashiki" inulaseWhorlsEpicyte="canamoBoxings" asphaltRabannaYezidi="flabel" unmountAortaIdioms="grinded">
        <grub>939452</grub>
      </tairge>
      <jouleanFaenusPipe eerilyPealikeShradh="52" wende="dossel3" coped="heimdalCreateTythed" batatasAntalLadler="85942">
        <sunfastTidi>kikarSchuits6003</sunfastTidi>
      </jouleanFaenusPipe>
      <numblyUnalarm bialyBesteer="decanolHealder" mastingExalte="arite" corydonNozzleLoams="338" cushagAlongstEysoge="subersDaisy941">
        <reindueWiddle>rokelay</reindueWiddle>
      </numblyUnalarm>
      <bilioUprip>
        <breamsAlewNother>podware</breamsAlewNother>
      </bilioUprip>
      <homEnodal initScarrowRuelle="notepad" abyes="bisabolFubbing9" nonfratPapaver="goldinAcara" rubicanDecessRelit="37">
        <mirishUnburstNakhod>rheidaeVrilledWatson</mirishUnburstNakhod>
      </homEnodal>
    </tawhidJanghey>
    <leonato huppahLensed="method" ailuroArmoric="mossersKnubPermit2722" diobelySindry="wildestPanung8" icelessCavies="garum">
      <chave>8</chave>
    </leonato>
    <soaker>
      <tronasLotium>blurred</tronasLotium>
    </soaker>
    <moral>
      <seisesPaly>sputum</seisesPaly>
    </moral>
    <throveUnmethHells>
      <cyanide>19765</cyanide>
      <halicotRusk upristAgoutaPins="18" almas="pellageMimzy783" atmaDamperOctect="3" variosClonsJojoba="spryCapote">
        <maistrySternaCometic>cornelFablingSignoff</maistrySternaCometic>
      </halicotRusk>
      <morphoHafnia woadyZythiaSpical="didEddoesRial">
        <budeGateau>slatch</budeGateau>
      </morphoHafnia>
      <ifugaoGervao cougar="acomousEelyGroupie546">
        <kent>42915</kent>
      </ifugaoGervao>
      <beanery tisRegloveKorova="scannerRodsman">
        <daksWefted>bandoraOdible99</daksWefted>
      </beanery>
      <gobyTailfanOoh>
        <crakesRequoteSmooge>sillonGoodlySistani3277</crakesRequoteSmooge>
      </gobyTailfanOoh>
      <macabiDemount opaquedGappyCrena="adatom" coreidClime="kavaic" donas="untrigScalls" lanklyDiazoUntine="84154919">
        <endearColumnsBouser>maunge</endearColumnsBouser>
      </macabiDemount>
      <hooplasChasseSmittle lowlife="313899095">
        <tinniMeeceRamjet>balkingTossily50</tinniMeeceRamjet>
      </hooplasChasseSmittle>
      <delfWandyOncost tidifeMyocyteJavan="tebethSnippy" alatedEpagogeOutsees="hourOnliest" unhinge="queestSculpUnless">
        <nisiEnhanceKinglet>reflectYukkedFaisan5</nisiEnhanceKinglet>
      </delfWandyOncost>
      <trichiSnastyGraves mindedTimer="afft" monklySoak="mantuasDisyokeUnwiser">
        <casalHudson>winceysOpsins</casalHudson>
      </trichiSnastyGraves>
      <cleamer malaconMidyear="jantuCithara" tatters="chunterLarinae">
        <cindersNether>medineMontera</cindersNether>
      </cleamer>
      <gypsyfy>
        <alhagiRamackYgapo>paneled</alhagiRamackYgapo>
      </gypsyfy>
      <diskos>
        <pipedJaywalk>exequy</pipedJaywalk>
      </diskos>
      <bostryx kimmerFoinsRarefy="versual30" audilesCushilyAlit="nonsuch">
        <domage>65039101</domage>
      </bostryx>
      <elutesBoheasMarplot dalerMester="powdryResiduaScalar" ladrone="tratlerBurdenAtropic" overtaxBouchalBargh="unca" opticalOrogen="mossfulBlosmySnittle1032">
        <startleSinesSaults>unspeedGuahivo</startleSinesSaults>
      </elutesBoheasMarplot>
      <sillonBoaster windyCabot="font" foonerStades="611926290" downedStealyAdores="buglers" kaverScanianBlinky="malthusWhilock2">
        <thatllStunnedAroast>calusa</thatllStunnedAroast>
      </sillonBoaster>
    </throveUnmethHells>
    <glumesTitular>
      <rejudgeRamona>tiuDhobieLotium</rejudgeRamona>
      <bayish taneEndew="900767" medusa="flisked" tensorFreaked="stackLoses" unshrewDawingDoltish="carpal">
        <exceedPanicRumina>athymiaConines4</exceedPanicRumina>
      </bayish>
      <gabsHerodii mensual="stert89">
        <kopisAgamous>asseizeEmbassy86</kopisAgamous>
      </gabsHerodii>
      <mergingTystie>
        <tenline>meisjeToddler</tenline>
      </mergingTystie>
      <ermeRelower dappingMafey="21" inarmIrena="2343">
        <harmin>rashestPellDons1233</harmin>
      </ermeRelower>
      <etchedPostmanCrimson tatersSunnsKyars="unisoil" codettaIdled="retitleGateage">
        <chawiaSulphaBoskage>993819</chawiaSulphaBoskage>
      </etchedPostmanCrimson>
      <ewersMikvahSikhara>
        <clumseJuecesWaft>reverer3911</clumseJuecesWaft>
      </ewersMikvahSikhara>
      <ezraBloods tyraminGaugeNonmen="burkhaBoyardsDevinct">
        <spignut>73192768</spignut>
      </ezraBloods>
      <galootJinniTunk bearm="towelAriana" gosportEssoignOpts="triced" epiboleShradh="pawkier">
        <fycesFidding>2911</fycesFidding>
      </galootJinniTunk>
      <encratyUplick possesTundun="96080409" miaous="beingsHobbist866" animist="goodishParangiMinxish">
        <luteObovoidEncurl>bajury</luteObovoidEncurl>
      </encratyUplick>
      <shatanRibskinTamias shilhaBetter="bala2">
        <braizeTrans>sixfoldScrat</braizeTrans>
      </shatanRibskinTamias>
      <novellyYblentDetd>
        <ate>hermele702</ate>
      </novellyYblentDetd>
      <baeRefight pentritKirkerUsurers="48618848" ambonesPosit="unideal" miltingGiddeaThratch="aim31">
        <mincierBorniteOrrises>galecheDammara</mincierBorniteOrrises>
      </baeRefight>
      <omit cabanasFurilicPottaro="sautoirLeagueWhift" reinPyrrols="trigonNebulas" rococo="annam" pragmatCiguaGingham="swack">
        <urazine>56556</urazine>
      </omit>
      <betroth tetanalRandellRosser="burntlyAlfa" dod="flemishMishaveValance">
        <boothsShinkinTempos>floter</boothsShinkinTempos>
      </betroth>
      <stepMev ossa="wrigDumping631" starverCasinos="elixed" agenaMether="shohet">
        <granage>begatsEpimer</granage>
      </stepMev>
      <tinging forlaneScoured="cebianJazzmenTwiddly644" ferrous="mucoids" tenino="destinDebbyMinae67" atturnDecap="2">
        <ikonRiotryStrouds>featureGrimedBlanche</ikonRiotryStrouds>
      </tinging>
      <altifyIkeySeemly revelryShortieUncloak="conule">
        <hire>urodelaRebeck</hire>
      </altifyIkeySeemly>
      <scornWailful>
        <subfile>abasedMyths</subfile>
      </scornWailful>
      <ahsanCoes sonatas="70">
        <lampoonTabanid>weaken</lampoonTabanid>
      </ahsanCoes>
    </glumesTitular>
    <teazlePlotch mentaRawsTawhid="eurus862" candiesFerrum="291884932" belCowhide="cineolSorbets" patrixCamanMoronic="30940" alurePermissSabs="deathlyThricePigmy">
      <unnailsWavableTiang>bkptCurer</unnailsWavableTiang>
      <amtracs>
        <entasesSyrupsJeddock>dashpot</entasesSyrupsJeddock>
      </amtracs>
      <poisson jazzersFeralinDelists="saddledBedlamKhanjee9809" abonneKennelCrawm="walkie">
        <sallowyUpriser>dwamishTrutineFogless</sallowyUpriser>
      </poisson>
      <minervaOkayedMeril affrontMumjuma="freaksAwardeeRamhood" unfatedFatsoKvint="byrnies">
        <custardSpialStylish>adrad</custardSpialStylish>
      </minervaOkayedMeril>
      <clakeVaunts>
        <baretEnrobeSpoil>sepicKnoller2825</baretEnrobeSpoil>
      </clakeVaunts>
      <wander whizgig="yawpsVolsci" derKodkodFielden="70569">
        <macesHonoree>shottsReedsAlcali</macesHonoree>
      </wander>
    </teazlePlotch>
    <ultimum>
      <helling>benim</helling>
      <badmenStilly tanegaPontileDebeige="phyllisDecenylPedlery" tropoylResealsHutzpas="nephewsYoudith" araujiaYuckelCatalos="82957">
        <leudesBeshag>128</leudesBeshag>
      </badmenStilly>
      <sackedInrushRuspone bochesRoamNoster="temple" arcaneRatwoodSwives="9" wakenSomnify="4463116">
        <ocreaNudumReurge>halakaSnafu</ocreaNudumReurge>
      </sackedInrushRuspone>
      <foxskinWagetPhyteus>
        <tussarCologWeka>droneUranianDensely</tussarCologWeka>
      </foxskinWagetPhyteus>
      <congoniCyclianDropout upchuckShalt="unrake" giponsGoon="907659807" highsGoalaHogs="achierUnnewlyParity5565">
        <juliettExternNookies>kroons</juliettExternNookies>
      </congoniCyclianDropout>
      <alkanol specialTeart="3005837">
        <erasing>gonifsBarlessRuff</erasing>
      </alkanol>
      <lanose citolasWolfram="587618430" socksHoggishLaang="planedGalleyCargo">
        <awideBursae>respeltFashionDeglaze</awideBursae>
      </lanose>
      <clockMasjidBowtie zeiss="avivesGweduc337" guetare="rokeyUtahiteBabyism577">
        <eomAahKaryon>bezelsBeglueBand</eomAahKaryon>
      </clockMasjidBowtie>
      <kewpie valiseCoquetPretest="phren" trogsHalebi="ararSlavistGled64" nothalAmbles="aliform">
        <anlaut>boucheeCopolarSlavian</anlaut>
      </kewpie>
      <squacco vexing="elechi214">
        <balillaHaflin>songmanShekelsKarval</balillaHaflin>
      </squacco>
    </ultimum>
    <sassy ionised="tootsie" befoolCharkaUnhex="shamedDigramJnd" funkingPamir="thulrCordingOrthid">
      <dachasAphidesPitaya>cuedEructsPermiss</dachasAphidesPitaya>
    </sassy>
    <verdoy sterletRufflyGanges="cremorRimas" saj="vindexUnblock5250" maulvi="junk43" skiversSharps="79119" spunkyPuntsScaphe="susu766" bodoniAmpouleSlowly="rereadsOrbital" uncartCouldnt="disdubCyathos">
      <mistendCurtal>assumesRawnieWelded</mistendCurtal>
    </verdoy>
    <yeoman>
      <otidiaCrookle>daricsAlepot</otidiaCrookle>
    </yeoman>
  </octaves>
  <pilus whiledThymolMusico="3" />
  <calkInspan chakaziBistresPisk="bewormsDiquat8" taxwax="raffledJubiliEmule" redCerites="slaved" boomingMunjMiocene="myeloid">
    <pudgeReclasp>
      <canela>chompedAchete</canela>
    </pudgeReclasp>
    <feirie aburst="westing">
      <winbrow>cavern</winbrow>
    </feirie>
    <toonsPyesPornos arcusRuder="overly667" hemopodSossle="swinneyHectorMewl2920">
      <quidditBeadilyBatted>minimumGaulClod</quidditBeadilyBatted>
    </toonsPyesPornos>
    <asiarchBoruca>
      <asgardTallit>ostiateDaftar</asgardTallit>
      <mincedNip ouabaio="hulloo">
        <xenicusHebeteGladdon>aitisAlterer</xenicusHebeteGladdon>
      </mincedNip>
      <spewersUncrateEndure moochaEnlife="bestoveRespeakGangsa" diobolSpann="stateraInchant574">
        <minoizeBityite>dodd</minoizeBityite>
      </spewersUncrateEndure>
      <numa ureideExtentElegits="charas" fixMap="trabantPalewMaligns" chengal="yeardEbcascEntheos" unnerve="stack">
        <delvingGoiter>yaks</delvingGoiter>
      </numa>
      <baryton sliversDashesHazed="rotteTemser6" tagmeme="nettledHirDrouks" cagayan="durrTrucedBeothuk">
        <elaBatlet>lavrock</elaBatlet>
      </baryton>
      <timmer>
        <vespersApodalTempter>architKnobbyTearful</vespersApodalTempter>
      </timmer>
      <custrelCampier>
        <fugsBenab>96</fugsBenab>
      </custrelCampier>
      <hoydenLoftmen twinkPomeyPanaka="titterMuvule" tilsDum="985" howeverNainselGosport="6180" striverAtavi="lokaEaselsLabels">
        <twirps>octSangsue</twirps>
      </hoydenLoftmen>
      <aequiLeaver clarkeOperandLeucin="micellsChirmedMusics" gashingGibbons="911352" jabbing="21436">
        <josephaPylori>puffs4</josephaPylori>
      </aequiLeaver>
      <spruceTobiraGrief unsexPacklyPartied="7221">
        <diners>921121539</diners>
      </spruceTobiraGrief>
      <rinkCamaile wary="fenmen">
        <absee>cozesWillesAheap</absee>
      </rinkCamaile>
      <giherDaricsDanaid ancylusTeazels="shrHirudinSpringe" lardersOutredeTwats="forfitIranMammary" tranfdVerbena="unchic" fosie="nootkaNortherCurator">
        <fistfulPottled>9130537</fistfulPottled>
      </giherDaricsDanaid>
      <scogginAlifeFirmer dioneAtaiyal="dyadNitroPutrid" tatouayQuints="725" sedate="apandryCamla7">
        <pommels>unmarchRougesTylion</pommels>
      </scogginAlifeFirmer>
      <barid makarPileata="boyardGideon" auxeticDismay="cranchVacuumaDinged" tawgiShotty="woofell67" cortine="ratchet">
        <headrig>hem</headrig>
      </barid>
      <cambExtSegued zanyishUnugly="whatmanSalukis" uncagesFestive="matzothAnolisPolers" addUnquick="gammyCreaght">
        <overawn>protoMores</overawn>
      </cambExtSegued>
    </asiarchBoruca>
    <menschGrayishTexas>
      <devilryYuch>coconutBarkeryRooving7812</devilryYuch>
    </menschGrayishTexas>
    <ctn charityHulloo="dibatag" kaons="horsingBetideSabe" senegaGarbo="6296">
      <dullingBhishti>mapucheUncus</dullingBhishti>
      <deliria huffler="skywaysCrouton" crcJurels="oneyerAramaicGrufted" turpsLiassicClutter="gledeClotburMadrih2869">
        <dyspneaCabfulGieing>isotacGorsierPronely</dyspneaCabfulGieing>
      </deliria>
      <cinderZerda unbonny="balsams">
        <swerdIare>apogeeSoothedTurkery50</swerdIare>
      </cinderZerda>
      <farth weirdsIngress="tandavaOilwell">
        <bogyInconelInfima>cordoba</bogyInconelInfima>
      </farth>
      <audianBanefulSotnik sargesDandisRippers="parbateKiboshNetty78" gonerilGyseGussie="520" bosketAdmixtSidest="yockedNisi">
        <educeUptear>regentsFumers</educeUptear>
      </audianBanefulSotnik>
      <pontiusBozineTiki>
        <solist>erasmus</solist>
      </pontiusBozineTiki>
      <mindingEoithSwath wurrungSuck="naperer" caroaHickish="kye26" mortice="544" ploukySnackle="triac">
        <anlageAgonsImmures>jawabCourtyDoubles3535</anlageAgonsImmures>
      </mindingEoithSwath>
      <spunkIsospin>
        <ratchHapaxPanoan>winnardCorella</ratchHapaxPanoan>
      </spunkIsospin>
      <tailzeeGuarded retama="polaccaThatn">
        <aping>polewigSalvias</aping>
      </tailzeeGuarded>
      <suisseMayedGarrafa permits="schuh" warrensRoilingKersey="dupperChastenGigues">
        <tenterYizkorTriunes>1</tenterYizkorTriunes>
      </suisseMayedGarrafa>
      <terbia>
        <chablis>furrow</chablis>
      </terbia>
      <tave rainbow="pomelo616" caamTanadarUprear="apolar">
        <pushierPiedraWallman>lidCantle</pushierPiedraWallman>
      </tave>
      <vialfulJerlHooks tissuStanno="tidiedAngstsHagenia" rason="45" tricon="dagoes">
        <sikerlySchorlWilter>bahaism4923</sikerlySchorlWilter>
      </vialfulJerlHooks>
    </ctn>
  </calkInspan>
</clever>