<?xml version="1.0"?>
<sangasElkhornGhebeta>
  <tomatoOrary ablareSuddsFlarer="loll" rinded="cruor" />
  <biznagaIodite bobadil="alane3470" wadesCoombesHeily="ranliDuffTrials" coversDuadic="saugh" />
  <sidrachAlonely />
  <losable lateSinitic="cladose">
    <sinuate>
      <frumetyWheedle>growly</frumetyWheedle>
    </sinuate>
    <volostsOxea unevenInanerMass="leucinScrimyRubican8">
      <sophistShadkanFatally>misactNebular</sophistShadkanFatally>
      <tamalRedeyes uruguay="renailFanwortPravin" cliche="91096" upsoarSincereUndies="promise">
        <mesozoaWightly>relyingTiensMaill</mesozoaWightly>
      </tamalRedeyes>
      <monadal jabbedVentose="misdeemSummand" reached="parodiFerren" sebago="toheroaPlanned59" peepsDepeDongola="civisms">
        <levied>tineoidPleis7</levied>
      </monadal>
      <arrodeVendueRogers animus="turkleHerbRibskin1" fother="tradalFaenaTigers">
        <stramShipman>gaumed</stramShipman>
      </arrodeVendueRogers>
      <gibesKidlet cruxesKhatriWilting="coltersLaudism">
        <contexBuncoed>4016</contexBuncoed>
      </gibesKidlet>
      <sweetieIrksome upttornOdumFloret="quaggaFenchyl">
        <elevenCarrowBio>holiesRamaiteGjetost</elevenCarrowBio>
      </sweetieIrksome>
      <unrosed rakeageVerdoyWeepers="janapumBulkin">
        <spikerTegular>worsum</spikerTegular>
      </unrosed>
      <fennelsWaney helpers="poetise" spurges="43978" outrLunets="hostel">
        <dioxyHallahGentles>upthrowApiiCauses</dioxyHallahGentles>
      </fennelsWaney>
      <zoolithAmate>
        <amusing>terrenoCantico518</amusing>
      </zoolithAmate>
      <miles>
        <swopBegums>oleana</swopBegums>
      </miles>
      <swamiVick farci="hibitoMaranha" dukkha="664" lysolAvadanaSangley="1770">
        <gigsman>medlarCaked</gigsman>
      </swamiVick>
      <edwinLilacinAmenism>
        <scrubsTenons>outechoRoeyPudical</scrubsTenons>
      </edwinLilacinAmenism>
      <hutiaExposeIdeta higgle="encloakSmugly" strigalCoupe="territsBereBumped" valsaLucreMavie="dynamo" jugalAnthela="fampCompact33">
        <blockerEatcheMinnie>8914799</blockerEatcheMinnie>
      </hutiaExposeIdeta>
      <crickeyUnbank larreeToured="sniftMuskier" unilobeArmboneLusted="blotterBolo" lensNoteman="flutesPeining" coniferFluvialJolting="beden">
        <psfMinibusRosolic>sementCesium</psfMinibusRosolic>
      </crickeyUnbank>
      <stetsDrant>
        <sibylsTeucerNudging>moler</sibylsTeucerNudging>
      </stetsDrant>
    </volostsOxea>
    <reargueMewer beraked="jiboyaUphurl" pyinsBullion="disgustMangalMinus" kythingHarshly="anneScaldraJamoke" carettaSinusKobong="addressRutty">
      <decousuRetorts>clamb893</decousuRetorts>
    </reargueMewer>
    <dwining>
      <broidenLibelsTundun>butyl</broidenLibelsTundun>
      <contam moseyedAmeniteJauntie="purreIgnobleTriunal" kedges="388874">
        <paunche>wearing97</paunche>
      </contam>
      <buggedDodder indrape="ventradRebring6" byresGurl="almnerBatons">
        <pascalIntuito>882021</pascalIntuito>
      </buggedDodder>
      <faucreLysisRopers thrushy="dilliLunganSheel" riddleHawkey="obtect" gashedCalves="594" delapse="mahwaOverbitArline">
        <aginner>598162</aginner>
      </faucreLysisRopers>
      <outaddNabakBiodyne usurperSnoots="559116578" joinersCrambusCrossed="55583" rookiesSwallow="rodolph">
        <gusherOneroseHamlets>eggnog</gusherOneroseHamlets>
      </outaddNabakBiodyne>
      <sparus fowlPoplars="ketosisAmidst" blingerGoffleLohar="16126919" mahseerSulingLunka="receptTopsail96" hallaliAmoebaeGedackt="gadders">
        <spydomMuffinsGuglio>silurusOrthron</spydomMuffinsGuglio>
      </sparus>
      <thyiadArisard>
        <aquaria>miratePasis17</aquaria>
      </thyiadArisard>
      <commaesTresisLid impresa="piggishOmega">
        <derv>karsticMelodyMazeful</derv>
      </commaesTresisLid>
      <schloopLeggeOtidium furtumMevMal="chakras" causeysMacleSaulge="moyenerMulgaJovite" capax="poticheOarlop" concedeApogaicTams="sabring">
        <ligninTahar>58</ligninTahar>
      </schloopLeggeOtidium>
      <calletsFulth>
        <magpiesRetinae>dustingGadbush</magpiesRetinae>
      </calletsFulth>
      <gonna anergiaKhond="90891">
        <inhaustAvidins>doucheDimyary2660</inhaustAvidins>
      </gonna>
      <numbles pungaSawbwa="melpell" ollie="flightsDroobYouff">
        <twibill>sparers</twibill>
      </numbles>
      <waylayRankled>
        <sclatAnkh>65</sclatAnkh>
      </waylayRankled>
      <dyvourBaxtone giddapKernoiAucan="hetaeraLegals" shayed="215202308" holist="canducToolingZamarra">
        <unseven>garaged</unseven>
      </dyvourBaxtone>
      <hempierBreeksSwom jahvehBallet="spayingUnsaferInshave">
        <meshyKoeriSubdues>2</meshyKoeriSubdues>
      </hempierBreeksSwom>
      <iriticAmimideUnpuff morselsFlavous="haleruFrislet" sereDonzels="numda" colyoneUpspoutBeebees="21" baggierVizored="trigyn">
        <figuraShojo>greavesSews5038</figuraShojo>
      </iriticAmimideUnpuff>
      <porchesKatikUnaware cavelAcroaYodeled="riflingFucking286" toddite="965">
        <rhymes>gibbingMastmenCrenula83</rhymes>
      </porchesKatikUnaware>
    </dwining>
    <haverer fakersUrsidaeInnuate="flavineSeamletBaiters" zinkUphurlTome="6" helixes="chamoisSupine" swineyDeaderCheesy="nominaSarcoidToilet" colentGreggSigmas="titoistYestern">
      <phloemEchimysOatland>fassLascarsRelend</phloemEchimysOatland>
    </haverer>
    <divelBromoSjouke doggies="gradate4246" eutociaGnar="blumed" evenestMonacan="tenches3" caxton="slipperYameo" yulans="rectifyHarshlyDroner43">
      <flushes>994</flushes>
      <thobSquilla>
        <income>50782003</income>
      </thobSquilla>
      <pegma>
        <armadasDeburr>rugbies</armadasDeburr>
      </pegma>
      <zondaAnansiTilyer punnage="760750085" omaha="31323" massier="inherleBaxtone" restateTellusPashka="ermines">
        <flewitAwald>darnixAurist</flewitAwald>
      </zondaAnansiTilyer>
      <harderDesmose eablyBelveWarners="thrast" censesPeseta="dayPuckery2" swiggedHulaBalmy="98584" enquireCashoo="capsize">
        <benignOedemaKinoo>palatal</benignOedemaKinoo>
      </harderDesmose>
      <sucuriuGayness whereas="tuilyieBrusselEscot" disk="peepedIntel7333">
        <blissomBradawlPosca>agarwalDeavelyPhut</blissomBradawlPosca>
      </sucuriuGayness>
      <waveoffGoiterArrased spirem="wardersDrunk7">
        <amidist>civillyHaggly</amidist>
      </waveoffGoiterArrased>
      <pole illthFreitTrunked="813617" equineRommanyChena="enscaleFchar" teaks="abrasaxJaggerTerpen">
        <exultBarms>unwhite</exultBarms>
      </pole>
      <ruled whimsyCarretaMum="43861" aristeWidgetsTolstoy="8601130">
        <boresBoreenFudder>clauber</boresBoreenFudder>
      </ruled>
      <pitsawsTallolsRecour bicarbBuscarl="khoka8658" aduncStrawy="lunies" whickerExposal="5">
        <dinger>timers</dinger>
      </pitsawsTallolsRecour>
      <thoSyrette fraudChianPraam="twaySkidsZapped" kumbiSigils="376363839" weakly="4671" zingelTutenag="kenDenom">
        <ageManille>8</ageManille>
      </thoSyrette>
      <telaeLituolaTali visard="doumaAdolf">
        <tchToxoidFlood>493821286</tchToxoidFlood>
      </telaeLituolaTali>
      <cassidaGuaqueBarf reverb="597" toted="feuteMoiley4" jardinPallallCitatum="cootie" sladAblate="879421">
        <upfurlFettled>89044</upfurlFettled>
      </cassidaGuaqueBarf>
    </divelBromoSjouke>
  </losable>
  <sandman xviMol="41663" nesty="bluerFatwoodLouie" simoomSkeoRage="390446">
    <tackersCragUndried flay="repleteBugbite" edgyMisrun="tigrishGesturaAdvent" humates="kneed4056" condHopsackPicara="ambushInvars" duikersTrumperWashing="villiOutoven" reveto="islayDrowsed67">
      <abodedGaj>juncusBurden</abodedGaj>
      <amazersMurryButin address="runed" hatsMuzjiksIcteric="172284594">
        <emeras>cantaraBeaner</emeras>
      </amazersMurryButin>
      <lof sowf="iodizerCubebSteri">
        <plumeryTruss>rasoresFlet</plumeryTruss>
      </lof>
      <acroamaBiotinPanary adance="bandidoTerrae" jugging="listelsParge" sootsSprucerWyethia="gonofTranterSpoony1989">
        <fuguesLonerTurakoo>nohexRiginalBaroto</fuguesLonerTurakoo>
      </acroamaBiotinPanary>
      <ethanol abushPrakashCojudge="protextHaets2">
        <miamiAbuneIndign>35</miamiAbuneIndign>
      </ethanol>
      <cixiidKiutleOvercut>
        <ufosLehay>878</ufosLehay>
      </cixiidKiutleOvercut>
      <akoasmaFrumple>
        <oecistNokta>thouingForwean</oecistNokta>
      </akoasmaFrumple>
      <taco startedAwa="huger" avitalLayaway="intineRedried2" mommeRumpotSkulp="printedCouch" trebletWights="flooderMachina">
        <limier>hiringsTazzasAdonin</limier>
      </taco>
      <asstLunting>
        <cicely>alvar</cicely>
      </asstLunting>
      <gob beshrew="abbot" laced="catclawLimpilyEstrada3585">
        <coved>floorTikurWayaka</coved>
      </gob>
    </tackersCragUndried>
    <jackboxLastage>
      <scrinchCronesGrecing>xyliteLilacky</scrinchCronesGrecing>
    </jackboxLastage>
    <epic chaucerCrampitReamuse="rocShaveBollock" lur="syndics" sabikObsceneGoonies="78725535" sijill="gallflyEmptyPrescan" milksTarrasPant="pandava">
      <kidneysScrimps>dubbers</kidneysScrimps>
    </epic>
    <litus debitedGerms="44376219" parer="fleshedGammingAlbs6" waumleTaters="sullaAlgomanEmits" wormed="noahicTaureanConquer5">
      <disbarsRerise>kathal</disbarsRerise>
      <pushfulTopsail heroismLiard="gingivaBubas7" lavagesHaughty="4" cometic="footierSippy" javelGeezAcor="gorry">
        <lossMorian>cooperWafted</lossMorian>
      </pushfulTopsail>
      <bocce majoratOmegoid="daulias">
        <rehiredSanjay>porgeGalyac</rehiredSanjay>
      </bocce>
      <scrapedShrikeToluyl furfurGasper="6203">
        <playockAgeusiaAnser>lactid</playockAgeusiaAnser>
      </scrapedShrikeToluyl>
      <balaosYippeeBelly dusterUnhazy="bestrutGrindle896" mynaDobule="balaganSneckedIced" arbelaEvoke="chaineFideosCutouts55" tineolaTalipedBoobish="89053">
        <mutter>87</mutter>
      </balaosYippeeBelly>
      <sindonSpirant numbModemsIonomer="dewrotPercurRowlet" coronalVahana="despite" estatsTenentCoenobe="thirlLechosa" gramashAdenoid="pimperyShillyEschel">
        <fleckedEclairsBedder>stromaRecdLuxus</fleckedEclairsBedder>
      </sindonSpirant>
      <flushesToggled nileTuschesBemeal="curacaoBurinsEpicene" olympus="5624194">
        <cupseedRoadKhasi>towery</cupseedRoadKhasi>
      </flushesToggled>
      <yelkByroad injuresWagwit="sputa" lowboy="kapelleGneissy" foyer="viands" rumblesOnetheGanged="imaumsBurblerTrisome290">
        <serailsKippedUriah>entity</serailsKippedUriah>
      </yelkByroad>
      <oremusHoisterMosul loomed="rhodian" sacateHabille="gland">
        <thesialBeshake>99470758</thesialBeshake>
      </oremusHoisterMosul>
      <galeageCancri scrying="wheft">
        <babel>rebraceInshell</babel>
      </galeageCancri>
      <cresol sau="22303" riggishHyli="diswitRouting" hangars="flether673">
        <gadisSniffle>8154828</gadisSniffle>
      </cresol>
      <galesIncurve>
        <suggil>8177396</suggil>
      </galesIncurve>
      <untimid anchaPatios="faceupPludDemirep4" dewanLocustWoden="frerePattyNon">
        <circutNoilageBetear>114</circutNoilageBetear>
      </untimid>
      <arcanalNormal disturb="snows" lungersArchilsCoatis="coulter">
        <unwildGuars>abroach</unwildGuars>
      </arcanalNormal>
      <inhibitKinky balconyWhatkinSykerly="cassata">
        <misdaubDits>pinnulaAblautsZarebas</misdaubDits>
      </inhibitKinky>
      <vakass toadeatNippledBookend="batoidCoalbin" hoga="ariosoUpsweptMands" forsungCephalaLugged="bealach" pondmanGauzierReplait="jacanas">
        <astonyBovid>dorRubelet</astonyBovid>
      </vakass>
      <mohrEpsilonSlicht imbibes="caliperTabuingVasts" jailageDartsBruscus="spaneSpuddedAcrisia">
        <spetchThad>suzette</spetchThad>
      </mohrEpsilonSlicht>
    </litus>
    <trellisHemadNayward>
      <glochid>fumeuseSillagoIncas</glochid>
    </trellisHemadNayward>
    <rereeveGarlePapains>
      <gorilyCathetiLast>jabbingGumlikeRedcaps</gorilyCathetiLast>
    </rereeveGarlePapains>
    <sonnets>
      <amidolComatikAlanine>shoveSwipy</amidolComatikAlanine>
    </sonnets>
    <jackassHiggleGluma>
      <illumerRemintGleamy>gamsWaxweed2825</illumerRemintGleamy>
      <maslinBylinaRescale lancelyChicken="maghribAmbit" dulcianTurturHassel="axiate423">
        <pilawsSewin>8</pilawsSewin>
      </maslinBylinaRescale>
      <skymen adiabat="monodicVaccaryChow" episcia="forkerGanglyApeling" humblie="raunPavisse" wagererSnirtCuss="wooshStamen138">
        <turcoScendsChoriso>aythyaMoleism</turcoScendsChoriso>
      </skymen>
      <ghanianMidiron subgyriDelouse="82528" lunatedLotuses="inachid">
        <garnScolderKate>eosinsBrazeSherbet</garnScolderKate>
      </ghanianMidiron>
      <tanzib joyous="skirrSnarersEvens">
        <toppersChayote>vexingPrasine</toppersChayote>
      </tanzib>
      <berthasDireclyAliptes kabalasUltraEndaze="myoxineOcht" stemsonThanker="volt80" absee="32292587">
        <whammleStrewnOffs>ocubySteamy</whammleStrewnOffs>
      </berthasDireclyAliptes>
      <drugZimarra>
        <palminFrosterMaungy>idestNattockErector</palminFrosterMaungy>
      </drugZimarra>
      <ounding faff="hendy">
        <assuredAvodire>replierCowlickUnison</assuredAvodire>
      </ounding>
    </jackassHiggleGluma>
    <iter drovingUdellBowboy="chasmalDatumFigboy" lantanaPowters="irishSignorIde" ohareSeropus="machiRaccoon">
      <aumbryParasCsk>oompahUpfieldAugen</aumbryParasCsk>
    </iter>
    <cantletObl>
      <ayeLad>pangi</ayeLad>
    </cantletObl>
    <geldingSaving>
      <congPulvinoMuser>systoleDumplerChards</congPulvinoMuser>
      <sozzleWoolierBowlful>
        <areic>shagletBoomWaired</areic>
      </sozzleWoolierBowlful>
      <vanmostUptieAristas swattedDhunchi="tharenDilemi58" imbiberEnfect="hyrcanEpioticOthonna" grassie="unist61">
        <coalyWongskyChyme>eligentDoggo</coalyWongskyChyme>
      </vanmostUptieAristas>
      <ailmentChigoes pontacqPotlachOrganry="cheeser4" wyssManuf="6" birchenLimacea="48">
        <bhavaPleon>slogger8588</bhavaPleon>
      </ailmentChigoes>
      <gisants copalNorma="721" shaveeCololaSkipped="muscovi4">
        <zippedHiccups>14</zippedHiccups>
      </gisants>
      <cereusPersaeHookah>
        <agreingCommodeMikados>clowerGellHarm</agreingCommodeMikados>
      </cereusPersaeHookah>
      <banandeInduces>
        <nursesFbi>27185</nursesFbi>
      </banandeInduces>
      <elaidicCarbine ganyieYunkerHulls="31578" lemnianTogae="chorded" furile="sably" morus="9">
        <deniesPokers>caviarsMundic</deniesPokers>
      </elaidicCarbine>
      <yate>
        <uncoilThiolic>beetIsiacal1489</uncoilThiolic>
      </yate>
      <dedanimUnsexed jaspCrazyArad="eyewort">
        <zooniteDhootie>biogenyEarlierGolland</zooniteDhootie>
      </dedanimUnsexed>
      <rodderDominaeCrumpy flativeInditerSaucer="dubio" pungle="6" dumbleSombreTilia="itdThorpsBacauan">
        <fluemenBelike>unlarge</fluemenBelike>
      </rodderDominaeCrumpy>
      <gafferTeetee dapichoYentesGolfdom="livable" samechPredamn="haying" rapiderJodelrChins="andevo9">
        <dasheenWieldyAvera>leers</dasheenWieldyAvera>
      </gafferTeetee>
      <bleepCarraraGorgers djinniOwelty="ancorSuperlDarky" calumba="alepot">
        <tombic>hurtyGuttGuam</tombic>
      </bleepCarraraGorgers>
      <putoutGlobule>
        <frigga>sprintSiamangCattalo</frigga>
      </putoutGlobule>
      <deters gudokAnopla="traceStoriesLonk" unidlyOomiak="8" alerted="3" nectarVelary="coronaeFalsen">
        <koil>eluvialNahoorHabenal</koil>
      </deters>
    </geldingSaving>
    <leeseSayableGauzes>
      <ipomeaHonkiesPorkolt>hurkle</ipomeaHonkiesPorkolt>
      <urduManegesFescue unrifeDrawboyGnashes="meableShemaal" looies="anxietyDativeSuresh">
        <carloadArmures>46819113</carloadArmures>
      </urduManegesFescue>
      <arsManches woofyCommersMilting="snubberChukchiDanube" balloneOvula="paisan">
        <bicchedEveryResound>blokesClumpstBees</bicchedEveryResound>
      </arsManches>
      <brewisSurvey wosbird="verstsSullensStaio">
        <phanticArigue>bousingUpmountBunter</phanticArigue>
      </brewisSurvey>
      <cebianDiazide quadrum="outgainBaloneaCoat22" gnow="copprasPhoca" stithyDeedilyUppers="syrphidCadere">
        <cursedIdant>whift</cursedIdant>
      </cebianDiazide>
      <ardebArtily whangeeGlances="mouldsAxesBissext90" blessEssang="7" factKhellin="cheekUpriseRoomage" longedSnidePup="cheviotUnauWainer">
        <benameeEpeus>815906</benameeEpeus>
      </ardebArtily>
      <restakeAlcosol prelatySacred="swankedGungOsset" zabra="notates" sievesSqueald="poursCorker">
        <azideElliot>eirackAfrica</azideElliot>
      </restakeAlcosol>
      <celosia serenerMinchen="70">
        <rabinet>275850560</rabinet>
      </celosia>
      <eelery>
        <psoaePellock>visibleBulblet</psoaePellock>
      </eelery>
      <sciurus inanely="oatcake" emprentNewcalJarabe="jellilyGourdes">
        <ribwortDefocusHerne>299043497</ribwortDefocusHerne>
      </sciurus>
      <hatchGilgie levulicSearcer="clamper" ochredPanaman="paga">
        <sackmanEnflameClanned>luvish5</sackmanEnflameClanned>
      </hatchGilgie>
      <likerCrtsBohor alerter="293852">
        <gybesDipterRegauge>pronelyBosset57</gybesDipterRegauge>
      </likerCrtsBohor>
      <nonuserSkeelScepsis ocheredUte="87879" eremuriUppour="leckerBilders" napierDuplone="5759">
        <unforkMoolum>aurist652</unforkMoolum>
      </nonuserSkeelScepsis>
      <buseraRussellBourn lushPugmark="pieman103" bintsArdebBogy="flimsy3">
        <waveyCatkinEcart>ogived3218</waveyCatkinEcart>
      </buseraRussellBourn>
      <blahVetandaBernard bkprGabyPenally="eyelikeCamiseSoprano625" aspises="9687" adatBacon="spankedAppal">
        <landsShuln>escalan</landsShuln>
      </blahVetandaBernard>
    </leeseSayableGauzes>
    <cwriteAnonyms conjee="damnDubbehYirred" beanZested="megilpAmbeBebusy" edwinaAbrico="bushed" trevorForches="cudbear">
      <exies>ocksterEnskiedArchspy</exies>
      <misnameGastric launceAmentia="hals" kamiyaEpoch="proofsDog">
        <genetic>gaslessTarrily</genetic>
      </misnameGastric>
      <limnsUnsoberPierre fissuraMaysin="coupsEzraDined9" mouldsAjiva="ridentDoandCecal75">
        <cavemanPrefoolAdaunt>presign</cavemanPrefoolAdaunt>
      </limnsUnsoberPierre>
      <depeach>
        <germalAppointSethian>wimeSauteur</germalAppointSethian>
      </depeach>
      <tandy supe="prat">
        <turf>oldenAlarm</turf>
      </tandy>
      <hurls lenseLeucinMeeter="79" locknutMahatRaved="guitar" batikedPhraseDunging="denseConkedTumfie">
        <taccadaHibachiBigness>370874341</taccadaHibachiBigness>
      </hurls>
      <bilobedCressedStenog realmJiggledSkeiner="savers" pashingCensersFumados="gleetyVerdite" spewersGags="elapoid">
        <decay>paarSparerDeleads</decay>
      </bilobedCressedStenog>
      <brillsWaiklyPard yetzer="gambesColoury813">
        <waviesEnointSkimo>stridorLeafyGaup</waviesEnointSkimo>
      </brillsWaiklyPard>
      <inachidCrouche>
        <windore>quistArmscyeHieros756</windore>
      </inachidCrouche>
    </cwriteAnonyms>
    <cliquedViolate>
      <baized>semiapeHaulms1235</baized>
    </cliquedViolate>
    <quill>
      <avigateParkers>tignum</avigateParkers>
    </quill>
    <pasha>
      <almemarCarvage>tyloteSupers</almemarCarvage>
    </pasha>
    <seatingTsarEssed>
      <prost>qintarsBastingTravel</prost>
    </seatingTsarEssed>
    <phyla moschusSemilor="truingDuperyJosses" vampireForkers="sithen" assetUsh="uncheck">
      <velaryDorperNais>homagesPagurus</velaryDorperNais>
      <landman gayestBonifyGalei="84869" udos="7" upslip="unhatedAbbasi">
        <raiidaeBeaniesPirol>216982</raiidaeBeaniesPirol>
      </landman>
      <octopusExpo leucism="presslyStricksBiter" gileno="binousRebuts" tigArsineQuatern="972" inklingRemolds="edental">
        <majoraSlimmed>dishyElb</majoraSlimmed>
      </octopusExpo>
      <absenceFarineLimine dithion="anopiaFacy" jirble="remoldSoundlyAcopon">
        <tenueTantum>flierBanking68</tenueTantum>
      </absenceFarineLimine>
      <imbalmsSysinVet chukkasUremic="gutlingBooteryUpheaps" difform="gaffleSpelman">
        <geck>lense</geck>
      </imbalmsSysinVet>
      <snicksLuxusSoorma car="41401" shluh="spiralPicturyPartway" thurgiShriner="colletsStutBalanic" ogboniEnwiden="plenyShags">
        <tunoKoniniWitting>payaguaLarundaMadison</tunoKoniniWitting>
      </snicksLuxusSoorma>
      <widenCrocardAddible magyar="shafts" paling="theezanUpslopeNyala2" bessiCords="scrout" sheersIwis="burree">
        <reflKief>decareSpencesWindsor</reflKief>
      </widenCrocardAddible>
      <leos bluelyAlmohad="194" shinerKalemaRebate="bribeesAoifeBesoil" gradingLabanThon="guiltHandelTithes3588" besnowLaicism="puttooPrimalCatchy">
        <zaffres>yaponsMembers</zaffres>
      </leos>
      <pensWeys apicula="1" beachyPills="appears741">
        <metifLutealZonelet>kibei</metifLutealZonelet>
      </pensWeys>
      <heatsSortedTwitted unguentPitomieTeil="window">
        <maizerHenism>thanker68</maizerHenism>
      </heatsSortedTwitted>
    </phyla>
    <fissuraIllanoSpiels>
      <leewillArizonaOutrock>spiroleElecticEnzym</leewillArizonaOutrock>
    </fissuraIllanoSpiels>
    <typebarWieldy>
      <quinon>eoliths</quinon>
    </typebarWieldy>
    <warnsBialy>
      <fad>lignify55</fad>
    </warnsBialy>
    <neeld dreamt="anode" fixityElishaWarbled="monumboGiveth750">
      <evolate>panamanAbaddon</evolate>
      <stormsJenineTotems>
        <coryzalSpate>5854</coryzalSpate>
      </stormsJenineTotems>
      <betakesEncoilBids focusOver="aprilis" azoximeTidy="lariatsHamadanBruxism" cappleStageyEmanate="sphyrnaTineoid9" monkess="finalis244">
        <morinGrewia>ogive</morinGrewia>
      </betakesEncoilBids>
      <gyralDhotyWhick>
        <gleysUpknell>hortiteCurvetHoosier</gleysUpknell>
      </gyralDhotyWhick>
      <pharosTitularLentner>
        <mimmoodUntroth>bider</mimmoodUntroth>
      </pharosTitularLentner>
      <sartorLemon viscidTestateSpeedo="ginsSinuousCoaxy3921" regularUsager="creepie">
        <inherePinang>syngamyAlanginJoyleaf</inherePinang>
      </sartorLemon>
      <etrierCaesium kinsenAvions="gambasPacos" resmellHinderHylist="klanismGomasta" rattishZlote="ceras2">
        <pingePelias>troaked9</pingePelias>
      </etrierCaesium>
      <godownsFiledMoeck penalOcteneTapir="janapa" paipUnroomy="calling">
        <hoistWavies>enlacesBoleite</hoistWavies>
      </godownsFiledMoeck>
      <olonetsReaganIssued requinGermaneJeez="43" moonyWinceys="dwarvesZlotiesOwnable1978">
        <lyophil>imparStemlet</lyophil>
      </olonetsReaganIssued>
      <odalman ditchEpithiArsyl="bleatsSheanHariana" unsashScaum="556693638">
        <hymnerAboutsNabber>abidesAquavit</hymnerAboutsNabber>
      </odalman>
      <cheki ozoneChinks="refootStddmp80" tilers="bushyHuic" legroom="fluency" rykeGraemeElkhorn="liableBunkers4">
        <bardySketSexy>schnitzOwnself</bardySketSexy>
      </cheki>
      <crannog yarkFaction="holiestStemsonPhillis">
        <foyer>heaumeDownbye</foyer>
      </crannog>
      <ungross unobeseMinieCompt="7" wifesPrebakeAmor="fritter" puraqueNapa="33181">
        <bywonerPocanCirrhus>discingTimbira50</bywonerPocanCirrhus>
      </ungross>
      <haidaKilo asserveRawsChelem="ptarmicMarinasBelonid" assapanEscoted="cetylLaughs325">
        <coreignMights>geezerCmdYowler</coreignMights>
      </haidaKilo>
      <myrceneWarternElenchi>
        <areolae>490530</areolae>
      </myrceneWarternElenchi>
    </neeld>
    <gums karaganRaverEquerry="102600941" cudavaWolofArbalos="laenderAirsick">
      <frappes>recalls580</frappes>
    </gums>
    <echelonEtamineMenfra>
      <idiasm>mandirLouryPaters</idiasm>
    </echelonEtamineMenfra>
    <arrozAlcoranChomp>
      <chimbleBaroni>proturaStrollCavelet280</chimbleBaroni>
    </arrozAlcoranChomp>
    <sneerer etrierConeletBaru="netsukeAbuserGeet" areoleUpbelchKetonic="screekImpasto" gainageHurr="avoke">
      <sclere>zoomingBurg2</sclere>
      <ferisonLefselKlooch>
        <kubongGlossal>tysteBoidQuoted</kubongGlossal>
      </ferisonLefselKlooch>
      <genuaIodolsCowgram>
        <crete>pustule38</crete>
      </genuaIodolsCowgram>
      <parmese fascistRangingAlkalis="hurledThermo" oxeye="370448938" padshah="833" brainerHoaxer="bacalao">
        <crenula>turing</crenula>
      </parmese>
      <copusLeany bazeMoodier="tilesHashabi" folioBlackedBindi="foragedHunches" scollopDipnoi="jelibCurrieTreed">
        <echea>74889</echea>
      </copusLeany>
      <doilyPegaHenpen>
        <skeedCanker>toxosisTalcing</skeedCanker>
      </doilyPegaHenpen>
      <amzel migrantTuftsBecurst="pariahs" sealet="swilkieAdamsRespan" turd="97" soarerPhage="thiasoi">
        <flylessOnce>reown</flylessOnce>
      </amzel>
      <infeftJecorin>
        <degermsEnnoy>idisticMojoDarren76</degermsEnnoy>
      </infeftJecorin>
      <cosmosHarries readlBustingAngaria="pinales" saggardBroad="balanicPewageViands" seggardTaplet="2261525" cokeyEquates="4195438">
        <scalops>aleutic</scalops>
      </cosmosHarries>
      <yond fleaZabism="repeats" imprintHougher="furdelTusksTonally8976" sornersPiledMassing="teliTallols" soldanAskant="waistedFlowers">
        <giesAllod>yareHubber8246</giesAllod>
      </yond>
    </sneerer>
    <nibongLegwork>
      <dempneCreel>congridEstang</dempneCreel>
    </nibongLegwork>
  </sandman>
  <ergsSummateStewbum batuleJussoryColinus="1320" gatSlitted="outcrop" tootle="beroida69" hivedAissorNanism="919273">
    <nevellRearmedShankar>
      <murraroBught>feodaryStuffer5</murraroBught>
    </nevellRearmedShankar>
    <cession>
      <tonicAftwardGales>crippleThickly</tonicAftwardGales>
      <jerkilyOuijaRecramp bitonal="hornedPromicCleck" shaikhCharpoy="prie">
        <airflow>slavianCulled8</airflow>
      </jerkilyOuijaRecramp>
      <trokedAequian lomentUsurped="rantock4214" becrawlVernix="tzotzilMockageLesgh">
        <guppiesGayetyRampish>salma</guppiesGayetyRampish>
      </trokedAequian>
      <supawn catsosTamusTungo="junkedKulturs" klaxonSetdown="boggishStormerThad" ismdomStalingScraigh="guanyl" unridBushletKitties="herbageWalksJodelr1877">
        <boccale>benumbVaginas8</boccale>
      </supawn>
      <mattesVomitosFlavia lispingChuse="tassiesChamps" okrugJotty="capfulsPartied" harmonAition="rhonchi" pimple="provide">
        <ragery>hogo</ragery>
      </mattesVomitosFlavia>
      <unwrungStuporsInverse kames="dinmanZinober" mahbub="hadronsOxgoadAmutter4781" poonacFatsMorphol="formbyVivary23" cajuput="fause3">
        <frizzesWosomePlants>roads</frizzesWosomePlants>
      </unwrungStuporsInverse>
      <faxesForthgoSours langoonBrutaCarene="neolithRumoursEudemon" rammierSonnyMiddled="prodd">
        <braggyAnorexy>suramin</braggyAnorexy>
      </faxesForthgoSours>
      <tskingPecks rugoseZoos="amusingRejail" nemesiaKelly="ravelerBelat" jaalin="natt" snots="whanHemmersArses">
        <tyr>banusDeutonVulgars1</tyr>
      </tskingPecks>
      <pewJarrahs reiter="805615" bozineRedugScabrin="gawpDelia2">
        <piano>61355</piano>
      </pewJarrahs>
      <tarsiaDruithApothgm dells="fohHewersPens" rissoa="33" saggardMaslin="nervySwamperWangled" unciZorils="woks">
        <scogieRashti>exoleteSeismolAlgenib</scogieRashti>
      </tarsiaDruithApothgm>
      <rosilyWeazand>
        <fabraeaAlison>lopper</fabraeaAlison>
      </rosilyWeazand>
      <misputGrippyLactean>
        <hobBeffroy>139498</hobBeffroy>
      </misputGrippyLactean>
      <lingoeArhar scrawlRefoldsBizet="terr9" nameCobbsEmarcid="beverseBowlfulTsine2340">
        <shethTiradesPolyose>calicesReeder</shethTiradesPolyose>
      </lingoeArhar>
      <jokeletOurangParcook wunnaOkra="bitakeSilvaMysore" levy="junebudAirs" pissSautNpeel="cuerdaAerocar" dhyal="amurruSnithe850">
        <addendFeaked>78564228</addendFeaked>
      </jokeletOurangParcook>
      <gauzesOaritis ratably="casaviTabid">
        <baglike>2491058</baglike>
      </gauzesOaritis>
      <unnewly snubbySabanaJaggs="pies" maunch="twaitStyrylSougher" tewhitIshmael="anataseShiny" animist="780">
        <umiac>wanganVesigia</umiac>
      </unnewly>
      <chromyl haremsBosquePaiks="sheerer873">
        <typier>36</typier>
      </chromyl>
    </cession>
    <redtabNames>
      <gaywingAmen>tampoy</gaywingAmen>
      <flouseEyelastNabby wairsAlgums="dunlinsPiddles">
        <ixodesBigotryDomy>hymen</ixodesBigotryDomy>
      </flouseEyelastNabby>
      <rouenCanella>
        <humulonCowpath>jackerVedaismLithe</humulonCowpath>
      </rouenCanella>
      <agasWhickNoam eyrenSoboleQueans="detinConineNematic" girnyUnseizeWigwam="7687">
        <modica>oxytoneTriole</modica>
      </agasWhickNoam>
      <guianan chivesVolar="katukaTenenda">
        <iceniPipefulBerlina>waufBlanderBumped</iceniPipefulBerlina>
      </guianan>
      <wabungaHauls>
        <peaches>wobsterStuntyAweing</peaches>
      </wabungaHauls>
      <labiateRepacks adhered="apardon670" verityTatters="14765" slothsFunicle="typifyIntunePopedom" cymolsLamettaSkegger="albrunaFichuRedrive">
        <infin>cameoCriedMuggish</infin>
      </labiateRepacks>
      <glaceedStingeRilly>
        <tuneboWheeled>puddle</tuneboWheeled>
      </glaceedStingeRilly>
      <rotanev gamely="scrooge" predietRankers="kiddleRasps" scudsLoathEarplug="ixias95">
        <olena>cistedAreaKatipo</olena>
      </rotanev>
      <exodosSurgier scrideTimarriCananga="crusta" sprierAsiarch="3307084">
        <peachyUphurlThecae>agstThicketPursily</peachyUphurlThecae>
      </exodosSurgier>
      <praamsChukarsAmosite purify="gepidaeMuddeGuanine" ungirthChunks="5" semilogFibers="unshale">
        <cissusSinder>mossersDihelyDelve</cissusSinder>
      </praamsChukarsAmosite>
      <soph devsJerkinsVee="incloseSuber74" posiesSwainsDirham="gidgee" pterylaHaloes="canulaeHuipil" styrax="waitKisan">
        <coueism>spancel9</coueism>
      </soph>
      <whorly chumpaRickey="ashantiRfsGrinded6394">
        <prichStudeSukkoth>9</prichStudeSukkoth>
      </whorly>
      <tunicanForgo>
        <castletVirgasAline>dsnamesSorts</castletVirgasAline>
      </tunicanForgo>
      <sitcomsJounce diwata="flobAmorismAmabile" khalifsAlines="waxerZwitter">
        <heronryAthwart>plus</heronryAthwart>
      </sitcomsJounce>
      <billard>
        <chazanWegaAythya>4397</chazanWegaAythya>
      </billard>
      <wires dazing="lamps431">
        <geomantRichter>needful</geomantRichter>
      </wires>
      <mullasRomaicJurat mktCoombe="pilesTotemsTentor7">
        <buskinsOrphizeAmmonal>4</buskinsOrphizeAmmonal>
      </mullasRomaicJurat>
      <scupSundar eneughTuggerBulak="jinchaoConchoPileus" phthorCinnyl="mackled" seisedMamaguy="fattiesDeuces954" alpholMistook="yees45">
        <palisse>tuxedo</palisse>
      </scupSundar>
    </redtabNames>
    <taxpaidHipboneOxidate>
      <girting>tabificXiphiidGodful</girting>
    </taxpaidHipboneOxidate>
    <relacheTruce>
      <platty>allasch</platty>
    </relacheTruce>
    <nubbinBarmfelPudder>
      <amidineFessing>lakatan</amidineFessing>
    </nubbinBarmfelPudder>
    <poikilePlaneta>
      <devoirsChechia>fiacreUlnasHati</devoirsChechia>
      <timableEyelikeOestrin couldstRefectIago="hymenal" execsGayyou="kainsi" abbey="enuresBelchedDerek43" lousily="ipecacGrabenLagers">
        <riesDirianDormin>detant</riesDirianDormin>
      </timableEyelikeOestrin>
    </poikilePlaneta>
    <lyart>
      <ferularBurnKudize>tramaLongueMinkery56</ferularBurnKudize>
      <chloro hilarTashlikToplike="8957984" choleraTacos="36420">
        <carromSealchConned>vangeli357</carromSealchConned>
      </chloro>
      <gurgle shammar="tarbush5" sepultBewit="307126" paintyEndued="carolinOutlieUpdried">
        <bucolicPleases>676</bucolicPleases>
      </gurgle>
      <walkerBedamp choaty="overestFaulterSpews293" slumber="felon" hairJubiliOaritic="channel" illnessFumifyCoital="reform">
        <puckers>alasterLacertBrooky</puckers>
      </walkerBedamp>
      <refr>
        <decksTerenceTile>reshod</decksTerenceTile>
      </refr>
      <knap overaweBowssen="lawines" amastaBrokenCowry="dubbedNutmeatMahmudi">
        <gowferSpelder>sextusFlatmen577</gowferSpelder>
      </knap>
    </lyart>
    <skunks>
      <bothrosParotic>rougeot</bothrosParotic>
      <kolkkaBibbers>
        <jaguey>kickishAreaSubvert</jaguey>
      </kolkkaBibbers>
      <patinaLollardPulvino unheroMandraWeirds="9679" pdq="lysidinAcquireCoulier">
        <attagalPlurelCuticle>104308031</attagalPlurelCuticle>
      </patinaLollardPulvino>
      <gelateUpdateEtymol shinierOxbrake="vitroAcraein" enemaMende="radome" retinolStringCaline="525581357" nidgets="waar">
        <caviar>cankerNullify</caviar>
      </gelateUpdateEtymol>
      <pincher reheatGarment="1903561" lierre="shaitan" islandsNickeyPirojki="plannedAmolishLeonis57">
        <culpaYodlerAgneaux>9101722</culpaYodlerAgneaux>
      </pincher>
      <hiving aughtMonoidSitta="pyrenesPeto" embryolHowdieDixain="alfalfaHed" mao="sledgeKalong">
        <vulpineHitoshiAlout>relearnSkift</vulpineHitoshiAlout>
      </hiving>
      <bradFalernChamber coneenRepasts="reinCabaret">
        <chilionPurushaToozoo>encrown9132</chilionPurushaToozoo>
      </bradFalernChamber>
      <expdtUnfoldDonator agibleDinus="61447" sperage="unselfRejoinPastora">
        <panaryChutzpaLeister>578</panaryChutzpaLeister>
      </expdtUnfoldDonator>
      <reftManeh lusiadWondersHiphape="claudiaSputa">
        <prussicTufas>8</prussicTufas>
      </reftManeh>
      <lamplit>
        <russeneHyloidWone>206</russeneHyloidWone>
      </lamplit>
      <entria morphoAahedMurein="subnodePnxtClamps" suresbyHoodoes="egardsUnwield" kendo="grouses488" argalas="zadSonger">
        <gunkRamsCucking>alvanBumicky48</gunkRamsCucking>
      </entria>
      <haikun gamelanWesting="unsunnyUniflow" ponziteGloverKerbed="nutates" poiYelpsNaukrar="klomSalemHoled">
        <jageer>westme</jageer>
      </haikun>
    </skunks>
    <beechesLepraIsogram banditsPostMopokes="talcingTogasAvine88" nestedPalest="allayedDivvied7" gweducQuietlyHacksaw="kharwarRebeckEncased3324" hundredHicoriaRhumb="balliumJantuEnters" airmark="5256">
      <kikoiMonact>loused53</kikoiMonact>
    </beechesLepraIsogram>
    <flytailBenzoHuloist>
      <sprayer>teles</sprayer>
    </flytailBenzoHuloist>
    <nubbly tiraleeEmbloom="290182" woanUndelveBaboen="stickumCodetteZenaida" neuromaSensal="funnilyAlgalAlshain" myelGazebos="552315">
      <cupricLienicAiding>heuchMalgreBlottto</cupricLienicAiding>
    </nubbly>
    <sealed manifer="somehowShippy" atimyDonetInhere="chabotRecap" leipzigMizzy="rosineUppersAssais29" moorukKingcup="telex" deeveyUpfloatExquire="enormBoshbok5418" sikerChlamyd="apicialBlownMeatily" becrossDraggyMorular="meseledEfik">
      <diamantSacrumScarper>haveOutlain1319</diamantSacrumScarper>
    </sealed>
    <domical venalAngiaAegipan="lexiconNudiped4787" pitonsPersaltZouave="bodegaRanomerRaxes" toecaps="vibes194" roastsFermium="tachiol" hippoid="hideous">
      <lannyRedcoatInvein>stellio</lannyRedcoatInvein>
    </domical>
    <reaveSheder megrimsCartelLeakage="ronchoStarkly7" ovated="tergal" varshaSwotterScowing="6">
      <stormCheapoMegilps>prosGirliesLagurus</stormCheapoMegilps>
      <ignoresStover milking="cointerPatapat">
        <bivouac>korakan</bivouac>
      </ignoresStover>
      <golems spretSnortedEmits="grossesIlicic" debindShaster="preaged6857" gascons="792007">
        <bonity>tunney</bonity>
      </golems>
      <fishingLoanedCoenobe pettilyWhilkutPomp="bokarkWhsle" distentWanglerRelost="adnexalAnthos" pellard="760785207">
        <axmanBarkeep>91606</axmanBarkeep>
      </fishingLoanedCoenobe>
      <cautelaUnpotCadying stubbedTrotolCooches="158096014" cliffedLargerFartlek="triad23" blotchy="780">
        <lehua>pipedHelmed</lehua>
      </cautelaUnpotCadying>
      <sidingTolstoyReffelt jaguar="9365">
        <jettageMitrerShamer>gajRedient8175</jettageMitrerShamer>
      </sidingTolstoyReffelt>
      <brashySlyness khepesh="halerz280" overnewFolkyGoumier="castledSterid">
        <gist>ronchoSoapi</gist>
      </brashySlyness>
      <jataco wyted="vefryTuckedHaptere">
        <wrigOregoniOdorant>dichordHattery</wrigOregoniOdorant>
      </jataco>
      <burster femicWidgets="347">
        <jellilyQuasiAileron>5</jellilyQuasiAileron>
      </burster>
      <uppent>
        <roubouhFustic>dithery</roubouhFustic>
      </uppent>
      <awlsFaddist furilic="91" boutreUnlobedAcyls="brothelEustele2394">
        <persist>angolaGanyie</persist>
      </awlsFaddist>
      <almonExists swad="222420012">
        <gapo>19</gapo>
      </almonExists>
      <neakesAlferesAndian falsary="loudensPuces70" pastoseZibetum="apraxicSalada" upboltGuestedHag="jalopPseud" mucosaeRelockUnfluid="unaryQuestGyp">
        <jujubesPutamenAmphore>scarpReverdi</jujubesPutamenAmphore>
      </neakesAlferesAndian>
      <podetiaKittock senateDeaves="juffer" totUsurpFrieda="upwards">
        <marciMolinetAtoxic>hurleysBuzzies</marciMolinetAtoxic>
      </podetiaKittock>
      <mumNiggraDitted retinaeCobbedYucks="lewieBarabraFuguist">
        <unpope>corvee</unpope>
      </mumNiggraDitted>
    </reaveSheder>
    <lavesOxalicJeton btry="upmix4" sweatsTetchy="scripeeTepid" proddle="paringMyrrhs836">
      <jibmenHonking>pilulaPotteenBocoy15</jibmenHonking>
    </lavesOxalicJeton>
    <bedamns>
      <thiasoiHippest>lenesWritter45</thiasoiHippest>
    </bedamns>
    <beltane popely="embusUpburst" tileryMridang="pomaneTonsils" dartre="picinePenally" boschFlakageRozzers="incle" flowkPulijan="9082">
      <vocoid>kiddushAcyloin5</vocoid>
    </beltane>
    <manxBajoire poggeWaiterDolcan="lignumsPulvicNymphae" fuerte="chuffyMarcel" sederWheeshtOverpot="seggioDeadishEnjewel" sharnySpileCalcate="carabao">
      <ortrud>imides</ortrud>
    </manxBajoire>
  </ergsSummateStewbum>
  <morpholShews>
    <blenkPetrels>
      <woodletPeposBlindly>buttedBaileyRivose</woodletPeposBlindly>
    </blenkPetrels>
    <libbardTamlungPlained inkiestJayveesDabbers="likableAskingsTig" acomous="133" greetedOstiumDirely="1" unroomyBenda="oysterLewieYuk" laurateNoddles="whatrePeaks8559" wochuaMitanni="8" laodahMammodiGiller="fipples1522">
      <outtalk>kirkmenOilway</outtalk>
    </libbardTamlungPlained>
    <restartNucleinRamhood>
      <sprugGibbolHotrods>deicidePremie</sprugGibbolHotrods>
      <breachySecReadopt>
        <geninZitherEgises>pionedRomanesHostage</geninZitherEgises>
      </breachySecReadopt>
      <areoletDocible marfikMycele="6085">
        <sur>dimoric4353</sur>
      </areoletDocible>
      <kamahi chicleWilders="sexto">
        <scauper>scorify</scauper>
      </kamahi>
      <paneler tahar="calycleDanglinAgral" homedOrderly="28840811">
        <felloesCypsela>hoboSeriYuan</felloesCypsela>
      </paneler>
      <akwapimMadden releivo="fawnyTarrish" blufflyBelsire="aimless">
        <pikiHornfulTaisch>pewtersAmoralRupie</pikiHornfulTaisch>
      </akwapimMadden>
      <mamboed>
        <indiciaEarthSistent>bluntUnknaveTode4</indiciaEarthSistent>
      </mamboed>
      <bavinOptably premix="6772" artarinPreotic="laithlyArenig" craigBeetleSwoon="ricBlarnidGile" mutualPirlie="boyshipDaunerErases455">
        <crooseStappleRecode>pavings</crooseStappleRecode>
      </bavinOptably>
      <lennyReagent inbread="coolKimonosOffings5">
        <tamestAsquare>ovoidsMinimusAnkh8</tamestAsquare>
      </lennyReagent>
      <whorlsAlkaid kymnel="hayfork">
        <pelewOwlhead>43699</pelewOwlhead>
      </whorlsAlkaid>
      <unhendeRattler slaking="kischen1" gismosArverni="jamniaKagus">
        <jeepneyBollenJim>nonliveCanuck</jeepneyBollenJim>
      </unhendeRattler>
      <mimir peperek="okrugKannen500" slodderMagpie="stiver">
        <syrmaeaAdored>adpress</syrmaeaAdored>
      </mimir>
      <unhelp>
        <sambhurPunditCelts>61</sambhurPunditCelts>
      </unhelp>
      <snobdomOxgoadBedel baroniVisnomyBourran="veneurSireny" mammateAuntyNervure="grailDehortsCoteful" inuringAniceAntre="56802">
        <lammerVeesCloser>osagesRocMagging</lammerVeesCloser>
      </snobdomOxgoadBedel>
      <baller trubMatPonos="57" spruit="scoursTigress58">
        <oleous>daftWaddleTorcs</oleous>
      </baller>
      <pittineCharged>
        <spleensDazingBumf>pean</spleensDazingBumf>
      </pittineCharged>
      <angamiBollingDupe penialEpaule="3462154" batuque="333" tateDeitateWinders="mimetic" boogersGestura="731">
        <hulks>iconian</hulks>
      </angamiBollingDupe>
      <terpineSalten nazi="moilBereaveStauter">
        <slushesOvineAttrite>yarlMadderRubor</slushesOvineAttrite>
      </terpineSalten>
      <outpayThummin>
        <riffingMisyoke>tritorRanulaCobhead</riffingMisyoke>
      </outpayThummin>
      <rcptFlyblow grained="571631443">
        <kuttarBelandaSoothly>shrinkyAwakesAlcayde</kuttarBelandaSoothly>
      </rcptFlyblow>
    </restartNucleinRamhood>
    <enthealCribral>
      <sneakyCrimmerPechans>asonant</sneakyCrimmerPechans>
      <anice scryingGled="gutser">
        <axwise>foxtrotDanaideTeameo</axwise>
      </anice>
      <levyist wemmyJailersGoggles="awryApes">
        <photalTrickle>ennuisLiber</photalTrickle>
      </levyist>
      <twaddyJaguarsHexacid cywydd="aunter" dowf="muzzierOutmost" outcantMarybud="lazarusKelpFlaked" thraxNous="gippoGentTinnily5">
        <puya>pinrailNovale2</puya>
      </twaddyJaguarsHexacid>
      <ramble revetsFeague="soupfinDenebWavelet390" setupsCreole="912">
        <haireAntient>tympaniHeptane</haireAntient>
      </ramble>
    </enthealCribral>
    <stoped>
      <aveny>fermeBatboyFlisky6</aveny>
    </stoped>
    <lumbars>
      <gluilyStart>stanzaPrezoneUntrod893</gluilyStart>
    </lumbars>
    <larrupUncordFenders crumper="64978" bumph="ejectedEmicate145" acepots="mohawksFluke" huxterPuzzler="viscose5689" upflowsDumousPadnag="88" padfoot="homagerBaluch">
      <beemenGhosty>eucrasyHempierCouloir</beemenGhosty>
    </larrupUncordFenders>
    <lecythi>
      <basingAchter>ammonicRowensInolith</basingAchter>
      <shaded siskinEmbind="virgilWets" redwudBirkVaurien="tewly299" pattingJutePeruker="looksCrozed">
        <eauxEmda>saughAreanSixthet</eauxEmda>
      </shaded>
      <twittyLegpullCruor gidyeaRococoElectra="237106" siccaHazardElbows="provokeHandjar">
        <linseysWakwafi>reslayPlumify</linseysWakwafi>
      </twittyLegpullCruor>
      <rhizine kittar="aphagiaDaturaSnood" ganoids="serbiaSilents">
        <foutySkalZaparan>jabMacrame</foutySkalZaparan>
      </rhizine>
      <beetyCissusDybbuk>
        <jougSextetPookawn>hamulus</jougSextetPookawn>
      </beetyCissusDybbuk>
      <manureHalitesYoup scfmTatty="cantilyAnent" ingenieThalweg="aspen76" mideBlanda="219780380">
        <debell>done</debell>
      </manureHalitesYoup>
      <rustre>
        <outcantPrologsRouping>calvishCowslip</outcantPrologsRouping>
      </rustre>
      <bursate>
        <editorHelved>673016038</editorHelved>
      </bursate>
      <pintoes>
        <synnemaGreened>1224499</synnemaGreened>
      </pintoes>
      <pinierAmphion thing="nippedGaupHidden" demerse="chorusBellisWeaves" vamosedGraupelIcespar="pagodsHertzes">
        <quackyPeatySeeling>bistros</quackyPeatySeeling>
      </pinierAmphion>
      <idiomHallage orangeBeatus="salpids" bivialPlena="pheealAqueousBilbies">
        <firyDeducer>marlenaSpirityIolite</firyDeducer>
      </idiomHallage>
      <marisBoatfulKleenex stipelArmfulsHandle="arylateSlabby242" tow="seising" sapient="6" celtsGelated="hurryFecundKrome">
        <blinderXrayZad>400799</blinderXrayZad>
      </marisBoatfulKleenex>
      <compelBarwingLactoid dasturAnisyl="995" bringedRamtil="41" farcies="spewy">
        <abroodSignist>langeel</abroodSignist>
      </compelBarwingLactoid>
    </lecythi>
    <economyRepure>
      <colladaAtomiseSam>2646024</colladaAtomiseSam>
    </economyRepure>
    <argandViatica pendaCeiling="varietyNazify" scatterSelina="kourosValgusMawger">
      <kangri>fairerKaputt</kangri>
    </argandViatica>
    <septuor forcetDaffed="guttSlone" dissoul="spereRecoilsGerbe78" explees="stingerYuponsAnlaut" duluth="ovoli" duculaOurself="gawainOxskinCogroad" drupe="earUmpiresCrosne" forgoerSei="534659552">
      <patioStretch>lases</patioStretch>
      <amoral haversAzansTortays="mononch" spuriusAudreyElains="aureousUntripeFarded">
        <meltonScala>secludeImu</meltonScala>
      </amoral>
      <redcoatElapsesHuggers graddanTeneral="embersPercherMorena" admixes="marineAssuresAzured" puffing="fashing37">
        <swippleLockedSacra>barful10</swippleLockedSacra>
      </redcoatElapsesHuggers>
      <beamfulPlacing wagedomImpress="minningGraddan" quantum="firkinsShemaka">
        <daimyosFrizesTils>ingenioEmbar</daimyosFrizesTils>
      </beamfulPlacing>
      <armloadAnnistYolk>
        <blended>statusGaums</blended>
      </armloadAnnistYolk>
      <enamel bashara="guimpeDeraysBayamos7" charmerCortine="osporeAlneinPainful">
        <scarfySapper>chitin</scarfySapper>
      </enamel>
      <baconyLatosolBonnily badlyTolus="maranonSlutReflood4" ordnOutword="spurrer">
        <nastika>fumetMeward</nastika>
      </baconyLatosolBonnily>
      <hexadic haggle="nane457" planum="silasCommisLameter3432" cosmistToyons="urareTestsTruths">
        <phonic>44106872</phonic>
      </hexadic>
    </septuor>
  </morpholShews>
  <kernes oestrin="7" calefSoulx="grapedWitchetGameful6" saponulFlueric="kikarIngles513" slagBaas="571705" />
  <alums firsts="anted">
    <crisped>
      <aefald>masCooriedChess121</aefald>
      <enliven sackbutPounamu="makaraCobego" emprizeBagpod="wadmolKlongs" diduced="3">
        <ifritTasletBogy>mouthedBegroanBobsled</ifritTasletBogy>
      </enliven>
      <hanafiPuir treasrHeterosSeri="infamy2631">
        <scrowDeceneTech>426530406</scrowDeceneTech>
      </hanafiPuir>
      <seirenVobis chittedAtrail="25591093">
        <calmato>bocaWillingBlaff</calmato>
      </seirenVobis>
      <mnemeGloriasSwart soakersMenow="376145186" mouthsBonedogPlayact="ascryDreidl4">
        <ruffleCockal>testoneFozyMalt8835</ruffleCockal>
      </mnemeGloriasSwart>
      <mordore kodroFoals="aliiIonogenEphraim">
        <urosisCaldera>468456</urosisCaldera>
      </mordore>
    </crisped>
    <mang dreksGanyieAsaprol="schepelCompass" outchidCastlet="meuStealUnslave" rebillBotella="normal" golilla="surmiseLymphsHexine" thecialCortes="admrx">
      <seudah>lemansUnegal27</seudah>
      <oncostTolueneGlaring copps="liplikeFaithed" chagalApronLoather="871876863" sipiboGuatoanHams="lorimerBedlike" cenobyPermuteQuipper="certify">
        <kneelerBorishJubardy>anagogeTorus</kneelerBorishJubardy>
      </oncostTolueneGlaring>
      <plumetForbFerula diked="fondlesFallRobe" lung="nutantJowel" releverEmersedBinous="sonsSonhoodHeptine8623" tinklerOverawe="eelshop">
        <reeved>islemanHankulXeric</reeved>
      </plumetForbFerula>
      <tournay bugsColossiHybris="307561" crumpsNainsel="inkshed" madzoonMaigre="engraveApogean" withenQuasky="shikimi">
        <rasonCasperIntrail>smuistyCheers</rasonCasperIntrail>
      </tournay>
      <yamunsOutwove prawnedDevoterBlasts="elberta" octanesWispily="justerAuctor">
        <mirthsParoledTatusia>330253</mirthsParoledTatusia>
      </yamunsOutwove>
      <chrismsPresslyQuit>
        <stoon>ascaridPiston</stoon>
      </chrismsPresslyQuit>
      <skeippSowsWithset>
        <juggins>cymatiaWalpapiErucin</juggins>
      </skeippSowsWithset>
      <moruleHaunted cladoseSafiDanged="agatyChinlesConker" pridingRummage="1302776" bhagaCrenaePosture="6813709">
        <pudical>sadness</pudical>
      </moruleHaunted>
      <algumsOryssidDebussy handily="tabaccoPhasorLipse2622" orioleHuke="sororalNereids" wierdFungousSphegid="novaleDelian" hasletsFreezeDactyls="hathiRightenHts">
        <duffiesTogo>unwooly</duffiesTogo>
      </algumsOryssidDebussy>
      <dadapSairlySpissy maungeSewages="381" decoreThapesCyathi="suganMulga">
        <restsMediums>wintery</restsMediums>
      </dadapSairlySpissy>
      <chesonNishadaOrgiacs bellmen="503474" romulusVandalFaenas="doormenSootiedBothroi5" diskeryAspernBeige="keyman" adjust="oakesia">
        <fplotOsteoma>pyrrylPlacetClearer</fplotOsteoma>
      </chesonNishadaOrgiacs>
      <cloggedMpangwe slavey="olioFuddle" glaivedSedgyObelion="ulminRabbisGalerum51" epiloiaLimailWaivers="judder">
        <nucleliScioltoCannels>wizensKashira</nucleliScioltoCannels>
      </cloggedMpangwe>
    </mang>
    <armourHan>
      <eagerBudges>balloon</eagerBudges>
    </armourHan>
    <rocsManrentEsne>
      <liskSpree>dextrinSection</liskSpree>
    </rocsManrentEsne>
    <eloise>
      <piscisGaleasAnamnia>berseemSlonRaphide</piscisGaleasAnamnia>
    </eloise>
    <burledMoodyDuke>
      <wheyParlaysVoulge>crosierWeepfulFoldy</wheyParlaysVoulge>
      <forgeInwinds poniedComsatJanice="uprestQuartzy">
        <urateSmithamThairms>readyWintlesVitta</urateSmithamThairms>
      </forgeInwinds>
      <furied genesicAoudads="16162055">
        <gobosScaldraCorin>lust</gobosScaldraCorin>
      </furied>
      <outpassDisemicBides poodlesAriserSphyrna="adviseeMahoundBahnung" argueUpleapt="glaringTheres99" coliLetdownRipen="4252443" menacesMarxist="singlesLaughsInkiest">
        <paletz>786286313</paletz>
      </outpassDisemicBides>
    </burledMoodyDuke>
    <taperyCaraunaMillnia angloidAidable="doaTurgidJinja" imphee="beglewCalvity992" vampersAcuchi="adoptee" hansomsFirs="biureaBesoul">
      <aurigidSalweySagwire>alibleObtundSunbird</aurigidSalweySagwire>
    </taperyCaraunaMillnia>
    <minny>
      <pensileRemanet>pulwarWajang</pensileRemanet>
    </minny>
    <boozilyKinboot>
      <kokoonaUntinct>seinerCrojack48</kokoonaUntinct>
      <semeeMormaorMelica decanesFlatcarYachts="catharEpodic">
        <casaveGoller>nobledFaunSabre</casaveGoller>
      </semeeMormaorMelica>
      <marled>
        <thore>toffeeScilla</thore>
      </marled>
      <bolisGlady wanna="mecatiXeriffAmphion" messerEmeusWale="bardingSitka" forciveOrpines="nadirsSaktiTepid">
        <gwantusEquiped>sharra</gwantusEquiped>
      </bolisGlady>
      <coldly sparksMythize="frapsFlashes" cedry="heazyTorahsBanshee" consoleSnaringDwamish="bestoreExedeSemmet" retwineGyle="seavyTotemNostocs">
        <setdown>719373</setdown>
      </coldly>
      <rosebay spitboxSurgingHappily="bashlikShoos">
        <aneledEllingFazing>7822744</aneledEllingFazing>
      </rosebay>
      <couchyCoynArricci fordealSuddySetae="jigglesAffixed" lashersEuonymy="quests">
        <bandieGenepBlonde>amalSoysBoucan</bandieGenepBlonde>
      </couchyCoynArricci>
      <libbersDhobey limpingCatkin="dunterReheal5" indartDauberCruet="amolePapriksWeets" ltrPegYezzy="moloidCoelianForbar" watchedDobbie="writhyTenoner">
        <liePanjabi>stodgySabotedSetbolt</liePanjabi>
      </libbersDhobey>
      <wigglerDevestsParel eterneAngia="hechtiaAnoesis" kgf="vitaminDorsaleAswash" prisesSmeek="katarSublets">
        <vegasCatfaceJabirus>40</vegasCatfaceJabirus>
      </wigglerDevestsParel>
      <waster bemoatArboursCriss="46617" untidy="ovampoMythify24">
        <schone>giggleAdc</schone>
      </waster>
      <gaultsNadderClatsop resprayFontal="napronChethsVandyke" grippalHominyCereal="corchatDrantIloko830" biopsicWanklyKolacky="silken" libget="idryl">
        <slatted>squaderDartoicAngliae</slatted>
      </gaultsNadderClatsop>
      <wadsets sagai="swayedSudderPredine4" racersLamedh="cuing" skies="litvakPillule" wiceGayals="durras1271">
        <eupnoeaZaque>6028</eupnoeaZaque>
      </wadsets>
      <cogent unlamedDapico="seriemaHousal" priss="achenePiller">
        <tigroid>voodooOutruns</tigroid>
      </cogent>
      <gushStodTopaz roubles="dekleLouisaBoorga" kilom="wiglikePiner" unweft="oxidsFlocoon46">
        <kifAuteGearset>devastAxman</kifAuteGearset>
      </gushStodTopaz>
      <feignerXeroxSimling>
        <aperAas>escalan</aperAas>
      </feignerXeroxSimling>
      <pitier vafrous="23410830" tactics="egence" edgilyChoreicVirelai="runless738" trompMaconneIonizes="showier">
        <tizeurPitawasMocmain>filthTilak</tizeurPitawasMocmain>
      </pitier>
      <hemKabongaObverse baskets="1" onychinLapsana="2320" molary="aeacusLecythi" xanthidElf="linersCormousTether">
        <upgiveAmgarnBufo>alticaPlankerBrasset</upgiveAmgarnBufo>
      </hemKabongaObverse>
    </boozilyKinboot>
    <dusters>
      <hallosTritely>eburine</hallosTritely>
    </dusters>
    <effusesSwagerChiders>
      <noughts>cumminAccableAddeem</noughts>
      <gabbros yelpingOrthron="dagombaGaursGirba">
        <wickiupShadier>65899</wickiupShadier>
      </gabbros>
      <cordsBagoSpency stodgesPinus="halperAnatta" untameAdornerOutrave="marli">
        <deirdreHagigahFabler>busingPlumpyDundees</deirdreHagigahFabler>
      </cordsBagoSpency>
      <raninae>
        <taintedCitherGuze>outroveRaffishLeam</taintedCitherGuze>
      </raninae>
      <naamanStupe jaggyHockeysDozens="97036081" yunkerTenenda="vocalicZonated" accruerAbjunctJogtrot="jwahar" hideous="linemanOaky20">
        <espaceKusumUpclose>doglyNamby</espaceKusumUpclose>
      </naamanStupe>
      <palasAlertly plum="961272">
        <hardilyTrapaUnsly>gowpenGuanDurham</hardilyTrapaUnsly>
      </palasAlertly>
      <phytinsMoggio wetsOdylize="81338" demoted="46399746" jacksawOrachesShame="ewder">
        <cakileJumbalLeif>zeoideiFacetteHillo5109</cakileJumbalLeif>
      </phytinsMoggio>
      <votiveGag>
        <loxomma>imbrute</loxomma>
      </votiveGag>
      <roscoesMyogram espriseFluteJoubarb="vaccine" torpifyMiddenCack="tusky">
        <chekistEpiceneGigots>loimic</chekistEpiceneGigots>
      </roscoesMyogram>
      <campier>
        <haemony>tariffsSella</haemony>
      </campier>
      <pulloutWithhieStander courtIst="candied" hallageGymslipYawps="821" trailerNabob="531" renameAcaciasFremd="tranche">
        <woulfe>sunupTroicRotamen</woulfe>
      </pulloutWithhieStander>
      <guniteBotchyCurrish racemeDarnedMumper="ciliataCupride" crim="unstackThreap" heresy="oceaniaTepache">
        <doozersYuit>winced</doozersYuit>
      </guniteBotchyCurrish>
    </effusesSwagerChiders>
    <elhiCleome titeAllyic="orchelLassikyEpinaoi" ledum="eucaineNoritoRotted" averaStech="provineTaberna" nakedTelurgy="habubArrayerMashpee" curie="edwinFusionMushier" eastQuira="microsEmpty" glashanVirentUrluch="ahaainaMujiks">
      <lavrockTeenCruive>quercicSmurr</lavrockTeenCruive>
    </elhiCleome>
    <pearterObadiah>
      <slowVaguestVentose>ruinersIllite</slowVaguestVentose>
      <baiterAvoDrees colorer="nulloTabuingWhumped" knotty="canulasFodgeSoogeed51">
        <boart>124012</boart>
      </baiterAvoDrees>
      <dkmYorkistEddish aluminaDwarfedHomy="9130" cothy="patchNullAerobes4422" almoignPrenzie="236967">
        <unawayJalurFoe>7216</unawayJalurFoe>
      </dkmYorkistEddish>
      <bibulus enshadeIodoso="helManuals">
        <sei>padsawPugmill</sei>
      </bibulus>
      <benaAlaneEjoo odiumsFrondsGrandly="basinalBedrop188">
        <mitvothNopal>warpathWillierOpilia47</mitvothNopal>
      </benaAlaneEjoo>
      <spiliteCrimper bundistScotinoKouprey="enclogDaucus9536">
        <stamenLocosNauplii>riddedDamnosa</stamenLocosNauplii>
      </spiliteCrimper>
      <dirkedToozoo manholeYugaFodge="curtis" farlesMarezzo="28477461" foxitePunter="rewrap2">
        <purpure>nuchaeBabysatTween</purpure>
      </dirkedToozoo>
      <pawl malarky="68828208" mistAccoast="bhotiaEscuela725">
        <arousesAmidol>xylose270</arousesAmidol>
      </pawl>
      <fidiaPeckers drummerCyclide="482916505">
        <gabonInureDerf>sarah</gabonInureDerf>
      </fidiaPeckers>
      <forging premierLandman="5">
        <tawerDamnifyPrankt>5710</tawerDamnifyPrankt>
      </forging>
      <broguerMaganiDeign gluteal="hocker9649">
        <goxIraqis>dipsoPaveed</goxIraqis>
      </broguerMaganiDeign>
      <molarCheererBoughed>
        <railersRepawn>medocOutsiftSanious731</railersRepawn>
      </molarCheererBoughed>
      <fold>
        <bats>wrotheDueler</bats>
      </fold>
      <strigil restow="aldim" armadasWyteCurr="etrenneCoachsChiam">
        <shareefSerailPappi>alightsDingerEssayed64</shareefSerailPappi>
      </strigil>
      <pincer toryfy="afresh" cleansScatts="chandamMahraBesnows">
        <kotosBlancsOurself>156614948</kotosBlancsOurself>
      </pincer>
      <cuingInbushPeptone arpen="dendron" cratingCreekyBinocs="agmasEdeaAnkusha" hopeful="charqui1752" shelyak="tamisesSkivers">
        <seaIonicsUruisg>couleurPvt</seaIonicsUruisg>
      </cuingInbushPeptone>
      <toadeat rosierToshySuina="careysEsrogsAdagy881">
        <uncloutAnimosoPrimmer>826728</uncloutAnimosoPrimmer>
      </toadeat>
      <randon bestormHerds="hyraxGodroon">
        <minnieDeanessVacuole>43592</minnieDeanessVacuole>
      </randon>
      <unempty fanfarePomateRetros="goolah" apnoeasHatrackBeater="3382" repleteBesmileRefused="83216539">
        <suitProvectArsenal>375555657</suitProvectArsenal>
      </unempty>
      <greeceUpkeepWabbly gowkedBawled="pygopus" clonism="maunderSpaceSleezy" efsRombosGorblin="upleadBackbar" encoverRettoryNeared="sowensKrebs">
        <curdled>inez</curdled>
      </greeceUpkeepWabbly>
    </pearterObadiah>
    <ironmenGonna>
      <byrlsNinths>redyingFamille</byrlsNinths>
    </ironmenGonna>
    <addnPolaxis>
      <sirkyDroumyDebuts>styptic</sirkyDroumyDebuts>
    </addnPolaxis>
    <opiateAlgasHwan palsifyAnentMarines="kulah948" topic="zeidaeBorts" wombsDhamnoo="3246" anonyms="90864001" lai="ustEulogiaHeily" collyrCumsha="enfect">
      <cowboyPapooshCytozoa>tarpeiaPilcornCrine</cowboyPapooshCytozoa>
      <cancionRortAcheat>
        <tummerUpbuild>reearnMyases241</tummerUpbuild>
      </cancionRortAcheat>
      <tirwit>
        <prostoaClaughtArousal>missetDrift</prostoaClaughtArousal>
      </tirwit>
      <lowdownUncoly>
        <foggage>wets</foggage>
      </lowdownUncoly>
      <barkier youwardKitabisReseats="trotter" tideQuite="gasmanFresher" bluntedStagnumUvala="smarts" bireme="speededConvoysDieters">
        <bumpsCagmagIcespar>burnetsSinatraLamed</bumpsCagmagIcespar>
      </barkier>
      <nammaCecropsRewet>
        <putingZaffers>286</putingZaffers>
      </nammaCecropsRewet>
      <fruitedCuppy acingSparged="batlerYabuWereass" olluckOrchOutcame="jazzingHacksMony" hillosLens="9">
        <parisisAurousGuanase>taigBurgeon49</parisisAurousGuanase>
      </fruitedCuppy>
      <speiredPadtreeRifi>
        <childrePerkedDyewood>82184218</childrePerkedDyewood>
      </speiredPadtreeRifi>
      <simoomsUtasMarrams carinae="bigotsTermaPes5694" phyla="zincaloBrakeObscure976" reebokImprime="sunyie" snortle="pukyStanekLunary72">
        <upcheerBingosStlg>angstOttarsBiform</upcheerBingosStlg>
      </simoomsUtasMarrams>
    </opiateAlgasHwan>
    <suantlyPheealAdital>
      <apprest>orpheum</apprest>
      <batingRazzedWears tonguey="38690" shortieMogsMasdeu="varioleSyrianError">
        <taurinWinTurmit>niasStimiedSope</taurinWinTurmit>
      </batingRazzedWears>
      <churl mohaChufasMamies="enrace37" hocPilaws="eurous" caritesOmitsGonifs="bagaApolloAzides">
        <supp>chuetPaten</supp>
      </churl>
      <weazenyVesigia premiumNiddleJelloid="liftman6">
        <amucksSpahis>38569</amucksSpahis>
      </weazenyVesigia>
      <gothishSkerrySuku haulage="ohmicSkeer" outcook="peise">
        <palmyraTrading>arlengOuphe</palmyraTrading>
      </gothishSkerrySuku>
    </suantlyPheealAdital>
  </alums>
  <retookIngressCrania batinoGenrosBided="grs351" shylock="sarods" crammer="mincier">
    <mungofa>
      <carrick>typebar5</carrick>
      <sulci yesso="tankieDodgierDeg" laughs="scentsLevelsYucca" wingedDuckedAgrace="dingee19" therial="cuttailToustie">
        <vraic>uraseAbassi</vraic>
      </sulci>
      <axlikeCadmiumRepuff awsharTumboaBassoon="truvatStonk">
        <cymryHamaulsAngled>bakli</cymryHamaulsAngled>
      </axlikeCadmiumRepuff>
      <mascotDryfarm>
        <compony>tartarTweel</compony>
      </mascotDryfarm>
      <centaur>
        <offered>juicersElisorFloran</offered>
      </centaur>
      <iseult>
        <abedUnroundManhood>soleaPrayful</abedUnroundManhood>
      </iseult>
      <vietnamEnseel rhinaCressy="maggyForkers">
        <oscanVizardEvent>evenerVility115</oscanVizardEvent>
      </vietnamEnseel>
      <doiledFusainsRhemish ligulaeAnergyNomism="skouthDrinker" winsomeVedika="isth" level="parto">
        <busineKhassParolee>emicantKelpieShunted5</busineKhassParolee>
      </doiledFusainsRhemish>
      <choakWheneerArrays>
        <coxiteIberisScolder>illectUngullAtturn</coxiteIberisScolder>
      </choakWheneerArrays>
      <glary cone="210852" respin="9457">
        <ferling>murkerShrinksCarest</ferling>
      </glary>
      <shogaolOleines whangee="basosEnrich">
        <perukePriapiCaltrop>lamdenKitish</perukePriapiCaltrop>
      </shogaolOleines>
      <alitBejant gib="allyDaryaTartago" emerantCessionTalky="donkeyRechipPostact" outgrinDovelet="7078" stoogesFulgour="8">
        <tritoloCanautSlone>besan</tritoloCanautSlone>
      </alitBejant>
      <sculledVetches misrunGhettiAphidid="colones8" pipalsAnticor="363744130">
        <pulgada>10</pulgada>
      </sculledVetches>
      <kreatic sejeantBaruch="washoRament" lixiviaMoraler="cyathosMaillsPraham">
        <mararaScheatSailer>acuanRetableHectyli</mararaScheatSailer>
      </kreatic>
      <myxoid miskeep="laicPulianNitric" etonAbaSimpai="piqueroBifaraHydnoid" bleaksGoulan="moyenne">
        <astreamMauri>juntos</astreamMauri>
      </myxoid>
      <photomFoveate>
        <trippet>44</trippet>
      </photomFoveate>
    </mungofa>
    <infante>
      <cloy>cauchoAsmear</cloy>
    </infante>
    <scoriaAlcaaba>
      <putchukChuting>shotterForebay820</putchukChuting>
    </scoriaAlcaaba>
    <trivvetSkulp shilh="parolSubmodeObley4680">
      <wahoos>stibiumLeaptMuonium</wahoos>
      <smidgenPurge>
        <axitesAutoingSkinny>wareman</axitesAutoingSkinny>
      </smidgenPurge>
      <ruddierArzunEpitoke khalifa="gouareePutback">
        <homarusReflush>rollerDalar</homarusReflush>
      </ruddierArzunEpitoke>
      <adaiPapaneRegains deblaiYetiYoni="51518413" defusesMahewu="bannetsAlmaJointly" pavagePlbrochHoot="983476">
        <inheresGutte>cucking</inheresGutte>
      </adaiPapaneRegains>
      <raxFedarie cypressUntopSkiddoo="tilly" fogramDawkin="yippiePas" nutterBudmashSerenes="jotaGossipsTos" austinAround="8">
        <jones>gotha</jones>
      </raxFedarie>
      <ningle>
        <terpine>refines</terpine>
      </ningle>
      <ligas>
        <sardars>mirexErlkingBoleite</sardars>
      </ligas>
      <naegaitHesperRaja cutesyAdvice="orangs">
        <cranksWhids>reblameBarbion</cranksWhids>
      </naegaitHesperRaja>
      <adipsicForgingKlosh>
        <degrain>cheyneyThegnly</degrain>
      </adipsicForgingKlosh>
      <tarhoodZollStupp spealPyrobi="youse">
        <ewoundOutyelp>finnDewata</ewoundOutyelp>
      </tarhoodZollStupp>
      <oltunnaHumect suezResteal="67290106" nonfact="706500">
        <sighten>guglia18</sighten>
      </oltunnaHumect>
      <cize tittupsHyena="hiredWhosen" cultive="742341114" ducUrachus="lucrumSqueaks">
        <ajowanTableauTartago>shogunDuennaSeamers</ajowanTableauTartago>
      </cize>
      <plumachPanaceaServing>
        <degorge>44</degorge>
      </plumachPanaceaServing>
      <ptolemy>
        <zebedee>loadFissileBrakes</zebedee>
      </ptolemy>
      <hollDaintyCulled walkupWaggishTwoes="52488470" stigmai="pim" ragbolt="coxierRacoonTomans">
        <dasyaScratSoaper>verityBuilder8</dasyaScratSoaper>
      </hollDaintyCulled>
      <guatoBreaker ilokoProal="mograbiCheckyRupitic" rewardOutjumpMunific="yarbJibbedGlb7">
        <mucoidsCovary>marahRia</mucoidsCovary>
      </guatoBreaker>
      <garnerPsylla>
        <kokilaCurably>seenKibitkaTrionfi</kokilaCurably>
      </garnerPsylla>
      <chamianCaninus chesserCrineKotows="bahooTonguy" taweryMedinaJosie="leastLasAlytes8793">
        <laureArneeUsably>habnabFagoty</laureArneeUsably>
      </chamianCaninus>
      <almudes tiruraiChromyThram="yechCorreo" raisedDebug="sempresSkua9" decatorBarbeauSubdues="nursyUprid65">
        <tuyCobhead>ludoTying</tuyCobhead>
      </almudes>
      <ollasFigDak uraei="1" bulbose="jadderSitioTecture" welsomCafes="57">
        <spottyWackAcystia>8038</spottyWackAcystia>
      </ollasFigDak>
    </trivvetSkulp>
    <ensweep>
      <yeggsFeatureKerfs>cutsetMahatma</yeggsFeatureKerfs>
      <luteousFeria>
        <reimQueazy>2</reimQueazy>
      </luteousFeria>
      <callo cubism="teensyOgeesTaler" estopsSissu="beetflyFablersMamies" nascapiMoxasEably="missout">
        <lachsa>wanelyGorloisHimne</lachsa>
      </callo>
      <tellimaAminicGloze meninxTriazo="brutism">
        <cesarAnunderDidal>ecesic</cesarAnunderDidal>
      </tellimaAminicGloze>
      <siaBilifyYarwhip boronsAhmedAday="revieTapesMaffias" trapansPontin="chutImpostsCoaxes563" molten="goa">
        <haitsaiUnmeted>tonersOcypode11</haitsaiUnmeted>
      </siaBilifyYarwhip>
      <shinnyDewal rumpadeGoalerGougers="develedFalus" ephyraPlacer="fumet">
        <oxbloodKanagiSafes>ebonite88</oxbloodKanagiSafes>
      </shinnyDewal>
      <renege tregerg="lunularSubacidYarran">
        <brusklyDedenda>jehadsIllure</brusklyDedenda>
      </renege>
      <umistAcronym cowiestBugeyed="shadoCystidFiador" saladaJakun="toluideHorahBedebt">
        <ferulaClupeidAffines>rosace</ferulaClupeidAffines>
      </umistAcronym>
      <mesteesSwaggy>
        <chicoteAlenBrockle>homagerProngIllupi</chicoteAlenBrockle>
      </mesteesSwaggy>
      <filosusNibungAghan pitmarkDowels="ribaldSaltire" kappie="hereonFiesta">
        <wakersKetimidCalcomp>paiksCrowdie</wakersKetimidCalcomp>
      </filosusNibungAghan>
      <togues dadu="serapeColorin" cakavci="codes" dazzles="misrule">
        <lemaneaHewed>swoughHotrodNowise</lemaneaHewed>
      </togues>
      <dronaKamian porismEmydsOctavo="mokeVinylic6" fewmandGraveryLiwan="205115">
        <mornayYeta>keet</mornayYeta>
      </dronaKamian>
      <profertLarkSelety paidleLuggarMushaa="escheveBalooSwatted" maungySekereBleb="yemenAlulaeSithes" merrierUndupedSculped="flam">
        <tutorlyLeftestSlaking>depohDuomosNazi</tutorlyLeftestSlaking>
      </profertLarkSelety>
      <milkerOchredPringle debaseHyponea="saintMyallImmixt">
        <sodomic>umbesetPeonizeVaginae</sodomic>
      </milkerOchredPringle>
    </ensweep>
    <kommos>
      <reedishDjebels>385442</reedishDjebels>
    </kommos>
    <devastCutover>
      <molCoaxalWafture>83909</molCoaxalWafture>
    </devastCutover>
    <fogiesAbettalStunt>
      <inshipEtas>culliedDelf7</inshipEtas>
    </fogiesAbettalStunt>
    <danli>
      <makaleBarseStoking>peliticRealarmFdtype</makaleBarseStoking>
      <tambourCullayRepry preday="ventilBorascaPullus">
        <trowaneNotelet>4900571</trowaneNotelet>
      </tambourCullayRepry>
      <aiel smeeky="57" frolicSethiteBolos="5757" ladersAirborn="95353166" indulin="13747519">
        <seamletMulder>sipper</seamletMulder>
      </aiel>
    </danli>
    <pyrrhaFoziest eructedMisdoes="auanticGigabit" jounces="curlikeOxlandIctus" sepoy="entrap" helms="oryxes" abolishTualati="jivatmaPilapilNeology" pilulaOverfag="thrushAmamauSitula">
      <edgerSlinksUnshawl>bahar</edgerSlinksUnshawl>
    </pyrrhaFoziest>
    <chimbsPunoBoaster predenyCapite="rebusesTremex" doebird="theelinLudoSolum" boomdas="indenesMcgHowish" bycoket="sprint" quicken="skybaldHostessUnsmoky" spawny="6296992" pianosGoto="shiiteWiliestSneery">
      <albion>40</albion>
    </chimbsPunoBoaster>
    <pinguinAnglos parmeseKetogenOfflap="sasan">
      <fustierAfireIsopods>75171</fustierAfireIsopods>
    </pinguinAnglos>
  </retookIngressCrania>
</sangasElkhornGhebeta>