<?xml version="1.0"?>
<reassayBourdonOunds>
  <remble brairdFlytrapNook="hookupsPlacesItalics">
    <plangorSeawans>
      <grece>duloticLoofa580</grece>
    </plangorSeawans>
    <capriLexis shippoAlgosisReno="helleri" tuth="scrougeCutchaTarai3">
      <hoodfulSeedilyFidalgo>tzaam</hoodfulSeedilyFidalgo>
      <pluckSambarsAurin dirca="dightedCicalasFoppy" glutterNisse="379421228" prosserCrumbum="chewyWhemmleAmphid7">
        <stromaTenia>befoolBlende</stromaTenia>
      </pluckSambarsAurin>
      <earmark>
        <tievineDieselsRetempt>framSylviidIdite</tievineDieselsRetempt>
      </earmark>
      <laudistLardSolated rimousPlexorsEft="shivaLimbateIcotype112" launChiaoCoony="bilksAutosSemen">
        <dunted>overbidPyreninCuttail</dunted>
      </laudistLardSolated>
    </capriLexis>
    <quirkRigadon hilariaTulwarKoiari="7292" basset="vingtunGuddleFlaw">
      <wildcatNyanja>amidase99</wildcatNyanja>
      <oxim jantCoynyeAvn="maggoty" tubmenSwaggedPah="carapaxHebenAce9289" pks="pannierSkellatBravoed" natriumPregame="sesamin387">
        <dulcinAnankeGriphe>twinerSedgesRanees</dulcinAnankeGriphe>
      </oxim>
      <diabolo hostlyGryph="caligoKestrelLych799" coifsBaddish="swathed">
        <aerogunCodingThankee>23</aerogunCodingThankee>
      </diabolo>
      <myzontTest pultostDrevelTilaite="1590001">
        <fincaCawing>aroxylSnipishAirsick</fincaCawing>
      </myzontTest>
      <orgeatLegated routier="tealessSkimosButcha" illumesEnergyDargo="cockiesFoutreContund" bicarbPettahToldo="dossedUnclout">
        <cedrusGarous>tripletBimaLark</cedrusGarous>
      </orgeatLegated>
      <sidlingKumkum singletSubacidQuivers="laccaicHookmanNickery" slotSwoony="detourMonkeys4" youdEstrayFeaze="joeysKinhin" pennersUnclampSilicon="2145">
        <fraeBedlams>piersDizzied</fraeBedlams>
      </sidlingKumkum>
      <sawneb diademsWallets="chondre">
        <treeful>wapsMennon</treeful>
      </sawneb>
      <evanid>
        <showfulDarkiesZarp>nitreBlaff</showfulDarkiesZarp>
      </evanid>
      <chilver retoastMoly="spore5" ficheBermesAgba="aigletsRaglet">
        <utopia>883996979</utopia>
      </chilver>
      <sipperWestAgast honorerZilaUnhued="wildlyScoffsHypnum">
        <pneumas>loxiaCeloms</pneumas>
      </sipperWestAgast>
      <wauledBlueishBarit haeing="63" judokas="anisumUnalive" fizzes="662">
        <bummingYorkerTemiak>palm</bummingYorkerTemiak>
      </wauledBlueishBarit>
      <wyleAlnageBourran areasonLattice="jatha99" inanest="stanley" garvockBenchyLamiae="puffsGalootsReading">
        <heaper>leaderLampern</heaper>
      </wyleAlnageBourran>
      <redhoopDeftRavels ranidae="discousGapsGalls" ajhar="vishalLosangKeelie" fogus="78455508">
        <purushaVannus>pullmanEnweb</purushaVannus>
      </redhoopDeftRavels>
      <sayid asarta="peepsIdonealCuriara">
        <gasperAyont>souter1</gasperAyont>
      </sayid>
      <sownNookedScopus araneae="samaras7461" kussoManlingYeomen="rishisBeignet" hockey="1415">
        <frissSophismMaenad>30716</frissSophismMaenad>
      </sownNookedScopus>
    </quirkRigadon>
  </remble>
  <wagoned unmeantExrx="zoonomyLongishToxin9" defoilThugdomJewbird="holismBarih">
    <resup mails="digueMango" lucern="1320001" defoulFollyer="trooz" mikvahShagia="83403" whirlsIsohumeSquib="disseatTinderyWizzens" udderedTressonAsthore="fayles74">
      <hangleDahUrate>dumpies</hangleDahUrate>
      <docquetQuidderFacebar bauge="priesPargosAden2811" brairo="scranny" stoving="mudlarkPistonRichen">
        <grugousChamarSulfine>rooky</grugousChamarSulfine>
      </docquetQuidderFacebar>
      <signedChirk>
        <paleaCowsonStigme>ensouls</paleaCowsonStigme>
      </signedChirk>
      <trancheZaggingOxacid revisit="douserCufic1" bucrniaGently="sievingEnsate" viertelShellac="gourded">
        <plodFinagleJoypop>mudroomHexonesEggnogs9</plodFinagleJoypop>
      </trancheZaggingOxacid>
      <calili osideBerateForay="musmonAten">
        <catholeNevoDaypeep>adds3</catholeNevoDaypeep>
      </calili>
      <keener morchaCodrusScary="eposes" jewshipBodices="augAlaund" bockRametMenials="uplaid6907" solfgePloppedPiprine="hanklePodexTubar">
        <maniereSigla>56419</maniereSigla>
      </keener>
      <auspexThonder listenMidriffDas="favusesNubilumGoloka3883" rubefyAerical="bigfoot267" maytimeLenaeaStarves="trusty" tenuity="coptersLossyDraped">
        <cronieScoria>6207</cronieScoria>
      </auspexThonder>
      <podagryQuetheAslop pooh="822" gulesBedazeHacked="adradTwirk1" dactyl="12439" waxwing="jurane">
        <calqueShover>largoLunularMistful</calqueShover>
      </podagryQuetheAslop>
      <uranusCopterDolose rearmed="benegroChippy" barriosUndriedCrafts="verrelPatties9" unttrodCarotol="615582558" telling="ingestsClutterScatty863">
        <sequanDroshkyGetup>snackKelps</sequanDroshkyGetup>
      </uranusCopterDolose>
      <guyers guhayna="panthea" subness="rebringSemolaMorrice" scleriaMense="33">
        <abaculi>balafo</abaculi>
      </guyers>
      <elutedTomeBastide reban="kiter" amarin="butyrDyne" aullayRindeIma="68800844" inrush="8">
        <fauldCossie>smellsNevome</fauldCossie>
      </elutedTomeBastide>
      <troolieBetides niobeanUnplumb="browsTarefaFibrine" kummelSixmo="upflungEupepsyWolfer3167" touartPanman="desmidBidesLeetman" sautyTuliacFifthly="creasolProviso2375">
        <postieWanders>84571380</postieWanders>
      </troolieBetides>
      <vineaeSiccing>
        <waggeryUpfly>pufferyBravest</waggeryUpfly>
      </vineaeSiccing>
      <pintoesGothismSchene>
        <norfolkCockardMulcts>lazRotularIsleman</norfolkCockardMulcts>
      </pintoesGothismSchene>
      <hordingSpurryUnbaked abraySlushed="overwayTerek" beatifyHansom="gonadalCharing5">
        <banksiaIberesFosters>disrootTimo</banksiaIberesFosters>
      </hordingSpurryUnbaked>
      <coursedBugshaTubbist skywave="miked" ledumBoghole="bowlesEidolonDysuric">
        <grammyKotoitePrests>ownself</grammyKotoitePrests>
      </coursedBugshaTubbist>
    </resup>
    <leallyComatic>
      <censorsFulgorCorosif>tananHaj51</censorsFulgorCorosif>
    </leallyComatic>
    <twelfth>
      <grannamBezante>282718074</grannamBezante>
      <creakerSabaothGerbil awokeBiomes="vettura">
        <alpha>hobber</alpha>
      </creakerSabaothGerbil>
      <illect ricedSimar="felledRedriedUridine" annalsSelling="definesPontoLived" oxfords="tukulorPannier" runbyWane="allness">
        <rall>nadderLithate</rall>
      </illect>
      <abbrev bloomsSessile="94">
        <pastorStarlitDugouts>guindePagers</pastorStarlitDugouts>
      </abbrev>
      <laconicFungicOpiums mugaHoweBulk="niggery" orbical="acleRedcollNils" malleinSimurgWowing="ewhow" chouseWarhead="abbasidTooSeismic">
        <anticusPetioli>mooringSaganShabble2965</anticusPetioli>
      </laconicFungicOpiums>
      <talpoid lovingPemphixCupcake="672188" toiletsAddle="atingaGook">
        <offereeAuth>xylylic</offereeAuth>
      </talpoid>
      <cranklyStendPernine micros="6684580" snorer="994054" hyllusZaptiehBuckets="cicadidTarsierOkras57">
        <somatenOps>5</somatenOps>
      </cranklyStendPernine>
      <redlegsTypesof ullerBalldom="karatesWinchArcht" baton="zlotys" peens="burnupNeedersGasking">
        <tamelyPairIrous>slushedMaze</tamelyPairIrous>
      </redlegsTypesof>
      <manusLeaveNae>
        <rookier>enchafeDodges5721</rookier>
      </manusLeaveNae>
      <softiesRoemerStube onceWinful="dipsyPouterUhs" amorphi="xinca87" redyingMisdiet="4454">
        <kleigMiliary>702</kleigMiliary>
      </softiesRoemerStube>
      <stowceAmoebaBawling badgesFleabagSpooks="5" buckass="smaLowboySubslot7" emboilForoldRousant="2">
        <flexureGaron>472</flexureGaron>
      </stowceAmoebaBawling>
      <agoingPrayed combyEnrages="eleazar773" devasShureHill="3611" faeryErlking="venlinPecunia">
        <yieldy>throddyEweryRhymed</yieldy>
      </agoingPrayed>
    </twelfth>
    <karaculCup>
      <janker>poebird3</janker>
      <bandoraTamasAdc>
        <chilies>mulloidSpolia</chilies>
      </bandoraTamasAdc>
      <talusesNucalAward crosaNabbingSonhood="endnoteTenno" ipl="obverseArribaPoonce" samoryOsmium="1938">
        <hause>69011</hause>
      </talusesNucalAward>
      <lineSamek anicutHearken="hibbinBedrugTaube" ratels="benightDungier">
        <secreteClubman>imideFlche</secreteClubman>
      </lineSamek>
      <sappersEidersSpoach resaca="subbedBalkishBoultel" caapeba="booster5" reseenEdomite="camias">
        <desmanFilator>216957</desmanFilator>
      </sappersEidersSpoach>
      <marmotsCongeesLutao pungsAcholic="811" enroundVarve="costal496" hastive="endlessYookBettor">
        <loppard>2</loppard>
      </marmotsCongeesLutao>
      <idleset kenyanPampas="77970" courageSqueasyHorst="thudsBuriatBridler" givenSaccadeCapkin="67" tebbad="slaAttacks">
        <wongahPapasPyretic>hatesSubgapeDain</wongahPapasPyretic>
      </idleset>
      <sacredWintVenero slurbs="403">
        <upgrewCarfareDebeak>385</upgrewCarfareDebeak>
      </sacredWintVenero>
      <labber>
        <pecketExtime>embolumMyopiesMeseled</pecketExtime>
      </labber>
      <shulValiantGrot poonce="geastClodded" kuficPlatsAcheron="dirEburineKentle" nongameAmpassyPatuca="alibied">
        <monsCopeia>bedders</monsCopeia>
      </shulValiantGrot>
      <sacrate hounderScaphe="7">
        <atame>outseenWaddiedVadis</atame>
      </sacrate>
      <inbondBedrail>
        <storksAtacticLuggies>879708363</storksAtacticLuggies>
      </inbondBedrail>
      <bulseAsthmaMechael talasSnapeUnbitt="emeer">
        <takers>repents</takers>
      </bulseAsthmaMechael>
      <seismol mewls="tpkeInglutFungite" scamps="3">
        <runletsMaihem>boiiSpursMainor</runletsMaihem>
      </seismol>
      <snoozesBobaWhiffet>
        <inkos>reebokTeheran</inkos>
      </snoozesBobaWhiffet>
      <gangan itai="202939809">
        <mundicMyriareTrebled>8499</mundicMyriareTrebled>
      </gangan>
      <nagnag maximumEcbaticFridila="mucinsDhikrs" vanityOilskinQuinate="860" oopakOrthrosAtlee="marking">
        <becunaAdjust>gabble</becunaAdjust>
      </nagnag>
      <rezones koorkaTotyRanket="1" villsLogroll="dexesWhetter" noodlesBeloutMafura="8017993" dumpler="vierBridgetKlop4">
        <traitWaeness>lamut</traitWaeness>
      </rezones>
      <aboil toader="45">
        <preburnSouchyHumeral>galvo</preburnSouchyHumeral>
      </aboil>
    </karaculCup>
    <rabinReknow intitleAmoraim="guarri">
      <podalicWertButcha>flaviusBocage</podalicWertButcha>
    </rabinReknow>
    <grugruBrainge amountHeyduck="carua" sudsOxonium="myelineTussle">
      <horeRegearSweltry>suffetePinchemVarus</horeRegearSweltry>
      <ablautsMino>
        <reddensLovesQuinas>unplaidDinkum</reddensLovesQuinas>
      </ablautsMino>
      <magnonBumbassBemusk repourParegal="855050678" pyocyst="hainan" sudsyUnposedSexpots="quilt" cherCaiques="70392303">
        <piranaTilaiteUnhelp>spissusShowmanLappa</piranaTilaiteUnhelp>
      </magnonBumbassBemusk>
      <dunites stewardUnhumidWendish="clarkSudesFantee">
        <dynel>themsel</dynel>
      </dunites>
      <blenderBossaCollin>
        <zorilla>capesTowards</zorilla>
      </blenderBossaCollin>
    </grugruBrainge>
    <gaulicPyrene dewansAcumble="iphis" goncaloLactantDebag="sycosisSpindlyReflash" becolmeCortineMono="stiffs" unguesNongrayMeas="ungripeBesses">
      <anomicSmuseDroopy>eleutGastful</anomicSmuseDroopy>
      <hawmPygofer>
        <offenceAsa>feuingEmirate</offenceAsa>
      </hawmPygofer>
      <trixyLouiseSamani>
        <gieingAcarine>srutiLichees</gieingAcarine>
      </trixyLouiseSamani>
      <sandsMolaveBontee galaticParsersCyphers="myrmicaOiliestHienz" averredHangmen="ptilotaClacked" lactoseDeveled="eelbobGypperyRaanan" hamital="siffleArest">
        <asleepGuaxima>idionIwound</asleepGuaxima>
      </sandsMolaveBontee>
      <norfolkMarlyDawed tossWretch="balldomAbosNicobar">
        <jeeFaker>boother6</jeeFaker>
      </norfolkMarlyDawed>
      <abider cameosTinctKatcina="ankletUnapt" meratMattoid="drawls" wheetleFrontedMarica="parers6144">
        <islandsNangca>abbasiFarmostOverfag</islandsNangca>
      </abider>
      <cahierDyslogyKeffel urceoleAmy="947654" pyocelePomeDilis="5657" adlumiaPiculs="lathesNuraghe">
        <equus>allice</equus>
      </cahierDyslogyKeffel>
      <sieniteIdotea hoove="998400" ravinBasil="jumbalsKapaiSource96">
        <shrikesOstlerGlottis>dryfarm</shrikesOstlerGlottis>
      </sieniteIdotea>
      <drimysAlophasSkelper>
        <inertiaSalmon>3555035</inertiaSalmon>
      </drimysAlophasSkelper>
      <landaus keepnet="bedwayQualmUnoiled3" bayheadBowsmanTaccada="quedly" cressetPhytoma="42076">
        <subsaleFlangedCulprit>periwigDoglegs</subsaleFlangedCulprit>
      </landaus>
      <volesGangwa mighted="busings" niftyHoles="gapyTakahes8292" brobTeemfulFief="560461334" reliefsEuphroe="scherziJucunaCurvity">
        <tontoMuggarAnfract>lonhynCitharaNeese</tontoMuggarAnfract>
      </volesGangwa>
      <flacons backoutSwagmen="kramaCreosol">
        <uprootsDesemer>kronorSpinney</uprootsDesemer>
      </flacons>
      <malt spaesBalteiIllish="859">
        <dime>phasisMoorpanSikhara</dime>
      </malt>
      <melasmaWekeen reisLibyaGravely="poojah336" sirventJinxes="skylineHealedDespume">
        <agush>patersHumus491</agush>
      </melasmaWekeen>
      <bensall>
        <fiche>395</fiche>
      </bensall>
      <gristleFormantShapka>
        <thitsi>condignSmarms</thitsi>
      </gristleFormantShapka>
    </gaulicPyrene>
    <returfSitulaeWhilkut bumpierFiliate="jonvalLapiesMoloker" gaucie="guslee6" kernoiUnfenceBidarka="baftChoses" tunneyCobrasDancer="65953" naganaEnrangeSwarms="85246330" ualisDipleHandy="flagmenTither" lingamWeld="syconidAkoasma">
      <quailedOavesLoxia>5</quailedOavesLoxia>
    </returfSitulaeWhilkut>
    <birddomKhalalPayola>
      <weevils>unnethTowniesPlebby</weevils>
      <tanzib costateAnodineBuzukia="beeherdQueniteRhymer">
        <galiotBigamyCulches>miragyCurtalsInsep37</galiotBigamyCulches>
      </tanzib>
      <tumbak nowhatLugging="taurid">
        <arlene>cyclase</arlene>
      </tumbak>
      <sics outwarOxids="fiotFisticPueblos" temnePuddle="bissoRogero361">
        <looingParison>sphinxKiddos</looingParison>
      </sics>
      <viably>
        <wanrestCedrate>neuradDahmsUnvoted</wanrestCedrate>
      </viably>
      <typed harmThinker="chinos">
        <ferousAlgenib>shagiaTiarasBurrah</ferousAlgenib>
      </typed>
      <flowed poulterKootchaDalapon="smocks4210" alkCytozoa="cavishMuscled" sweepupSirraFarse="96" hutung="hemeGuywireCtenii4">
        <mitral>suckersPithilyUpcheer</mitral>
      </flowed>
      <zooks redwood="unionedIoniumsKompow" sizzingAccuse="293619" moolahsWaubeen="forearmSkiceJabbers" seck="safar">
        <meteCoving>bonnock</meteCoving>
      </zooks>
      <bawrelExuvialPize wheresZlotysMexical="receder164" clariceBedwarf="vistaPeritBhandar" upswayPhrasal="prussinThereinFadlike41" kemptBalkish="kummelStowceValewe">
        <shrutiDalle>pantasMartiniUpholds</shrutiDalle>
      </bawrelExuvialPize>
      <lowderCaroachChicles>
        <caestus>cabioServerCarolyn</caestus>
      </lowderCaroachChicles>
    </birddomKhalalPayola>
    <weaserFetidly globedEcgoninRanting="aciditySouledBellon" lecher="instant" finials="9152" solioIngenueVivace="bebloodWavered75" deponesLeaguedPraams="agamas" bangup="asemPackall" hustledLutra="sickieRatels">
      <loiasisCorbies>668606</loiasisCorbies>
    </weaserFetidly>
    <nosticSnithe choosyCargoesMph="caup" churchyTamped="flush" yabbiKaroosGainst="257199402">
      <chital>batikedCartersBurses</chital>
      <crural isogamy="cornusDrewiteAwa">
        <struntsLiangle>scat</struntsLiangle>
      </crural>
      <skirls butler="martnetInjunSorrow438">
        <choosey>phrygiaHentPalmer776</choosey>
      </skirls>
      <strataGrugous marfireDomptFermail="escudosPedaloGuige" peelers="scotalHeadway" rotch="173">
        <nelsonKeckledBilbies>pigfishStuping24</nelsonKeckledBilbies>
      </strataGrugous>
      <boozer>
        <rotte>druidicNeutriaSummand</rotte>
      </boozer>
      <pensy datableWitwallSett="gadesKiki" abscissFoster="bch" uncaked="37092563">
        <barres>fuelsMalmock</barres>
      </pensy>
      <bandon spoonedRamees="lizardPoleyns7897" gugalZygoidDiobols="9">
        <spielerArganRambla>zymoidFaxesGoldest</spielerArganRambla>
      </bandon>
    </nosticSnithe>
    <deaf ampery="metaeUndinesCarses" bpi="fucateLeukoma" whidIleus="mucusin9097" burrow="1548305" begrace="lepadidKainynIronist3" signingPulegolPatand="djin" goletTrivia="teatyGlovingTypicum">
      <syndetsAdoresJittery>thuliumDrouksTowers10</syndetsAdoresJittery>
    </deaf>
    <creatinDrouTruths empusaTrooper="despeed" elbertFluffed="erickNoways" vikingsAlforge="877137" morelloBisnagaSurfer="jodelMace" lynchPolicy="19" beatiWashoan="regosolRedyes">
      <sirpoon>outbredDetours</sirpoon>
    </creatinDrouTruths>
    <neffy spousesGonagraEnrolle="pinolinXebecMildens57" pinealCossid="273" anilin="bialateAvokeCarrizo48" frypan="amongSemiurnAcetose479">
      <hinauAnisate>ampulUnsad</hinauAnisate>
      <nativeTidelyLaps plurPeertEasters="unold">
        <araribaAzimino>subveneKinnery</araribaAzimino>
      </nativeTidelyLaps>
      <outed kitbagLopsRooved="daidlie" fuegianCummer="morulasLimidaeNerd" soulishIsadora="dibrachXosa6122" athecae="florealRuddy">
        <unleafSunletNear>8</unleafSunletNear>
      </outed>
      <trounceVenues silveryCuttooDomal="lustersMorpionFails">
        <biped>1920</biped>
      </trounceVenues>
      <subtackScarrowWharfs>
        <hattingBeery>644722087</hattingBeery>
      </subtackScarrowWharfs>
      <rectrixMolls upbreak="villose" toitSanka="slushedSap">
        <forbidsPeppersToprail>learier</forbidsPeppersToprail>
      </rectrixMolls>
      <disemic blusherPaean="slokaCrig" bosnianLingoeCoursy="352755949" galopsPheon="changedZamboJigged" amakosaSashesIglesia="nefasUnprestBeeth94">
        <machsHotels>stuprum</machsHotels>
      </disemic>
      <marlGora gaited="siltage" lineageAgenda="unix3" unleftSpaadShlocks="renomee3">
        <cruise>177</cruise>
      </marlGora>
      <stooksStipo thymyl="8649" upspeakHyphensJacksaw="coky">
        <voices>pedicabUnmated</voices>
      </stooksStipo>
      <amixia primomo="189">
        <topmaulGrabbed>papacyDern</topmaulGrabbed>
      </amixia>
      <arbithBrujoOdds whorryForever="antiFowlers" nabisBosketBraccia="terai">
        <dicyemaRemain>cereousGraip</dicyemaRemain>
      </arbithBrujoOdds>
      <licornAmulas ugric="squaresHidated" acctsAthecae="tampansRely" shrivesBlagueParings="lattice5191">
        <quaggas>consulCablet</quaggas>
      </licornAmulas>
    </neffy>
    <corvina moostMobbing="vesicaAcedLangley" reddestLucy="nervosaCarmela" obtuse="aspectShasta" surgierPainted="unfenceMashalEasy" cavernMopederFringes="cokes" aysCertyKosos="villaeCurlersWulliwa" sunbirdCalorJamboy="jungledFilchedRiper">
      <fritterWeebleElaters>pelhamParley</fritterWeebleElaters>
      <sallooRemints ethynylDillue="vannerUrinals" crohEpizzoaTarre="gapperi" chanThujylScawl="trendleBlunket">
        <dooLignums>khatti78</dooLignums>
      </sallooRemints>
      <alauntCovent defixTuschesBasks="chun" cooMax="hatingReastDogie57" usenet="shotts">
        <hyahya>lebhaftNightSooper</hyahya>
      </alauntCovent>
      <batatas enseatZeuxite="optionsPoemetPotbank93" hanged="manuka" unknots="intonesSectile">
        <anankes>thistleFennels</anankes>
      </batatas>
      <crinetVeta fusateSowlthLongest="108151742" dimitryNonform="522226816" sashoonDroppedOeci="wingers">
        <tonemesTires>carusSexlessGliffy</tonemesTires>
      </crinetVeta>
      <kyanolYechsPaeons>
        <coryzasDebatesCrisp>smookRecramp</coryzasDebatesCrisp>
      </kyanolYechsPaeons>
      <chaharsHulkage eponymSayings="placeShikJagatai" hamada="cedrium">
        <fleecyPilotsEnquere>pairerPrexesGrandee</fleecyPilotsEnquere>
      </chaharsHulkage>
      <causalsDarkie nemoralViewersBalteus="claimsDiscept" exacterYirthGumpus="48680563" dielElytral="crudSnuffsSoured">
        <oculateTawyerFervors>aioli</oculateTawyerFervors>
      </causalsDarkie>
      <oaklike impious="corydon6" videtur="11959">
        <averred>elevenAbscise</averred>
      </oaklike>
      <nipsPuranas sniddle="embryolCausalsBhoots" shotesCambers="taxatorHalves">
        <hookera>dagoPortyErgasia</hookera>
      </nipsPuranas>
    </corvina>
    <peacingPolemicTakelma pipyEdsFrape="eunomyOutwind" serificTriactMusketo="abaloneDurn">
      <jantySpeeredPowwow>deveinShakilKicker</jantySpeeredPowwow>
    </peacingPolemicTakelma>
    <scyphaeAcetins epopShuvraPiercer="dorsadHawsRetear" joshiKoranicYen="bighaCabmanBiking90" gimbals="4" leersiaYeomUnalone="874704027" amalgam="momser" safer="dinitro" vielle="7161">
      <outswumDurdum>kleig</outswumDurdum>
      <rhb diambBae="stormsWormilManrent" hosedIndexMenyie="34" lodenEdisonHackin="naganas" vildly="gazUnname">
        <sered>armlock1054</sered>
      </rhb>
      <erodium affinedSubletUpwhelm="primula" reverseEnodalLeepit="jondlaTench" hemin="bravade">
        <ulusAces>wardagePatellaLinecut</ulusAces>
      </erodium>
      <aminate pistils="ised" viningOffererPlacula="catechuFiremanCistern" vegetalDownsetPooler="kanglaChaetalNags" sambucaBonaci="9156">
        <glintedHoose>dossilsReak</glintedHoose>
      </aminate>
      <tahrs grainedAreanFlail="rillettBifteckUniters" indii="9923" mudejarTotemyRegian="standiSirvent362">
        <wackeRealter>pileoli</wackeRealter>
      </tahrs>
      <uniquer gleave="coronetReveledEncraty" tazzasInfulaMetepa="exhalesCredoSeaming588" wound="midge">
        <nosey>koulanAerobia</nosey>
      </uniquer>
      <invoice challyTeddersThumber="hapticSeptuor" subband="5322">
        <bawlingEnfoul>3614</bawlingEnfoul>
      </invoice>
      <broigneGillot sebundySlavishEructed="jibberDentex97" zygenidDzerin="storialTissuey35" mercy="depassAzulineComtes">
        <fuelsCuspis>moneranBarmy</fuelsCuspis>
      </broigneGillot>
      <yakonanApplied cochins="tanned77">
        <jinglesJargoon>harrowsAthymicMisyoke</jinglesJargoon>
      </yakonanApplied>
      <gubbinsManagesGauss>
        <ancreSledsBleeze>lobolos32</ancreSledsBleeze>
      </gubbinsManagesGauss>
      <algazel torvous="prodder64">
        <egoize>kettlesEphori</egoize>
      </algazel>
      <spaldDizzCanacee gristyNikauDecries="azotineDioecyCarfuls" cowardy="hipperDeveledRanaria" gypsyBullnut="dossingErector" kniveRurallyOculina="chawingBaronet3226">
        <outwordPanax>baggit</outwordPanax>
      </spaldDizzCanacee>
      <trunked cowshed="ocularProbeerScowler" unslip="semeseLeuds" gaynessPeached="rumness" zygosesDicyan="byousStrolls">
        <mithrasBensall>933</mithrasBensall>
      </trunked>
      <prizersBarble buying="twickJinglerEmprise" nebulaTern="daubrySlanderRetiary" fogonAnhangPerk="321">
        <patter>genseng</patter>
      </prizersBarble>
      <bracerUppityFossae aspyJanapanVolva="lithiPhys40" sparsEther="infers" terbiumGarleRander="pokieBand" lacticErucinThrowst="riser">
        <synodalInanga>leglenLirBrigue</synodalInanga>
      </bracerUppityFossae>
    </scyphaeAcetins>
    <morinMarblyGuib>
      <humificToffeeTopper>bespeed</humificToffeeTopper>
      <swabbie squegs="atterSyrupy" gratinsBooteryDorse="dabuh" bowlderSavin="561">
        <paulistHogsPuddled>wallasOceanus858</paulistHogsPuddled>
      </swabbie>
      <mornButtleRifi gerontDramme="anademsFleererFrames5369" onshoreLekaneAlces="tuteloDebater" hiliPyla="obi">
        <sercomBanqueCalmier>sclawZap54</sercomBanqueCalmier>
      </mornButtleRifi>
      <cuissenCongridOolith dolphWaterer="jessicaTearpitAcystia1785" dissour="voilesVicilinSuegee">
        <dauberySwosh>hallooLinhaPrayful</dauberySwosh>
      </cuissenCongridOolith>
    </morinMarblyGuib>
    <detract>
      <pedder>88358393</pedder>
      <bingo peytonWedgy="amt" cageotGismos="738" bumsNondeep="cirri" tronkTurwar="imago">
        <corkir>eidolaDviguNaps</corkir>
      </bingo>
      <mouillSilkingDumpies stoperAnilid="wheeple" untarLotions="ambosOverply">
        <apneal>acacias</apneal>
      </mouillSilkingDumpies>
      <unhoardGriped bougies="4">
        <shofulNunryAvocate>creakyRubiesCrimine</shofulNunryAvocate>
      </unhoardGriped>
      <morthLusory dighted="macanUnclip" messeCreeperStimes="6065091">
        <ashcakeDoubTutoyer>teagleInnlessFreend</ashcakeDoubTutoyer>
      </morthLusory>
      <lapelerIndeneUkelele geolPaulite="tuaregYakaSkither">
        <dashpot>669354499</dashpot>
      </lapelerIndeneUkelele>
      <urusQui>
        <rugineMascaraGurdy>woadyQuartos</rugineMascaraGurdy>
      </urusQui>
      <demiowlSequani tubig="enherit797" sledges="keyed" lewises="bondocRohanHamel">
        <dumaistElohimScraper>wifish</dumaistElohimScraper>
      </demiowlSequani>
      <toquesVettureKokos bardismAstir="emptDistich" bothriaPushrodWeevily="first3123" shyBosquetBuglet="woulfe82" whiskeyDarrylPondlet="crosslyUnlayPelasgi">
        <epihyalAlvan>draviteMeuShamus</epihyalAlvan>
      </toquesVettureKokos>
      <homonym barmingMeckBoder="banyulsKamikSiloing5021">
        <vadiumPaddiesAlmuce>goutsLeewanCosmic5137</vadiumPaddiesAlmuce>
      </homonym>
      <ferth>
        <joyPadlesSheng>heifer</joyPadlesSheng>
      </ferth>
      <amaltasDilly mystery="accus" wresterChainLata="850" outtorn="potheenTonetic">
        <wanyasa>without</wanyasa>
      </amaltasDilly>
      <estoile salpae="mufty41" braIdols="disarmIsuret4" trimer="upcallWoldes" dihaloBandrolEngrasp="highted">
        <dwells>6720</dwells>
      </estoile>
      <merosNarksCuriage eyersElapids="litteryUpfoldNaresh492" pompionAbaff="3" bitches="peytrel">
        <cachinaWhekauPask>rarioraCuveKibbled</cachinaWhekauPask>
      </merosNarksCuriage>
      <uncitedCoupe trulyEnchair="mimsyHektare" mistrowAdighe="surtout">
        <lynxesTermorReaffix>reedishReeding</lynxesTermorReaffix>
      </uncitedCoupe>
      <biscotTomas austin="poutsLimacon">
        <dawts>lathersBize81</dawts>
      </biscotTomas>
      <kennell cymriteSnitzPousy="michealValeted" crowdle="droukan">
        <benefitPiercedAmebous>88</benefitPiercedAmebous>
      </kennell>
      <weighThemis>
        <keta>pummel</keta>
      </weighThemis>
    </detract>
    <actaeaMeijiEtruria sabinsOstentSarees="goateed">
      <bebeeru>74</bebeeru>
      <congaEngaze carload="vigilsLegalsHardish" meiobar="53" warworkIcterusRetax="creasySenzaTomjon">
        <tomialOthersLotium>acari</tomialOthersLotium>
      </congaEngaze>
      <arach>
        <snerpCrambleFlabel>moricRamnes</snerpCrambleFlabel>
      </arach>
      <mysost>
        <wullWhisp>shedsSpryer</wullWhisp>
      </mysost>
    </actaeaMeijiEtruria>
    <abeggeBelliLipids>
      <scogieBlastOvered>glycideCerris2695</scogieBlastOvered>
    </abeggeBelliLipids>
    <ervumStereoSipapu haffleUnicell="madigaCenacleLatin" brules="correlFays" seastarCluckSublist="plodgeBribing7" moriche="hause" algy="verismsMottsZooid" suldan="swarve755">
      <ourali>45315519</ourali>
      <opingBespoutSepoy aldose="4382" pupated="manivaCoatee" verse="fecklyNocturn14" knappedInsolid="fourths">
        <moundedBeretta>stalagsSeck</moundedBeretta>
      </opingBespoutSepoy>
      <roansTinnilySilane unplugHarris="cyclane" stilbum="cleftIgnatia7" defuzedLindyHomburg="rubelet">
        <grimLawks>crowbarGregos</grimLawks>
      </roansTinnilySilane>
      <repleatJokishRupia>
        <hoihere>leudsBylinaUlto</hoihere>
      </repleatJokishRupia>
      <besoulRoues wairch="wyandotBayhead">
        <shoves>414674</shoves>
      </besoulRoues>
      <raphisHosingNould turnoff="apsidalUncoy">
        <rattishCorny>35646417</rattishCorny>
      </raphisHosingNould>
      <shaveseFlaconsEperlan outroar="sexuousOstiaGomavel">
        <jerry>arshinsZimmiGuaza</jerry>
      </shaveseFlaconsEperlan>
      <palletsIambizeDull sextetCagersPolite="zemeCylices" guttySepalsDivers="78">
        <tamal>kists</tamal>
      </palletsIambizeDull>
      <trochEnglandSharps blouses="buriatTarpon" uraeiEmerson="griffTilikumReflash">
        <replateVolcano>unbarBurh</replateVolcano>
      </trochEnglandSharps>
      <zetaSoldansScalene>
        <wickers>hormigoTummelBalitao377</wickers>
      </zetaSoldansScalene>
      <toltecGreige eldressDrapers="wangunsGenappKenosis792">
        <kersCollet>cagayan</kersCollet>
      </toltecGreige>
      <hagdons buri="convent" noyau="oaklike58" iracund="shocked">
        <halibutMemoirTotemy>35209</halibutMemoirTotemy>
      </hagdons>
      <egaliteTheyveCovine mingDoina="riband">
        <trisectWolve>zuni</trisectWolve>
      </egaliteTheyveCovine>
      <playoffRentier swooper="becarveValveMadi" legionsPrimaryWhitin="1" grecianBullingBahera="hoicks" snupStroudSolutio="531995750">
        <funicle>haikwan</funicle>
      </playoffRentier>
      <graisseAmbitus katogleSpaddleUnarch="chimu" arret="704725224">
        <amitateButling>scalareInvestsBiotic</amitateButling>
      </graisseAmbitus>
      <plod cowboys="philterIdeals" gibbedWefts="pranksBuddageSmalter7" perfJobbingBerried="798969">
        <unwooedAbsurd>lepton</unwooedAbsurd>
      </plod>
      <tikkerSwamis glueMaugerSeriola="latus">
        <chasmsTootleAlecs>6671252</chasmsTootleAlecs>
      </tikkerSwamis>
      <mixer shoodBethumbAgalena="nill" lauric="91">
        <dgagHenlikeRevery>babeletThieved</dgagHenlikeRevery>
      </mixer>
      <papishAutecyFids ahirTallyhoBoloed="1" sheardWeevils="hauld" pedleryPrudishSok="4">
        <resoak>weeper3669</resoak>
      </papishAutecyFids>
    </ervumStereoSipapu>
    <tajikiUnaware maidinAnthers="sorbilePanusCeltium" jimmer="heloma" pithily="78651792" jahveMorpholGilia="ordos" enwriteTynd="chackleCrojiksAmoyese" ribeEchisFeture="829474" elevatoPittite="avidity">
      <anukitSpartCronel>quashedLoutishCocking</anukitSpartCronel>
    </tajikiUnaware>
    <resends>
      <shankerEngrailLecythi>undatedAnnexJeetee6</shankerEngrailLecythi>
      <vimenTuckersAcritan>
        <pinwingGladii>ringy</pinwingGladii>
      </vimenTuckersAcritan>
      <kodoguBedfootFlamer>
        <buckoes>agapetiBenorth</buckoes>
      </kodoguBedfootFlamer>
      <delphinSaladEarsore libbedGali="264" pix="bellboyReplialAcronal3435" shaykh="annihilPollens">
        <stretti>5</stretti>
      </delphinSaladEarsore>
      <upstaffYattersPianka dagosNicolo="2" gonapodTonguy="heptadCurtainTalky" doats="foldenCongPriding">
        <philyra>nahuanBookedDeas</philyra>
      </upstaffYattersPianka>
      <sidthPaularOdz marimbaGalik="refinerCorkishEnhuile" mishitMercifyUle="peonsAvers">
        <kinaseWisseGazoz>314051504</kinaseWisseGazoz>
      </sidthPaularOdz>
      <omissusBrakes>
        <ischium>vela</ischium>
      </omissusBrakes>
      <nitonsOvules>
        <slacken>ramblerCarua</slacken>
      </nitonsOvules>
      <ralesMbps uphurlTaxersOoziest="airfareChirmedKikes" eimeriaTumularThirty="nemeanSolidoLalls" panakToatoa="woofellDitch" unmoorBungerBagdad="6">
        <bircherTornesiThapes>miniateTayir</bircherTornesiThapes>
      </ralesMbps>
      <roomful>
        <chuetPawnerRomney>gibbers</chuetPawnerRomney>
      </roomful>
      <unsnowChapeauBoulder axersOvinia="skhian" mienAluminsAriana="9422369">
        <cayugasTernal>7</cayugasTernal>
      </unsnowChapeauBoulder>
      <mahalJagerSquacco urgesOgrismByard="nouldTimbery740" gemmoid="1330822" packSwaird="barkle" reariseSapphic="gatemanBite">
        <beliingReinWergil>osmundsSpokane</beliingReinWergil>
      </mahalJagerSquacco>
    </resends>
    <contgCocopanFibroid>
      <euskeraPegasidWinoes>peelismZananasConfers</euskeraPegasidWinoes>
    </contgCocopanFibroid>
    <yarningUngumElysee>
      <booboo>devoid424</booboo>
    </yarningUngumElysee>
    <upslope subpassLearned="paolaFaery" bariaWicksEncinas="calorBatlanUrushi" oleateFeltingPinolin="feoffedUlmo">
      <injunctPelorusNeopine>awedlyEmbarkBeggary</injunctPelorusNeopine>
    </upslope>
  </wagoned>
  <vesperyWirbleLinnet />
  <bugbear betsOpiners="xint" />
  <tetotumInduces kafirRemitsDurions="elains" />
  <glasgowUpfurl tabidFrouzy="mendeBrokenErratum" dialed="worriesQindarsPublish" hairpinGrikeSoddite="impv5" aleftStussUncart="behest3" />
  <adownSkydiveAbacli />
  <reet cotrineCelosiaWeepful="kroonCarkledAphidid" rosabel="didieTetrant" bezil="outspanOcheryErratic">
    <sockyBerinseCoked>
      <bitlessOtidaeMordv>sonsieAtrailShists</bitlessOtidaeMordv>
    </sockyBerinseCoked>
    <burledFeasor>
      <arrisPelu>nacrousAsshole</arrisPelu>
    </burledFeasor>
    <intortPersonsMeer chemick="viiiThujyl" essence="571750328" nhanDairous="dartmanHoliest" outdure="cakra">
      <eryopidRefl>kerries</eryopidRefl>
    </intortPersonsMeer>
    <brakier adornerLurries="grenadoEighth" sans="folksyPiggierWeenies" isdn="18126362" snellerSlodder="kilnmanPinfallFamines" smeuth="tawsingExine" elveRancheTownful="ravelsFijianSoles">
      <astomiaDurums>reropeTalking</astomiaDurums>
      <throwsCustardProrsal baikieJulidClassy="9903692" knuteMetros="fufflePrivet">
        <tait>levatorShik</tait>
      </throwsCustardProrsal>
      <cordylExship shicker="chillUmlandIridine">
        <azotizeRectionCoapted>moylFescuesMeslen</azotizeRectionCoapted>
      </cordylExship>
      <stradeBawMungos braemanSamani="kyathosMilesUnably">
        <qiyasKyleRaucid>beinkedStrigilAided</qiyasKyleRaucid>
      </stradeBawMungos>
      <weddeed waywodeMonkFels="curets277" menurae="humours">
        <kaddishRoader>bhaktaRacks659</kaddishRoader>
      </weddeed>
      <senceChancelJim tenture="nosema" incHamule="tenonPelade" hadstKasbeke="cidDesk">
        <horningSnip>solate</horningSnip>
      </senceChancelJim>
      <tinlike amyls="cockingSurcoatRadiata1296">
        <ragis>carsten</ragis>
      </tinlike>
      <dazzler miserSickingOceanet="riservaSilliesAlms">
        <bonboSeenieEverly>morphin</bonboSeenieEverly>
      </dazzler>
    </brakier>
    <scriveSalsoda peeweep="kassu" wholes="unsatinMowraClawing" meinyCuteLocoism="92269" uppile="curuba">
      <kowbirdPrefers>bakubaBobbery</kowbirdPrefers>
    </scriveSalsoda>
    <malayaKitingInstyle laconicBelaudsDivort="4339">
      <maundRatchesMacigno>sissierPopguns</maundRatchesMacigno>
    </malayaKitingInstyle>
    <consist>
      <navety>tubtailLoosens</navety>
    </consist>
    <tariffPoschay gride="turfskiBetowel" abjudge="78548" closeLubeBiozone="distomaTamara" amici="740" hyteMazamaUndying="poultsBuddy">
      <dipsasGunrackAwhet>germ</dipsasGunrackAwhet>
    </tariffPoschay>
  </reet>
  <dhourra dewdrop="skeinPretan" hogen="termanEstoniaLur" />
  <breengeMastax />
</reassayBourdonOunds>