<?xml version="1.0"?>
<tuesdayAnthropDamiana>
  <onagerGamutBanquet tutsanSlowish="amityRecoup" fulveneNayword="ganjasNitre" abronia="birlerStooged" lamishGobbleOnding="3">
    <uns>
      <unbran>cribralLikesArdent3429</unbran>
    </uns>
    <hutchedSiluric uji="plasmicTwangCalepin">
      <foulIndiumsDogman>cindy</foulIndiumsDogman>
      <levPurryPsha>
        <nodulesPals>340282</nodulesPals>
      </levPurryPsha>
      <darbiesAbleCindery gudeEarbashHaslet="alinotaVeneti9">
        <mullah>ichth16</mullah>
      </darbiesAbleCindery>
      <sareesRasoir>
        <tinamouOrpincSonless>roomerLabel</tinamouOrpincSonless>
      </sareesRasoir>
      <hans saner="fykesEluxate">
        <alationTriumphAired>daffingFrogmanLadder</alationTriumphAired>
      </hans>
      <foinedIgloo>
        <silty>whickSorediaFaster</silty>
      </foinedIgloo>
      <misfileCulling sailerPietiesHogtie="8" enraptsLutistsShelve="grumpySuslikLupous" fellani="29937820" thumpHexaneGeeing="pavierOgor2">
        <papingo>coatHommageUnn352</papingo>
      </misfileCulling>
    </hutchedSiluric>
    <upscaleAphizog>
      <peckedCowhand>celeryApsisHencoop</peckedCowhand>
    </upscaleAphizog>
    <enjoys nitterLibatedCarrow="klafterCivGou" cozens="teddyTabooMiss">
      <atriumCalpul>4713536</atriumCalpul>
    </enjoys>
    <aahingAuthors stadeBogtrot="pastelsJussi" forrardGrowed="cuke7" trigynVorpal="refer3">
      <readiesApplierAtomism>glynBrogansPlaice</readiesApplierAtomism>
    </aahingAuthors>
    <etas>
      <taigleBifoldJuha>domptChay</taigleBifoldJuha>
      <engrege jaegersGuisian="samucu" betonsFilibegTrashed="clowderOveract" blimpsNaiqueEntrant="psaltes">
        <chefsCinerin>grecingIveSudanic</chefsCinerin>
      </engrege>
      <bandogsEvadersGander>
        <oftensMeakTocusso>nodiEarthen</oftensMeakTocusso>
      </bandogsEvadersGander>
      <mandi cronies="amulaeEdifiesBlasty411" exposalGonging="unkamedAvauntAngrier" maximinRope="ladyEunuchsUncivil">
        <geminalIleuses>smallAtameDamosel</geminalIleuses>
      </mandi>
      <kauries chappalReleivoLendu="bloody">
        <untripeEnguardBidcock>renvoyRovedAldrins3</untripeEnguardBidcock>
      </kauries>
      <goosishTill yetherFluxiveEnpia="pungie">
        <crunt>cambialMoralerGhegish</crunt>
      </goosishTill>
      <diaxoneDicotylReseek dabbles="723168298" swabsDabUnmade="evalueReuses" towards="10">
        <kadayan>repFumulus</kadayan>
      </diaxoneDicotylReseek>
      <juslikCruche>
        <locals>enginesHock8563</locals>
      </juslikCruche>
      <uphillsGrapedIsuret rallierUntrainAevum="bottuHeeGoozle5080" immiFurdleParodic="escheve8168" conatusLinguaeLauders="328" cleaner="undose">
        <agnatic>93</agnatic>
      </uphillsGrapedIsuret>
      <fealtyAsramasMingles ordViteJazzist="migale" couldntSnaggerAllayed="gnammaComble" odessa="sabs">
        <scantMtgEnskies>aleshot</scantMtgEnskies>
      </fealtyAsramasMingles>
      <fossorsTweeded hicketPrepave="5">
        <ceroidScroopEmbassy>hade</ceroidScroopEmbassy>
      </fossorsTweeded>
      <moira bidryCushagTigress="tokay" arkab="seinersOblatedRuellia" porosis="shuckerBeefinNonpeak" repewScolder="punger">
        <kedarKoloImamic>balkis259</kedarKoloImamic>
      </moira>
      <caulisSeisorsSpannel>
        <scirpusCropmanBlains>erratic</scirpusCropmanBlains>
      </caulisSeisorsSpannel>
      <pearlinSpirt lassikySubwink="dernfulColpusBabas" dungingEvestarGozell="8">
        <menaldShiai>bagwigsBonksYob</menaldShiai>
      </pearlinSpirt>
      <pilingMahant oleanaKawRigidly="ulnae8">
        <turners>cadmiumEmailed</turners>
      </pilingMahant>
    </etas>
    <untaxSantoDasya>
      <kleagleTri>unstingJibiAdvisy</kleagleTri>
    </untaxSantoDasya>
    <dap pompeyMoiresInless="hystrix9" yperite="thungHoopsChoring" purpose="tusking9658" dabletBrutedChytra="50">
      <tongingPapas>parliaAsak85</tongingPapas>
      <essieDeviseeDernly>
        <blitMerry>bosonUnbelt</blitMerry>
      </essieDeviseeDernly>
      <piddler chego="dreigh" squattySproilIghly="artize">
        <whistedRucking>renomeeGunge</whistedRucking>
      </piddler>
      <missuitMahsirBuggery prebadeViscous="ouyezdCuteyWakari906" gehey="5163" recalkWristy="3" antresBaldOenolic="calloPung209">
        <tosy>rideauPrayersWeakens72</tosy>
      </missuitMahsirBuggery>
      <geulah showedLethied="cambayeSkandaGonzalo" wrackerBrionyGayway="63" titania="telaLadsPayload" caroch="racoonsAganice">
        <taupeDegas>flexors2</taupeDegas>
      </geulah>
      <archsinDilleskQuashey skivieRinsMiskept="enrailVicarsIdyllia7436" holdman="blitherMobableMetayer553" musty="78700786" pathyCoenjoyDecharm="cuadra">
        <pricked>inbondAgataGemauve</pricked>
      </archsinDilleskQuashey>
      <vesicle>
        <nebbyGainersDasypus>intowerSeizingFrump</nebbyGainersDasypus>
      </vesicle>
      <nevoyKnoller moolumQuodded="redan" shiners="creeshMonoSubpart" ebcascWanionNonbase="yangtze19">
        <apadana>beshake</apadana>
      </nevoyKnoller>
      <lesson fucusWelkTinnier="700740">
        <humorerHamuleOutfits>drippedAwlwortStray</humorerHamuleOutfits>
      </lesson>
      <shmoesGlibWost altus="dessilSemite" pinkify="tinselFlukesSolved48" faunchOat="flaringDaggerChurada" pyvuril="aff">
        <bocciePraamsTabific>4047</bocciePraamsTabific>
      </shmoesGlibWost>
      <entice wrick="hemlockKasm" emballIleac="axone" wailer="monont">
        <cubtiSizars>alegars</cubtiSizars>
      </entice>
    </dap>
    <midspan>
      <nonoralLupanarJambe>5363</nonoralLupanarJambe>
      <etwas entheal="apnealTutee3">
        <strombLungeesKiwis>gasifySapan</strombLungeesKiwis>
      </etwas>
      <fitweedOvaryJauped picoteeIrpeAthenee="kickingWitched" fratchSchinusIndn="gloaterHearsedUdasi" talloelDont="awfulUpcanal">
        <ecchMisaimsGozzard>boxroomInanity</ecchMisaimsGozzard>
      </fitweedOvaryJauped>
      <gunlockUsurperJuntos bafaroDisorbMarline="cooks" amatedBlatter="hegirasGruidaeSirenia" rakisRubrify="likingKoolau" hoggishGarring="barkeepPatellaKumhar">
        <clued>gomeisa</clued>
      </gunlockUsurperJuntos>
      <wiledFigbird raptusVanlayDows="4" upsun="nikkud" pencels="92">
        <couxioShoransWintles>fartingWhitretCabulla</couxioShoransWintles>
      </wiledFigbird>
    </midspan>
    <iciness teggSlits="latax" prig="demotesHassing75" flavorsSuggilPikelet="915" burweedChigoes="840" apnealProtideAsbolan="rumly" sharonRekill="licenceSuumDonsie">
      <scoriaeTabid>mouthyMadresSerfdom</scoriaeTabid>
      <indriJarnut>
        <perulaOctary>meehanGuardsSpittle2955</perulaOctary>
      </indriJarnut>
      <craigSigh nexusSolanum="borize1" evadneSpiceCara="vocably5790">
        <whinnyTwixt>uptie</whinnyTwixt>
      </craigSigh>
      <randoriPillule vireWeederLacer="eastsShools" butanes="slootThoghtFdname4416">
        <bowlerAlandsCunas>nunletHowsourLopers</bowlerAlandsCunas>
      </randoriPillule>
      <agroundFlood>
        <nailbinPlatch>sanelyCancansCachaza</nailbinPlatch>
      </agroundFlood>
      <bobbing musers="reknockSpaught" cythera="192">
        <squibsHarshlyPaua>lamm990</squibsHarshlyPaua>
      </bobbing>
      <cockalJambee fruits="liposisMichingShallot24" yelt="kithingBewept" rimlandRaashRajidae="diacopePitbirdAneuch">
        <outwait>faucre</outwait>
      </cockalJambee>
      <birlie scorza="slicersNoisingYrbk57" ideallyStopenSkiffs="belarCraftsMimidae" niblikeLynStroud="layia" russine="finnierAzlons">
        <ebbLiquorAgendum>7857</ebbLiquorAgendum>
      </birlie>
      <ollas shnapsGimper="isthmi">
        <mucedin>prebillWeapon</mucedin>
      </ollas>
      <dindles zincsHelpFibre="brisque6" chenar="gymslip829" sooky="6" gnawn="boccis">
        <piitisLoofas>meatilyNabalus</piitisLoofas>
      </dindles>
      <solutio bedrel="chaouiaVeiledPrename">
        <debtPastes>tindalo</debtPastes>
      </solutio>
      <snowierMagnumVisas propagoKamminaDecuple="unoaredWeekend6">
        <scauperHulkyCabasa>236043810</scauperHulkyCabasa>
      </snowierMagnumVisas>
      <skirlNese>
        <hubbies>roomierGujar96</hubbies>
      </skirlNese>
    </iciness>
    <lyart>
      <graze>comfreyCatti</graze>
    </lyart>
    <roque>
      <sorrowsUprootsEmissi>whatnaYirk</sorrowsUprootsEmissi>
    </roque>
    <alkaneRushees rhexes="prayedBahamaPixy" kinkQueryProbers="reruns7595">
      <suturalOutbat>beauingBeeishBoonk</suturalOutbat>
      <nithingTinct tunaEnarmeDefix="labiaTaygeta">
        <unciae>vigourWolverGarter</unciae>
      </nithingTinct>
      <herdboyBorrowDia kiefFending="pushing2" unbarkLabelEdemas="35">
        <bocalUpsoakSurfier>72822917</bocalUpsoakSurfier>
      </herdboyBorrowDia>
      <ouabain umbrilMorulaeWarrant="dowdSoonly">
        <daalderBaiting>trahWarZoaea</daalderBaiting>
      </ouabain>
      <foiblesCoetus ripsawsTissual="tympani" sepRipier="aslop878" cohune="daleHemol" coghleMarges="28749162">
        <jacktarAmides>151438</jacktarAmides>
      </foiblesCoetus>
      <jostles justestMuscone="tuftletResolve">
        <marver>eadiosRecency</marver>
      </jostles>
      <wickyIzardCamuse unsere="loosestSalukis" chintzy="vestee" ult="wheeledUnoftenEphedra">
        <cinemas>tartlyLeekishBerake</cinemas>
      </wickyIzardCamuse>
      <hotelsEntify>
        <tawsedPileupsUnspit>braider</tawsedPileupsUnspit>
      </hotelsEntify>
      <kookieMumble viremicPinolia="nebulasBottegaSahara">
        <wanness>thatchyMergerMaimul569</wanness>
      </kookieMumble>
      <morthPurvoe briseisWamblesKerogen="sextoleCokeman" sitchGomavelAntiar="reurgeSegged" jute="9">
        <hempVexedEnhort>trochilMassyTretis</hempVexedEnhort>
      </morthPurvoe>
      <ulus noggenOurselHandsew="533618983" lushingAtonePearls="pay" bonsai="wetchedBaskish" gharnaoDermicTrink="942727">
        <vagrateOficina>diaplexChaver</vagrateOficina>
      </ulus>
      <acceded etaminFlumesTheta="boobyStealyAgyieus" quaiThyms="stibine">
        <jagataiUnakinNaric>asg</jagataiUnakinNaric>
      </acceded>
      <reamuseGremio myogram="kurusQuintic" smaltoKyathoi="scrawly" slidesCharierSawyer="helmGusts" scrauchDucking="mipsCorf3">
        <fugios>dernerBlackedSeiner</fugios>
      </reamuseGremio>
      <volutes garrafaVivian="7420">
        <aquenchEnodeAcarid>ungreenAulNacres</aquenchEnodeAcarid>
      </volutes>
      <isonephApneas>
        <soriteTewhitGeneric>blighiaLowsMesked</soriteTewhitGeneric>
      </isonephApneas>
      <ladanum romain="77890576" kyotoWhirl="relapseVersoShould22" pleon="binderQuerido" yarrowUpbind="boutoGrunch26">
        <wouldnSubcash>nitrilsCyathiNone</wouldnSubcash>
      </ladanum>
      <solenBabyismAbanet>
        <perlingBothnicDeair>snowilyProg</perlingBothnicDeair>
      </solenBabyismAbanet>
      <sulcarGadeVille weldDemeansMeteors="hejazi38" maltmanEmprint="changedUraemic70" tombacBoniBeheld="illupiParchScorny" intimalParcelsMoodier="offsSaveProxeny39">
        <noonish>41098846</noonish>
      </sulcarGadeVille>
      <rakeful vistaDecalog="weeper" carks="lossful20" bieldyKadder="dipettoSikhs" reigner="76912060">
        <citrusUnfeted>57197</citrusUnfeted>
      </rakeful>
      <azoximeMuffle>
        <junkmenToxonZoon>401593859</junkmenToxonZoon>
      </azoximeMuffle>
    </alkaneRushees>
    <voleryGrillee ontic="borize" hup="nuttierCunningXerox" vinny="quangosTenty" turbithLame="seamlet">
      <tempestUnlaughEngines>67426</tempestUnlaughEngines>
    </voleryGrillee>
    <ibycusForeverChesset>
      <camusedCrowlPanaka>vicIricism</camusedCrowlPanaka>
    </ibycusForeverChesset>
    <rebloomPycnicOlomao herbAmebula="axonalCreance" cuppa="ruffesUncalkDerth2" psalmedDubious="lycopusPlugs" ferv="shubaTippledUncoked" meaty="gerefaFelted">
      <plucky>jeersStomalMyopias</plucky>
      <burdashChedersSimper howishHoke="34082475">
        <eutociaBudh>yapsterBhikshu</eutociaBudh>
      </burdashChedersSimper>
      <kelepEarnest ratten="ettarreFagBidets">
        <boeing>snaredDoubled</boeing>
      </kelepEarnest>
      <sorestUnableOrbate dillsDoodled="umbrianTouzle" windelTweakedEndoubt="termiteNiciKashga" syzygiaEnnew="gobbing" delist="hydnumFeckfulSooreyn">
        <goatyTenant>5407295</goatyTenant>
      </sorestUnableOrbate>
      <beganiCariamaTcawi ablazeBrassie="879">
        <crucilyRecart>tievineWroken</crucilyRecart>
      </beganiCariamaTcawi>
      <cutlersStarersShusher jerkishSystemBruised="42">
        <nongasOzonesBower>frigageCaloolUpsy</nongasOzonesBower>
      </cutlersStarersShusher>
      <bacchae ratoonFlossy="langue5959" gushersPithier="745562295" wrightsMatokeBiacid="saumyaPremeds" sparilyPaulianExplant="logjams">
        <abidingPungies>rexHackyTuchuns</abidingPungies>
      </bacchae>
      <brulzieWintry glintsJosserSeating="mouthCloFortin">
        <picule>avisosOpossumTenrec</picule>
      </brulzieWintry>
      <decreed udoClarino="iliacus19" noaWarbledMoile="bedumb8">
        <malloy>tway</malloy>
      </decreed>
      <cohosts>
        <amoraim>piscesUshersFon</amoraim>
      </cohosts>
    </rebloomPycnicOlomao>
  </onagerGamutBanquet>
  <emerickNosegay solonTebeldiChough="logchipHalid">
    <mumping froggedDwells="foining9" ramass="2528573">
      <billmanAccessAtelic>45845591</billmanAccessAtelic>
    </mumping>
    <orchils eyebeamPliers="blowessDiddiesRollway" ratany="rejangEductorBranky" mulchPartan="puntoutPitaya" bombaxSapo="loungyIvyIcky">
      <netchaGuacin>89130688</netchaGuacin>
      <tombicEnhauntBurrer guloNepal="cebineAdults" toxoneAlangin="drawlHsuan2" orals="outhuntPrivityDod" pongidsWindowPomade="grebesMuggishCanonic">
        <oilbird>bavoso</oilbird>
      </tombicEnhauntBurrer>
      <kay duncesOocystsThinly="faiteryScuse9760" anilidAnapestBrae="739342470" boiler="172">
        <garglesAttriteFiggy>isopyre</garglesAttriteFiggy>
      </kay>
      <enacted>
        <surg>alkaminFatuus</surg>
      </enacted>
      <chlore yarderBrahm="50724380" nonnantOxymel="62495045" yearthSaynete="amen">
        <tayassuTatusia>kappa</tayassuTatusia>
      </chlore>
      <herodiiWornilBoukit>
        <drupes>hendPtosesGubat</drupes>
      </herodiiWornilBoukit>
      <overtlyGaolerBavin vengingSerSalome="sawish" deboss="asaphDishomeFrowl" bedelveThomas="384354">
        <golemMucoseSadly>pifine</golemMucoseSadly>
      </overtlyGaolerBavin>
      <positumGristle lanazFreyja="6717" canch="detour">
        <gadding>situpsDieri</gadding>
      </positumGristle>
      <rifledRosins mynaExhaledWiremen="axedKeech">
        <outburnMetis>glauber</outburnMetis>
      </rifledRosins>
      <libEyre weedishTroop="4181" iranize="dickVicinalBlintze1" poudretRunny="kazakHurlersDulat">
        <yapocks>pocheVitricsEntomb</yapocks>
      </libEyre>
      <weariesGravatCanamo comaCygnetBussing="3302759" likingCrissaKindles="noseCuishPetalia" doubleAcousma="irs">
        <awasteFaillesPaquet>netted</awasteFaillesPaquet>
      </weariesGravatCanamo>
      <orblessLodensVanessa mayacaLethean="9" brawly="encased">
        <bundyCanel>eyliadRecklaEmpasma</bundyCanel>
      </orblessLodensVanessa>
      <cydippe chengZymosesYhwh="moidore">
        <tangie>chuff</tangie>
      </cydippe>
      <istBikesTornit>
        <anisoin>attars</anisoin>
      </istBikesTornit>
      <unwayed dion="inertlyEpicier">
        <booteryPraosTissu>legisSporuleLeewan</booteryPraosTissu>
      </unwayed>
    </orchils>
    <pulliBundeli ackCerumenWimbled="clootsFraggedSizy">
      <wattmen>kavaicDruggy</wattmen>
    </pulliBundeli>
    <triedly>
      <sookieLxxCoups>88993</sookieLxxCoups>
    </triedly>
    <spitingFennecs>
      <gucksWanely>wiggismPaling</gucksWanely>
    </spitingFennecs>
    <fitting>
      <spackCairBescurf>7687452</spackCairBescurf>
      <quan themisRoutine="knatteIrbis575">
        <frokin>endentTappet</frokin>
      </quan>
      <swither cuestas="gistsCayos">
        <tacky>baulea</tacky>
      </swither>
    </fitting>
    <insorb langsat="491" wendell="hashab">
      <sprierSodiumsFour>etymonPinders</sprierSodiumsFour>
    </insorb>
    <elasticGlobateTextual>
      <veals>clabberSalloo</veals>
      <abaculi moughtLineneMuggins="rotas" peds="castileMarcsVendee" neuron="weneth1" shamCowardyUxoris="dirca">
        <andevoBloods>tonicsPrana</andevoBloods>
      </abaculi>
      <mopederSummateKythe>
        <inseamQuatralPalmira>daltDeluded6</inseamQuatralPalmira>
      </mopederSummateKythe>
      <inia triflyFixupsSneer="outwornStifleTooler">
        <arrha>lairing</arrha>
      </inia>
      <duskishFiercerCark gappedMidgutEdgrew="afreteDativalMerino" murlackLiquidy="cimeliaIngangCoaly" pshaws="8182" fegary="teacakeEsses57">
        <arenousApilaryPerone>hornletSnurlHyde</arenousApilaryPerone>
      </duskishFiercerCark>
      <gazesFellaCohead funkias="patens" gulpyGaggler="hership">
        <pounces>97852412</pounces>
      </gazesFellaCohead>
      <braddedBigwigReclear>
        <oglersMollahParded>jaletAnatmanTeamman</oglersMollahParded>
      </braddedBigwigReclear>
      <vastier>
        <saetaSakkoi>spurEnroots</saetaSakkoi>
      </vastier>
      <thewyOopak hederin="congoHinnied" zookersAnandaMix="fitnessWorldGlitnir" orangy="huffle" shruti="1157014">
        <tawsed>wearersBartram8258</tawsed>
      </thewyOopak>
      <rebook blatted="upmove" unupsetVeldtsWreat="81209">
        <kotyleSedans>chokTabstop</kotyleSedans>
      </rebook>
      <wammusReglazeBackup idolise="98" ureIonian="hubbubsSizzlesHaplomi" carlins="2">
        <tamasic>bahtsBagels</tamasic>
      </wammusReglazeBackup>
      <maugerScabby embersVimpaCraking="dinos9322" smudge="jokyCooper" squatLonging="ickers" diemTougSubatom="simioidEre">
        <unjuicyMammutLiens>iracundRonin</unjuicyMammutLiens>
      </maugerScabby>
      <denis>
        <chapes>vinitorNicotia</chapes>
      </denis>
      <muffy phebeCardiac="nidiEmptily" alpistHarangFoliose="flirtyMismate">
        <licorneBeliefs>divingOusters</licorneBeliefs>
      </muffy>
      <flavine inbondKoppies="331">
        <kaliums>3670702</kaliums>
      </flavine>
      <signetEtchersHetmans roupHazel="inlardFendyOater" amobyrSepioidSlippy="5" chihfuPetal="1004616">
        <nappersDaisiesHamzas>lixivia</nappersDaisiesHamzas>
      </signetEtchersHetmans>
      <viron spottedPassuDegras="21278" tuftilyActives="sitarsDhoby" yakamikSlitBegger="sistle">
        <murinusTacticKursaal>wulkCalliSuitors</murinusTacticKursaal>
      </viron>
    </elasticGlobateTextual>
    <czarsBeeches>
      <dustbin>moorpanCreem</dustbin>
      <wigeonBuddle refuteDempneSacked="solioDotersStrath" iller="compoteCuirass">
        <airshedPloyingTubar>lucidlyWolfmen</airshedPloyingTubar>
      </wigeonBuddle>
      <injury>
        <rampartBehoot>clankedLaxistOmer812</rampartBehoot>
      </injury>
      <waifMisrulySwelled pitsawHemopodLineate="repawn" hyaenas="mawky">
        <derout>tawkinPerula</derout>
      </waifMisrulySwelled>
      <gurneyGyredNotepad cluingDauner="juventOutfoldNippier8068" bringalPostCidaris="topspinTubba" attagenJiggles="upgazedWarf" bullaceChefsCumble="527">
        <fauxVamureSprayey>haikaiHist</fauxVamureSprayey>
      </gurneyGyredNotepad>
      <cattilyHold dooredStolenPoppy="stare" fungateBreastLoftier="mustangTualati" pluteus="unreelMidterm">
        <wurrupStrightDoxa>megilph</wurrupStrightDoxa>
      </cattilyHold>
      <fumarinWeedful gomeral="lasagnaUnrivenCarlism" seitVaranidToggle="fuffit9" metus="wringle">
        <rimesNonene>97</rimesNonene>
      </fumarinWeedful>
      <odiums gosExodus="sleepy" methane="carefoxBallute">
        <sloshyAuxesesNosebag>bagobo578</sloshyAuxesesNosebag>
      </odiums>
      <pelisse sobersBefleck="mureinHallway">
        <bastonApidaeSpurtle>703689046</bastonApidaeSpurtle>
      </pelisse>
      <cogboatAbbas sparred="shulnTangoed" mochelRasionTriaxon="bergmanForgieInfract">
        <yuks>8067</yuks>
      </cogboatAbbas>
      <skylabCoxStroke paussidHamletsJimp="cellosRedeyes9" scupfulSpanedVamps="85">
        <buccaLaudianMooch>noisier</buccaLaudianMooch>
      </skylabCoxStroke>
      <carboneOutpickDandle jank="tears70" orcsBlasia="5734666" kophsJenson="spiringWorser">
        <anatron>pules6</anatron>
      </carboneOutpickDandle>
      <poindedDurrin waysInkersBlankly="myrciaHeederSector786" apteraTubicenGingras="cajeputDiadic">
        <oxanate>acquestShojisInhold6</oxanate>
      </poindedDurrin>
    </czarsBeeches>
    <ampulsDenaro forlese="621255" thine="wagwitTsotsiKeef" mashpee="8730">
      <bicorn>ambier</bicorn>
    </ampulsDenaro>
    <probers>
      <hoofLipanSepiost>7</hoofLipanSepiost>
    </probers>
    <touzledVex>
      <samovarCordate>luhingaIraniEndymal</samovarCordate>
      <alfred>
        <slidesPulayaInduing>gravenUnmethTetrdra5</slidesPulayaInduing>
      </alfred>
      <biprismCafizBasinal temenosHineyTaata="outyardSliestMainpin1" faylesAirmenPassage="xeroxes1" gyringLoftedSeptic="decries86">
        <binodalUnpaint>echards</binodalUnpaint>
      </biprismCafizBasinal>
      <mermanCovertsTrishna poddiesLoather="hawokOpcode" villus="indnCasters696" thickeSlogansCecums="pinolesTarde">
        <untornButted>lemon8</untornButted>
      </mermanCovertsTrishna>
      <spinateFlooredGolfed>
        <flayPotlikeHomme>yayClench</flayPotlikeHomme>
      </spinateFlooredGolfed>
      <matadorNarw icicle="stodgy" codder="unwanedSnazzyAbray" cutups="disjoinCoriin">
        <galls>atophanWonned934</galls>
      </matadorNarw>
      <charkedWangled ledging="xenonsBooker" woak="pentaneGoogol" surfacySennits="brieflyCalquedBribes">
        <bromiseCrappin>lieUnpiousBeguile</bromiseCrappin>
      </charkedWangled>
      <hogginBlickeyTutty orioleQatarEnisle="gollopRodsmanEucrasy" wickedPewmateNymphs="peepCoshery">
        <wheenHurlock>5921263</wheenHurlock>
      </hogginBlickeyTutty>
      <stonage>
        <stainPeebeenIdleman>31</stainPeebeenIdleman>
      </stonage>
      <segholSuk flies="tannicPutherTelecon" wankPmsgFlaxier="escaped879">
        <tomosis>gabaritStadion</tomosis>
      </segholSuk>
      <kotokoMunich billyerFunks="dunnite" shambuVeils="tradesDelictsCabbage38">
        <besinTuath>archerCodable</besinTuath>
      </kotokoMunich>
      <gyringCarlism enraptAntacid="4595" munsif="393527827" grittenBonnockSayings="862080">
        <unwomb>choop</unwomb>
      </gyringCarlism>
      <aft>
        <ariidae>jabulesLeekish</ariidae>
      </aft>
      <popodeEnsear makoua="stoolsDepeachRelay" hylic="impuneOutsee94" daukinIngenieCrystal="hurdisPrueYerbal" titrateAngelic="8252982">
        <wribleZagaie>ungoredIsed</wribleZagaie>
      </popodeEnsear>
      <salol sovietOdal="wadable" motteSakelCupseed="364193734" bowfinsThratch="408">
        <terminoShield>chestedSituate</terminoShield>
      </salol>
      <phobiesRomperUhllo canonJilters="576061">
        <murrIncurs>knights</murrIncurs>
      </phobiesRomperUhllo>
      <innards shavery="genreInnage" genetAerage="35297750">
        <bhunderSapful>aruloAperiesOpata</bhunderSapful>
      </innards>
    </touzledVex>
    <unkedHypogynStinted>
      <cohanimAsaphidCogroad>30567581</cohanimAsaphidCogroad>
    </unkedHypogynStinted>
    <narked vagi="461" farfel="trityl" languetImbeCunas="627963188" ungyvedTeufit="575632" maltaseCornein="upsmiteSubfix">
      <palaiteLegginAcarine>noil</palaiteLegginAcarine>
    </narked>
    <teetheOntoPerla>
      <acetosePetiole>embolo</acetosePetiole>
      <coticeDepohNobby grelotEarwormWowser="sabbed" ptotic="uniceCoseierCement">
        <preageGtcAspide>obeahsDeponed</preageGtcAspide>
      </coticeDepohNobby>
      <hectareCusped surdityAlga="plastic" dogeysNephron="bestore3974">
        <jupiter>veridic</jupiter>
      </hectareCusped>
    </teetheOntoPerla>
    <akawaiRamstamBummle>
      <campalAmiableKachari>81724</campalAmiableKachari>
      <queazyAlginicCrankle drippedOsagesDistent="owlism" madmenCoochCrack="maranhaAbovesHaet" mesquinKnub="48584496">
        <iodoxy>drawnet</iodoxy>
      </queazyAlginicCrankle>
      <setfastNameEchis shrewlyWicket="maranonJanglesSextan" uncScoponeUnlays="unifierMedietyChaus138">
        <sowcarBussingBrunel>5281</sowcarBussingBrunel>
      </setfastNameEchis>
      <flogsKadine leashBukshi="auchlet889">
        <gallaNakoMarezzo>trubu</gallaNakoMarezzo>
      </flogsKadine>
      <thegnBororo gurshesRehboc="eludesHogfishBoopic" gookyGeum="expy" rivTieringUpstaff="zonnarBibblerUnbeset">
        <hurlockAspish>catboatJosiahRetaker525</hurlockAspish>
      </thegnBororo>
      <sleuth consyBowles="13843361" iodide="wavicle7" pizzles="proreTrass" mudfishRegracy="acadian">
        <wungeeGiglet>dudlerElysiumMygalid</wungeeGiglet>
      </sleuth>
      <swarmsUnsootyLignin nervous="faecula">
        <boutonsBusingWears>lamiasFestingPrices</boutonsBusingWears>
      </swarmsUnsootyLignin>
      <pyla vadis="45" ingirtBentangWishmay="clavalDurbarsRabanna">
        <hunfyshPorting>tongingRejudge</hunfyshPorting>
      </pyla>
      <stoothVapoursTsadis battureGlumpy="3997" hypogynPleurumDisert="vinettaAmentum7803" connuEskersEnslave="8643" flaker="matzasBlastie">
        <hepcatsVermont>heughUrnfulsBangala</hepcatsVermont>
      </stoothVapoursTsadis>
      <rootcap deunam="ratwa" amylic="chanced">
        <octavicLac>ofter</octavicLac>
      </rootcap>
      <photicsFusilWhops>
        <shooter>wollyBourg6</shooter>
      </photicsFusilWhops>
      <assetOchranaMelia logresTortesLapwing="odeonsZanzasBandana" rec="mooktarTwelve" ecdemicDawtiesGonimic="149" sirens="57139">
        <comptieConstrUprip>dioonKitting</comptieConstrUprip>
      </assetOchranaMelia>
      <aniseTurkic sexyJaupedSubitem="cumalFungusySepd53">
        <cowry>harvestSonants</cowry>
      </aniseTurkic>
      <wainmen girtsResight="jericanShapeupLurer">
        <khalal>fie</khalal>
      </wainmen>
      <decriesLocoes amidase="gobbetsDebtfulCretics">
        <radiovYawnyKendna>8203</radiovYawnyKendna>
      </decriesLocoes>
      <engem ouabainZimarraDartle="1">
        <fourble>doiledMonesesUnhang</fourble>
      </engem>
      <geloferSalmaryBarruly ranReshFont="smallerPublAnomaly" dorselIdylismRebecks="scrobisWeason">
        <aquateCaesura>probant</aquateCaesura>
      </geloferSalmaryBarruly>
    </akawaiRamstamBummle>
    <vamosed koi="mincers" toffBergamo="125" tectureRowenScouses="597437">
      <cessStewedSigger>noggsHippingBalabos</cessStewedSigger>
      <unmuddyCraxMiglio frimHemic="biggityClucky" scarph="7564" tamponsWambugu="dozent66" lalaquiBulkingWhoopee="shariatWimples">
        <sharnsClub>aldiminPiggierThyrold</sharnsClub>
      </unmuddyCraxMiglio>
      <newariDate>
        <novus>777</novus>
      </newariDate>
      <perauViand palierZibetsPaquet="protistVinierPenile911" apitong="peaviesGud" sparPodurid="havocsSeqq7">
        <ironerDemeter>longanEyrir</ironerDemeter>
      </perauViand>
      <clewing couther="invious" binesPica="mesonyx83" secutor="lysol" mistellCede="3938">
        <termorGibbers>490785</termorGibbers>
      </clewing>
      <tricky cutouts="doltishIbidemRecaps2291" vittleWhappetAlkene="titansInuredHile">
        <chayota>57661</chayota>
      </tricky>
    </vamosed>
    <sighersUnrealCoolung spheresBosket="unbe473" keelCwm="exalterUnhangs" sniffBoreadSpud="dakoitsSkybaldSheughs" plumbumTendrelJaunted="seamer">
      <ageists>banyoroCawker</ageists>
      <rucksVenous tongue="vitrialTinhorn" sharpedPampers="disdubArsheenSashing" crinums="append" reside="titlistWattsTearing">
        <uncasteKnapper>bulkinPechaySermon6</uncasteKnapper>
      </rucksVenous>
      <tritonHyemalJuncos hanaperDudaimHave="79119">
        <chakdarNocenceOxtail>812211157</chakdarNocenceOxtail>
      </tritonHyemalJuncos>
      <scagliaMesode>
        <romalAnimantRudera>ursidaePomade</romalAnimantRudera>
      </scagliaMesode>
      <sinawa nunquam="nohUnionsProcity73" jinkleIncusesVanir="deda">
        <leawillNoyant>321</leawillNoyant>
      </sinawa>
      <burkingInmostBicone keep="plimIslot19" laborTragal="732567" lickers="rieversQuartzy">
        <thoughtGuahivoSiksika>8</thoughtGuahivoSiksika>
      </burkingInmostBicone>
      <goodieBewry pastileSialic="prinos" printedAdobeOnymal="nighestReenge">
        <quadraeSodomy>niddle</quadraeSodomy>
      </goodieBewry>
      <chinwag>
        <mappyLullHeeding>fanleaf</mappyLullHeeding>
      </chinwag>
      <pomelos splayerTitar="unnaptVerbousDoddy" budgedRackets="971831" caduceiPhyscia="7">
        <confers>wayakaAdmi4</confers>
      </pomelos>
    </sighersUnrealCoolung>
    <focalMacros geldingStoot="tarzansPrefGlauber520" mulsifySpoused="562467105" bilbiWrapped="pargana" wheamMichaboNorn="mislin" pargo="anywiseYuncanMenhir" fanfare="syncFlauntDojiggy">
      <pentoic>veldman</pentoic>
    </focalMacros>
    <corverTouchesBoas creator="104973892" byland="clawkerTenths" plotterResParboil="exitPangi" rodsmanKhussak="peeningStauterPointal31">
      <amoristBicched>japans4</amoristBicched>
      <jixie lastage="739" prices="dewerSpritty454" numud="bucketRegale" skoalKrasisAlfaki="signori">
        <jurataBrowsed>60</jurataBrowsed>
      </jixie>
      <spotterOnwards>
        <rooserScrimpsTowards>frixionUndined</rooserScrimpsTowards>
      </spotterOnwards>
      <learsSyboIntrod patacasUptrail="razzlyFlodgeInport">
        <peludoUnbokel>734</peludoUnbokel>
      </learsSyboIntrod>
      <aurae>
        <unrootsWlityHagein>tynesGeology</unrootsWlityHagein>
      </aurae>
      <chazans crowder="goutyOoglea" wrideSeedlipEciton="bobsledTrussedPetitor" gimbriNegrine="49487" hagGallows="142">
        <allurer>daukeUkraine</allurer>
      </chazans>
      <bpsSadoUnclimb>
        <rexWunna>2</rexWunna>
      </bpsSadoUnclimb>
      <cliqueDuniticGrike>
        <mealmanMemnonDks>5653506</mealmanMemnonDks>
      </cliqueDuniticGrike>
      <eamMiltonKayo rerubDreams="gateauClientLutayo" uteArgaliWastely="chromesShammedWilk">
        <sinh>basothoDanaiteUsara</sinh>
      </eamMiltonKayo>
      <euecticIsodefSimal racierZoeae="stavingSeville" vulpine="726">
        <haybote>shirrScopeSwabber5</haybote>
      </euecticIsodefSimal>
      <ficcheGonagia assayerPomeysPhillip="cabinsCaterva" venally="ridottoSubnet" gratten="unmansDuomo" cirriCohererHydrae="kling">
        <dappingLadyismToxoids>commaes</dappingLadyismToxoids>
      </ficcheGonagia>
      <placingXylenylYukked wisdomsNei="beatingHappily" cothishCabooseHostly="roomful8">
        <larlike>arrased</larlike>
      </placingXylenylYukked>
      <fyceGltCareer upsideSubers="endewLovepotHexagyn" bernieBaguetsSenegin="joukingLamedCeasing" idrisidHyrse="waxworkDenimsAmazer">
        <slootHarkee>412977983</slootHarkee>
      </fyceGltCareer>
      <molochRouble latestsRafael="mosgu" loupeMeatureOolemma="csects">
        <unjoint>elevatoForrelPortray3068</unjoint>
      </molochRouble>
      <plowman romykoPotent="aloose" guepard="berobedRedlyScoliid" spunksBabeletCocoons="unbegot">
        <camaligFart>coping</camaligFart>
      </plowman>
      <zoealGunlineOnyxes kaziInyoke="pedata" mezzosAnuran="3">
        <catchesBarite>tomiumRevalueChrobat2</catchesBarite>
      </zoealGunlineOnyxes>
      <rinsingSolutus stoupManeStriga="crinoidHerberEathly" excambHollock="hartalsGlarily" rootageWong="pirner">
        <jinkleMapperBeam>anyway</jinkleMapperBeam>
      </rinsingSolutus>
      <ferrelsFanniaBibulus guarish="gulleysZagged232" meaconStatUncork="deist">
        <pholcidKalpa>labeled</pholcidKalpa>
      </ferrelsFanniaBibulus>
      <asuri>
        <samoans>vauntyVeinersUvella</samoans>
      </asuri>
      <bailiff chevonScattsMuzzier="suburbsGaragedEnarm">
        <keltoi>blaverCharierJokiest</keltoi>
      </bailiff>
    </corverTouchesBoas>
    <secretIndoorCurer hokanPileupDodona="gibbousSlightyChalked7590">
      <unn>bestianUpspireThiasi</unn>
    </secretIndoorCurer>
    <papain>
      <spikierIndican>92369756</spikierIndican>
      <dactyls phalanx="48" repinedPinfire="olenusRangyMitella404">
        <amnesia>thamengVergersAcrock</amnesia>
      </dactyls>
      <jeffie>
        <scampsKnittle>laius</scampsKnittle>
      </jeffie>
      <keelfatRedoute guhrDantean="stiltonPrick" yaksha="9">
        <piddledPodesta>22954056</piddledPodesta>
      </keelfatRedoute>
      <crosbyBalitaLlew steinMelitisBlondes="turgentFdtypeReknock">
        <oeninFannon>galee213</oeninFannon>
      </crosbyBalitaLlew>
      <glore>
        <nowthe>molttenGabrielScreens</nowthe>
      </glore>
    </papain>
    <metalawCobbles>
      <unacted>pateriaDislady</unacted>
    </metalawCobbles>
    <elmiestGuidage>
      <compearBisulc>balataDraftyJingly</compearBisulc>
      <placingFluors haulers="dogboatOftenerApl" ploukOblatedQuest="wizzenOtterWarners994" oozooid="taniteMurinus" drunker="washery">
        <shirl>fatsoesMarrotHumans</shirl>
      </placingFluors>
      <cracklySonraiTings unhasp="quakierMyitisTosher5120" sudamenOutpostCesuras="subwarUnzeFilaria" refall="adipsy3" malkiteHexitol="tincMarine">
        <bawsintDanged>maytimeLipinVitriol</bawsintDanged>
      </cracklySonraiTings>
      <zonedClink mankinShaulEktene="aided" chattedRoachZad="fifteenCcwGibbier">
        <quedfulMisrulyGlottal>payedFormersCootch</quedfulMisrulyGlottal>
      </zonedClink>
      <dousingOrthid fluty="arumDftFyrd309">
        <bustersAnotta>812</bustersAnotta>
      </dousingOrthid>
      <hatrackKishkaDouc>
        <habbubSheth>admixedGrallicLeatman4</habbubSheth>
      </hatrackKishkaDouc>
      <topingWinnie>
        <zygoseMameyesFirsts>999728008</zygoseMameyesFirsts>
      </topingWinnie>
      <suturedStaningGrowed leno="workmen" sheikhsRecoals="moolah" bracky="faurd" coueismBalaos="mellateWaiterSpath">
        <erbiumPochoir>kikesDerrick</erbiumPochoir>
      </suturedStaningGrowed>
      <themeGanzieSpooks cobbBeclipSyd="93" mesConcavoPete="awfu" bovidChicly="whittaw">
        <cleaverCarline>eggedEnkidu1774</cleaverCarline>
      </themeGanzieSpooks>
      <laeticZeroedContrib ninons="atomicsKnell">
        <abuttedSmickerChocked>effacer6968</abuttedSmickerChocked>
      </laeticZeroedContrib>
      <chowedCoaxialEvected>
        <shaltAracheJesuist>fabliauTetroseDat</shaltAracheJesuist>
      </chowedCoaxialEvected>
      <douarAbide keliaScrota="munsifPuccini" moebleUnepicButcher="7">
        <makersTangunPanisca>28888000</makersTangunPanisca>
      </douarAbide>
      <gollarAthink vastlyCoriaus="40699579" joining="bicycleMizar" koliRaise="kiblahBarrageBeylic38" ictus="biasing">
        <calefy>558063047</calefy>
      </gollarAthink>
      <hoddyUnrid testoonHeliacAmuses="unroughOxalatoShines" serehExesBadging="sharker" month="shalako" chutistBetain="sunbackBorithChumped">
        <eupnoeaDemurer>kotowerSheughsPlandok</eupnoeaDemurer>
      </hoddyUnrid>
      <bezant>
        <flickyYikeDevil>perrier</flickyYikeDevil>
      </bezant>
      <pollyFaence loketOutrigRedare="harmoot" allanAlexinsGeckoid="riperSkivesUnethic382" leoneseAsteerGundie="semirawPotteenEastman" sniggleZiara="prilled">
        <polentaJerkUpwring>271747</polentaJerkUpwring>
      </pollyFaence>
    </elmiestGuidage>
    <kanwar hawky="176761357" isobath="apohyal" fainerDeskill="5214" timersFlayingLucrous="joggledVivelyManbot">
      <erganeBruzz>778758275</erganeBruzz>
    </kanwar>
    <zoosDearly soleBursera="218307" puelche="tunkerOffwardSallows">
      <agacesRegards>irving</agacesRegards>
    </zoosDearly>
  </emerickNosegay>
  <thirdlyGilders fonlySwivels="673824142" />
  <nonbaseInvest />
  <dimpsGoodieQuails />
  <sharraBlew jungliAriosos="moismIodine919" peage="flusherHolismPsaloid" scrumpyEllwand="276403266" />
  <skinkerSalliedPectous goshPachisiKnapper="inchantUndightTasks" purim="sexier6335" munches="pythiosSorgo" milan="1180">
    <dunkers>
      <latened>haddenDeeps</latened>
    </dunkers>
    <boobsLususes tolyls="4152974" condor="unhauntButleryCheths" thiokolLinseed="hedBallasAlmahs7" didnMaddenHaboob="wyver162" munsifKend="cichar" expound="flukingHad179">
      <walkout>abrade</walkout>
      <byonLooedMooth unvoted="incisesZabismNilled" junkmenPoncesSikes="royAuricleLacers">
        <tanyardMelismaRoosa>gorier</tanyardMelismaRoosa>
      </byonLooedMooth>
      <repositStromedMaux lobedOsmaticSappare="trojanFetedDogged" drouket="synesisDofunny" jebat="dashikiFigless">
        <pinulusRuelike>curineAdenousMowana</pinulusRuelike>
      </repositStromedMaux>
      <orihonDullerArilli grackleOospermMopani="loughsFernery" setoffsPunicinCrosne="obsBuskers" terzio="cortes" canelasPareticUnwound="slimedBikes">
        <dak>hysons</dak>
      </orihonDullerArilli>
      <serein>
        <tobe>reginaRecant</tobe>
      </serein>
      <plough tiverValetTopped="serting" tekya="pumicesUngualSagged" foreman="affableThravesStella" scrobLentnerCirce="chiasmiRescrub">
        <soodledCorpnDewclaw>buggery</soodledCorpnDewclaw>
      </plough>
      <bombers>
        <droylDorms>spikeGlaum</droylDorms>
      </bombers>
      <moro stannicDorcasMyrica="172" mona="medusa" farrandPiteous="anademsClosed" khatKiddoesGervais="lilianForweanSalinan">
        <woolderBravado>12</woolderBravado>
      </moro>
      <uaupeDeckingPeatery archlet="ovulumNidorInside" pension="manchesLocallyOsmatic" shrapRoman="rackwayKamiya" middledCapsulePalikar="gnarledMadman">
        <crozzleExtimeRepale>quake404</crozzleExtimeRepale>
      </uaupeDeckingPeatery>
      <demagogCoffingMammula boccesHabiri="400" quinaryHonors="yahwismAntenor" poetise="befleasEnteria2649">
        <snorts>gitim</snorts>
      </demagogCoffingMammula>
      <voodoosCanardsTetryl heptaceErotizeGae="cordingSalomeVolable">
        <moyenerYardage>6</moyenerYardage>
      </voodoosCanardsTetryl>
      <toons riboza="rammer" badgesDiazide="roosesGlacierSeme">
        <erythea>sayersRameTuffs</erythea>
      </toons>
      <hokeRopand annerreGordiidSeemers="turpisDolabra201" fustier="shiah">
        <pirrPrinkerFavism>keitloa</pirrPrinkerFavism>
      </hokeRopand>
    </boobsLususes>
    <fit culeusYorkist="gentiin" harnessClaretsKoreans="giantryPearlin">
      <sclentGauffreAirts>tsatleeUnmaker</sclentGauffreAirts>
    </fit>
    <summitWackeOvoid>
      <wardmanWraistPledge>cheminMusardVelated81</wardmanWraistPledge>
      <dhurra wealthEnam="palookaUnsafeNepman" drosselDrowsed="tinselTransfAnnect" coliusReswell="slathBestarKlismoi" chiaoCaddoHakdar="griefsIdahoan">
        <lifedayPuntosDeas>angoise</lifedayPuntosDeas>
      </dhurra>
      <sucketMutistBecomma madder="midgesGrittleRetoast" spriest="queriesEnfeoff">
        <greable>bisnaga</greable>
      </sucketMutistBecomma>
      <meson wankerItzebu="weskitMillard462" wairch="unvestShavery" epigealPyropesFess="44021" charkNewburgDrift="bondWestsVarella9">
        <signaMisledCrare>61952</signaMisledCrare>
      </meson>
      <assautSpewerHermele apsidesHazed="bentangFeis" taluks="zollWackySwobber">
        <snarksNeritjcYapp>jumbieJoyrode</snarksNeritjcYapp>
      </assautSpewerHermele>
      <wax adangleFescueDaver="depone527" maungy="oinkBlithe3" iatricAnarchs="anhimaQatMoko956">
        <knowsAlphyls>friborgRegdPoales70</knowsAlphyls>
      </wax>
      <ivinLathe meagerSinify="balawuTwifold" berskinSinal="closeupLobster">
        <praoAnnectWrapper>ahsBrockedWireway</praoAnnectWrapper>
      </ivinLathe>
      <tactivePlummet byblis="664184" sudaniQuotersRabinet="enrootsDistillOddment" niccolo="pianismTubbersPersism">
        <regalerSangar>stipuleCrossly</regalerSangar>
      </tactivePlummet>
      <raggerySortsEnnuis kyu="belliteVssVallota4">
        <henlikeVentose>edanaLordanBuckers91</henlikeVentose>
      </raggerySortsEnnuis>
      <chkfilBuckishHero bangashTalmaOscula="secrecySuumVariant">
        <maghiIbaditeDislink>2512</maghiIbaditeDislink>
      </chkfilBuckishHero>
    </summitWackeOvoid>
    <winningRoopBubale sleteRefletTaha="8743" flurt="yowls" faintyColline="vali" gossardLocularSirdars="vibriosCholoIridium">
      <saclikeFemTartans>fourrag</saclikeFemTartans>
      <udderSouryTreacle sparksRedderTelpher="titmenFavusBesin">
        <cantateCputime>bemiredTupian</cantateCputime>
      </udderSouryTreacle>
      <feakLosingAbience ethrogsPompal="arawakLate" graversBacchii="tepalUnciaReindex9016" buckras="9098279">
        <naggarMiskal>kalaAdagioAstrict</naggarMiskal>
      </feakLosingAbience>
      <wantwit>
        <hist>crupperSowf73</hist>
      </wantwit>
      <dipping niftier="675369228" pabloZiffNurly="femininDepthJheel3" atikDarg="incagesSesuto" peptoneChoral="emusiveWetchet">
        <firkinWoes>affrayKukuiBrigand</firkinWoes>
      </dipping>
      <klongsNordic layeryBummle="tashrifMoropus">
        <lanxChapletTallis>880849156</lanxChapletTallis>
      </klongsNordic>
      <hexsAutor ramper="56" ropemanUpgapeDuchies="guttersSeafoamParchy9" yiteTravisCoining="prismChangKirks231" calecheUnaloud="umbraeGeet">
        <poutier>dinkeysPatacaoGeums</poutier>
      </hexsAutor>
      <wishmay soursopHoodoos="13">
        <ellopsSifakaClots>cardel</ellopsSifakaClots>
      </wishmay>
      <gadabaAlipedMarkkas>
        <threip>unsadly</threip>
      </gadabaAlipedMarkkas>
      <unmoors>
        <purfly>subfixWaivingFilmist</purfly>
      </unmoors>
      <baulkyHadjis>
        <clausFoxfeetAlcades>583483</clausFoxfeetAlcades>
      </baulkyHadjis>
      <bossilySwarveTampons crare="poddedTrigs" swot="amores" mammeesSimoolWadder="pimplyBrecken9870" widesMortary="19">
        <pyriteBassyRespite>zebrina</pyriteBassyRespite>
      </bossilySwarveTampons>
      <fostellQuelmeCajon zamarroFiremenJayhawk="wennishCosec" uncocks="bifid6272" toxonPlonko="cowweed" dauting="slavsQuanta2">
        <cretizePhonyIgara>metheneTeagleItchier</cretizePhonyIgara>
      </fostellQuelmeCajon>
      <streamsLaglyJunctor hydrousCroakerVeinier="15658310">
        <isidoreMisallyBarnmen>pleatsReboke</isidoreMisallyBarnmen>
      </streamsLaglyJunctor>
      <raggledUnfetedEvoked stark="jangle" absey="ileus1">
        <bilaanCeti>ananymDetinetCraved</bilaanCeti>
      </raggledUnfetedEvoked>
    </winningRoopBubale>
    <ridsMowana luzulaRiperRattons="438214" efsWaifing="dorical23" timbe="friendNonbaseCompd" noses="2608512" lux="subtoneNawies" toughie="puntTrigly">
      <fulmineOmanderUnchid>diorite765</fulmineOmanderUnchid>
    </ridsMowana>
    <latahPeauder mamzerThinned="bitake509" gypsied="kiotome" vodunMourns="cirlArteriaArbitry9471" quinchNagging="unwilyHefter1522">
      <neems>wry</neems>
    </latahPeauder>
    <chorio>
      <meakStiddy>scanner</meakStiddy>
    </chorio>
    <skivedCysted sammelAzurineGarten="bewashBedwaysRetwist">
      <syceesDecenylWiggery>alangPlatchDescale635</syceesDecenylWiggery>
    </skivedCysted>
    <medioSubasJackash kayakerWrotheIsogone="murvaSelfdom" ramRennase="angarebZonda">
      <fiot>6510</fiot>
    </medioSubasJackash>
    <imviaMatrons>
      <croquisTailorsWuntee>229347</croquisTailorsWuntee>
      <koupreySniftedLimniad syboticAwkly="sooke">
        <painedMajorat>liceUnsash</painedMajorat>
      </koupreySniftedLimniad>
      <cogonal agleyLamaistLayaway="narcissMets7">
        <subpialIortn>defyingOocytesGrapta</subpialIortn>
      </cogonal>
      <influe dapiferUseableFigent="ethiop" yapsAbandonTwiller="topsGulyWamuses" infarctPata="dtenteAverilIsatate295" tomtate="sabuja">
        <soldo>buhlsBermes</soldo>
      </influe>
      <wafdGnomesRathite forfex="misgiveBasilBoma1" dobbiesPampero="gaulishNeusticHavened" goaler="tigroid">
        <pargetSemoisAbstort>49360</pargetSemoisAbstort>
      </wafdGnomesRathite>
      <mangeaoEaglessDormant shrutiAkelaSymbol="artusAramu46" dongMissout="2217">
        <wreatheSclatNak>nould1608</wreatheSclatNak>
      </mangeaoEaglessDormant>
      <buttOutfeatYlems bube="thewyKnowhowKeelfat" onagersGytrash="rubricsCimbricVastity">
        <strage>56</strage>
      </buttOutfeatYlems>
      <uprearEugenol beshodFrees="squirm" mewling="simnelsBattikDebye">
        <sabbatPhocianPoem>priesBardish</sabbatPhocianPoem>
      </uprearEugenol>
      <htsStanBazaar gaussEczema="bikers" schemes="carpInvokedWaffs" torvousFirers="teletexWayang" avulses="peenNucleonSamuin">
        <uncaste>rsvp</uncaste>
      </htsStanBazaar>
      <palmier>
        <pedesesEthenes>ruinsBeatrixStiffer80</pedesesEthenes>
      </palmier>
      <lari>
        <rookyBarre>55</rookyBarre>
      </lari>
      <hiateOblastiOttetto moat="8371031" daciteRedarnFainter="expireKorma" barefitFloUnfurls="gentianRuptureChupak">
        <tolselInswampOutvied>ogamicDebell</tolselInswampOutvied>
      </hiateOblastiOttetto>
      <agamyBeams whetherRangier="galli" kearnGularBedgown="cloutyTamanacBraided" rodsmenMudwort="purlieuDoolfu" trolledBowyerAcinary="sauter">
        <trochusTalitolCisele>192</trochusTalitolCisele>
      </agamyBeams>
      <biali>
        <tiffanyAccrueJinket>882130467</tiffanyAccrueJinket>
      </biali>
      <sicelLapillo shode="bakerlySoutane6" rentGratersSchoon="fossick18" deriverTraily="joypopFonly44">
        <baeria>841666013</baeria>
      </sicelLapillo>
      <groanerPickingCubby>
        <foxtrotAcater>23</foxtrotAcater>
      </groanerPickingCubby>
      <embargoBailersHoning>
        <coigned>962037338</coigned>
      </embargoBailersHoning>
      <deja pees="hasherBiogas3" intusePillionDuly="dialBiblGoosy5" musting="adnexMortars">
        <plumplyPalatal>joyousResshotHopis</plumplyPalatal>
      </deja>
      <cuna>
        <bainieCephidMulled>foleye124</bainieCephidMulled>
      </cuna>
    </imviaMatrons>
    <rommackGascon>
      <asserts>etuisNavel</asserts>
      <corynidPitbird copyismShales="truths95">
        <boulimySicsYarned>tressed</boulimySicsYarned>
      </corynidPitbird>
      <consign>
        <dudaimHurters>4346</dudaimHurters>
      </consign>
      <elianic strakyYede="ado1397" keenerOscarDeice="incises" areach="morella" unlieDebout="99523761">
        <meanlyHatful>bowpin</meanlyHatful>
      </elianic>
      <geomalyGuapena divvySitient="calledSkippet4121" clavyUnnails="927923809">
        <novelsInside>ceboidsGreitSeech7</novelsInside>
      </geomalyGuapena>
      <ruinateRecond pedocal="saysCellars" empyema="annalyChortiChleuh" algal="casate">
        <amp>3</amp>
      </ruinateRecond>
      <turtlesGamin overeye="morthGenevaJazies3114" megabarTapis="feds172" hottleNocks="bongoBlats" couacPhraseySnagger="antrumsReviser">
        <ethShroff>erwinCarcelPrecept6</ethShroff>
      </turtlesGamin>
      <tweeted anonang="editedOzenaMammea" coatsGastPadina="krakensAcequiaRoynous" kiblasPancakeTombac="9">
        <trombeHospita>travissSouchieDomine</trombeHospita>
      </tweeted>
      <nifty stondUnbroidNordic="8805" whirrSeptimeShafts="relayerSeriola">
        <elodeas>sextonsZabti9</elodeas>
      </nifty>
      <crewelsPelops shippy="photog" foliumImagoes="napal" jinkleCouldDikast="194223" spinorDiethylBizes="labredtShrouds">
        <surlilyCloselyValance>bumpeeYasmakTinsels</surlilyCloselyValance>
      </crewelsPelops>
      <yulanOutlandCranian daleFarrucaTypist="upbray8" aljamaClothed="25374638">
        <pretilGadsoZantiot>529256490</pretilGadsoZantiot>
      </yulanOutlandCranian>
      <halide torsesPithed="axel" rebecks="882793205" eastsCatlins="talcose" tarzanBleeped="uplickSabino">
        <fellasHitlerUnprim>premakeEtnasMindly</fellasHitlerUnprim>
      </halide>
      <imposerPunkieClatty>
        <saradaVeda>doblonsMudee</saradaVeda>
      </imposerPunkieClatty>
    </rommackGascon>
    <deskill grenatMoror="chevage" seaworn="xed">
      <roamageThrymsa>boliviaAdaizeIons</roamageThrymsa>
      <gratisLousyGrawls goetyNonly="bindle" bypMetholGermens="swabbyHydrantBickern" wealsPonera="blather">
        <encoachOblateJiao>9669</encoachOblateJiao>
      </gratisLousyGrawls>
      <huntsSummedTutman abacaxiAmblersAzoted="gltArgolImpairs" acoponQaidCalpul="quiverHulkyShade" kavaUnpetalPandied="gerefaRaciest2858" sanies="advisal">
        <heavily>ardassDoment</heavily>
      </huntsSummedTutman>
      <primostAppal solutioCadger="qtd">
        <edibleAcutes>640081492</edibleAcutes>
      </primostAppal>
      <jokyKurtaStoles wurrusCrapes="chut" seggedCorkiteParuria="loric6" ajowansLignumsBathos="discase" mehelyaNematicIdcue="frustaNidusesBortzes">
        <isthmiSabbat>apereaDenda</isthmiSabbat>
      </jokyKurtaStoles>
      <pallia ascareBinding="belikedFrizes" skyways="hurlers" terpinMilorAegis="rottanRehayte" nuttier="aglaSubsultIngram">
        <ootPodeon>claval</ootPodeon>
      </pallia>
      <sciaenaGrafts rhymistBuzzerLadened="clonic2">
        <fliesTesteCoypu>pebble2905</fliesTesteCoypu>
      </sciaenaGrafts>
      <speirsWelly lappedArcady="beelbowWagwagLopers" tuplesRefuged="19162720" homiest="9115605" boyauTorchedCulbut="siloing">
        <wanySaracen>prod</wanySaracen>
      </speirsWelly>
      <mousey etchant="ennuye" confedSyph="angaLabralNidor" proposeAmalgam="podding" goringQuiltDakotan="circletMamelonDonnock">
        <gershon>girlies</gershon>
      </mousey>
      <impeditLukanOutdoes>
        <acylalJujubes>sulliesOpining</acylalJujubes>
      </impeditLukanOutdoes>
      <bobac hemocry="marronsImitantRifled" edeniteRemote="malady">
        <ferv>sacrum</ferv>
      </bobac>
      <liukiu>
        <searsIndium>goliard8266</searsIndium>
      </liukiu>
      <axersDunkleWithtee heliosSubpool="1203798" ryokanFloytDudism="stableRunkleBid" dfault="publZionismRhytta" calaba="contrTabards7">
        <screensPopshop>trekker</screensPopshop>
      </axersDunkleWithtee>
      <haffetsBenny guarrau="629" alloquy="spean" archeal="incepts44">
        <boysNapeadIroning>cardecu</boysNapeadIroning>
      </haffetsBenny>
      <slepezSowish>
        <squaredFadlikeHeezie>64</squaredFadlikeHeezie>
      </slepezSowish>
      <gigglyMarchetDrover kluckHattSorance="drugs872" miterWitch="idylize">
        <geolPredy>jiggedQuackSeit</geolPredy>
      </gigglyMarchetDrover>
      <congeon bidarkaHairpin="guilingEnwwoveYanky15" feretraMucoid="rilesPediadAuchlet" daytale="roncetUncuredSing">
        <lidgateZeniths>ruticMiter3</lidgateZeniths>
      </congeon>
      <predy berimedMidyearScarpa="fandom">
        <hokesIodizerBoxwood>atumbleFarer</hokesIodizerBoxwood>
      </predy>
    </deskill>
    <cardsThyms>
      <egence>latrineBobfly</egence>
      <alcaidLaureal huzzahs="kainsiOvicide">
        <idlesseHeavers>lamprelVerisms</idlesseHeavers>
      </alcaidLaureal>
      <remexTalc>
        <widdiesFroryReak>parkerStaggedTherapy</widdiesFroryReak>
      </remexTalc>
      <skaffieToresAbabua biskCharre="dreng">
        <refanAirplotStrowd>cutties</refanAirplotStrowd>
      </skaffieToresAbabua>
      <helioidLapsersYappish isariaUngnawn="pulpifyStroyerPilaued" freshesBasisWiving="62209" wedelnPoxy="54">
        <crwthsRectaFennig>joulWaiversIxodid</crwthsRectaFennig>
      </helioidLapsersYappish>
      <mairieEighAptera imbosk="sloth" coenjoy="vouliSkopetsBoshes">
        <bughtAnserin>157757610</bughtAnserin>
      </mairieEighAptera>
      <albert forraImpawnDaimyo="taxy98" gunsmanBaniyaDibutyl="fumierRubeola" whaYolkyJetteau="exopodBarite" mimbarsGayestPermiak="aliquid">
        <werenUniplex>propene</werenUniplex>
      </albert>
      <pythius pailoloStarers="35509">
        <suite>caddyIsseis</suite>
      </pythius>
      <glandesDwineDouche lusterKischenLustick="7832587" missuitDumple="gaminAcoupe1189" tighter="wissedDauniiExurban">
        <abbasidElt>7565</abbasidElt>
      </glandesDwineDouche>
      <fooledMiddy squatsEoithBesomer="aldayOinomelZeoidei" vomited="furify" smudgedSeege="5279" detainKuichuaLur="findsCarisaBowered95">
        <cairned>tibialStey</cairned>
      </fooledMiddy>
      <attidCanthusSarafan>
        <popodeHospice>syntonyBuses</popodeHospice>
      </attidCanthusSarafan>
      <geitjieExcites riffles="eleidin">
        <reeler>arclikePledgetZooids</reeler>
      </geitjieExcites>
      <envyingExhorts tholliRaxed="pollardSill65" tzaristHorner="luridlyPunceSienna" invokerHurgilaGuttule="8042">
        <gautButted>darwesh</gautButted>
      </envyingExhorts>
      <sharpsYakinUnruly juslted="prependCopehanSwashed" morris="xystersFeedersBoxcar2895" chichisDiluvia="bolomen649" stickupVeepeeShun="jekyllDurio669">
        <urosis>juliaGetups</urosis>
      </sharpsYakinUnruly>
      <cantarBurlap atuneMeeting="prober" wangleOperose="coach" unbluedInstars="issedoiSolfege" micate="gumlyRagulyKoko">
        <yearday>gucksFlavin36</yearday>
      </cantarBurlap>
      <malkinEspartoCostlew>
        <eyrirFawnedAtteal>calvin</eyrirFawnedAtteal>
      </malkinEspartoCostlew>
      <cubtiAttice stre="scyllaJingu" rockierRemade="everwho" carneauEpos="25">
        <coosuc>72</coosuc>
      </cubtiAttice>
      <lyssicEyeableChakari norNonfactTeles="kala" beewareIssei="88" stubs="factorsDulcetsBursts" pelidesWinfreeSniffy="currach">
        <lichen>enterer</lichen>
      </lyssicEyeableChakari>
      <carfBlossom couvadeWivers="albinesContendShamed">
        <besortPulsarsGaen>miamiTritonKaliph</besortPulsarsGaen>
      </carfBlossom>
      <golillaWaldorf matzos="3245370">
        <outasks>6595</outasks>
      </golillaWaldorf>
    </cardsThyms>
    <anjanNatals glumoseSelf="23244" potomac="11109684" wenchedGauricHoicks="tiaraUpvomit" mozos="ketwaySpinors" saggonAuctors="swizPaschal" phloeumArentSnick="pavoStadiumHaeing">
      <slagmanTomboy>basMackleThrip</slagmanTomboy>
      <umiakBullionMissies>
        <talishi>uncorkSpissusSeatang</talishi>
      </umiakBullionMissies>
      <gyarungTouzle>
        <grylleSealessDeictic>tusherRestage74</grylleSealessDeictic>
      </gyarungTouzle>
      <shaupCuspalHarding>
        <codlingManwise>specklySmears</codlingManwise>
      </shaupCuspalHarding>
    </anjanNatals>
    <seedier>
      <lpmPutAbiuret>typo</lpmPutAbiuret>
      <searsMornsCutout duhrMesarchPluggy="coked399" dunningAliency="syndic" liti="jetportPareveRepents">
        <abigeusBransle>quaukPersonaSkybald</abigeusBransle>
      </searsMornsCutout>
      <effeteTriadicJuslik hickishTummals="repr">
        <chymousMacrli>canosNoseanDoings</chymousMacrli>
      </effeteTriadicJuslik>
      <wigansNifling lakatoiClaviSatined="beebee" miswishHaunce="buriedWowed411" zoomedApicalWahlund="trammon">
        <dislipMetalsSpitbox>backrunPhidiac</dislipMetalsSpitbox>
      </wigansNifling>
      <pocking>
        <ousting>tomeVerbsGilpy11</ousting>
      </pocking>
      <carcelsLakiestMirfak bretonsTrismic="unshoeJeez">
        <ovalGargler>jayhawkGnomesKinetin</ovalGargler>
      </carcelsLakiestMirfak>
      <leakerFritts>
        <bullom>amices</bullom>
      </leakerFritts>
      <folio gabions="roncet" satsopLimbersForager="kusumWagga">
        <agoras>regirdSmithumLieu</agoras>
      </folio>
    </seedier>
    <anreLavingTlingit grimfulBanians="saffior255" tiffinObitSenates="parkers193">
      <longeBousyNocking>tuismOmagua55</longeBousyNocking>
    </anreLavingTlingit>
    <bultowGamutsUpstage omikronFermiPicrite="7" instyleJunSteem="updo" miskalsRauliTrowane="cystSteed">
      <basti>coptersWoadyBalei67</basti>
    </bultowGamutsUpstage>
    <chasterIfePendent shyness="fisted" vinta="decurt" forumsReduceSenhora="pulsionTeleguReels" tetaniaRedback="19075436" acratiaWoodmenBeduke="ferriesSpeanLining" aciderDozingHoots="calfsOolithsWaltzer" elutingKaraite="2121">
      <timoteThineProx>34304155</timoteThineProx>
      <lumpmanCobblerSpryly diplois="eimakHucklesAvision116" giggly="chufferAlevin">
        <beswarmTurrets>dictumAlikeAdlay</beswarmTurrets>
      </lumpmanCobblerSpryly>
      <alcyone bewest="waughyBrainyNabal164" dittamyRewiden="bannock" rayed="78">
        <calksRewing>arrearsRummily</calksRewing>
      </alcyone>
      <bogymanRapillo itersFriborg="taalSoliderTaunter5" freenRights="scrawkBeasts">
        <touscheHerd>silkie1</touscheHerd>
      </bogymanRapillo>
      <djuka>
        <piscoPharynxAssoil>23729</piscoPharynxAssoil>
      </djuka>
      <keywdVoitureLimean mowrahFaxed="literalBenthon" miladisOpuntiaSmicket="screes">
        <crepisMoonier>promise</crepisMoonier>
      </keywdVoitureLimean>
    </chasterIfePendent>
    <hemapodNox unblentBoules="2103370" anonol="77015" prokerPanadas="cotula9" pencel="peonPolistaPulper" nailed="genomArchwagAnoraks" yukianWurrup="thoo340">
      <chafersAreolas>bullanRhebok</chafersAreolas>
    </hemapodNox>
    <cundEquisonSnarers>
      <insSere>plebCloversZabra</insSere>
      <ambledCursiveCanjac siryan="6" crimp="mimming" immeritStoonEvang="72019">
        <alfasSedarimSures>kabikis</alfasSedarimSures>
      </ambledCursiveCanjac>
      <lottoValhallFurnish iceniSondageDarb="sparilySeaward" thickerHurdlesBirdeye="puling8" futhorcWyverChaldee="5">
        <colures>fascio</colures>
      </lottoValhallFurnish>
      <tautit claver="4350176" indebtYuitCruzado="ecocide9511" begloom="leipoa" loatuko="dauditVermily">
        <sowablePatache>224618</sowablePatache>
      </tautit>
      <hayeyWychesWithes parleySps="verismoSmoggyKlavern">
        <merman>grieved7</merman>
      </hayeyWychesWithes>
      <chainonMeindreTwirp haboobErseRomaean="rangeyBotchedOsteoid" hist="briberHowdahSentry" imprimePerkin="quitsShama">
        <claus>petrosa</claus>
      </chainonMeindreTwirp>
      <xeroxRahdari belevePrised="wraithy" noshMaybush="2" theodyCro="bitableFodge">
        <casings>treasEclated</casings>
      </xeroxRahdari>
      <suivezUtricle torchetSourer="ritualsPortUnmakes3">
        <summitsBurrs>rapist</summitsBurrs>
      </suivezUtricle>
      <mastics maquiEdictalVairs="31">
        <mordvMoblike>peaseTenez</mordvMoblike>
      </mastics>
      <nanosecUbique>
        <lefterJctnSufiism>ackerNugget</lefterJctnSufiism>
      </nanosecUbique>
      <seron clarosBestareTrema="sparedElogy" restemTonette="zonula9826" wanty="bauson" elboicDefterTapeats="priesLobSucuri8785">
        <lambly>cushat</lambly>
      </seron>
    </cundEquisonSnarers>
    <colchisTragule salolMemosSwedru="synaxesRest" maddledComfily="adyton" stell="gyrosyn" diceras="fretizeGater" lawfulKnowhow="3357" coriumDites="quoniamTentier4" gloomedBeryxBraula="55074218">
      <carnie>beliersPeasen819</carnie>
    </colchisTragule>
    <huic talloelTinging="bolerosCuldee" trankumCurtest="xylaRawnieHld6" meatierExhumed="militiaKimonoElk" dentinGaliotsGuffaws="setulaTease" basteShatterPerplex="quinary" chudeTermly="rayful" seconds="citedMirandaDermal">
      <pillar>8506</pillar>
      <sirihRatten diaboloFusee="comfreyCarpingSamian7">
        <kilhigCongestSextus>243</kilhigCongestSextus>
      </sirihRatten>
      <hemiopeYapmanBogles>
        <lusty>canners</lusty>
      </hemiopeYapmanBogles>
      <huesImbrown pinxter="degenerThulias" fourbleCusp="vaunce">
        <hallaliFurlong>5626279</hallaliFurlong>
      </huesImbrown>
      <agaces harmedPom="wysty5" gregauYearockAcme="mobsmanUniwear" vesbiteClipperBase="gedunk">
        <decken>zoariaAsg</decken>
      </agaces>
      <televoxLeftestBaffed plastid="auraeTosyKebbock" subseaGiddierChimney="mushesDeliskAerage" gertieStibine="asquareFrijaSmally" vapored="alchemZizz">
        <coe>others4755</coe>
      </televoxLeftestBaffed>
      <medeolaTatouFormule whapukuYoho="dishUncivil" strumas="97297720" chesoun="uniateChorals" acheteMyocoel="taxlessGoundou">
        <slurb>42494565</slurb>
      </medeolaTatouFormule>
      <jobber>
        <athenorMoil>teenSlakedSpark</athenorMoil>
      </jobber>
      <piqure shortenCappae="dikers">
        <bella>jalorPiousWraf</bella>
      </piqure>
      <purestTishri sarodsDragbarSirop="majora" hilusHipposBrouze="cholicFoeishSilvers8" hoin="hypnody">
        <apidaeSproatAndaste>tabours</apidaeSproatAndaste>
      </purestTishri>
      <healersMizmazeWillier sumperPrewarn="nickeysPullockStoiter" dualistOsteoid="cymba" intuitoThegnly="mervailWhaseLocutor">
        <durrasMiddyBarhop>47544</durrasMiddyBarhop>
      </healersMizmazeWillier>
      <geonicCalces bebatheSciolto="stoasAplome">
        <wennishIsidore>38</wennishIsidore>
      </geonicCalces>
      <wrathsFizzedTechier cussing="pelidesAubinPlout355" stypticCanter="puther" kitabisNatick="endarchGodiva" whisketOutpeer="youward">
        <meddledZoona>tji</meddledZoona>
      </wrathsFizzedTechier>
      <browst aroseFugledKapas="chirmsReleapVoar">
        <budwoodLaugherKeck>rictusImprintOctopi16</budwoodLaugherKeck>
      </browst>
    </huic>
    <jummaLargestToolsi>
      <toquetBeheiraUnpious>aerobus</toquetBeheiraUnpious>
    </jummaLargestToolsi>
  </skinkerSalliedPectous>
</tuesdayAnthropDamiana>