<?xml version="1.0"?>
<emboliMeriahBrevete>
  <cotulaPayable>
    <seegeDreg>
      <dariole>74113</dariole>
    </seegeDreg>
    <mandanClomb mpbForradHatte="feralinUnheady" zuluizeRerateCoynye="nativesKnubblyDzungar" summedPersePragmat="anisumBerstelChimps" butylPalls="sprankBobsNovene">
      <picklerBoride>304768</picklerBoride>
      <carpalMussily>
        <outhutMetagesBanak>91147</outhutMetagesBanak>
      </carpalMussily>
      <matersDizoic aromaChoree="claviMerulaAgger">
        <gaminesUnlaw>cushawsAponia</gaminesUnlaw>
      </matersDizoic>
      <oxbaneBugbiteShipper bonsai="prismyAirdate" digraphBaggersPopadam="partied">
        <drachma>negritoTeucrin</drachma>
      </oxbaneBugbiteShipper>
      <ferterTelesm dumpled="tchastDegree" koreciChiviesBlushy="4">
        <hogs>deriverRiddenEmplead70</hogs>
      </ferterTelesm>
      <manurerPrimer inbornFlingyDahomey="alchimy4886">
        <eldrichBosc>birledTriglot3522</eldrichBosc>
      </manurerPrimer>
    </mandanClomb>
    <treatee zingare="cleamerSnudgeSuccub">
      <palsied>paroliDrats</palsied>
    </treatee>
    <tachyon spinelRewave="90" dimwits="cutesyAlmemar">
      <dioxide>deterge</dioxide>
      <gliomas finableBesteer="bulbus6" catkinIntnl="88339200" tadpolePlumesLegator="oakweb" westmeGarblesOreweed="minTiderip">
        <unrichVairGride>guckPadrinoAribin</unrichVairGride>
      </gliomas>
      <audiblyUnction>
        <shirk>regear7466</shirk>
      </audiblyUnction>
      <painterKilan scelpEnthralOrville="millmenDecrierCrany" leaks="holedCraggyNadir">
        <vaccary>levulinDocketGlecoma</vaccary>
      </painterKilan>
      <enfaceFetials>
        <dewilyWaddied>loitersSbirro</dewilyWaddied>
      </enfaceFetials>
      <soraBrasseyRotular gibbersOdorateWomen="epist" golp="quadsPlasmid20" refletPygopodCoal="battlesKurtVexilla80" fooder="7">
        <negundoUnwinkBiarchy>enteraSetboltUrochs6416</negundoUnwinkBiarchy>
      </soraBrasseyRotular>
      <topazy>
        <angelonKillockCrig>salixAbodingLyonese100</angelonKillockCrig>
      </topazy>
      <pinkingCaraPennies>
        <circusKlootchBedrock>90172247</circusKlootchBedrock>
      </pinkingCaraPennies>
      <ravenTypes enwwoveCanali="gurrEquoid419">
        <enframeReshapeGallet>8</enframeReshapeGallet>
      </ravenTypes>
    </tachyon>
  </cotulaPayable>
  <spikingRural neascusKalanSaint="nopalryTrommel7" tilthPinocleLemuria="actinicHartin54" moments="cycads">
    <chigoe unchokeVortex="readoptFishnetPachons" beclartOcksterKetatin="habeSlumber" drawoff="3" crimpyNymphid="farcy" naotoWindore="fubbingAhurewa" orderer="shovedSamaria71" kunziteQuarryScooped="3451856">
      <reddHistieMasker>zenobia9309</reddHistieMasker>
    </chigoe>
    <adlessChunder wynd="strungFeute" dalaga="8989" cuculusUndosed="percy" roucouCliviaCartier="returfNodded">
      <copiesGriquaPortly>bothies</copiesGriquaPortly>
    </adlessChunder>
    <buzzierWicopy>
      <malmierDeweyReplane>dinetteAttars2178</malmierDeweyReplane>
      <vesperSaigon>
        <mendigoWurmianHibunci>667716</mendigoWurmianHibunci>
      </vesperSaigon>
      <amatedPlanityCleuk parkaAbaveAtony="tutworkBullsBedizen">
        <bedouinHadji>curveEnnomicAghanee</bedouinHadji>
      </amatedPlanityCleuk>
      <willock wordierHektareParking="quaternTruemanOfftake" tithingDaphnid="fretty" planersCessionCuffs="nattierAditsLatosol">
        <situpsBourdis>dorsulaCasette</situpsBourdis>
      </willock>
      <purlman>
        <myalgic>porpita</myalgic>
      </purlman>
      <sluicyAlodia warrokOordBacking="ijoMethol">
        <boderGrossly>grobianSalema</boderGrossly>
      </sluicyAlodia>
      <gamingBalkans>
        <accessDyn>wefInhabitPuddee</accessDyn>
      </gamingBalkans>
      <treadsThomite jumbleSinamin="frosterRappini" encasesSorraFaculty="hervatiCosher" cakiestShastriMostra="pithsFolden">
        <spendsDawkinGlanis>1484</spendsDawkinGlanis>
      </treadsThomite>
      <tradalNanesPeaking>
        <repinFerrugo>225813396</repinFerrugo>
      </tradalNanesPeaking>
      <shuler>
        <uretalPaleatePinko>devotedAllis</uretalPaleatePinko>
      </shuler>
      <tissual hornletSpasm="dwarfsJarldom">
        <timingsMoonie>pirnsUvitoTubemen</timingsMoonie>
      </tissual>
      <beduinRehouseCruller tamalsEpee="yangOmelie" sagingAsh="crancePerseusDunking7365" redosGiardia="columnaTuskarAneath" sweepSulfateFubs="maudBluetitCholers">
        <plombMahori>roperHazara</plombMahori>
      </beduinRehouseCruller>
      <muonicAlbergeFaluns stymie="troilusBallatRibber" bidery="facings">
        <cottonyDomettAlmuds>siluricInsouls</cottonyDomettAlmuds>
      </muonicAlbergeFaluns>
      <whitterScion>
        <issueWakerFosses>invents</issueWakerFosses>
      </whitterScion>
      <upbredTeague lianoidKerbingHeezes="bewiredPatolaUnloved">
        <orreryPythiad>carTopog</orreryPythiad>
      </upbredTeague>
      <kiltingLakshmi>
        <clubbyMaidism>alcosolTewaDales12</clubbyMaidism>
      </kiltingLakshmi>
      <sarment bursesMusilyRollman="doveyArx">
        <coxcomb>gwelyRapistsRhyta</coxcomb>
      </sarment>
      <dheriUnsexedVistas succuba="joan">
        <beswimRuewort>baeriaBolding</beswimRuewort>
      </dheriUnsexedVistas>
      <sourerBrindedRabfak compterUnaloud="limu" hyphaeTorpids="4712692" grappasDucal="mariouArgyll" fellahsBaptistGuereza="8545692">
        <hightWildest>528</hightWildest>
      </sourerBrindedRabfak>
    </buzzierWicopy>
    <xviLaftAtty>
      <coolthFlandanBagnes>rilled</coolthFlandanBagnes>
    </xviLaftAtty>
    <howksOuttold>
      <mufti>grimm</mufti>
      <dutraBitchesForsay dinus="landed" hurtsRummle="5" etchant="287">
        <succumb>goala</succumb>
      </dutraBitchesForsay>
      <squdgeWeeder>
        <toolUlmoStoorey>fisheyeValid</toolUlmoStoorey>
      </squdgeWeeder>
      <regorgeCreoleAladdin furbishTray="vivesDapAllover" meg="miamiTilingsLattin">
        <oeci>soloedRikisha</oeci>
      </regorgeCreoleAladdin>
      <giglio seriosoHemesBarefit="63126957">
        <caloryHetairy>tactile</caloryHetairy>
      </giglio>
      <lynnQuartetRigel dassy="guetareSagesse" gripeMerlionGutless="afsharLatrineMuddler" arangoRodeo="dennetJumanaAeriest" agaveDeriv="kerbedLallingSyringe8074">
        <eclairsGrotzen>sunsets</eclairsGrotzen>
      </lynnQuartetRigel>
      <pounded>
        <kadayanNanosec>humidlyZelkova</kadayanNanosec>
      </pounded>
      <hollersLoxed anguloaAkene="climeEftest3886" hylodesMomismsShowman="7" ardeliaBaregePonders="butylic" prefers="999084">
        <yawnilyOutlaysSexisms>481624969</yawnilyOutlaysSexisms>
      </hollersLoxed>
      <orator fraught="largishQueakPlaned">
        <brogPyrexPosthoc>kaolinsBeganiHagbush</brogPyrexPosthoc>
      </orator>
      <stalerSirkeer pavettaPalmaRutyl="plimmedSloid6" stoversGasless="2376971" holdallFaunistWrathed="cliticFussDrops">
        <athwartAworry>layneWorryClysis</athwartAworry>
      </stalerSirkeer>
      <fossulaCicerosFaroese>
        <pyjamasBocasinAvid>galoped</pyjamasBocasinAvid>
      </fossulaCicerosFaroese>
      <cotuit>
        <adelopsSleevesWits>cochalFoliaTowery</adelopsSleevesWits>
      </cotuit>
      <lathamPatePanorpa meoSqueal="hogfishBinnaRhexia7775">
        <moutherArsoiteIjithad>jungliSolido</moutherArsoiteIjithad>
      </lathamPatePanorpa>
      <teacupLugmark doddleGranose="tiliaFaki811" muscidsCowtailEmirs="49821557" burghsAges="atokousLapels">
        <calfish>tlaco</calfish>
      </teacupLugmark>
      <cohol brokingOke="482048" sixteHone="15">
        <burlersBwanas>pharynxSlitherGlads</burlersBwanas>
      </cohol>
      <ekphoreHumanEdhs topnetRosyMiglio="spirula8">
        <siever>76219</siever>
      </ekphoreHumanEdhs>
      <gambirs>
        <bylinesFibraTangram>sharraFriends</bylinesFibraTangram>
      </gambirs>
      <solidFray maydaAunter="chamletMowcht3" musguSauroidPurist="thinned" totoabaKohlan="longleg">
        <mortar>panochaTussarsIiasa</mortar>
      </solidFray>
    </howksOuttold>
    <brisketLacinia cruorsMidweekUnguard="69449258" duppedNapooCrost="maegbot" cheap="koellia" inglobeDigmeatSaber="parodiMimmoud" souaggaTraclia="radiansHontBeal" gobbin="replialValouwe3" dehwar="creolinLogiestDerays622">
      <udos>santourRover</udos>
    </brisketLacinia>
    <neerCoroner pardaleDisgown="883210340" testerDwaibly="toral" oleronSinters="anguloaAurigoYummies" ionomerQianaFloe="wairing">
      <youponPinch>466461328</youponPinch>
    </neerCoroner>
    <taigleNamda scampi="centrefTrionymBreird" normBeid="kvint" optUredial="5307209" dreg="askoi">
      <occultsBabiedSundown>jaukedAlmery</occultsBabiedSundown>
    </taigleNamda>
    <feudsVocallyAjugas>
      <myalgiaInitisSeimas>opahPatient</myalgiaInitisSeimas>
    </feudsVocallyAjugas>
    <quadleUnwelde>
      <ochavoSpotter>endited</ochavoSpotter>
    </quadleUnwelde>
    <kophUpscrew>
      <droverMeshuga>jaranaDellsYielder8</droverMeshuga>
      <cyathos abelia="nelly" uploopBungledCrotyl="46" wawlingKerel="6714" arcked="iserine">
        <tritor>ovey3165</tritor>
      </cyathos>
      <ill kettleYeta="creepie" dewalWiringsSarif="1324621">
        <dunderLumbusGiddify>apidaeShottHidlins</dunderLumbusGiddify>
      </ill>
      <recountBlaykBurner>
        <gyrate>bootedHygroma</gyrate>
      </recountBlaykBurner>
      <batableRinglet bedlessParetic="turacinDameGum" algeticTravissItacist="2">
        <bonaire>tarkaniCaulsPooris37</bonaire>
      </batableRinglet>
    </kophUpscrew>
    <enchafePonhawsSortied gentyWhereat="moatedBerinse" acharLapped="bested" atebaPikesMatacan="chonk" wabbles="laxnessLyraid" pastsDaiker="babblerFlandanJemble" outbuy="jawedReturns">
      <diaenePunyish>domba</diaenePunyish>
      <tueironPurists okes="wadnaPrender" omniMaoistFavism="188" coll="rokMcfPlaster545">
        <firemenZemmiLids>sylvanBellsOutre</firemenZemmiLids>
      </tueironPurists>
      <eschewsReadapt>
        <upwindWiikite>hvy</upwindWiikite>
      </eschewsReadapt>
      <burgerOyapock slarth="515368" strunts="orgyFarcin6000">
        <educingLynetteCidaris>kaiserPushingRankish</educingLynetteCidaris>
      </burgerOyapock>
      <soared dys="147">
        <antralGainfulTetrazo>agyria1</antralGainfulTetrazo>
      </soared>
    </enchafePonhawsSortied>
    <aquiverPigmiesDetests waywortTipitiBrute="nonageCants" openestBegut="ontoSedanSkene4" samekhs="65967" herald="belockAbradesParley">
      <lacis>209604</lacis>
      <nuclealBotchkaCarapa shunRetailPoplins="milkersShrug" rouladeKogia="36417825">
        <poditesMyxoidJook>cumber</poditesMyxoidJook>
      </nuclealBotchkaCarapa>
      <pips blazerSunketOrogeny="alichelAriot8" serac="9" ulminicSlewPiqure="79220082" rubbersIncasEconomy="outfort">
        <faster>30443851</faster>
      </pips>
      <unadultSothoLactuca>
        <projets>tinkSivvensDwalm92</projets>
      </unadultSothoLactuca>
      <amidism>
        <stagier>salinesEmanent265</stagier>
      </amidism>
      <cloitMisate maggieAhabStoff="dahliasElegantYawning">
        <orphicKirpanDeraign>844</orphicKirpanDeraign>
      </cloitMisate>
      <assoria virason="nadAncreTerete" jetsamsSnatchyTwaite="mimeNoummos" ebbsPrissUnsided="amboinaEpiderm">
        <fohDal>aegisesBoltersPalpal</fohDal>
      </assoria>
      <spuke goxStylliSolans="decareQtyEcdysis" norseUnlinksSwanker="82280545" aridlySmokishClachan="scaife">
        <hentsTuxesTingler>unwoful</hentsTuxesTingler>
      </spuke>
      <vicua hardies="33065" sapwood="noebcdDaddled" onetheTheCrampet="dingee" covertSalpa="tominBoucle">
        <meristEnmassVespoid>chemick</meristEnmassVespoid>
      </vicua>
      <eluentsPurpiePapers celtuceDahomeyAcerate="70424">
        <auloi>tottieNoun</auloi>
      </eluentsPurpiePapers>
      <undailyKatanaFluyt outbyeTittlerChora="wantage">
        <unbluedHelenUnrash>gaunAjari9725</unbluedHelenUnrash>
      </undailyKatanaFluyt>
      <blellumBettedAplitic dicycly="645222975" sowable="lacesCaroch">
        <begazes>86954171</begazes>
      </blellumBettedAplitic>
      <patchGussets domic="uppileLeaser">
        <halestChazansHausa>bloater</halestChazansHausa>
      </patchGussets>
      <cressesTritoneWall deflowNom="4511894">
        <concentDhurna>scene</concentDhurna>
      </cressesTritoneWall>
      <flatway mobbism="eddoesPigling">
        <affinalBlondKit>pavinCrozzly</affinalBlondKit>
      </flatway>
    </aquiverPigmiesDetests>
    <bazoosWorkmen>
      <dockage>allose</dockage>
    </bazoosWorkmen>
    <unclickGomeMerbaby batiksNumeros="honorLignify" benshAswithe="remexNomadesOofbird" dutiesMillersAirward="coatees973">
      <naevus>550327228</naevus>
    </unclickGomeMerbaby>
    <retamaWost>
      <budgetLansingLesions>jackboxBabuls</budgetLansingLesions>
    </retamaWost>
    <clonsDainSoundly kaiak="sharers" dosserLechPollock="impishUppropOuzo" beerierAbasersDivel="gobosOverfeePaschal" lensesForwrap="barbary" propersBblGalloon="misshipSewn9" hereoutSmaik="upsteps8">
      <martiteIchnite>theses2</martiteIchnite>
      <aerobeSalletGiboia>
        <notourDivulgeMende>juryRedatedHetero3704</notourDivulgeMende>
      </aerobeSalletGiboia>
      <prythee nosierHydnoidKimnel="luxuriaSunbeam" stanchMimmoudSciara="fondlerMekbuda">
        <upbray>vedanga</upbray>
      </prythee>
      <neriBotelerCulpon zygosesToadishDossil="echidnaGranth">
        <dragees>necroseHague</dragees>
      </neriBotelerCulpon>
      <miaoZebruleHeifer duskingWaxierChorten="tutting" thorinaAscentsYogurt="smoogeCaimans" celebesPeptidTirret="sirups49" mesopicSuku="durdumSepone102">
        <mesode>ramiroGrillEmeroid</mesode>
      </miaoZebruleHeifer>
      <deadpan>
        <umiaqUnsore>cubi</umiaqUnsore>
      </deadpan>
      <hypnoneRennUnction scrolar="shiesAnywise" garnetz="fanman" tenour="becks" may="serraAbime6">
        <lenientFallout>74</lenientFallout>
      </hypnoneRennUnction>
      <budgets resweepBrusherWhangee="tropicMeasureNoun" raxingAbuses="posersUnrentTatther">
        <crump>retold</crump>
      </budgets>
    </clonsDainSoundly>
  </spikingRural>
  <gentianCorcirFobbing lollsFarrand="manuel" orgasms="stinks" />
  <haleday rondleRama="firemanSleech">
    <chinnedTasse louredJayceesSemipro="mootch">
      <nusfiahTempreMosks>aboilUnnessGuajira</nusfiahTempreMosks>
    </chinnedTasse>
    <zmudz granamAristo="idolum">
      <hitter>56</hitter>
      <thermelEnable confabNorieBoldos="680" voar="cowedLozenge" waselSmoltsTails="lumpy" pyroticGeyan="canedAmarin">
        <curate>laramie</curate>
      </thermelEnable>
      <bittyVilaOaten ballsGlorify="cynaraBeaniesVillus" fillipsTams="cyamoidBideryGadid" donsyOctoylAlascan="hopyard" kenmark="devotedChumawiFlatdom">
        <hohokamMarla>48475</hohokamMarla>
      </bittyVilaOaten>
      <huastec>
        <bonerHydraseSuwarro>materSpug45</bonerHydraseSuwarro>
      </huastec>
      <bottineBazookaMashed>
        <mahdianSudderPorted>681</mahdianSudderPorted>
      </bottineBazookaMashed>
      <arrode kokilDelliesUnireme="madidEupion" gaboonCasuary="hydnora" fewnesCooties="veniamMakutu" mullahs="rammackHeriotsSoakers">
        <tantoYokeGenson>plumulaByblisTondi</tantoYokeGenson>
      </arrode>
      <julianHexact>
        <subsideBriefedSingers>pythonsDhurryCalais</subsideBriefedSingers>
      </julianHexact>
      <ameenBisso killock="valuateRavellyElses144">
        <suinglyPhloxinLaches>haunchyBeakier4</suinglyPhloxinLaches>
      </ameenBisso>
      <raxesDebiUppop blurts="boracesYoudZoonist" intrait="beardy" anisateFinguSuccula="amadiBatell" hobbingPsoaeDyeable="cockle">
        <canfulCedared>infilmVogul</canfulCedared>
      </raxesDebiUppop>
      <sumacsMeow unrated="bewakeKhedaUnlawly" gymmalUnfeatyNotary="sunlikeMurmiSculks">
        <prunusWearierRummer>acknewMundariBulbose</prunusWearierRummer>
      </sumacsMeow>
      <wagenerCaroome>
        <heirsHotmeltAllyic>phononPolypi</heirsHotmeltAllyic>
      </wagenerCaroome>
      <atleForgot fleakTiza="gorillaDurgah">
        <lbinitLechwe>380245</lbinitLechwe>
      </atleForgot>
      <fablerTeletex hushesObtuserAbysms="sacks" toorooOuthue="casusSestian" catgutReputes="radiumChinookSandmen1">
        <canthiInbread>47</canthiInbread>
      </fablerTeletex>
      <bathic unisexSwure="unclew" wencherAverilCayos="southlyHaploidMerited" piratesRisque="sozzle">
        <crance>gibbers1</crance>
      </bathic>
      <latrobeTiraleeCsardas arabicaWaxand="etagreBeingCainite" nodicalSuccise="sunsets" rufousGrewStruth="gar">
        <fellaniObarne>meowing</fellaniObarne>
      </latrobeTiraleeCsardas>
      <monasaJovialPapegay felliesAnoiaResole="punkishCannilyYowie" fesels="treaded">
        <glyoxim>poliadMyosins724</glyoxim>
      </monasaJovialPapegay>
      <brokery pyrexiaTroilusHelonin="anomyEndsealJaggers">
        <rsvpCararaFeminal>messmanTonga</rsvpCararaFeminal>
      </brokery>
      <sycees>
        <prooStroyedMorpion>knetchAmit</prooStroyedMorpion>
      </sycees>
    </zmudz>
    <nudzhAgueSedums boobFannell="jusselWoesIliac" lawnUmpNaib="malheurTorsive" tigellaDashingPassman="garumUncases" coynye="subhallCrispedMuter" coucalGlarryVexedly="sinologChisel" writher="cyath">
      <escarpRantreeEnarch>lapidesUrgerSingly</escarpRantreeEnarch>
      <vowing>
        <danglerBooting>physaAirsomeBrisken</danglerBooting>
      </vowing>
      <rincon fusain="spicaTeioid89" extentGasboat="serian" brugh="messin783">
        <fucoses>aute</fucoses>
      </rincon>
      <tunkerEffuso meltBurgout="infair" exsolveMangeao="reamedLengthy" pastileBld="ribosesHantsLouvar" lapins="blaubok9191">
        <moonway>thickManchuEnwing</moonway>
      </tunkerEffuso>
      <boatie deniersOdax="donaOotSoso7892" farmedAracari="descentFuthorc" burnieDit="jetsamAlantin696" dhuJellabaCedrin="gobosObtainsRaffler">
        <lentor>chuteFaon</lentor>
      </boatie>
      <melees cesiums="zolaistWestlan133" medals="milieusBeclogsSackful95">
        <anointAbuts>telicCad</anointAbuts>
      </melees>
      <hurtlesDortyNuddle cidaris="vasterTarots">
        <fumuliPocksAroma>5348</fumuliPocksAroma>
      </hurtlesDortyNuddle>
      <tracts yepelyExoteryPruning="rootiHoloku4539" codheadOxberry="recantsSwarmer">
        <followJunkersDetin>epoptes</followJunkersDetin>
      </tracts>
      <niteredVacuistRegimes civoryTestorChays="rimousMyitisBaddy">
        <bawdilyHermit>divisiUnrebelHazily</bawdilyHermit>
      </niteredVacuistRegimes>
      <leelangLois factumAranea="6579981" kaleIncantMappen="lockfulSanicle" girons="disbasePlanes">
        <teclaRebackRuddier>10</teclaRebackRuddier>
      </leelangLois>
      <parcelSeduceeGoujay whirrooGoitreIoskeha="coalaBaraita68" decileByerite="unpuffKambou" mesquitIke="ajajaLickety">
        <imbathe>propioRagazze</imbathe>
      </parcelSeduceeGoujay>
      <man clary="liaisedKedar" cuttoosTiqueurSolaces="pedionSelah" rustly="pontacqScho" snirt="juggled">
        <shovesJapish>rajidaeGrinny</shovesJapish>
      </man>
      <atazirSpectorGrueler salviaNuzzerSpumes="lepasUsuries" crucify="pornosBrewed3">
        <betisBroomer>fishmenWeekday</betisBroomer>
      </atazirSpectorGrueler>
      <tamise taar="44" rotularSpore="spragsBelfast" quezals="quos738" insenseDeism="4">
        <watapeLudHoming>310</watapeLudHoming>
      </tamise>
    </nudzhAgueSedums>
    <eimer melinaeSalicyl="quaddle" repressSpousy="rimingBezetta" breastGenal="goalerDadoing" hogheadHicksChappy="alismadSlavdom">
      <protons>pis</protons>
    </eimer>
    <sambhurPlacus lefty="etrogimTrullerCwrite" islam="loof" ambiensTarman="akeley" jackingSnary="guttler" zincode="slabsLupines4898" pinyin="72901858" rattierPaveKolush="mobcapTrochilReduced">
      <trawlerNotumCensus>hora</trawlerNotumCensus>
      <tanned succous="fiddedHenwile" fesselyFrasera="agoniaGorgiaCozeier">
        <tamalsNasaElong>septoicFaroffDesmose3</tamalsNasaElong>
      </tanned>
      <primulaWherebyGlady ramus="51" hafnia="invertSoddite5" conveth="malayanZiffUglify824">
        <leosHumpingEluate>sickensRenkyPianet</leosHumpingEluate>
      </primulaWherebyGlady>
      <loveKiefferHusky reseaux="visaged">
        <masoraPyridic>stowth</masoraPyridic>
      </loveKiefferHusky>
      <pinnula unjoin="542281965">
        <punanChaco>1916</punanChaco>
      </pinnula>
      <whitenGlusidMuscid isogonAbusersStereos="teucerGeodesyValet" bafaroInjointEvoe="blasty3686" obiCatasta="untwinePersia">
        <valewe>parecy42</valewe>
      </whitenGlusidMuscid>
      <hallelsBathersOxyopy>
        <oniSteddle>rapersVogliteFelted</oniSteddle>
      </hallelsBathersOxyopy>
      <quarred baryeDigmeatSimoons="219454409" flyleaf="wambubaAneleComae" sowanActBalr="16739079" unmiry="80029241">
        <samhainHuffier>metrete</samhainHuffier>
      </quarred>
      <thokishChaffMonoski theezanOniscusHellos="92724" recumbAnacara="crumbShraf">
        <betides>sctHealdSmegmas7727</betides>
      </thokishChaffMonoski>
      <striptWallabaPashto cwt="51415" bourranThermeNovella="513237437" belsire="toledo" forseekBenderDullery="cutchBewreak">
        <saladaTigery>cloineBlinkyCypsela7406</saladaTigery>
      </striptWallabaPashto>
      <beylicsInsteam monteroUnease="depairHeelingMewls" apostemGlorLealty="bothy93" codedVitrauxJalee="49388" taillesBanchaSkiting="abackTahonaEtua">
        <igitur>joistDiploidParelle</igitur>
      </beylicsInsteam>
      <caddiesPlutons kolamiColeAshing="lyraHankulRondure" platineBronk="roka">
        <wickerKhiArea>hosted</wickerKhiArea>
      </caddiesPlutons>
      <rebreedPeeledAzoch kroo="7" afetal="gemmule" gonofs="queeve2">
        <abound>577491633</abound>
      </rebreedPeeledAzoch>
      <jacksawCodlin rewon="bluely" presell="doand" galeoidBirler="nawob2">
        <pretilKambou>hivingSkilty269</pretilKambou>
      </jacksawCodlin>
      <jeribRefixedSexton depermNasally="breedyMatsuri" meetersPhotonFylfot="fusees1" dogribSlowish="5">
        <hestiaAchrasPutdown>carduusBosses950</hestiaAchrasPutdown>
      </jeribRefixedSexton>
      <wincers>
        <dory>landageRilawaEtwas30</dory>
      </wincers>
      <proetusSitarAspasia unshore="311908866" saravanCatella="tonusesRaggle">
        <sixerEtwee>enquere</sixerEtwee>
      </proetusSitarAspasia>
      <malfedTribalIschar endshipEphors="column" thaNoduled="argalsUsedlyRudely" railwaySpiraleNeela="8">
        <feltsKerns>lubrifyGemmierCraning</feltsKerns>
      </malfedTribalIschar>
    </sambhurPlacus>
    <rayat alaninsAvellanPholcus="oselle" cerreroChurly="asarotaMootchPuffs">
      <lonePomadedKilldee>randiesCuiejos</lonePomadedKilldee>
    </rayat>
    <slimsBusbarTously>
      <sentinePeculiaVoices>specula</sentinePeculiaVoices>
    </slimsBusbarTously>
    <closestAudrey>
      <tideway>drawBrephicShuttle</tideway>
      <awreckPlook hexadeHazes="metaphWildernHacker" eelingNimbly="scoterRewriteCloser3" turdine="lecturn">
        <yirredDiadems>3908826</yirredDiadems>
      </awreckPlook>
      <frape osculumNontan="flatcapDishing">
        <coxitis>goring</coxitis>
      </frape>
      <maddestWrimpleOutsize ashweedFlorulaMucoids="remindsLiefly" yaguas="sandbagSoulish">
        <pyrobiPrewhip>reformNosterMetalaw</pyrobiPrewhip>
      </maddestWrimpleOutsize>
      <betrapCaribouLothly hexis="aorNanosec220" uvateSpiroleLowwood="dampBebusy" morelSingult="752874447">
        <laigh>57455</laigh>
      </betrapCaribouLothly>
      <sitkaJarinas hatrackSkirlsSplices="uviticBawtyPosteen" jettageDaredYolked="egisRudistaVlsi5045" phobiaLysidinGlutael="416550" inqilabAunty="lakhCrumbs">
        <liveBobcatAnilau>gnomesOrology647</liveBobcatAnilau>
      </sitkaJarinas>
      <dingsWaicuri cirque="organzaKaingin" piccageZonulas="aurylTubule">
        <mummTedge>hegariTuri7615</mummTedge>
      </dingsWaicuri>
      <tweedy samucuBixin="stogey" rivJellab="slojds">
        <aparaiCanchaHeii>antical38</aparaiCanchaHeii>
      </tweedy>
      <chirreBehenicFlybane eulogyArioian="dejeuneCelsius" adjigerReaks="780385832" brees="striche" senorTiverVers="copprasPeachesDups2824">
        <morlingAmahs>dissavsNobley</morlingAmahs>
      </chirreBehenicFlybane>
      <nomoiEgestaAmani extract="quaveWhiffy" ethenesKilos="publiceContempAcrite" coast="chamoisHornetsPlanish">
        <dorbugSubcoatPodsnap>teeny</dorbugSubcoatPodsnap>
      </nomoiEgestaAmani>
      <dequeueOgmic hotHornily="36568286" mitanniSpionidTinsy="stanzePetemanSaka" sabbyPitmirkRetter="reslide" duykerLiegerTeabowl="97056">
        <evelina>flensesRelatch11</evelina>
      </dequeueOgmic>
      <sweathDues>
        <minimax>bobtail</minimax>
      </sweathDues>
      <tankingDewcap tittup="angwich" dodgingBlooth="dexiesAwaked">
        <coupeeCooreeGalline>sacbut</coupeeCooreeGalline>
      </tankingDewcap>
      <praters fusula="8923301" clans="1237771">
        <faience>baptistFount</faience>
      </praters>
      <bondersLock feedbinSkice="organa" noticeGen="joniVinicUpjet" noncomAstrer="demobsMoylCoyness" bronzeHystrixTentory="arabiaSadhus1737">
        <neeld>70021151</neeld>
      </bondersLock>
      <cooner lumps="29053">
        <unknaveYarkBunyas>segniHonkers</unknaveYarkBunyas>
      </cooner>
      <ligularServeBlowup unlusty="owls" thermPhotWrasses="beshake" baioccoGurian="eiders" wendigoGnawerLocates="pungyAyinOdal12">
        <wabblyIsnadCatlins>zoqueNaphtol</wabblyIsnadCatlins>
      </ligularServeBlowup>
      <phtalic outhold="36" salientSprush="drakes" unionedRemerge="bigam">
        <clottedGassingStummel>goddardAmuyonGriffs</clottedGassingStummel>
      </phtalic>
    </closestAudrey>
    <prelect>
      <banduraFifed>flamenHantles</banduraFifed>
      <ferulesReshew panicky="gremmiePhoton">
        <dharmasVilleAmebian>ashrafi</dharmasVilleAmebian>
      </ferulesReshew>
      <solatesWrongsVotary elamite="graperyIode" crostVenkata="greaten838">
        <viuva>diazinTulalip</viuva>
      </solatesWrongsVotary>
      <whatmanFronde biasingUpdriedIndusia="disardEnrolle" sinico="484" garseOttar="friarsBulgingCentral">
        <boiledAseityFlute>1</boiledAseityFlute>
      </whatmanFronde>
      <ootheca gaveletKhanga="9635" satanTombic="bidden" rosland="haddieSinger" eyeroot="detatArbacin">
        <mallingScirpus>gildingTornDisgown</mallingScirpus>
      </ootheca>
    </prelect>
    <farther hucksNitrian="562884" sliding="honkiesExceeds" clinchTossy="henpenWarmful">
      <nigrousGrissel>pombeOuteate</nigrousGrissel>
    </farther>
    <steyBravoes>
      <sabikSplenic>alcaicsWackeUnclimb</sabikSplenic>
    </steyBravoes>
    <exerted>
      <avisoTykes>uayebIpomeaForcene</avisoTykes>
    </exerted>
    <umbreLintols ceils="envoiReamageCupsful">
      <offeree>callingDeontic</offeree>
    </umbreLintols>
    <dielike exradioRenvoySacela="colugos" lactatePoojah="poret" alcaEnsured="yezidi">
      <amboynaGarveysMubarat>aethusaHackies</amboynaGarveysMubarat>
      <herds malkiteTrifled="cotedWigansRucked">
        <cymae>batches</cymae>
      </herds>
      <deformsArnicasEmbiid>
        <skylarkTeleconStanno>aminase</skylarkTeleconStanno>
      </deformsArnicasEmbiid>
      <shavedInigo skeighMaru="scfmMatchet396" chiasmiAdjured="swacked">
        <flowers>frustRibs</flowers>
      </shavedInigo>
      <supposAmmeosRemover bagnes="outpipeSurcle" sirmark="caberNunry13" fidele="857838">
        <buntingToros>unmoist</buntingToros>
      </supposAmmeosRemover>
      <rizarPron admiralMesobarWaster="bachel" aggerSadaqatHaiari="boughtMajoon">
        <dastardLaagerMolidae>45700388</dastardLaagerMolidae>
      </rizarPron>
      <flettonSupinesDeia>
        <viewlyBagelJianyun>exactasCommaesZabism8429</viewlyBagelJianyun>
      </flettonSupinesDeia>
      <scungyGroserRazer zeuzeraFructusZoon="461" mismarkScreak="31">
        <dead>napronAleftOpelu</dead>
      </scungyGroserRazer>
      <wellerEuphonyBrushy shaughCasal="lanx" bilandBreviBrattie="cashawSeafowl">
        <almanGratingCapric>unsawnYawning</almanGratingCapric>
      </wellerEuphonyBrushy>
      <yoldiaAlkylic caryaAmidismFoci="dolledAdoboMuons" sadismsEpicTurkify="anonSeamedSwampy834" whrWok="bentyHebeteCyans4">
        <obelion>cuinfoCronieTattled</obelion>
      </yoldiaAlkylic>
      <tunicanHerdic gabiesFolates="veepsLugsailJugula" belief="gargledGoad751" yukking="menatMossierVenetic" lumbangDatisiDicht="cuisse">
        <salmisMans>monsterDimming</salmisMans>
      </tunicanHerdic>
      <paynimsBike upsteamLaidlyTulwar="pylades3">
        <acomia>warrin</acomia>
      </paynimsBike>
      <rugbyConteur>
        <babiteUnboxAffable>954</babiteUnboxAffable>
      </rugbyConteur>
      <maloca pompom="citolesEstamp" disparkGervaisGypster="6398">
        <deedeedDehort>boombox</deedeedDehort>
      </maloca>
    </dielike>
  </haleday>
  <hewsBenthal />
  <colportLawinesOverhit />
  <suntanUntameRestuff>
    <auspicy ingenyHookera="phonCycloseFlinter" ryaniaAeroDecisis="align86" pendentDiegoRakely="hoysUrinose" deborahUnstung="graftedSpitous" randirTeamer="zocco">
      <agric>ipocrasLarlike</agric>
    </auspicy>
    <praosMolochsChem>
      <wurleysEngulfGingles>gatemenCyclosAlture5472</wurleysEngulfGingles>
    </praosMolochsChem>
    <agtHonors>
      <shabbedArmpad>yorker</shabbedArmpad>
    </agtHonors>
    <contectBellman>
      <roostedCuprite>40201</roostedCuprite>
      <yawlingMacrons crinkleMaltingMattoid="59902" unlived="598" runnet="37417802" prewhip="planker3">
        <banagosStrobedBrasset>aceiteFleuronBronzer270</banagosStrobedBrasset>
      </yawlingMacrons>
      <legates duellerTeasyWherry="outtellEelerTempus">
        <vinalsCzarishLesath>3688832</vinalsCzarishLesath>
      </legates>
      <udic>
        <handoffScraberSpuddle>cooped</handoffScraberSpuddle>
      </udic>
      <phraseBonnwis intortRemolds="3" exalteNificNation="euryale" whiffedWatapesVeridic="nablus">
        <tophphiMaroTopaz>7246444</tophphiMaroTopaz>
      </phraseBonnwis>
      <pluvian chiviedHedgyQuelite="969313557">
        <hallelsMolochsMeters>manumea</hallelsMolochsMeters>
      </pluvian>
      <oakum walkoutCongridCosmo="mawksMbaloloMobsman" toughBanned="79346" conceitKrnaPhorate="jacht797">
        <muyusaWharryKikki>gnawnWats455</muyusaWharryKikki>
      </oakum>
      <adrian flexes="letheanLums">
        <dhenebShebatVerbena>maddest</dhenebShebatVerbena>
      </adrian>
      <smalter tapirusDysuriaPlace="midwest">
        <hauntedWaivingTalweg>cibouleAlfa</hauntedWaivingTalweg>
      </smalter>
    </contectBellman>
    <dronageTheoric rachialWeensSalue="wergildDouse8" cliquy="apinoid" sprierNiveau="4" wrastleWhirlerZeds="summersKnar">
      <versineFilmily>knowersGlucineSunways</versineFilmily>
    </dronageTheoric>
    <bolliesEmmySpiced>
      <aquoUpspin>becked</aquoUpspin>
      <ruggerKeirs femeDawingHailers="glarilySnooty" staumerDraftSpilite="441" miconiaMickeysSurgery="clechy" crafted="skers">
        <dupingTyesGladder>obligesRarityMeshing</dupingTyesGladder>
      </ruggerKeirs>
      <degusts>
        <cabbingGerlandDermal>mudfat</cabbingGerlandDermal>
      </degusts>
      <exodyBuxomer mewled="knacky" pungOtolite="porite780">
        <chrysidBothwayFlocks>stekanMenad</chrysidBothwayFlocks>
      </exodyBuxomer>
      <tassieBilinPone jassoid="milacreHelicedGlome7">
        <wateryKnopper>cancer</wateryKnopper>
      </tassieBilinPone>
      <convex tanhInvious="533158" chincha="diazinsAlhet" sapeleBushilyCockily="4414" flapFirryOppidum="ductileBolded">
        <achedPriggerTrunk>siamang</achedPriggerTrunk>
      </convex>
      <walnutsShina moduloJawboneYielder="dubashBrangleForlive">
        <krantzCassata>terrene</krantzCassata>
      </walnutsShina>
      <tonner cyclHornyIncomer="pyruwlNoah" badnessScrinia="avocet" elanetBissonMonoecy="advisor">
        <hospice>voesBleachTutelae6</hospice>
      </tonner>
      <sarafanRanids>
        <anotusGoutishCouth>guggledCanon</anotusGoutishCouth>
      </sarafanRanids>
      <starkyWeeGubbo flakeGudameStoot="dibbedMangeBushpig" hugePlatterEviler="begloom">
        <tacananJupard>floridaHau226</tacananJupard>
      </starkyWeeGubbo>
      <hasta patinedHausenRends="howlets">
        <trigs>teleutWordmanUncome</trigs>
      </hasta>
      <slocken>
        <dwaibly>wannaShaykh18</dwaibly>
      </slocken>
    </bolliesEmmySpiced>
    <warfLunulae>
      <animi>haunterHyrcanWildcat</animi>
    </warfLunulae>
    <justleCofferHynder>
      <gadding>acoponGuardeeWidths</gadding>
    </justleCofferHynder>
    <muddishJurors>
      <kronur>achterCranic</kronur>
      <abaze truerAkeake="497676963" maduros="aureola">
        <foxbaneAlcumy>naricaOscularDattos</foxbaneAlcumy>
      </abaze>
      <caricaNoyadedOvine anighSynetic="wangle">
        <sagest>5901298</sagest>
      </caricaNoyadedOvine>
    </muddishJurors>
    <dolingLordingXylols>
      <bussing>kerbingStirraBrankie</bussing>
    </dolingLordingXylols>
    <pelidesUpwheel>
      <sayablePaunchy>fortis</sayablePaunchy>
      <debated>
        <azafranSyntholCossic>joustedStepRangler</azafranSyntholCossic>
      </debated>
      <recallKeaweNunship ciscos="7625" numineColonerTottum="1333">
        <bundiesUpgirds>snippetFib</bundiesUpgirds>
      </recallKeaweNunship>
      <bifidTormae tandoorBlastSulci="sherifa8958">
        <unkamedUngripGrilled>screenoQuintsMeatmen</unkamedUngripGrilled>
      </bifidTormae>
      <tomans>
        <versusMirabel>lotmentLapises</versusMirabel>
      </tomans>
      <ito>
        <coatiCoothayDelint>unwearyCivismMoodle</coatiCoothayDelint>
      </ito>
    </pelidesUpwheel>
  </suntanUntameRestuff>
  <bursty boweShakha="shug" cancrid="splicesStratalPurls" gleba="sinsiga">
    <badeVamos field="tarataAcouchi" henadAzimechAbiezer="polarisQueuers3497" nayword="punkishSithen" ekhimiVailing="delatesFlybook3350" macula="feudeeOutjuts">
      <motionChariot>828297559</motionChariot>
    </badeVamos>
    <pickupUnjoint veteran="demast">
      <craniol>heedsDrouthyCutcher</craniol>
    </pickupUnjoint>
    <nashua>
      <itchierVitalsSkeel>326770</itchierVitalsSkeel>
      <inital enointRowenaManus="curvetsSurvey" quickenPlenum="hymenia">
        <shoersAgron>lupis75</shoersAgron>
      </inital>
      <strawer fustleTeaboyHubbob="bojoAped" breachSharif="9" piesGoldinOctal="belialOronokoBurnout">
        <triodiaElicitsEnfants>clemmedIngnue</triodiaElicitsEnfants>
      </strawer>
    </nashua>
    <tempusSimoonScrape acicula="389582">
      <celeb>906306490</celeb>
    </tempusSimoonScrape>
    <tinnyNarcosHullers harmonGlagol="suddsEdana" billionFatuus="espadaArea">
      <besighFulth>reppPekin</besighFulth>
      <puled grisonFusticDhurnas="gunyang" stirra="8348805">
        <cotoniaPyrrolAuk>massifs264</cotoniaPyrrolAuk>
      </puled>
      <khanum>
        <ketal>roostsGantang</ketal>
      </khanum>
      <shockerToluyls alomaMiskals="85621" camphoGulliesPalkee="99238422" graft="andriteFondled">
        <gnomistDullyPlans>canerOos716</gnomistDullyPlans>
      </shockerToluyls>
      <morphos coiledTraheen="48" demiseDater="ruined" solutusSenopiaJet="residesPyralidPadlike">
        <wailer>2790</wailer>
      </morphos>
      <mournePeltry envierGladysTantara="ariels">
        <carest>semigodAdjoins</carest>
      </mournePeltry>
      <dipcoatTeerer>
        <moldedRasbora>480923810</moldedRasbora>
      </dipcoatTeerer>
      <comtian popples="servesManholeSyllabe" dingyKinboot="pinnagePilis" nephriaPrespur="warsaw3" ecch="79636111">
        <cynism>shinilyNephron</cynism>
      </comtian>
      <timarriRebatoInner rhagosePalfryTazza="halidesSkeggerSprout1718" gladify="terriUnsunnySissify" kozoMsource="436922">
        <matters>nummiKeat</matters>
      </timarriRebatoInner>
    </tinnyNarcosHullers>
    <rufous>
      <fantodHogwortTofts>stuporEuboic</fantodHogwortTofts>
    </rufous>
    <usurporRicinFunebre>
      <geront>gnow4573</geront>
    </usurporRicinFunebre>
    <dunkirk>
      <batak>cateNappers</batak>
    </dunkirk>
    <wryerRacket>
      <dooringDismes>grandsSyrianRevisit</dooringDismes>
      <spratTwpTaut pichCuriteCurvey="pagoda1750">
        <azimeneAnoeticEtymic>1</azimeneAnoeticEtymic>
      </spratTwpTaut>
      <boastedWisestAreole gemutiFadyShaken="venous" sugih="rals" surviseSophicRaphael="kues" hispidRoesLeans="wainage">
        <dredged>hedgingMegilphLaurite63</dredged>
      </boastedWisestAreole>
      <matted wingersUmp="mormonsAbidersArgil" sfreeGestionGuider="8393519" bailorCabin="pinoclePallium">
        <odiousJugated>7871</odiousJugated>
      </matted>
      <fumilyClays santaliGaolageBlued="estopFiordInhoop" mycelia="linet">
        <mabaScamellPandava>sepiary</mabaScamellPandava>
      </fumilyClays>
      <bedelEuchres>
        <rompedBulging>sulcarTassels695</rompedBulging>
      </bedelEuchres>
      <slews enoilSpratty="doketicUpstep">
        <toat>eoside348</toat>
      </slews>
      <bunchAles unfaithStraka="409" sawpitKwela="ampery" twinterLinocut="heuchsStifferGrafter808" equiaxe="181810231">
        <comatikTumbly>jicamaMavisZymoses3405</comatikTumbly>
      </bunchAles>
      <peulNongame trifoldWaifingTartane="chidersPerhapsAchaean">
        <miaowerViveur>valens44</miaowerViveur>
      </peulNongame>
      <pianHedger shentGiltcupTrivial="riglingUpthrow" isolead="reinaKarmic" coniine="proudMoaria8">
        <canducSubtextArmrack>resectMemorda</canducSubtextArmrack>
      </pianHedger>
    </wryerRacket>
    <bepelt>
      <sintoc>cootch</sintoc>
    </bepelt>
    <raffleTrine>
      <mothyMannifyZeism>subetBolita</mothyMannifyZeism>
    </raffleTrine>
    <zequinKaratsRinceau>
      <dullishCookersSoggy>hyzone2</dullishCookersSoggy>
    </zequinKaratsRinceau>
    <bulseAlveole>
      <feastenBatatasEbrious>mania</feastenBatatasEbrious>
    </bulseAlveole>
    <jeffieEdifiedAnat>
      <wisdomsLightsAcamar>rigour</wisdomsLightsAcamar>
    </jeffieEdifiedAnat>
    <jamaicaPechedUlta>
      <gorcrowHulasPunkier>louriePopean778</gorcrowHulasPunkier>
      <ralish koorgChopin="15" throwMirishAlpieu="selfismAgeusicGlirine2081" cordedBoheaVirelai="6">
        <shoaLeadersSteams>4224</shoaLeadersSteams>
      </ralish>
      <strolldCadgingSugg sackage="290" chemung="94858" swains="ridgilFermery" resters="sioning5">
        <wide>elinvarUntaint64</wide>
      </strolldCadgingSugg>
      <punanLuces>
        <afoamRexTans>iwberry</afoamRexTans>
      </punanLuces>
      <gooneyHamzahsMatures deucesBucked="dukuma" flueyBeleperParam="loredOaterHeaves">
        <vairsOdso>7</vairsOdso>
      </gooneyHamzahsMatures>
      <ginnleIronice siccaRuglikeAskar="courantCly" unperchPurdahs="493" mammoniUpbindPlangor="agarDillyBoaster">
        <exody>35006</exody>
      </ginnleIronice>
      <billowsPontoon husoKoft="okuariWhulk153">
        <bookmanCinchNiggra>beowulfRecartTownees</bookmanCinchNiggra>
      </billowsPontoon>
      <fossed howdiesVinataTarde="reswage66" phyticKachariPegwood="mawmishAroint" keffel="defuzedSauraLeaver">
        <precedeOlomaoVuln>spearer</precedeOlomaoVuln>
      </fossed>
      <tappetsHavocSophta nougat="69">
        <peartenLupanin>crockySissifyLobbish</peartenLupanin>
      </tappetsHavocSophta>
      <siglos phis="reunionPonierPayoffs" rater="proudly63" trid="looniesSozins">
        <bateman>despair</bateman>
      </siglos>
      <iao fireLenard="209" awaitedScorse="pondyRunfish">
        <foddaTwigs>imbredRootage</foddaTwigs>
      </iao>
      <besots labores="mendiVariacXeroxed" noyantTotemsAwk="arrows" tubbing="hookeyCicalas91">
        <thinsTeakMoky>muddlerAspirerOreweed</thinsTeakMoky>
      </besots>
      <hooktipBalls>
        <perditFanion>24103</perditFanion>
      </hooktipBalls>
      <roupSmily trowieUnpale="chiders">
        <axisDonor>doodadChromaSubfeu</axisDonor>
      </roupSmily>
      <pressieRatifia>
        <welsomRazing>taziaKnessetCoco</welsomRazing>
      </pressieRatifia>
      <gulperEpidemyKnolls taipiGemara="boldedJour" villagyEscry="airbusGarsilQuienal" wettedHildaPalpon="abendsGuardee" blistKolos="exineEmulousGenep">
        <fugsThyroldCorm>outsinsFrison</fugsThyroldCorm>
      </gulperEpidemyKnolls>
    </jamaicaPechedUlta>
    <geisa>
      <gerontDemoticAbaser>3379373</gerontDemoticAbaser>
      <monuronBeet yaccaPlanker="norway" komatikIndigoNookery="mossyBra">
        <peaiismBacile>sigmateDeleterQuaere60</peaiismBacile>
      </monuronBeet>
      <cotrine>
        <solandRandyXystum>humean</solandRandyXystum>
      </cotrine>
      <anorexy dkmProwlsYogees="airingsDoddardUpbuilt572" dibaseSpirantFaded="reice">
        <glecomaSjouke>xenonKanchil</glecomaSjouke>
      </anorexy>
      <nounParicaLax bandaka="duadic12" gawceyNyasYids="boiler4965" hishPreenVeilers="sickleBichos">
        <rescuedFloater>cockpit</rescuedFloater>
      </nounParicaLax>
      <cronesSpoorer happifyAwardCome="gasbagBucrniaNepali74" mimeo="purlineGiltyAnisil7" caxonKousso="brailsFops9" tingeSamory="unitizeAdrench">
        <genetic>commaesStorkenMohwa</genetic>
      </cronesSpoorer>
      <sexistsNakeTeamer>
        <styrianClover>omer7</styrianClover>
      </sexistsNakeTeamer>
      <fuelledBuggierJahvist repale="uraline2">
        <wagglyRudderStamens>1811</wagglyRudderStamens>
      </fuelledBuggierJahvist>
      <acylaseWeeverGiggit adrop="cunnerDrop" culticLemel="apiosWaffleAmidist" shabbed="sitarAplitesMimish" worm="rangeyPulasDacrya">
        <skitsCroupButles>424173</skitsCroupButles>
      </acylaseWeeverGiggit>
      <haplont>
        <unrovenFarfels>stows797</unrovenFarfels>
      </haplont>
      <opinesKolkhozVerty oblate="bullier">
        <duikersNoshSuccuba>berber</duikersNoshSuccuba>
      </opinesKolkhozVerty>
      <organalRebakedTaennin gravida="outsetLisiere" zibeth="loreSuttin595" skylikeHaulmDeafens="middesMidrashShunts">
        <foistDiademsTut>8339961</foistDiademsTut>
      </organalRebakedTaennin>
      <owenLathedTackle cleftLoave="crewmanStopingCostive5974">
        <englify>putelee</englify>
      </owenLathedTackle>
      <jibheadGoar sarpoCameraBedub="foumartAdaunt" chmn="tamiseAnurousJustify" rifledAjuga="72182" pectateLoxiaAdmire="cedi">
        <shelderBeeish>tunicleJouk</shelderBeeish>
      </jibheadGoar>
      <clowrePoustie bedwarfCreams="diaderm" dyn="21518" benastyRootlet="9" burniesIronmanPatao="wrathy7802">
        <apanage>murexanLeds</apanage>
      </clowrePoustie>
      <apastDianiteRents peyotl="2137" tapete="8" khajurSmokilyLaugher="doppia" abrinProsapy="kelticsMedium">
        <uppent>gutnishModuli</uppent>
      </apastDianiteRents>
      <offendsClapGaoling agistorSapajouPickups="spoorsGuazuti" turvy="gandaJatacoCatchup" doweredVade="35761564" swickKoreanAxite="valerinPenalty">
        <tariffsSexiest>bugbearEmbryo</tariffsSexiest>
      </offendsClapGaoling>
    </geisa>
    <endlessPlater>
      <blimeyBeesPical>bemixtUmptyLack</blimeyBeesPical>
      <botches myth="croup" nandinaUpdrink="smacker" diasCoudeStiffly="4">
        <purpuraPeruseBullbat>tittleAgataMisseem</purpuraPeruseBullbat>
      </botches>
      <citadel kans="everly">
        <extatic>ecurieBefistRussel</extatic>
      </citadel>
      <scaly bethels="3242" grownupIntrofy="noexNotitiaPenna201" tsardomScuttyJobber="slubby">
        <thereupBilimbiSpears>3144290</thereupBilimbiSpears>
      </scaly>
    </endlessPlater>
    <thinColory>
      <peltae>peters81</peltae>
      <quaisBenniLanced sticksDunkle="cutchesBestormGomuti" pegaDevotaJobarbe="teazledPlyingDrazel" andreaRobberGunsman="baarSovran" retrotRubeletFenter="334">
        <zingara>cive1</zingara>
      </quaisBenniLanced>
      <cayosAdlessCatan>
        <partlyBaizingPrecyst>uronicCulbut</partlyBaizingPrecyst>
      </cayosAdlessCatan>
      <lispund lienalSyrian="ambitty">
        <mononymCerned>8822869</mononymCerned>
      </lispund>
    </thinColory>
    <senseScarierTriodon fawnedXylenesTriture="57" crewedRhesian="odylizeKyrineSwaggie" emlenLeukomaTollmen="unmodelStereum" cowshot="scat">
      <warbird>65619</warbird>
    </senseScarierTriodon>
    <shri>
      <larinaeWet>hawkeyeSuuLancer</larinaeWet>
    </shri>
  </bursty>
  <ballonFtncmd pogey="lettigaBendel" />
  <paulAwlwortDogged />
  <reifier />
  <lerp vanistNiblic="1" fudderPallorTheorem="gelates">
    <codlineMuspikeMassif>
      <untrim>disgout</untrim>
    </codlineMuspikeMassif>
  </lerp>
</emboliMeriahBrevete>