<?xml version="1.0"?>
<shraveBidens>
  <emblazeDrageesSokeman />
  <bogieHalpGoners>
    <twindle>
      <upwardsPissed>chagomaLuffing</upwardsPissed>
    </twindle>
    <elbowsSoon>
      <aerials>hypnosSeastarChinch</aerials>
      <violerWiikite crowbarBoneen="126" loftman="cozeysDawkinOverfat">
        <lujulaNutriceOrigins>bandaSupsWrings</lujulaNutriceOrigins>
      </violerWiikite>
      <soilyZemstvo focallyOrchilRumbler="asgardTercine" bestirs="bullierBellon1" chrobat="padroneMuntingZapara4">
        <apandry>cangiaGurnetTuner6</apandry>
      </soilyZemstvo>
      <droningInureOeci>
        <bastardNervose>pud</bastardNervose>
      </droningInureOeci>
    </elbowsSoon>
  </bogieHalpGoners>
  <hawsingLadyfly bazoos="saiteMinings" didal="415134875" darkeyFernyFagin="6" boreen="syrup63" />
  <shagragChivariMafias unhip="hulkOxeyes58" />
  <tehsil cerata="bughead" trah="lankestCoshers" />
</shraveBidens>