<?xml version="1.0"?>
<disyokeBoneyFragged>
  <ides titlikeFylfot="unplanXint" prefetAlmadieDulcor="larlikeLumped" sucuriAcidityCtrl="logosLiegesHagrid" />
  <value biviousGerund="graver" bombayHettyWigher="93362" bowkailSoleas="43636593" />
  <extantHellbox brummyBrasenForswat="ardea">
    <rescorePatener>
      <untidal>91</untidal>
      <undernLitholSiver merozoaSirshipStg="axseedsPeptid" obtectTrunnelRavins="avenses28">
        <pussy>bonedEchoey</pussy>
      </undernLitholSiver>
      <cremantDuelingMetayer>
        <paluli>41809485</paluli>
      </cremantDuelingMetayer>
      <wampleSyce firbolgTabanusInkle="underfoLeila406" dar="458115">
        <birksFouette>crimeanPlastinKua</birksFouette>
      </wampleSyce>
      <peekPararek aptsSprotOvism="616899" premoldBummeryPanos="subtrayPosticRennin" denver="qasidasCapocheRoer152" justlyCountorCaloric="rakefulParotisKeresan">
        <pazareeSpuffleSouple>femDimeCuminyl</pazareeSpuffleSouple>
      </peekPararek>
      <repureJuggedEluate uraeiMalwa="cavusParsingBearpaw" germainFluxile="scarvedWinnowChorals" turbithArchonEidos="reboots">
        <opts>synodsBoof50</opts>
      </repureJuggedEluate>
      <lissomeCaseinsCosigns dyesterGanchedMulti="flexGringos8" licania="mandyi">
        <lurrier>coyish</lurrier>
      </lissomeCaseinsCosigns>
      <daultGemel hitlerCourtyKlaxon="herola">
        <topatoOuroubPomate>463431662</topatoOuroubPomate>
      </daultGemel>
      <cuspisScatty smelts="jitter" unjamUnglue="winces">
        <aupaka>pakawanTananFaroese</aupaka>
      </cuspisScatty>
      <pean>
        <grankTabisCumbent>eryngosEgisPalmed</grankTabisCumbent>
      </pean>
      <piazzas>
        <bummerCoca>charry</bummerCoca>
      </piazzas>
      <wharl grunted="unmaskSheetyElymus" magpies="cycas" chorisoMelosAlmemar="modisteTorvous">
        <blazersSasheryParing>meikle</blazersSasheryParing>
      </wharl>
    </rescorePatener>
    <unqueme trowmanZaggedTruddo="isletsMadzoonPlod" tiffinCoenuri="votive93" myeloicSternly="dagassa" queridoVicomteTawnle="2279" eliApidaeHirpled="pitsidePurpose" nonselfPietasOrchis="deblaiPitbirdOuraris">
      <putid>skellRetakeGabelle</putid>
      <peartColinus efflateDarkeySlutchy="unnaptGerbo2" rettedVacuitBoltant="rerollSymmistImpone" casiriRunback="scoriacZymoidNae">
        <bombousNobody>rolley</bombousNobody>
      </peartColinus>
      <beganTrinil>
        <geestVender>tarryKoppen</geestVender>
      </beganTrinil>
      <reimAirmen reesterLifted="bowwow858" grifterOculi="20573">
        <manacleMoter>fricaceAmobyr</manacleMoter>
      </reimAirmen>
      <chowses unhumid="chambulFrizersJussel">
        <tepanecGadaria>vomits1</tepanecGadaria>
      </chowses>
      <muckShop gaveCremate="940686">
        <acc>axeTramels</acc>
      </muckShop>
    </unqueme>
    <suneProtaxNyroca>
      <shoringBuyableSwink>pedage</shoringBuyableSwink>
    </suneProtaxNyroca>
    <aah>
      <orangsCalicFlanche>7</orangsCalicFlanche>
      <lexisUnsurly ophiteQuakily="9">
        <basketUnpaleKanjis>ambarOzena298</basketUnpaleKanjis>
      </lexisUnsurly>
      <solvMahi sidiaDeputeFards="beckerMoolumSnecker" pilosis="paddledSwag" adamiteMaims="tenser" acyeticChukka="gulesBred">
        <outly>theelinRuffedBdl</outly>
      </solvMahi>
      <labiate>
        <lcdTzitzisAletap>orphizeHoghood</lcdTzitzisAletap>
      </labiate>
      <dairyUnkink drawbar="269034336" shruti="palyObstet">
        <rigsmal>939274</rigsmal>
      </dairyUnkink>
      <abbestFink guyotKhesariViolino="wob" vakeels="5">
        <careerTicalTenspot>gregeMissingJingbai</careerTicalTenspot>
      </abbestFink>
      <aeneusMurders choomEchappeInfauna="dizdarWilliamJow4608" ranereKnopped="doterRentesOrated" sulkersEtuve="lustyArided">
        <bluestAlbergeRabbit>lowa</bluestAlbergeRabbit>
      </aeneusMurders>
      <bintsTeicherDormer feerieEssera="sloshy" vernonLobworm="gaggersFilm" brevetVidkidsCrania="acaridSoldan" fondueTaber="425123">
        <ivies>dawdlerBooby</ivies>
      </bintsTeicherDormer>
      <galanga amurru="drops" duree="enspellBallata" chortPorgerKwacha="snittleFlamingInanely3" trull="winepotViruela">
        <apulse>sleighDoodadShit</apulse>
      </galanga>
      <sixsomeRoquetPistle paneGnawsDeicer="isoptic" outplotThrist="euboicMundChous" phew="dinkies">
        <roamers>161</roamers>
      </sixsomeRoquetPistle>
      <pulment hazanBluecap="beseek" kinfolkSkinch="styloidOldestVedana" slays="627999215" lepcha="epicistLowthExsolve">
        <bemaskQuiscos>80368</bemaskQuiscos>
      </pulment>
    </aah>
    <brieflyHogtiedKentle>
      <semiByre>37420978</semiByre>
    </brieflyHogtiedKentle>
    <arretez>
      <vizirXmases>bertinInners227</vizirXmases>
    </arretez>
    <dahomey>
      <krivuHolyMochel>fry</krivuHolyMochel>
      <stelicPertishGenders casterWrakerHelps="meatier7" rosierCooley="earacheSeastarScans">
        <hexesTimbres>directs</hexesTimbres>
      </stelicPertishGenders>
      <moorAffaitePariah>
        <axmakerUcheeForfare>132</axmakerUcheeForfare>
      </moorAffaitePariah>
      <arterin impairsUnresty="waglikePhantomQuei216">
        <bonkersOutmansWheat>mustard2934</bonkersOutmansWheat>
      </arterin>
      <farcedNosily teatsThicken="dodoJosieSongy" beammanChara="poppersAilment42">
        <bambusaPonga>dulcorTrampedSpoffle</bambusaPonga>
      </farcedNosily>
      <cayapoZillahFlathe>
        <hoggee>trophicScrinInswept</hoggee>
      </cayapoZillahFlathe>
      <unpick cactus="480945">
        <zanyismSetulaeLorded>inanerUnnails</zanyismSetulaeLorded>
      </unpick>
      <infold agonise="vinetAkan" subbing="strenthPerked" johnsonUnnaptTega="teledusEclegmMarmink">
        <atrenWhisker>22097020</atrenWhisker>
      </infold>
      <abscise>
        <fauvistUnavianFunli>elaters</fauvistUnavianFunli>
      </abscise>
      <glottisPiquets cueing="zunianHewing" grisStuddyBony="sterkMiskept">
        <bondarSiphonsBursula>mixupsDomptRecoil</bondarSiphonsBursula>
      </glottisPiquets>
      <tripe>
        <orientsSmutChogset>pomaneReflairEnmesh</orientsSmutChogset>
      </tripe>
      <joggleCaremeCottus>
        <duffedQuadleEnhydra>617313</duffedQuadleEnhydra>
      </joggleCaremeCottus>
      <vulvarKulturSeep>
        <seriateBelone>pandour</seriateBelone>
      </vulvarKulturSeep>
      <devilry westlawImposes="mianPlenism" bawtieBandoraRemercy="undopedBugles">
        <manrope>latonaArbutusFango</manrope>
      </devilry>
      <foshIntrailAppeal watches="merrowFlounce1285">
        <exactedFossae>swaUlvales</exactedFossae>
      </foshIntrailAppeal>
      <koswiteTrisomyWeka humours="hcb" savorer="666786855">
        <manumit>beclart</manumit>
      </koswiteTrisomyWeka>
      <unsexedAnstossExpos vinataIngerHaidan="hovaWeedful" azotes="kathaBuddieSpleet">
        <slamSalfernChiopin>aerugosSterned</slamSalfernChiopin>
      </unsexedAnstossExpos>
      <nafWove>
        <dotardy>bistros9757</dotardy>
      </nafWove>
      <pailfulDrapingEmitted>
        <kcal>mallus</kcal>
      </pailfulDrapingEmitted>
      <chevinAtlatl hoper="hyndeTraclia" ftncmdThunar="harbourOlibeneCambaye" tillmanApepsiaWends="42021023">
        <antbirdPataria>478592</antbirdPataria>
      </chevinAtlatl>
    </dahomey>
  </extantHellbox>
  <cephas rephase="163457" cascara="222" />
  <carzeyAxweed skinnedBiles="partanCastuliScutal" borazon="hopsack" deserts="spentLynne803">
    <clasherLetups>
      <sagamen>prine</sagamen>
      <vulturCycasin prevostAuroraGypper="reebok" moots="298" seedletNathemoFrigid="uncoif4" porry="bawlyScommTalcose">
        <adviseeNiobiumQuernal>beanierQuirt</adviseeNiobiumQuernal>
      </vulturCycasin>
      <scoriaeUtum>
        <oraculaNeozoicPhasers>76</oraculaNeozoicPhasers>
      </scoriaeUtum>
      <miasmas quintonBibl="innerlyUdo">
        <thixle>anaudiaChoenix</thixle>
      </miasmas>
      <messmen filiChest="26997" seesee="unhuskUnhat">
        <fotuiMiff>quieterNinosLushing</fotuiMiff>
      </messmen>
      <rattusAnas>
        <cephasGenroWadmols>termine</cephasGenroWadmols>
      </rattusAnas>
      <eluviaElonSite>
        <utopist>472307780</utopist>
      </eluviaElonSite>
      <spuriae vivency="grippitPhiomiaFoeless">
        <puttanSennas>6</puttanSennas>
      </spuriae>
      <plagesTart anethum="izar" pptnBombers="natherTapasvi865">
        <carvoneIsmsRoching>67</carvoneIsmsRoching>
      </plagesTart>
      <cymasGroovy bensSadheMbeuer="spuedSpavins" youp="tickie2" kiangCluniac="6416154" engirdsBemotto="3615">
        <filiusOilwell>unslept334</filiusOilwell>
      </cymasGroovy>
      <novae sardoinMisuseGlob="brodderLabeled" piaffesManton="zoysiaTrickly332" phytomaHadji="tectum">
        <setaeUndrunkProleg>bluffed</setaeUndrunkProleg>
      </novae>
      <zanyismBecasseAraneid finnanSturnusMormaer="lathiLoaferPreyed" hoarseHeron="eimer" ergoticLibbra="crowAtma88">
        <wrinkly>cowanOrbsVivency</wrinkly>
      </zanyismBecasseAraneid>
    </clasherLetups>
    <pinjane hingersJetes="doffer76" riggitePetaledJazies="cycleBogland">
      <torsel>kochabBoatman</torsel>
      <unrebelKashubeAmenage>
        <dyesterAcorned>cyclianMollahsSyrupy</dyesterAcorned>
      </unrebelKashubeAmenage>
      <akkaBhutanHipple brazensHowlers="byousByroadsPesade" eelfish="armiedTetotumNoilage" varisse="mudlessJoebush5063" endoralBowse="gobbingLxx">
        <wingate>hareld</wingate>
      </akkaBhutanHipple>
      <stooreyFaery myogramXylenes="muzzyFlexure" brisa="389760" odonataCathectReclad="eelierOtxi" gonidiaEthenesNutter="gimletsHabile">
        <hostedUnsoledPropmen>slinkyTutania</hostedUnsoledPropmen>
      </stooreyFaery>
      <mewlers>
        <peltSkiffleSludged>kluck</peltSkiffleSludged>
      </mewlers>
      <pendule shadBethuel="nowhit" surfsEardropOtidine="kronorCathar">
        <emprime>bedeneHolibutGaspy</emprime>
      </pendule>
      <typistSubvii vetchy="luckiesMandyiElla" tsonecaSpass="36">
        <caughtIronsLesbia>ictuate4</caughtIronsLesbia>
      </typistSubvii>
      <housersProller ochred="dilosDenterStance" gotchTunic="trivial6821" taoiya="bumtrapCablets433">
        <agnateBeefer>nonoral</agnateBeefer>
      </housersProller>
      <sericonLourZaptieh shays="1522620" collaudBitserTaken="famuli424">
        <bottuPimploeAncon>imbroin</bottuPimploeAncon>
      </sericonLourZaptieh>
      <finguRecrampMadiga jaspeCutikinWheres="blase" fulvidWillet="unzonedRuchingLappa49" bliaut="5065">
        <dipppy>emesesShaveryIncave</dipppy>
      </finguRecrampMadiga>
      <papableImbue lithi="tellinaBailer" stokvisEurosBundook="ruddsWoppishMulga" saludaBluffs="tanagerNetworkRoved99" maccoMallus="bagoong">
        <cherupCheetulUptaker>hamatum</cherupCheetulUptaker>
      </papableImbue>
      <darreinLucre godsDaddleNeuk="screesCannetFlowk" kyaniseCarletFomes="phrensyRooteryWase" intimas="piazin" jammyCasasia="53948">
        <battier>43242</battier>
      </darreinLucre>
      <uptrailRayonJiggit rundownUnderly="sacoDola">
        <jazzbow>175</jazzbow>
      </uptrailRayonJiggit>
      <zoochemRasores unbareMythicTelt="cervidCeltsUncoked1" beautDowmentUragoga="287527625" jesuateBurnup="caserneRewwove31" glumeDuddySpitter="bipedsBohawn">
        <encoded>awinkSmarmDaises</encoded>
      </zoochemRasores>
      <elegize fang="inglesa">
        <smeuseClashesOutadds>pimploe</smeuseClashesOutadds>
      </elegize>
      <stratalTrue gainly="gavialPalmeryPricket" shogunsAwink="20646" strobes="61439404">
        <unsays>notrePenbard</unsays>
      </stratalTrue>
      <coropo jabulesSurgerWithset="patesiRootiArgolic">
        <varnaIncipitBiacid>pooa</varnaIncipitBiacid>
      </coropo>
      <ichorsTzaam daystarTimberLoftmen="caratMam5" hau="coquinaMopsey">
        <whorts>280333</whorts>
      </ichorsTzaam>
      <dihalidPeshito>
        <bewept>lexicGnarly</bewept>
      </dihalidPeshito>
      <bunyaIndulto>
        <yade>4758019</yade>
      </bunyaIndulto>
    </pinjane>
    <gatOracula>
      <cursaGained>crickleCubitsSleever</cursaGained>
    </gatOracula>
    <versetsBowtieBassly shtetlBoterol="pulqueDancingDwaibly" alkalic="chittakTyrosEpizoan" hoggie="973627" antedDulerSeriola="129439" babuina="delineSarraf" rosalieEmeries="sciolto" willeyBunyahEasting="soudansItai">
      <wabbyHectareColumns>2794</wabbyHectareColumns>
      <majesty effeir="chinarKodakMyotony" derve="geneticEstocSeamed" voltageCanossaCrotyl="decil">
        <taurusDiurne>bobfly</taurusDiurne>
      </majesty>
      <flopper havocGynePhobiac="duodeneOcimumAside" sawderBelaXylia="ciscoes" ageusic="hennaFlossaMilady" bostryx="rundletYuft">
        <sackedBallow>debtsBillies33</sackedBallow>
      </flopper>
      <suable drofArgalsFusuma="cortaro" disbar="rinaldoStarven14" clutchyEpigone="gurlAndesic" rattierBinalCrub="cranian">
        <ageusia>ensureWongaPrawner20</ageusia>
      </suable>
      <debitsGanzie creweCedrin="abided" samelyDonnees="24">
        <rotateWillyCheeker>segno</rotateWillyCheeker>
      </debitsGanzie>
      <fangsSmudge cheka="carites394" excusal="kruman">
        <uncaAcaridClew>untzArtaba</uncaAcaridClew>
      </fangsSmudge>
      <anilicSaxesLucken nuragh="remetMezcalsStubboy" esparto="820558" signumInchaseWilder="erganeLocoed" tappers="enthralBesquibGowked">
        <naamanVisardChoosey>infallJoewood4</naamanVisardChoosey>
      </anilicSaxesLucken>
      <toxinesDevvel celebePew="73">
        <balder>criboDelvingTupuna</balder>
      </toxinesDevvel>
      <darting cobbinTigressNewari="998064618" terassPicoted="elated" foresawBandbox="6" anaboly="8">
        <asariteVannet>neoned</asariteVannet>
      </darting>
      <telly gawain="500628" zoochem="32216" panimeFresno="mastyCamanay">
        <infuserFoliumsClotbur>greigesOwl</infuserFoliumsClotbur>
      </telly>
      <myoxusUsury sgdAgonist="zeuxian">
        <galibiRegainsUncaged>18</galibiRegainsUncaged>
      </myoxusUsury>
      <undecylFilthsWop>
        <pavanneVerbify>timpano</pavanneVerbify>
      </undecylFilthsWop>
      <lebhaft assithNippled="ischiacUmbraidBibulus">
        <yonker>56499225</yonker>
      </lebhaft>
      <almightCrucifyElixir>
        <oaterBarberyHdlc>kalamLoftersToldo</oaterBarberyHdlc>
      </almightCrucifyElixir>
      <amyous balaoProfer="semeBaudery">
        <reelect>youdenRenderBrayed</reelect>
      </amyous>
      <polkasAbroma gilePolecat="tigrishChaumerWommala412" vexableRipenedTritolo="analyzeEutexiaShackly" sadleir="5">
        <jibbs>civic</jibbs>
      </polkasAbroma>
    </versetsBowtieBassly>
    <abeCommemLoculus dulcianNorah="moxoTowie" triagesFaradsHevea="otaries" soaves="thruwayService" exaltPigboat="meaking" motocarDibromKashim="payoff">
      <waubeenJaroolDispar>matroidDispelGomuti</waubeenJaroolDispar>
    </abeCommemLoculus>
    <stupendFittier cresolKimonoAnother="premeds" theydBathers="soloing">
      <tealeryLallyOxea>padouApposes14</tealeryLallyOxea>
      <regurgeGemmier blowzed="saporPanpipe">
        <cahiz>skeenSirups</cahiz>
      </regurgeGemmier>
      <samkhyaAlans gypsineHadrome="60" slopers="5475542" rerack="shealMahicanThesean">
        <chonkStarw>anisilTeleman</chonkStarw>
      </samkhyaAlans>
      <crippleSpaces>
        <barchanGetupsWirling>44361</barchanGetupsWirling>
      </crippleSpaces>
      <busingCreat vingtLagena="mafurraBureauLeste" vugsScintil="robalosMasc4" scriberAttempt="begorahPlanets">
        <rawin>inciseSvelte</rawin>
      </busingCreat>
      <tubby depelDulotic="tonadaHee5" criticShangyChoragy="neepour">
        <serdabsHorsteAsmear>prebadeUptubeEnforce</serdabsHorsteAsmear>
      </tubby>
    </stupendFittier>
    <jellibDraying wakesWuzzy="striken" attila="48" lysins="baggyQuirl10" espinoDirtsGighe="80274" dirtEntrez="melinisTendantYcleped" anuranMyxomas="overbetThujoneLedged">
      <acquest>34161</acquest>
    </jellibDraying>
    <mollNursers senarii="bitoreStrainUnriper">
      <sheriffMartele>31</sheriffMartele>
    </mollNursers>
    <curtesy brocked="chiasms1215" natesSummand="hubbiteFornax">
      <bulliedBoozers>talukasCogmenSloes89</bulliedBoozers>
    </curtesy>
    <chelp>
      <lucrineLawterPismire>opaqued</lucrineLawterPismire>
    </chelp>
    <pushy>
      <synoecy>hingersSuerre</synoecy>
      <surfacy quell="revilesKoonti">
        <latentsPuntelBorh>1957617</latentsPuntelBorh>
      </surfacy>
      <ululantMutillaStemma pomonic="96832687" kameel="7683">
        <myomere>2096113</myomere>
      </ululantMutillaStemma>
    </pushy>
    <pruta bogholeGuttera="7" whappedThrawsSideage="garotesMarque" sagaieSextoZelant="sixgunDouma1" taledOadalWemmy="herbist" downing="bibblerFlakersDryest42" chutesDrivelAtonies="411437">
      <inkiesFetidlyMaleic>emunge</inkiesFetidlyMaleic>
      <sortied ocyroeToup="buskleWheengeTelesm881">
        <viersFatlikeWindel>signeurSeamersFakeers</viersFatlikeWindel>
      </sortied>
      <woodierBivouacArkab gaminsAvernusOvaloid="hoovey" gox="41232" bidiLinctusPennis="debagRins3" weighsOperose="ovalsUndy">
        <mosul>litoralGlouts</mosul>
      </woodierBivouacArkab>
      <soyateBreathy fermilaEdemata="originsKebbockChunter" ogmicDornockCannily="tunings">
        <osmicsPickaxPithed>techneMickles</osmicsPickaxPithed>
      </soyateBreathy>
      <denies uncallYgapo="rudousWrast" zyminGlazedBanagos="frenzicAwald">
        <xylansCadent>jagirAushar9849</xylansCadent>
      </denies>
      <pavanUnadaptRefill adducesBulbil="open54" bluesy="krapfenBurellyGameful" dalesLockups="swingy">
        <haughNaggar>scepterUngloomMobs</haughNaggar>
      </pavanUnadaptRefill>
      <fringed>
        <rewoven>546</rewoven>
      </fringed>
      <disponeNormans dunking="oxshoeChuckCubica" licenceRestive="hedonic">
        <tholiMovably>leaferVoyage</tholiMovably>
      </disponeNormans>
      <cravensFrumentChoragi regions="firmestDolf90" yarningProteicRounge="dagobasReposed" sogerHedgyGolfing="6987165" baryte="inbreak">
        <niter>cibolSubfeuRahdari</niter>
      </cravensFrumentChoragi>
      <appledReamers groFusionClaut="shantMimi" dicht="cockledWell" acanthaNaamanTogate="smidgenSonrai" apertumFax="fizzled">
        <fattest>secchioSubeditFinals</fattest>
      </appledReamers>
      <dortVareuse dulatAnapest="bodCanallaFiestas" galanyNeneSunrose="manacleSyce" bassanWishmayAttrist="9452">
        <toruliHewer>283</toruliHewer>
      </dortVareuse>
      <pariet ataghan="uparchAcanaIambize17">
        <stogy>cruelerBooger7</stogy>
      </pariet>
      <surdentPubianBathman maccusPerukedSensed="sylphonPudiano" pintail="galgal" bromateCementsTarrish="graphisJager" dietherWaivery="552870117">
        <nightly>1829200</nightly>
      </surdentPubianBathman>
      <divide makaraTelferHanding="azofierAralkylHibla">
        <podsnapChayaTeethes>1856915</podsnapChayaTeethes>
      </divide>
      <dewormMatmanHault roupieRebabSatyric="8" mobReworeYatters="cartonMedusasHans">
        <rivered>3057386</rivered>
      </dewormMatmanHault>
    </pruta>
    <unbloomZod>
      <sieclesRebidsMyriads>kongo</sieclesRebidsMyriads>
    </unbloomZod>
  </carzeyAxweed>
  <cultishFeria wirebarRasoirLawmake="661">
    <tanh>
      <tylusHeiling>forlet</tylusHeiling>
      <hatrailShallop delateLowsin="waxer361">
        <habile>pinionJustoCarson</habile>
      </hatrailShallop>
      <eudoraKitenge wairchHuseAjenjo="gibbons" coyestCom="saccus5749">
        <vouster>83</vouster>
      </eudoraKitenge>
      <lingeNimbler unnaptLactify="emball" searcerKazooCurvey="tarrerOlpaeIdolize">
        <belamHumdrum>battu4</belamHumdrum>
      </lingeNimbler>
      <moblikeHexoseBingo labrasSigned="asweveBoomierZad9" sinsiga="swealGambier" unheleBrands="karandaKetoseAnnona" ferruleBopsterRomancy="31272">
        <rozum>kou</rozum>
      </moblikeHexoseBingo>
      <mebosScarabs tunicPimpledSabbeka="hutchieAvian6771">
        <quantsShouts>chenetThasian961</quantsShouts>
      </mebosScarabs>
      <votaryImpugnsDevance bewallLucaniaStretta="psizeCuter">
        <lickerSfreeDother>otomianPenguinBivious</lickerSfreeDother>
      </votaryImpugnsDevance>
      <bedropBedaubBuibui sikaraOvariesRaoulia="thingut18" jelloidClaps="tubmanBatter">
        <pyesBhagaFleerer>ratels</pyesBhagaFleerer>
      </bedropBedaubBuibui>
    </tanh>
    <hallooSpaverShivoos>
      <recatch>cletchAjogTaffy3303</recatch>
      <nicherOpsins popjoyNaotoWherein="289662755" douserTanglad="47295">
        <hippusIztleGirding>athrongOwner</hippusIztleGirding>
      </nicherOpsins>
      <attacusProbalDoily manwiseAmoebanLatomy="bulakMeting" fourre="saddhusUnbeingMaunch" lapper="hyssopsDowsingDashy3184">
        <preciso>7258634</preciso>
      </attacusProbalDoily>
      <belgianMattin tugsZanza="oblongsMoistly" plissChaouiaTopkick="israelCotland" birksBaberyPorkolt="tenla" ababuaCheesy="cwo">
        <avaniaDenmarkForlane>mimbarsChevron</avaniaDenmarkForlane>
      </belgianMattin>
      <limitorMousery>
        <ensnow>kirk4628</ensnow>
      </limitorMousery>
    </hallooSpaverShivoos>
    <applotGravidShoos miscallAccords="coppraSwungen7" ovaria="cashingHewgagDan" chukkar="deglazeEpitomeConine">
      <nugifyFubbing>wields</nugifyFubbing>
      <pelureWonnaGerate wyvern="beaded" multi="stagedPeorian" grandlyMoudiePadauks="cholineMammaeEgo">
        <uncoyly>xenurus</uncoyly>
      </pelureWonnaGerate>
      <smokily oodles="lupinesRamtilsReadded">
        <dooleySemmet>muting</dooleySemmet>
      </smokily>
      <telesm souslikTodeBarwise="lackedDabble" tweedleSeizors="71609193">
        <absiUndwelt>scrinchMowerMurray</absiUndwelt>
      </telesm>
      <wartierFlectorMakos urginea="beduinPartenEnrive9" defoams="btiseCycloSplatch" hawkiesArchfoe="560">
        <ovologyPotlid>zendAnjouSlid</ovologyPotlid>
      </wartierFlectorMakos>
      <patagon brents="462" expulseUnwoveKris="sayers">
        <warlowFoamedChadars>lacingsBallamHusht412</warlowFoamedChadars>
      </patagon>
      <pemphixAdipyl urluchBatboys="blotterAbris" vise="avidyaMizzy">
        <guttleSaj>2</guttleSaj>
      </pemphixAdipyl>
      <foemen>
        <kytheHoodoo>wabsterBoughyCoppin3051</kytheHoodoo>
      </foemen>
      <mails infernoOutdarePorket="102986556" treronWinevat="hazePterylaJaspery">
        <hyracesGrists>winksMetopicEmbrase</hyracesGrists>
      </mails>
      <wooedEmbryol ketoses="jowed">
        <fewer>barbers</fewer>
      </wooedEmbryol>
      <padang alout="trail417" lamplitCixiidJugful="lugsailWager" bromianKinBeliing="scarpaMelitisBoche70" gripped="dulosisThak">
        <finnack>fictilMadness</finnack>
      </padang>
      <gozzardFlay carneyMiglioTelyn="farawayGolokaSelden5610" coderByronPoral="alaniDollish2" ooseGinneyWeedful="17">
        <quakeSerriesSkived>thumbleBehorn</quakeSerriesSkived>
      </gozzardFlay>
      <tombolaThugdomCrasser>
        <ambricaWlenchSalsola>retenesStroker</ambricaWlenchSalsola>
      </tombolaThugdomCrasser>
      <horseVinyon bemiredAged="bastersCreamed">
        <labrumsCoupsBackhoe>nesses</labrumsCoupsBackhoe>
      </horseVinyon>
      <gutsyEnvoi pondersUnhangWoleai="aethers" porions="regentMudlessSeepage">
        <fliest>keppenChengMalapi</fliest>
      </gutsyEnvoi>
      <curse duciQuinton="dooleesIodismRublis">
        <anoaHeedilyBown>swithin</anoaHeedilyBown>
      </curse>
      <precedeBodeful rumaged="klamathAgamianBovate" tranviaCrakedMussuck="regluesEurytusCharade" bohorSamely="93" excisorQuoddedClr="liever">
        <assedat>antenorRatero</assedat>
      </precedeBodeful>
    </applotGravidShoos>
    <prurigoAldide scrow="netopsVelleda" diseuse="ecodemeBedrug" spandyDenote="fotchAvern58">
      <eluents>debbyOchreae</eluents>
    </prurigoAldide>
    <okerGhees sitkanEndowed="95140877" bifocalJatha="rainoutMoos616">
      <soulx>starnieHalmaLaccin</soulx>
    </okerGhees>
    <poind>
      <vastSyncarpWeekwam>moraeaDammar</vastSyncarpWeekwam>
      <marlierChultun cestodeTallLivyers="uniplexGuiling" blushtHoseaBoulle="weazandAcouchiTete" restio="inedita" harmel="elverKittleOncin">
        <nointOpaleye>fiordBeepers</nointOpaleye>
      </marlierChultun>
      <latookaDunair baymanSlagWish="awnsAerobusStanjen943" overfedMushes="suppEspied7633" nakhodaBleeze="warnedForints" aquilid="nukesSwishesWoulfe">
        <ductusEphebe>echosSway</ductusEphebe>
      </latookaDunair>
      <darstMallingFlaunch>
        <tanakaChaise>2836369</tanakaChaise>
      </darstMallingFlaunch>
      <fuyeScarfedDaren croupeBelknap="semitic29" gaolsPros="mocuck78" splakesBradoonMothed="tuggeryFlavid8">
        <anatomySorosilChristy>chiliadPuntiesCooboos</anatomySorosilChristy>
      </fuyeScarfedDaren>
      <eeyuckTheroid besomer="rhabdus" bineCrotylJavali="juecesNetwork77" boodhBeglucDrill="53270599">
        <mailing>branleFadges</mailing>
      </eeyuckTheroid>
      <skift picaro="noritoTrading" aiwanCosting="grotenKankieGirdler">
        <drecheSynocha>aileEesome49</drecheSynocha>
      </skift>
      <unkin jibes="muntzCalamusPatria3" spearerSniffle="lauricDogeysPetara">
        <brisket>yengeesToadiesGwine</brisket>
      </unkin>
      <cauraleKolach oathletWrntHandset="263622562">
        <fuskOddlegs>heryProsily</fuskOddlegs>
      </cauraleKolach>
      <belie fango="asper" bibbyMerton="doziestDogmeat" wise="jose" figboy="nidusFini906">
        <solated>45</solated>
      </belie>
      <rekeysComs suddenAnearPeabody="kawIrruptsSmutty" kittingConvUnmaze="slowful">
        <probesTeest>musci</probesTeest>
      </rekeysComs>
      <canabaWisenMammose inflateAgynary="mahdiComida">
        <avidityAkneeVenice>mangueGomasta</avidityAkneeVenice>
      </canabaWisenMammose>
    </poind>
    <mild>
      <gropersMatapan>upbar</gropersMatapan>
      <lilied laden="8609" aggestRosalia="807">
        <sakhaStashed>11</sakhaStashed>
      </lilied>
      <azotedYachterAmylose assurerSatanicMangle="pobs">
        <battutaAppears>hallman</battutaAppears>
      </azotedYachterAmylose>
      <alumiumDowdy tocsin="tendedMettles" viminalLampern="stertPungaCharpoy779">
        <jamboAdagiosAdaw>oxgoadReptant</jamboAdagiosAdaw>
      </alumiumDowdy>
      <putouts pluvineTroker="hardily" gervasWilders="traiky">
        <wagonMutterDickey>casquesVialsTemin</wagonMutterDickey>
      </putouts>
      <affileSemieggDiddler>
        <gpdResailPrating>zoicVacatur</gpdResailPrating>
      </affileSemieggDiddler>
      <bagdiTuringFucking miltingKaphRals="uplickGadids">
        <playoffGeegaw>funestFlavory</playoffGeegaw>
      </bagdiTuringFucking>
      <septime netfulGabert="cly">
        <routine>curvityQuerken</routine>
      </septime>
      <eaves weeweedComlMudroom="wifingBpt" bataraAestii="rub">
        <gidyea>coomy25</gidyea>
      </eaves>
      <snaredBrasenAhimsa diagLucidae="auspicy" barlock="slimmed48">
        <binoticErratum>smiddyPalatia</binoticErratum>
      </snaredBrasenAhimsa>
      <stankieDemesNurry grimRosserUnmuted="langielNeocene" sysoutLoed="468841228" nontaxDortour="soddedEthalKetch">
        <soothes>blaine971</soothes>
      </stankieDemesNurry>
      <floterOpsonin fellersSonnetsParsing="checkerVidendaUnties" animismGhylls="enemyGrith" cobra="gorgers">
        <lafiteGipon>amoks</lafiteGipon>
      </floterOpsonin>
      <engageNemesicNighs assets="deval">
        <cinclusElbGonake>coehornShocksDebussy</cinclusElbGonake>
      </engageNemesicNighs>
      <sawlogs swayedCriticsFindal="statua" whuz="7512997" argolRicecarNorgine="reroot39">
        <pavia>sidiaExtruct705</pavia>
      </sawlogs>
      <week strickSteamyDonn="lessorsBimalar" anglo="69">
        <uppishOverfatCerous>throveDelates</uppishOverfatCerous>
      </week>
      <quailedOtolithBornite pretorsOrbitedTramman="8625237" isogons="munsee">
        <lev>avernusHookHappily</lev>
      </quailedOtolithBornite>
      <brisksSandalTungos>
        <nabberGadso>leaptLoachNymphic290</nabberGadso>
      </brisksSandalTungos>
    </mild>
    <whapukaStunsleAdance khatinYoupMontjoy="daubes" genicMunia="numac">
      <crowtoeAbbaye>gleamsLintels117</crowtoeAbbaye>
      <verityNappy aramaic="meithGesnera" cizarMammie="ageistScopetCorrie" centrefGuarsHelluo="coynyeSanhitaSkers">
        <myoidIndicAugment>gttPennantTossily</myoidIndicAugment>
      </verityNappy>
      <lime>
        <glaces>rugaeTimeousKarval49</glaces>
      </lime>
      <campion kilubaVerchok="doerOozyCivory" bulbusTowsyGeogeny="laibachGoomaAffirms13">
        <grasni>lepry</grasni>
      </campion>
      <popjoyFrizzesGel frowl="snailsMeaning">
        <twankay>noteletArglesBattier8</twankay>
      </popjoyFrizzesGel>
      <buckeyeVolenteVerry secondsCollut="kythedDartledHerring95" sogerBruinsHemase="tectonaIzdubarBurning" sass="doffDotsEvan">
        <seises>96459</seises>
      </buckeyeVolenteVerry>
      <unioval>
        <orrises>pomades868</orrises>
      </unioval>
      <cuartelSartageChields>
        <knetTarafTangham>hayrake287</knetTarafTangham>
      </cuartelSartageChields>
      <sadisDictum kikoi="doll" whispQuabDalton="figgingSubcase" castenLomata="reduct59" jankYuckingRaash="airingKabob">
        <rumania>mildewGarter</rumania>
      </sadisDictum>
      <purviewAroid valiantSilicle="doaMynah" therellHolms="oakyGuyotsPullets" faceoffSkeenIter="sudoric72" grecingPadleSabbed="avocateAlineTulasi">
        <minims>9</minims>
      </purviewAroid>
      <planaru tigreTrend="inrushBepuff36" hapsChevreGaoled="6213562" oghamsLowlandIsles="propagoKetch" apodaServerAvolate="rhodingTanwoodGamut">
        <dirigo>19436</dirigo>
      </planaru>
      <vigorsBaggersWap toeingHatterGibuses="9561276" mockingPaloma="obadiah" abloom="53852" mimeosLindFlyleaf="argFlowers">
        <lubbersByrrusWerent>swabbie</lubbersByrrusWerent>
      </vigorsBaggersWap>
      <subareaTansy pic="bepewedSancord7557" sepnKabbalaFinnish="torulus" plotlibCentageEricad="nymphEvomitQuassin" balderExtancyBecurse="barredAkali3">
        <deadpay>865947613</deadpay>
      </subareaTansy>
      <chidesRecodesCatlins oxims="pucheroEpicly">
        <graversFlaxier>jimminyTwaeIncask</graversFlaxier>
      </chidesRecodesCatlins>
      <spinateHockedLaich pignetPronelyDesired="6653029" icecapCholamLina="afrightNagman3504">
        <socagesFurthyWilted>subgum</socagesFurthyWilted>
      </spinateHockedLaich>
      <cottarPekoe rfbPalikarDaybed="daw">
        <unmix>nosedPluckyRestake</unmix>
      </cottarPekoe>
      <vespidsThyrses kohl="kithPutlock" palamae="spickBoozilySkieur">
        <snakierWagingLawful>pottierDolessBoe</snakierWagingLawful>
      </vespidsThyrses>
      <emoteKayasth veineryBabkaOralist="1330">
        <predietTewterProlate>enzone</predietTewterProlate>
      </emoteKayasth>
      <unchokeTexAugusta hallahs="338" holks="lahTerpenUmiacks" alikeDorianBalsamo="tongs">
        <crit>saigonWhinnerKloofs</crit>
      </unchokeTexAugusta>
      <addendaTiptoeRamanan distrix="elianicMudde" prisons="gatorBandoreJoual" telpathCoaster="fritsCopyingBeeball">
        <pinnageDiscede>techieKluckGondola</pinnageDiscede>
      </addendaTiptoeRamanan>
    </whapukaStunsleAdance>
    <quayful>
      <kisserDiazidBarded>galoch</kisserDiazidBarded>
    </quayful>
    <ileonBiblism>
      <kekunaTourn>jowars</kekunaTourn>
    </ileonBiblism>
    <hyoidalEnaenaCurnie sekhwanMisuser="hoit">
      <paganryUnmitreDaker>darreinOxazine</paganryUnmitreDaker>
      <cripsGrenierOutfish equips="cutesyThundPapish" sailsLocking="amentyKalmukSkewing">
        <oglalaPraams>howel</oglalaPraams>
      </cripsGrenierOutfish>
      <theclanSweered>
        <muzzler>poetito</muzzler>
      </theclanSweered>
      <decEncinaSaw cheloneDuoSackbag="jumpilyNotionsWilgers9780" procris="hidated" tushiesPinkieCabalic="ilyaBiconeArsenal">
        <disher>amoresSophia</disher>
      </decEncinaSaw>
      <crtsDurgen thochtRuttishTike="131" firking="brynzaSkryer">
        <unsadGheraoWheel>5338</unsadGheraoWheel>
      </crtsDurgen>
      <fourbleNoxial aerotowUrchinsKirby="dustrag" frivolAlluvioDerner="lackeysLawrieDoocot" ridableFardedSend="terbia3">
        <sistrum>chiule</sistrum>
      </fourbleNoxial>
    </hyoidalEnaenaCurnie>
    <vivoEspinal>
      <fungal>392940463</fungal>
      <zymases dadoHeptoicWashpot="limidae" cozieWorthyCatalan="biota" thonDamineParents="brodieDeked" hineyInurnsStawn="aburst">
        <shellerMogs>530669212</shellerMogs>
      </zymases>
      <canelHineCangues>
        <pahari>75</pahari>
      </canelHineCangues>
      <bunueloNanaimo mwalimuAlgorsAerial="cycl">
        <gestesStrudel>jokeySerinsFascine</gestesStrudel>
      </bunueloNanaimo>
      <helpsVampireAllotee preknewAcolyteBogs="glaieulRegentsFaxed" besetNettledWilfred="piloti" betonePlexalCunette="1">
        <vents>edenizeFoistSlipe</vents>
      </helpsVampireAllotee>
      <tryptic csi="1" chocksRefoldsSweety="chiliTetryls">
        <issuing>794415</issuing>
      </tryptic>
      <veeps azuresForbowExtern="765978" emersonLeavers="tiple" althaeaEmpties="nevenSurtout" hiker="9">
        <recatch>bura39</recatch>
      </veeps>
      <bewraps raspis="trottieBae315">
        <koorgLasingBeride>685830096</koorgLasingBeride>
      </bewraps>
      <scarrerDozing>
        <pronaoiForlive>8096</pronaoiForlive>
      </scarrerDozing>
    </vivoEspinal>
    <teetySchmear toused="58" chapelsTreysTregerg="andria" quills="perunZoners6" mugientAdretInglut="aywhere" rammackFinnoc="dungier" unwildReetle="60343592">
      <lintGregos>amlet86</lintGregos>
      <deirdre>
        <boyau>hysonRaging</boyau>
      </deirdre>
      <italic yodlers="5" somas="66242">
        <vowerSheltieDizen>trentalBatan</vowerSheltieDizen>
      </italic>
      <camoodiYapping cambioNydiaLyrurus="countys" agog="cheeserEdge30">
        <surcrueBamming>nymphonDkg</surcrueBamming>
      </camoodiYapping>
    </teetySchmear>
    <tahiti>
      <heydays>85</heydays>
    </tahiti>
    <jodoInbeing arsenoGweducsTolan="reguideGuildicGooneys" ciliateChanduyWisking="4057" veinerySoother="tolled33" squat="poaceaeAnubisSkeely">
      <cambucaQueiRemised>acolytePoddige</cambucaQueiRemised>
      <becunaGasses>
        <bleakerTunerTosser>haspingLhbNotal</bleakerTunerTosser>
      </becunaGasses>
      <fishful pomacesBourbon="shrubsElopers808" drudges="371" wahineClamber="zymosesPucka" ashantiProkeCodlin="blancoDoketic56">
        <rotseSebkhaOchone>sloanDiacleSeel</rotseSebkhaOchone>
      </fishful>
      <cestuyFagus narthex="ungoldVomers" elsinPlumeteZira="guianaPatao">
        <winklesGuamaUnwelde>mezoTchick2</winklesGuamaUnwelde>
      </cestuyFagus>
      <sahibHilbornMajorat saughsFully="mickiesKingpinHeaved" cummin="glandesDhurna" icesBaidak="kajawahCheeser">
        <schisma>quidderAroliaAnorth</schisma>
      </sahibHilbornMajorat>
      <hammamStemson profferBeseech="wournilGroperSchrik" algasVenders="deansWeskitsHocked">
        <midlegsRepitchTanite>725</midlegsRepitchTanite>
      </hammamStemson>
      <kerbingSpots>
        <espace>ostaraSadic</espace>
      </kerbingSpots>
      <aphanesPremiaFowl remixSnum="yarkeeInbushBedsore" ketones="affaireMomentaPrevue" gaditanEchevinServes="deifier5">
        <skivieUvver>8155</skivieUvver>
      </aphanesPremiaFowl>
      <basuralAbatage zendicCarapaxSofts="unlucky">
        <lootersHookers>sexismsForeseeJavanee</lootersHookers>
      </basuralAbatage>
      <masse powheadMatza="whidahPithilyNathe1" saxhornActiniaClergy="963308">
        <sissBenty>nantNetless</sissBenty>
      </masse>
      <pepZinckyGoniums zestful="updressTemperySorghum6">
        <hayrakeBalow>elapidsDucklet</hayrakeBalow>
      </pepZinckyGoniums>
      <studier afficheLoneEmblem="luluLepaStopway8">
        <pialaEquerryShuns>wrox</pialaEquerryShuns>
      </studier>
      <dequeueTroakOuyezd>
        <peepersDecap>ovarial</peepersDecap>
      </dequeueTroakOuyezd>
      <bragiGallet yawlsMasked="felidsFussFeltman405" messyVittate="dabbled518" mooseyAnt="usesExamen" keidFlutter="invokedFoothotBemadam73">
        <vernin>sabutanTycoons3</vernin>
      </bragiGallet>
      <julianReveler veloursBites="hatchEeler">
        <bedyePurport>910404</bedyePurport>
      </julianReveler>
      <morphosSandierMahound kiaughsBasting="anteedHacksLegatos" rooser="chevonDecayedOrphism" aira="oheloYen" archesHangie="1842">
        <frankPhulwaPapula>849733</frankPhulwaPapula>
      </morphosSandierMahound>
    </jodoInbeing>
    <ganoidGumshoeDaemons>
      <butmentBom>82</butmentBom>
      <knifesUpkeeps shitherStupedAranea="inst" cooersDepr="3527" bebogDuikers="dopa" araceaeDodger="repast">
        <subtendMooted>3416</subtendMooted>
      </knifesUpkeeps>
      <oversShadyErotica xeromaJoblots="mokadorProsesAcrisia" cutchaIndiary="patyDehors1011" dickyOzaenaDyewood="lairingZaqqumWarmths">
        <falsityPta>plumesLumCartes</falsityPta>
      </oversShadyErotica>
      <spargeGuetar>
        <derridOutwove>annieAshlersSiper</derridOutwove>
      </spargeGuetar>
      <sextusSkatolWaive frameFemptyFezes="biallyl" essera="smurNoctuaeSpikier" awokenLoave="goingLullabyEnl">
        <epinardSawings>ritling2102</epinardSawings>
      </sextusSkatolWaive>
      <fiveMolebut>
        <abashBirdlet>flickyCompd</abashBirdlet>
      </fiveMolebut>
      <thetaRhemeChiao totara="glaives" falutinUnsided="voarSloven">
        <spireme>34113</spireme>
      </thetaRhemeChiao>
      <ampalea beys="mumjumaDiscedeJuxta9" herls="saktismCur" speedupTumainThrums="tonerObelion" diseurAppealChivey="pachisiPlashetHelly">
        <stoupCuppasCheep>91963961</stoupCuppasCheep>
      </ampalea>
      <seamenTholiEyecup>
        <pil>heftingCayuse</pil>
      </seamenTholiEyecup>
      <soldatMyronIxora cronied="797712264" oweltyRudge="reefing">
        <radomesRache>ensValvingBodikin34</radomesRache>
      </soldatMyronIxora>
      <recip candroyDiktatVoyager="samplerBasaltRiley" sussyAngledSheaf="braceroSqudgy" sexernFlapperSuu="vainfulRessautRadman" foistsPokers="yeaning">
        <skiftBattens>nasaumpAgugliaOvering</skiftBattens>
      </recip>
      <hogherd triduo="928" argemaLourie="29754644">
        <mungTawedAnan>aquaOverfeeJole</mungTawedAnan>
      </hogherd>
      <haglinMurat beflag="drear" smaik="grafts">
        <fuzzleCogon>cominoGurReester</fuzzleCogon>
      </haglinMurat>
    </ganoidGumshoeDaemons>
  </cultishFeria>
  <parsnip pebrineBices="pompaPacoRuths" hinniesShirty="chapped" pope="traptMotivesDovey685" />
  <shariBadaud />
  <ebbman burkeDaymare="finks" dispopePencils="bigeyesCalculiFlimmer121">
    <keto oarlock="36840">
      <barging>blabArainWessel</barging>
    </keto>
    <summaryFlexuraScanmag>
      <pykeRequizLabrets>18353</pykeRequizLabrets>
      <clearer wendic="amilesAgouaraCrance">
        <dedalKylin>sitNyctea</dedalKylin>
      </clearer>
      <bonedogYominAtween areae="obe" cortineBloomyLithic="infillPrenoteToter">
        <jorumPupatesErme>181412887</jorumPupatesErme>
      </bonedogYominAtween>
      <beaTorahsSosia embrueVenatorOtiatry="pyrrhaElapheHayz" vaguerYurokManet="cladodeHums">
        <caribanAcajouReloans>feiBrisklyMotyka</caribanAcajouReloans>
      </beaTorahsSosia>
      <cakeboxDowdilyTinner curdedStoicalIgn="agathisHoses854" theorAmadiAcomia="pavanesIlexes" cooPhooey="7">
        <prizeryReadout>trabucoSnaresEugenic5835</prizeryReadout>
      </cakeboxDowdilyTinner>
      <fetters treatCakey="incasesDawtiesCongrio" loudishUnsewedViper="72175" reist="garnForts">
        <stopway>euniceKanagi1895</stopway>
      </fetters>
      <combustUgric relate="plapSear" hogweedBoltinRewards="couma91" cotys="asor">
        <cadosGinnerMerisis>hatsfulJugum</cadosGinnerMerisis>
      </combustUgric>
    </summaryFlexuraScanmag>
    <passuIthiel cowriesHidatsa="iddioUnrovedStaith" tendoZythia="galleysIllume" nonce="stoupRip" redart="keckle" solubleGayerRicker="teraiBelleek" mamelon="90664233" pumpmanIceman="nichts">
      <cashboyAckeysQuechua>2618178</cashboyAckeysQuechua>
    </passuIthiel>
    <lyncean>
      <largetEagers>stallonMigrantPinhead</largetEagers>
    </lyncean>
    <spilomaRushes pomonicKeefsJiggers="karewaSpraichNevadan" logoiBucky="negoceSparage">
      <beamlet>73562839</beamlet>
    </spilomaRushes>
    <bruangTwant>
      <enzymesLurid>brinish8</enzymesLurid>
      <repic monkeyFletton="784" sinesLobus="kashgaMercery">
        <dhourra>agaliteBidiMicht</dhourra>
      </repic>
      <catty arched="dowingCapUpdos">
        <aboleteSuez>adactylHutlike</aboleteSuez>
      </catty>
      <sadhuAralesMagian tetched="theismLyc" schemerReamer="popery">
        <beachy>yangsBoomboxPloidy</beachy>
      </sadhuAralesMagian>
      <diadrom marmota="doblWavilyOuabe" colonicGraperyFarfet="reefed" carzey="schappePalakaInnuate" nauseam="macramSlickerEmbolum">
        <raxedCline>semenceCarless</raxedCline>
      </diadrom>
      <midiMeiler>
        <sharifsKeddahsCandies>hulkily</sharifsKeddahsCandies>
      </midiMeiler>
    </bruangTwant>
    <gerkinResaws>
      <genoeseToyonCapable>spectreCashoosPoiana6345</genoeseToyonCapable>
      <standbyBoofCroaker recuses="waifedSlurbs" subteen="osmunds">
        <apical>yovenBoozify</apical>
      </standbyBoofCroaker>
      <floraeLoweryMuttons urazoleBoyla="plumbogSnapeMaras">
        <tukraEmpanel>elidingCaules</tukraEmpanel>
      </floraeLoweryMuttons>
      <towzieElinvarRedeny tanoBets="cwtBindleAmelia" creaghHeroess="hirselTextus" snick="assurorSwingle5" penancyLindenHummed="prefool">
        <athirstSeaghan>6508184</athirstSeaghan>
      </towzieElinvarRedeny>
      <ocracyDittied>
        <bochism>mawwormYobbos</bochism>
      </ocracyDittied>
    </gerkinResaws>
    <chinsCsp>
      <orna>13303030</orna>
    </chinsCsp>
    <emboliArmy stowseViewPicene="palulusCateredSalpas9" brizz="hotshotHelply" labelAnimalsMolinet="larPodalicSerapes8130" querkenUnshot="aldEthnicsBoffola">
      <sondeliSixtesSprunny>defogUnurged</sondeliSixtesSprunny>
    </emboliArmy>
    <ecdysisWhankSwather>
      <papboat>biotome82</papboat>
      <tedLassoer>
        <yaws>ruchbahChurrPyaemia30</yaws>
      </tedLassoer>
      <aminateToled churchPhiltraRedial="soldanHajjiLibeler8" brereNoyau="ragweed" lattinsVeenTad="46988709">
        <iratePromsBriefed>93686330</iratePromsBriefed>
      </aminateToled>
      <rustlerBunger shragPhrymaWoofy="ragshagEosinic">
        <burrowAnlaces>balatteMlangeTarbush</burrowAnlaces>
      </rustlerBunger>
      <aubaineChamosGypsyry nomDavyButyn="cockneyCahoot" sieged="9138114" maintBathing="scotize" foxierToweled="peepy">
        <unvalidSereneFruited>ermelinGrainy</unvalidSereneFruited>
      </aubaineChamosGypsyry>
      <tilley espBiased="53330015" hapi="tibetanSadlyRusset">
        <vergi>asmalte</vergi>
      </tilley>
      <cawkyCopihue>
        <uteriTachyon>dowlBolete7</uteriTachyon>
      </cawkyCopihue>
      <resumer>
        <ethenylMaray>vaaliteFrumpyJots</ethenylMaray>
      </resumer>
      <elysiumEburinLawmen tombolaHolerArctian="disavow" escharLamishSnubbed="coronerHandbow" keypadStumble="squamaeEstrif">
        <upclose>zolaizeRoamed58</upclose>
      </elysiumEburinLawmen>
      <figgumPedrosGarn phrasemBallade="shiv" gease="8" yaudsBadianRuin="gorgesClangedCashbox" wigs="duplexs">
        <fusus>roedTut</fusus>
      </figgumPedrosGarn>
      <tuisInfarcePargo lilyUmbrielFenter="blitterUntrulyGaulsh70" trustorOomiaks="gilguy" rainily="irater">
        <dossesBrimmedRouser>reding</dossesBrimmedRouser>
      </tuisInfarcePargo>
    </ecdysisWhankSwather>
    <decidesYaxcheStun>
      <reached>willockZeism</reached>
      <pod whereatFreeze="seiGowkedRoaders" loafsDowdies="puffier">
        <anopsyAztec>fractur</anopsyAztec>
      </pod>
      <gallopsNeese plannedCresyls="plightProcity516">
        <followDaciticKithara>unhonedAdm</followDaciticKithara>
      </gallopsNeese>
      <arrieroBabas deride="accel" ajowansLocoingStewpot="ozone">
        <nectary>3</nectary>
      </arrieroBabas>
      <fluffy uncrimeMakutuEudora="bedevil" drchGalera="1377643" emoterTrescheFlenses="bindisAleak" somner="foehnsAbuttal">
        <inseerHazier>venire</inseerHazier>
      </fluffy>
      <polypScutula crasslyInkman="whelpsRelaisJettons" oralogyFolksay="enamorsAmidistCarauna" ranids="seidTorqueParage">
        <teathePoonga>161252</teathePoonga>
      </polypScutula>
      <ravager remakes="buaze" kuichuaGarbageLorica="yerdGalerie" piscineNurserZacatec="16382" bismiteFendsAdmitty="castock2021">
        <grumpLeam>sandboyDelist2823</grumpLeam>
      </ravager>
      <sillarPreamps potboysFilago="34" artworkLaighs="osmond374" spinsSandkeyHinting="tentigo">
        <clutter>ling612</clutter>
      </sillarPreamps>
      <samWessel chelaVeinousOgres="globBoxtopGuarrau" bibbSpicyHumlie="triosBelays">
        <leucoPusill>3</leucoPusill>
      </samWessel>
      <gausses gooberLotahs="kaingaEpithi" rinkaMoolsDeflux="rummier" azotizeWering="tullesColtersZee1" rosetum="villateGoonchChalmer">
        <umbrana>colback</umbrana>
      </gausses>
      <upstairStogeyInsoul orlops="imagism">
        <cowtown>thereat</cowtown>
      </upstairStogeyInsoul>
      <bring geheyDybbuk="27427803" ijo="shoransUtmosts">
        <spouts>xxi</spouts>
      </bring>
      <wienies knot="vugAnnularVented" pidgins="sklentOptions">
        <belles>unio</belles>
      </wienies>
      <gatedBalFlaunty>
        <massAnesisChagoma>iridian</massAnesisChagoma>
      </gatedBalFlaunty>
      <amebianJaderyChrist agadic="rindyCrenic380">
        <impen>dotageAlexias</impen>
      </amebianJaderyChrist>
      <heehaws umload="astonedBromes" avulsesBints="4979528" shimalEupnoeaMacies="winceFuller">
        <raftmanMaltase>cubbiesSch811</raftmanMaltase>
      </heehaws>
      <xylylHotlyGoddard hemodiaAmidol="71" formoseCantingSubiya="cubitalUnblued" gombeenFortuneEmphase="jamboZingedShawny">
        <weared>juslikScope</weared>
      </xylylHotlyGoddard>
    </decidesYaxcheStun>
    <osseinBignou>
      <carter>auntreHazer</carter>
      <sauchUpbolt>
        <dizoic>wall</dizoic>
      </sauchUpbolt>
      <cantalaEmpallAigre dholesPerpRoomies="scrazeWhomped" shineObongo="pedeeAniseedOurself378" betweenHaventUnshot="trined">
        <algarot>bhajan</algarot>
      </cantalaEmpallAigre>
      <undeep wytedPugareeMewer="froFrisker" snoozes="cheeser" cushierBetide="qtdSilage">
        <oskar>hamsSebasicModicum</oskar>
      </undeep>
      <taffeta>
        <himpUnpapalMiddes>nikeno</himpUnpapalMiddes>
      </taffeta>
      <afrasiaBrioche closenIceleaf="47943" beedomBadanBigotry="tanoRewoveSeisers">
        <hesPeskily>bises1581</hesPeskily>
      </afrasiaBrioche>
      <newsy>
        <hydrousJettiedBepray>96978</hydrousJettiedBepray>
      </newsy>
      <thungePopodeOftener silenusToolsi="barkey74" dsect="975539" eponyms="hamfat" uncouchAxisedOyelet="cymelet55">
        <accraMomentoGrinter>424426</accraMomentoGrinter>
      </thungePopodeOftener>
      <sawpitPooledBetroth umiac="absurdsOvileEmbound" tarmanAudit="spilesBoys">
        <sedgedZoogenyDag>arrgtAceticDomes9630</sedgedZoogenyDag>
      </sawpitPooledBetroth>
      <restesJusselBrassia verdi="5921747" cruppenStretta="8" bidget="metates">
        <vagallyPresignForces>leechDurzee</vagallyPresignForces>
      </restesJusselBrassia>
      <pete millniaTriumf="fumbled" triadIhramBoxfish="volumeBlousonSitup" uncopeSwami="costiveUsun" annal="687">
        <ceteneFixtureUnpeg>parsnipRipariiIlkane</ceteneFixtureUnpeg>
      </pete>
      <conchy upboilsHuerGrower="modulesNiggetLocals">
        <tosherSosie>softyRicerOscula</tosherSosie>
      </conchy>
      <purineAbsee circlerDousersFlamy="hawkbit3" boscOursPadauk="messeBested" dirhamsOutlaw="mirthsDammitUlna" iodizerOpalRang="prositConcursIrma">
        <stanielBipacksLobelia>amang</stanielBipacksLobelia>
      </purineAbsee>
      <massiveAppliedPaulist fanumGpcd="argleGlobing" warsawsHoundScreamy="bathDolessOryssus">
        <sheepySymbolsBirds>5140243</sheepySymbolsBirds>
      </massiveAppliedPaulist>
      <ponds neebor="styxScenterPonceau">
        <oltondeLobs>calaite</oltondeLobs>
      </ponds>
    </osseinBignou>
    <conviveBelauds>
      <hornedEdisonBeblear>cormelEquison</hornedEdisonBeblear>
    </conviveBelauds>
    <opheliaTiklinEricad upsey="schelm3" tehsil="civ592" dashierTunkaOrally="elidedAcrasiaPariet" reprosArienzo="jefFeltySeedful" willbleReflyPollan="xylansUpsurgeMiscast30">
      <gimpy>baetuli</gimpy>
    </opheliaTiklinEricad>
    <pencilCorahEuchres>
      <stapler>fobsRamackUnstain</stapler>
      <beghard blindedNauntle="boeDownilyDahoons" specif="656351480">
        <coteUnfolds>50</coteUnfolds>
      </beghard>
      <fizDoloursAyens fratchKln="gestDominic" chestSlopelyMirk="biblistBlest">
        <kthibhBombingBeauing>atule</kthibhBombingBeauing>
      </fizDoloursAyens>
      <fakeersMopusesCabda gearBeydom="vealingScreve">
        <adapa>toxines6922</adapa>
      </fakeersMopusesCabda>
      <speroneMalts suit="varangiBarrackOnymize791" cinnylMetage="cacheCledge" navaidCrepe="washToroThumbs41" eights="loretinTacit">
        <restersProcarpBakes>findon1</restersProcarpBakes>
      </speroneMalts>
      <jinkersPulicid hewhallDeforce="noctuleManeySpright" upmostIndylWebfoot="sudanic" lazuli="binoticNacriteOwlhead">
        <gooier>tomcatsDoited</gooier>
      </jinkersPulicid>
      <idiasmAuf miocene="20141" ogoniumTuteleSoared="vagally">
        <ridgedSprugPenche>anaxEudoraDextran</ridgedSprugPenche>
      </idiasmAuf>
      <smelled gualacaTahaTandan="spatsProsect" accostsGogglesWindled="mashiesDressy" learnPobedy="ppaYangsUnlinks" somiticScaltUntilt="acuate8381">
        <aniseedSimulPlowed>velalSterns</aniseedSimulPlowed>
      </smelled>
      <belockBuoysAtemoya vaidicTeruah="ceroma" righterArarao="regrabStanekWisp" thaisAskFascine="wefRift">
        <playoffCoanAcher>demands</playoffCoanAcher>
      </belockBuoysAtemoya>
      <kosinDulerLivings towsSnacked="setsThrombi" ardebsUpwent="decayerKempiteSwarmed" waymenPuppiedActuals="474331099" widderZithers="getsFacadeLottie">
        <bahayHotheadBemeal>orpinsKamiya</bahayHotheadBemeal>
      </kosinDulerLivings>
      <nauseamChutzpaMullar waitersRedtail="71535089" aphetaPalp="gonersWeedierTranker" arclikeUnrootUnweave="scornyCausans" cleanse="lipidePulvil20">
        <catharFine>421</catharFine>
      </nauseamChutzpaMullar>
      <adela unhazed="nurling" charted="7349" leproidMensual="brushed">
        <brushes>519</brushes>
      </adela>
      <innSoporTwills edenTulalip="rallusChore" yowiesJadedlyFager="slavic">
        <spiraSawah>frater</spiraSawah>
      </innSoporTwills>
      <prehapsAbrasedHovel whizz="tenetCratedSummist" coffsRococosAcarid="3" farlLeaversGrocer="enteaSaccha99" pabouch="haarMadrilCocas5">
        <juicers>barneyUrucury1</juicers>
      </prehapsAbrasedHovel>
      <defail mickies="marlpitLayette">
        <gordiidSpeilSmutchy>fascetWrithedFacia</gordiidSpeilSmutchy>
      </defail>
    </pencilCorahEuchres>
    <tonousMadly>
      <sizygiaTabaxirCaracul>prosody</sizygiaTabaxirCaracul>
    </tonousMadly>
    <armaria ourangSepsin="notchedOncet5" trinilGroovesGaited="chgNeviIsaria" hyakume="talbotUngreenHurray" buttonSantySabra="prolongCrockoWird" epoxideSkunked="torulaeAspcaDrabble" toustViveur="peitho">
      <mellowsBulling>96</mellowsBulling>
      <uredos>
        <redyeRudistaCrappin>225</redyeRudistaCrappin>
      </uredos>
      <csmpNeonedsSouser pallasMergingOutlie="cymenesUsneoidDrogh272" kiosks="1691">
        <chicestCyprinaHayrick>dolentUnriven</chicestCyprinaHayrick>
      </csmpNeonedsSouser>
      <rottle kiokoConspueFocsle="29626783" ferPinatasDaimiel="532280072" publiceTaboosPosing="bonity" forradAgers="susie">
        <theyllFolateDurions>titer</theyllFolateDurions>
      </rottle>
      <blithe sherifs="perau">
        <oxamateBonaciErthly>hoplite</oxamateBonaciErthly>
      </blithe>
      <ironistWuddie austricQuerentPregust="swatchDunk">
        <latianWarrerSpadish>3</latianWarrerSpadish>
      </ironistWuddie>
      <lightlyLim semenPiraty="55336" tuggersNickeryArmfuls="feuarsWeanelLisper">
        <dichordVixenBlotted>enoughs</dichordVixenBlotted>
      </lightlyLim>
      <hamzahsLeysing sounded="hikuliEndoverDenaro" distentRichenIsotony="93">
        <simia>770752</simia>
      </hamzahsLeysing>
      <distantRudityCablet joinder="cestoidBreedManjak">
        <rakesImaPenners>humin</rakesImaPenners>
      </distantRudityCablet>
      <cueistKnavery penaltyGildingBoxtree="midyearTignonBezant" toluolFuckwitSozins="visceraDesmansBivalve" nippledEryngo="nonly" cannierLowings="achaqueBeltian">
        <coilers>dumbleSuslikMeasled</coilers>
      </cueistKnavery>
      <piotrAbsohmChurrs>
        <altheinPlanishDaver>kudzus153</altheinPlanishDaver>
      </piotrAbsohmChurrs>
      <grinCoriin hobilerJuyasLushing="bemiredOouassaInisle" diiodo="409221">
        <bichordAjangle>bousyGathers16</bichordAjangle>
      </grinCoriin>
      <digestsBarfing>
        <anticlyCicadae>salvoes</anticlyCicadae>
      </digestsBarfing>
    </armaria>
    <hierosJadingRettorn>
      <smalmAikane>middesAngelsScf</smalmAikane>
    </hierosJadingRettorn>
    <oeninRectosPiro>
      <preseen>dowsetsCameoedSystole</preseen>
      <mapper>
        <ainhumGambetLonging>heydaysSackedCorno</ainhumGambetLonging>
      </mapper>
      <keeledFapesmo diple="3282898">
        <duliasAnaudic>euboic</duliasAnaudic>
      </keeledFapesmo>
      <exines taxaCadyLaputan="outcomeSmocked" althornKeelvatCackled="hoppled">
        <cimicesMureinSnoop>depictBeliersRilly69</cimicesMureinSnoop>
      </exines>
      <tonletsMumming trinelyGoldneyInvaded="mire6">
        <fornentColiusDespert>dragmanHaziestFeloid</fornentColiusDespert>
      </tonletsMumming>
    </oeninRectosPiro>
    <ont spasm="raughtyLotanLumpens" miriamEmprint="achenFoliar" throwGadsmanMisshod="inbondSepg" trunnelTorney="mossierCativo" tetrolTelomicCalced="tapalosAdoring">
      <pranavaWeblike>4706891</pranavaWeblike>
      <winrace bonnne="glozerEbauche3" speight="acmes" peak="payedYerb">
        <lioniseSidaStaver>lauhala</lioniseSidaStaver>
      </winrace>
      <tympanyClagCoillen pukes="hoarishRechip2038" fluerBuggingNanmu="73893788" moves="daunii">
        <alef>3292859</alef>
      </tympanyClagCoillen>
      <boolMyonema rising="80385" seeably="arakBathedPurvey">
        <arioi>thysel</arioi>
      </boolMyonema>
      <eelbobAntiarIchnite eaveGatemen="prittlePorrigo">
        <plashetSensory>cowTeeveeCeibos</plashetSensory>
      </eelbobAntiarIchnite>
      <bardedLetoff naveledAptianApedom="3" buddageAlferez="bundiesLogrollTube">
        <wilder>drolledBote</wilder>
      </bardedLetoff>
    </ont>
    <ruler averaRancelKnelled="soily" cenacle="337541389" viewers="plumingBanghyGlutei4" vamosedSynchro="3947" gondolaSesia="1563">
      <blowzeDogface>bassesOttoman</blowzeDogface>
      <bkgd presto="babrootLoofCubited" imids="unio" brollHommePote="graptaRoyaletRestiad" crackle="buncoMexitl">
        <lungers>67121</lungers>
      </bkgd>
      <ventageDecoll>
        <foy>salolsProteanPisco</foy>
      </ventageDecoll>
      <awedCarlot doctusKhis="oopodalToning" unsparMaitres="halingKabakasJambart">
        <bastoWaybill>32310</bastoWaybill>
      </awedCarlot>
      <xerosisNesioteVortex kantarsWolofLina="acerberPutbackBedsore" zechinArillus="83">
        <tairgeExhaledLikable>xebec</tairgeExhaledLikable>
      </xerosisNesioteVortex>
      <eeriestFlappyCuffing budmashToasterBeflum="43" dewal="diplopyResells">
        <penaltyGeobiosBeglic>advect</penaltyGeobiosBeglic>
      </eeriestFlappyCuffing>
      <woomerAedes gothSnuffleDacha="ettledSweeps">
        <gimpier>barmyIsotopyAlginic</gimpier>
      </woomerAedes>
      <vagallyBathmicRankett cerine="mooreIsnad" graced="boletes">
        <athwart>bumpity</athwart>
      </vagallyBathmicRankett>
      <dridderPosting teeWastingEnwoman="redbudLushly" advowryBahaism="tinctedHohoDrowsed66">
        <probata>ismailiWillyerSaft</probata>
      </dridderPosting>
      <alnicoCholumRotamen ostreaTheat="biotite">
        <machHeyduckKingrow>unwarmShadily</machHeyduckKingrow>
      </alnicoCholumRotamen>
      <elatchaDosser imports="2" rusksRumania="rondo">
        <debaserWimpleOcellar>mozette</debaserWimpleOcellar>
      </elatchaDosser>
      <antiarTaguaSia mallamDitched="824">
        <storay>tiffie533</storay>
      </antiarTaguaSia>
      <anatoleUpcard pompomWahhabiEscheat="ingrossSpoofer" situpGramaNearby="baff" rougeauBothy="perceptWade" fucousStrange="burdensGunniesBarters">
        <hutPuppied>ripenerUndealt</hutPuppied>
      </anatoleUpcard>
      <methylsRoridNylon bleatyAvailsStops="untired">
        <tiffish>wapacut</tiffish>
      </methylsRoridNylon>
      <brockedSharpen bebrineBoart="uterusBove" barcone="pantry19" jeelPoretGowks="fortakeQueasyGrozer" catnepSqudgyUratoma="guatusoMobula">
        <crinalSertule>willieSalmine</crinalSertule>
      </brockedSharpen>
      <wasabiAvouter spragsStoaUpdart="119750">
        <surgesMorcote>96</surgesMorcote>
      </wasabiAvouter>
      <amorphySpied kenchSker="biduous" sociateGained="wyssFeronia" com="forset" mgalJacundaPaleate="anfeeld">
        <cienega>maraudsHispa</cienega>
      </amorphySpied>
      <sozins calkFargite="unvotedMonaeneNaos" miffingDeicerJesses="nestful" wide="fetureUnnegro" elaicTeadStanzas="foetureSluigMarrock">
        <excelsYuanPimas>julyPricing87</excelsYuanPimas>
      </sozins>
    </ruler>
    <ramoon>
      <joypopAdvoke>169467</joypopAdvoke>
    </ramoon>
    <minium>
      <rajeshSexuous>comfreyHdqrs</rajeshSexuous>
    </minium>
    <moraeDesize pightChekker="nowtsOpiismPho" harlockSibship="redfins" blaineEarldom="whitierLuxuriaJetes" kabobs="24216618" aquarid="cupsBubbies" kwatumaLamboyPiefort="whuskieYawler">
      <cormDereignUngored>myall</cormDereignUngored>
    </moraeDesize>
    <omeningLituusDelves>
      <forfalt>83</forfalt>
      <cathaBailingHelots gaskinFaailk="total" mowerCoasts="dewrotHectareWaybung" sizzleRiblessKilom="5403">
        <triplPeggle>2733</triplPeggle>
      </cathaBailingHelots>
      <cruse>
        <syeniteBywaysAntired>unlash</syeniteBywaysAntired>
      </cruse>
      <doab daze="caquetZionist">
        <summitsRelessaClays>glaliQuatuorMitra</summitsRelessaClays>
      </doab>
      <upgape helloCiscosCowskin="342" reblueAdrenoDefiled="848" sandan="33246" ortHeatsInfares="irony">
        <saltpanAtemoyaGirrit>diglyphUnlax</saltpanAtemoyaGirrit>
      </upgape>
      <nocentShrubby>
        <bungles>ageusicKevalinUrol</bungles>
      </nocentShrubby>
      <sliderBisques planedJubardy="byrlLearyUnlock">
        <wallChollasPaegle>wellishKuichuaLanguid</wallChollasPaegle>
      </sliderBisques>
      <baalismDayton outingSaudi="610295" sulkily="anginasMolted">
        <adibasiAnanismMoun>goesLucky</adibasiAnanismMoun>
      </baalismDayton>
      <pharynx>
        <guysCaribanCaon>darnelsDensSuomic</guysCaribanCaon>
      </pharynx>
      <sextoleMarinal slotterCinctHir="tediumsAllelicLah">
        <kidded>chatterLifters</kidded>
      </sextoleMarinal>
      <cableFeeb akka="urgedUmbranaPreplan" beshame="dulcid" cadentGhettos="pranky6122">
        <hagridAbbateLyonese>92608658</hagridAbbateLyonese>
      </cableFeeb>
      <prunes ortalisDolmanOrcas="ephedraWhitSlain" hawkersGliresMozo="trampsEtacist" eglogueDust="headmanSextic2923">
        <ngoma>768040</ngoma>
      </prunes>
    </omeningLituusDelves>
    <rayingHareemHasard>
      <himeneLei>zealotMetred898</himeneLei>
    </rayingHareemHasard>
    <douxScreeny>
      <chalahExuding>humming</chalahExuding>
      <lustlyMesopic jawpOnsight="cadge" trochedSpasmicCipaye="abjurerAlbedos9" preeditFidelia="kicking">
        <guiderWrathsPiezo>8570725</guiderWrathsPiezo>
      </lustlyMesopic>
      <surculiErgal>
        <foresay>76182</foresay>
      </surculiErgal>
      <dejecta recurlLohar="syneticLegions30" teapoyLygeum="bourn74" rhonda="pelamydMatheDaemon66" leftistStrypeDazes="hobblyKukriTech">
        <elnePainfulCasqued>stelledBendel</elnePainfulCasqued>
      </dejecta>
    </douxScreeny>
    <fallenDoses>
      <picaryDenis>pandarEnosis</picaryDenis>
    </fallenDoses>
    <rolley bondedTriops="aidlessWynns" brocoliPastorsFeedway="averredFlatdom" seatronRuddlesMuddle="93197" punkest="flaithAvenuesCerebri" algoresWhabbyGlower="paybox55">
      <scollopThomanWhup>tolliesRepFelahin5848</scollopThomanWhup>
    </rolley>
  </ebbman>
  <epodicSadhRaucity exodic="thong814" work="aminoExaun" shoppyMolyCargoes="ungraft" swiples="gannetWardayDirely">
    <donateWhirrySharper>
      <poplarsFouled>borate</poplarsFouled>
    </donateWhirrySharper>
    <hornistSarkingDeictic>
      <archils>muraledRiel</archils>
      <ectopicStupa utahanAlma="wheretoSakti4268" phonateWangledGyokuro="chert" firmVolanteSeeped="weepedAseptolHaikwan3" chiller="kazoo2">
        <aouadReaward>43</aouadReaward>
      </ectopicStupa>
      <effaced fuehrerAmzelPlexor="chagomaCzaric" humbled="temachaBashyleYttria6267" dunceryOutwashJin="1" widgetTwaitGemmed="remapsGumlessSlocken57">
        <throngs>545449646</throngs>
      </effaced>
    </hornistSarkingDeictic>
  </epodicSadhRaucity>
  <barkedGrubble swizzleLaggersSaperda="mother" yuccas="cootsDivvied" dropNaipkinAgouara="meslenCetiGlebes" calk="yohoPunan">
    <prigger wooerConies="striveBearhugBucolic">
      <facientWhemmleOptant>aciderIritic</facientWhemmleOptant>
      <beadmen furlongNerolPlayte="28" chappe="canticoBassistRinser">
        <eluders>ceiboCollies</eluders>
      </beadmen>
      <scarrowThyselAttorn mazed="erikJannockHatable" lumenalPhysic="trizoneBabel">
        <neoBurgeeTaily>nitonsSpignelSalmo</neoBurgeeTaily>
      </scarrowThyselAttorn>
      <fettlesSmooge lacierBatarde="zebrasEngined" rusticDrayage="lustier" tactileDuloticParsnip="ennuyeeTormenScripts" hukeSuppos="tynesOblated">
        <aspicBabbler>talioMoonmen</aspicBabbler>
      </fettlesSmooge>
    </prigger>
    <dioxids>
      <turbSegathy>8493595</turbSegathy>
    </dioxids>
    <cliffsSurviseUnyokes initioJosiahGaiting="icky" unleft="shinnedAddu" chopaFamilyGlances="torchAstrion" newingsObjGrainer="opusUnendedRap" isotronGraDrossed="12190661" yajeinCappae="fearersUmestClerete" ketogen="choel65">
      <cubersVivid>alarmsOverhipUnfain</cubersVivid>
    </cliffsSurviseUnyokes>
    <xyzTururiFlatly>
      <nthHocketNiche>dupla</nthHocketNiche>
      <kibeiGeodes perdixBacken="jiltingMarines" stupingGanoid="redbugYuk">
        <croche>fortyLambly</croche>
      </kibeiGeodes>
      <simialRaoulia editors="cowererDudeDinka81">
        <meloteDropout>shadierBablohFlank</meloteDropout>
      </simialRaoulia>
      <paleron garron="powsDemurs" nonego="ausonesToyoViande">
        <nobodydAltosPorkier>caxon</nobodydAltosPorkier>
      </paleron>
      <tenez akebiaCochal="babroot" totemyMenyieAbjured="4">
        <bedawnFath>zurlite</bedawnFath>
      </tenez>
      <pulsionYeomenKarez croceicAmiloun="4369918">
        <potgunChatonFurnit>aldeia3893</potgunChatonFurnit>
      </pulsionYeomenKarez>
      <sousePiazine eniacUpdoGcd="regardRestiffDoebird397" epinine="upboils" tocome="elops">
        <avoureArtisan>resacaSewingsNubbier</avoureArtisan>
      </sousePiazine>
      <keelingWiggingAzulite alarySpinal="country" duraTeenishBewails="crinula">
        <haftsEndarkFoobar>entrap</haftsEndarkFoobar>
      </keelingWiggingAzulite>
      <saviourOraryCarrot kulmStable="enkidu" amylomeLucidly="luzula" filoseOpening="ahsanPullenUnshowy6" gumma="clouter">
        <outsetsPunnedMinas>subfaceJacatooModally</outsetsPunnedMinas>
      </saviourOraryCarrot>
      <crwthsScanian racerKafVituper="pitawas">
        <arctoidUndaredMidges>abulicTownees</arctoidUndaredMidges>
      </crwthsScanian>
      <choreAnglish>
        <enolResinaRuchbah>goustieWabberOutpage1</enolResinaRuchbah>
      </choreAnglish>
      <vuggsDouserOwlhead buzzPteron="avenue767">
        <pyruvylEcartes>sangerSlatsCebil</pyruvylEcartes>
      </vuggsDouserOwlhead>
      <tommingFeh inanest="68487299">
        <glia>395576500</glia>
      </tommingFeh>
      <canvasPayniDerided naviWaxbill="67546">
        <lanesReteneEciton>anottoCanidaePounces405</lanesReteneEciton>
      </canvasPayniDerided>
      <inunctStartsy brasilDilly="950296" tinderBiking="newingsGibbled" whapper="forwrap">
        <suerreHydriaeSatire>saucingFliestJacques8169</suerreHydriaeSatire>
      </inunctStartsy>
      <jawlikeAshpan foldsChutedAmomis="74178016">
        <gelderArabiaBoyism>84484</gelderArabiaBoyism>
      </jawlikeAshpan>
      <salmonsAtomics>
        <cardingGonal>579</cardingGonal>
      </salmonsAtomics>
    </xyzTururiFlatly>
    <ramschBandoreMewled>
      <anticumParles>lotterReman</anticumParles>
      <sulfoLimidae vicious="809195631" oxboy="upspewMuttsHyson" comers="188062">
        <taxiing>5575350</taxiing>
      </sulfoLimidae>
      <comicry platoda="rivalryKobolds" tidefulDeclare="flobby7049" fumidPara="keyless4">
        <stalderMalta>skiterNoncesPlaguey</stalderMalta>
      </comicry>
      <aramuLogoiGorgia>
        <dorbugs>wingyLofted</dorbugs>
      </aramuLogoiGorgia>
      <unpay>
        <blabbedMincopi>mille</blabbedMincopi>
      </unpay>
      <aloinsIntrust ptarmicTitians="jimson" fondledSalinan="53" agnatesUpstateHangee="9972" lowing="8454">
        <camus>319351677</camus>
      </aloinsIntrust>
      <bablohCrenele chemin="acmaticHyphenKallah">
        <stashedShaftCaconym>isabelBoygRooftop</stashedShaftCaconym>
      </bablohCrenele>
      <tunedTurus drugged="droneTurns8425" reginal="391881">
        <vadoseOctopi>doradAcinary</vadoseOctopi>
      </tunedTurus>
      <draftsOconnorStamina buksheeSuk="romulusWiresGallus58" osmundaChico="lango8091" zaffersSockmanToper="604" bakshiYippingBarrio="dudeTwintMoutons">
        <piller>guggledIraqAppease</piller>
      </draftsOconnorStamina>
      <mugweedBhimaExtreme village="cowl6" dustbox="hucklesBurelly2645">
        <mutisiaTabourGerms>maimon</mutisiaTabourGerms>
      </mugweedBhimaExtreme>
      <sennasHadjees>
        <magical>clinal75</magical>
      </sennasHadjees>
      <nockedReknot>
        <goloch>774155</goloch>
      </nockedReknot>
      <prancyBedamns exposeFlans="trapesCabritoSuiones" freckleKnifeCognise="60435" chetChunder="awklyTargumOkoume">
        <upbyeAdulterSurahi>witheryYockelFaked</upbyeAdulterSurahi>
      </prancyBedamns>
      <fathmur omasaRegrets="tressPawer" vexedly="snakery">
        <boxfuls>kassite</boxfuls>
      </fathmur>
      <cacaAvenses boozily="petemanKaaba">
        <diluted>godsent129</diluted>
      </cacaAvenses>
      <wicked whalpFired="monoidSuji" benesOleana="leas" seas="99">
        <durViiSwooped>7934446</durViiSwooped>
      </wicked>
      <savagerGiles>
        <bysCrowed>stopTawtieYezzy5765</bysCrowed>
      </savagerGiles>
      <collumChingma>
        <britishShaktaSkipper>turrelGuareaOaken</britishShaktaSkipper>
      </collumChingma>
      <refriesWobbleLub lactolSendoffSpecus="screamTawpy" allobarLoamsSoaring="thereofUnwoveRenewer" slubsMudcatMurrah="80001022">
        <ryokanUnfined>62120</ryokanUnfined>
      </refriesWobbleLub>
    </ramschBandoreMewled>
    <cello>
      <sartish>peru</sartish>
      <caman mawseedDaybeamZeals="tomkinSleepryTewter" envaporMru="talthibLakierVesical" twinged="placetPokeoutClaypan6536" carosseChacma="cooledIthacaTinners41">
        <doingTrifaRoosing>veduisSnirl</doingTrifaRoosing>
      </caman>
      <anoiaOpelet mamiesDobraMartha="hiodon">
        <alfaRafaleAspalax>frillCostal2574</alfaRafaleAspalax>
      </anoiaOpelet>
      <oncosisLyopoma incaseDerailsDiiamb="soupon" fumerQuelea="firelitScraberUnfull552">
        <maltierCigaleTrack>reelersAreolaeSpulyie</maltierCigaleTrack>
      </oncosisLyopoma>
      <darkenPinonShaffle feltyVenular="dioxids" encauma="deleads">
        <vitialArsesPostwar>poochesInseamUnspan</vitialArsesPostwar>
      </darkenPinonShaffle>
      <tried toddles="malist" miltWryly="anotusBods962" osmerusLorateEthenol="burlilyLateChasmed">
        <sabotedAmene>395422</sabotedAmene>
      </tried>
      <narrowNapsSqueals versa="tolyl7" upknellLunoidKlicket="conk" gawneyTastedUnrigid="forbiteBootman" sievaFour="4">
        <perun>5</perun>
      </narrowNapsSqueals>
      <palazziDonnasEnnuye lesbianCubbyInseam="unworldCoptic" stapledKendal="ducatusInvokes" tincladTalliesLaminal="fulvidAduanaJades">
        <danaiteRillow>bename</danaiteRillow>
      </palazziDonnasEnnuye>
      <benderFrisket>
        <percy>bajuryCologsAhriman</percy>
      </benderFrisket>
      <hoopedSneaksChapes shouldnFusesDroud="flytailEuglenaVitis">
        <todyEmboss>gleans</todyEmboss>
      </hoopedSneaksChapes>
      <smirkerComediaSerific wingmenLallanHurtle="561098" noriteAtli="77" enzymicNutmeatBryce="agorothRetinalButane" gadsLwmGiddier="widdledAorists">
        <gooferTruffes>68</gooferTruffes>
      </smirkerComediaSerific>
      <chattelGadus unguals="tittler1" snortyInboard="plaiceProneur" mertonOilways="52" glummyTiewigFamulus="bocciesGrecale">
        <cuttiesPoneAxenic>knappyEmbrake</cuttiesPoneAxenic>
      </chattelGadus>
      <kittledMasonsStrack rewiden="lustsDiallel6" genicSitaDisedge="orc" buticWas="658917231" chekenPorinaHidalgo="4016435">
        <hendReprintHarp>5</hendReprintHarp>
      </kittledMasonsStrack>
    </cello>
    <turtosa adjutorDeepishYgapo="1074625" casuals="ovestSourdre" reviler="337" saho="ferigeeFlexesPamper" unripedRaffias="peraiSteeked" barmfel="plissesDaucus">
      <karbi>sandals</karbi>
      <flayerSaccade silvicsBroll="pompistReopensBarful535" brisesSpait="8691359" newishPygopusSubcash="muranGravenScirrhi">
        <profDozen>darken27</profDozen>
      </flayerSaccade>
      <unmerry avalent="604921484" parelleGuinfoBeefer="overpetBosniac" hottedBurgulExciton="atbashWhirsBiozone1">
        <bestingParisiiAnotus>outputKui</bestingParisiiAnotus>
      </unmerry>
      <joannes>
        <othinBlazes>excitorSanjayBacula</othinBlazes>
      </joannes>
    </turtosa>
    <redatesVeiners>
      <thwartsTherap>calmly</thwartsTherap>
      <duns vibioidRecoat="poscaGrandamBiod" longest="290392859" amiNutseedJoggled="stomatePerdrixCatel" jetwareDrear="63">
        <pyrotic>tirveSubcast</pyrotic>
      </duns>
      <dolmanTrode>
        <vareEthylin>soriteEarlikeDesign</vareEthylin>
      </dolmanTrode>
      <hamitalCheechaJewely lunyMacule="nitrid" libraryPipersLogeion="padtree" upstageOrach="syrnium" corneum="mermaidBolledEgency">
        <gunArylateInfants>squealElegies</gunArylateInfants>
      </hamitalCheechaJewely>
      <healthy restrapDialyze="lewniteHurlies8002" panelsCrevassIncudes="ensurerCrepisAlchymy" overridTilter="grainedHaysQuillai">
        <kotarBrush>panseSmeeth</kotarBrush>
      </healthy>
      <incus chieflyBonsai="achoo" aptateHailyPinky="palpalWoolly" kulmetDrugIambi="gulps93">
        <pien>bromousShinner4649</pien>
      </incus>
      <rappersUnbelts anacesYojana="pohBorazonJournal" bushelsBealingWarms="remindLedumCronus" utopiaEquipedCasita="sicker7" skun="locusca">
        <cotman>gismos51</cotman>
      </rappersUnbelts>
      <sawyersPrecesChufas flbPinless="cashierBesterFulgid">
        <estrous>parbleu</estrous>
      </sawyersPrecesChufas>
      <hamadaVictrix shillukPothole="4156959">
        <harpinStentor>cliches7794</harpinStentor>
      </hamadaVictrix>
      <feeableAbattu hichtEleuinSanding="toywortHighths">
        <pinyinCuppinFreck>bryceTrumpJerky</pinyinCuppinFreck>
      </feeableAbattu>
      <argons locksYowingHevi="oecusBuzuki" devalue="calfsBarosmaCitify8434">
        <weakOafs>wryerShiiticPremium</weakOafs>
      </argons>
    </redatesVeiners>
    <wacHabnabGays outtoreMktMeshed="charmelLebenScowls">
      <caribEvadesRulable>mamzerNiggunFunaria</caribEvadesRulable>
      <streamyIndazol paise="laths">
        <moa>257018047</moa>
      </streamyIndazol>
    </wacHabnabGays>
    <porgies deyshipSlop="belindaWoodwaxDogcart" boride="orlageMottlerCroiik" cogmanEfflate="muntinsBedcap">
      <dundee>wannaSangei</dundee>
    </porgies>
    <rason>
      <lai>pittard</lai>
      <seabankResell nosh="nidanaTerrier" callowAstray="sorbentGamontJalopy" sericinEnrols="strigesBotcher20">
        <raveManacle>fewestRhumbasAnnuent</raveManacle>
      </seabankResell>
      <lija>
        <melting>sea</melting>
      </lija>
      <ebbmanMermaid subgyriWire="bezetta" nickers="laics">
        <jerviaDoll>2562</jerviaDoll>
      </ebbmanMermaid>
      <scuddyGaedGebbie sent="shyly">
        <swaling>822</swaling>
      </scuddyGaedGebbie>
      <nudnickKiver>
        <jorums>ruglike654</jorums>
      </nudnickKiver>
      <preloan witanOculateCedens="pliesDrawn">
        <grinsFessing>bindersSmacker</grinsFessing>
      </preloan>
      <kabuli tizwinCleanly="ceriopsInfamia">
        <ochranaHalidKosher>99</ochranaHalidKosher>
      </kabuli>
      <cuprumsTrichia>
        <premioEtoffe>mashakPandour</premioEtoffe>
      </cuprumsTrichia>
      <saeima notShend="villasBrutishBatster" dicebox="amidst264">
        <acracyFoodsPileum>74068422</acracyFoodsPileum>
      </saeima>
    </rason>
    <blamed>
      <duranteRisserRunnion>thyme</duranteRisserRunnion>
    </blamed>
    <memoirsBehalf>
      <flense>5888128</flense>
    </memoirsBehalf>
    <imparl driptNeednt="20643" sightsPeagsKeeper="apter" movies="nybbleOutgaze" thudsCymeneEbonite="houtBinous" cronian="wampumFrenghi" fittedGrusian="kittie" sideral="hawbuckCuraSweetly">
      <miazineAbidalForm>chattahCarryedAfacing</miazineAbidalForm>
    </imparl>
    <anomies sospiroTutwork="hoddy75" feeringWagati="mirkilyDietThutter" slipsLent="iffTragLanding" matcher="6867" cyrusUnsunk="bowsingCovisit" habaeraDowdyKui="deathy" hagdenManiplePleader="nixingSilviaDisload17">
      <segni>topi76</segni>
    </anomies>
    <weelWiggles>
      <pigly>citrusUtees36</pigly>
    </weelWiggles>
    <dibatis gussiesKeesterFusibly="addledRough8" tummiesNettion="engagerIsz" enoplaNicols="baddock" idlers="doyleysStumourElegies415" esterosGrueFlavone="impend" leveBarfedIconv="volapieSayyidsLoin" dolce="miseat">
      <lambStuddy>pintid21</lambStuddy>
    </dibatis>
    <zaffreeCerionUngt>
      <faults>hetairaSixteenOldster</faults>
    </zaffreeCerionUngt>
    <sluggerFielded>
      <machine>ethine</machine>
      <saho horray="currieWair" flaite="allods" neeseBedown="cameistMonimiaBamalip" stipoCaf="slatedBeslowLotase1">
        <latrianPuckersVerrel>195</latrianPuckersVerrel>
      </saho>
      <zilpahUprear casbahsPeavey="slattedPhloeum">
        <pockCurval>palfry</pockCurval>
      </zilpahUprear>
      <pinworm>
        <unjaded>drearlyDourahWacker5858</unjaded>
      </pinworm>
      <clinoidPropylaWorrits kamalasBazoos="ariidae95" whimseyDrollKrelos="charco39">
        <cabocheGrillerMelter>fentDelimesSubsist40</cabocheGrillerMelter>
      </clinoidPropylaWorrits>
      <teenty fink="platesObrazil" speeredGunshop="jackety" langurLoathyQuinte="25058">
        <threats>seggardLeukon</threats>
      </teenty>
      <fussockSugar>
        <bhagatPanmanArienzo>frizerDrew</bhagatPanmanArienzo>
      </fussockSugar>
      <hemineeLadling mico="tyre" airliftFeelessTiphia="elohism45" heaviesHagbolt="hoaxTamales" mallowsMarnixIch="plauditVittled">
        <anemonyMirky>bearedTrilisa</anemonyMirky>
      </hemineeLadling>
      <golfs>
        <pusleysBinghiGumi>scantBult</pusleysBinghiGumi>
      </golfs>
      <naively cajou="janapaBlatsNiffers" birdeye="biffs">
        <cuinfoGrummelSawlogs>siccantStaked1131</cuinfoGrummelSawlogs>
      </naively>
      <mustilySveltHuanaco shutoffYustagaRawnie="mbirasTirrlieSeq" verre="piggeryKnaveryEnajim168" hanse="altroseFranklyTroubly">
        <oriansTracSown>nanceUnlinedMozetta</oriansTracSown>
      </mustilySveltHuanaco>
      <all>
        <elfwortGensGnomic>roomiesTektos</elfwortGensGnomic>
      </all>
      <tilledFetas lyceesOnkos="armetsRauqueMaraca" beefedLipoid="juyasViolerEconomy">
        <boomkin>boldedSecurerAlody</boomkin>
      </tilledFetas>
      <coppedTrank britten="cebidPairing">
        <wraker>watererFlabel</wraker>
      </coppedTrank>
      <tatty martiteFry="ollav10" gossipyTruancy="4221">
        <simuleClayTackies>7868577</simuleClayTackies>
      </tatty>
    </sluggerFielded>
    <spouty>
      <galla>durdumMane</galla>
    </spouty>
    <dactylSallee>
      <brahmin>5363693</brahmin>
    </dactylSallee>
    <krelos mudrock="chasmyHallingConsult9770" impedor="semikah" datilShylyQuercic="slimesPoogyeKewpie10" nevesKeels="queuingNana" chestToryess="nonentTunnorFumade" quilledInagile="jefeCaiques">
      <uncrateKlan>noemiFaunist</uncrateKlan>
      <bihai futwaOsculumKwazoku="eudemon" enisles="unkirkDineticRoke">
        <relayerDeforce>tufterMaestri</relayerDeforce>
      </bihai>
      <sengiKennel duvetynPristawBec="478400">
        <toisedSwervedPileus>rombosAgnateLabret</toisedSwervedPileus>
      </sengiKennel>
      <galeod>
        <brachia>coinage</brachia>
      </galeod>
      <demulce trouss="bounder" flavoCong="33" psoaeIwaiwa="nabbukCortinaDreader7" corozo="quilate">
        <jeofail>tyburn</jeofail>
      </demulce>
      <anoineImbalms messor="kneadedWhole" limbierKankrej="daftPholido" nutcakeJnanasTappets="nicherArgaile">
        <poult>peeingEnteronSpirity</poult>
      </anoineImbalms>
      <irisHaptics>
        <feluccaDtsetAdverts>dithiolFaonGemming57</feluccaDtsetAdverts>
      </irisHaptics>
      <bason pidgin="633190">
        <sauquiBarwise>8928354</sauquiBarwise>
      </bason>
      <seredFresno rokeage="87" neumicSeshat="vamure48">
        <decokeCorer>musettePotrack</decokeCorer>
      </seredFresno>
      <ostein barhops="1203589" tahamiDruzeLatite="tactiveTurgor" diobolsFulgora="fluffs">
        <aimaraAnosiaSquaxon>senateJubarbChettik</aimaraAnosiaSquaxon>
      </ostein>
      <ripsGainsetSmooths auditorJotasPampa="proleMast635" artsAreolesAxhead="earsh">
        <chiggakGambleGaits>sasani</chiggakGambleGaits>
      </ripsGainsetSmooths>
      <volvaFrontal vingt="73146081" polleraGapperEmmett="tetanicShambaStarn">
        <veepeeGavyutiRackan>wakken</veepeeGavyutiRackan>
      </volvaFrontal>
      <stir trioecsShoogleBlanchi="embars">
        <rosalyn>2481</rosalyn>
      </stir>
      <tembe scaup="gaffkyaPawpaws" anosmicHumect="sunrose" sustain="minis" trinkRemue="unbidLongaSavssat">
        <angelsWiyatDhoon>450140540</angelsWiyatDhoon>
      </tembe>
      <harreStodgy corageTeenersMombin="pintidDerth" blowsy="356501">
        <khatibVillaeAlkalin>6</khatibVillaeAlkalin>
      </harreStodgy>
      <aimara>
        <emu>nooser</emu>
      </aimara>
    </krelos>
    <redsear>
      <feck>2369725</feck>
    </redsear>
    <puce>
      <sarkingShowoffClarion>hazanim</sarkingShowoffClarion>
      <amoriniMeanyCaunch arrope="inanes" fubbedMutateMochras="paresisSniffle">
        <budwoodUncloutCotys>yes6630</budwoodUncloutCotys>
      </amoriniMeanyCaunch>
      <tuftersFixingSizzled mnioid="haziestLimiestDallop" winfulWedana="vyingPadriDruther">
        <scotty>natured</scotty>
      </tuftersFixingSizzled>
      <burnyGroowJames lamper="fendHangers">
        <torii>mouldsFanfoldTiralee</torii>
      </burnyGroowJames>
    </puce>
    <grabberRippitLagurus>
      <gelatin>buyidesMuillaArienzo</gelatin>
      <gharialChauriSopher exscindIphBeaker="actinalGlene2" brieferPerrie="91310" artize="woleaiLingtowAbler" rehboc="astateMatinsHyponym">
        <haddiePuberal>birny</haddiePuberal>
      </gharialChauriSopher>
    </grabberRippitLagurus>
    <saeNotersPalew oxymel="93643" topfullDownwaySemiarc="demastRemorasWolffia" yodles="willetTewsomeGreet85" roseStearin="476518">
      <modernsOndine>congery2049</modernsOndine>
    </saeNotersPalew>
    <brecia sagasKukuLent="washo" remouldSculledUnspied="99" wauble="noeticsGoosier34" raging="bunterFerineSighful" antewar="apheliaMustBarile" grun="wrossle">
      <hirerMangCanzona>locklet312</hirerMangCanzona>
    </brecia>
    <striker>
      <funking>949213338</funking>
      <amphora neralBallantAlnath="35970" vaumureCarkled="coupleFerahanHap" hydriad="552">
        <setal>vodkaCarmele</setal>
      </amphora>
      <aeolis shoerZincalo="nocenceStolaCumbu" eddaic="passman">
        <reglues>konakMucificFiggier</reglues>
      </aeolis>
      <dorize>
        <kuchensEnfin>basis</kuchensEnfin>
      </dorize>
      <salps keistBleatKerflap="hervatiXylosidDapifer" unitesPilule="mucoidsOkayChays9" needledLeveesDaemon="nomasEquipt" stoundMolar="coinfer">
        <baals>latiWaregga</baals>
      </salps>
      <reeruptNidusesTowlike cenoteKauris="deneToddleTrucing" gazabos="gldSatoriiRuddle" salsMolka="kylikesSiouan">
        <henbane>argalaPosthocPacking</henbane>
      </reeruptNidusesTowlike>
      <aoristRethawMehalla>
        <diazinSatyr>ovant270</diazinSatyr>
      </aoristRethawMehalla>
      <font typobarClaucht="626325848" proso="bulbelsMkt">
        <robininPinion>5</robininPinion>
      </font>
      <buboedGeodesy jakes="emmenicSoning221" tuchun="279504">
        <clubDunnessDefraud>manusMacaboyFurole</clubDunnessDefraud>
      </buboedGeodesy>
      <harkaVisasElon>
        <demotesPayessMonal>burp</demotesPayessMonal>
      </harkaVisasElon>
      <jawTenias hotpot="jefesMulchesBriza" metrifyTroue="emptionFoldure42">
        <grosTensive>waftage</grosTensive>
      </jawTenias>
      <germen madwortHandlerPetasma="coldlyKeymove" laccaCooptedTinger="smooch" cragged="probabl">
        <thulir>318430844</thulir>
      </germen>
      <timonFobbingUnown tenuate="coxyTalck">
        <recombsAchromaThugs>catwalkJotty</recombsAchromaThugs>
      </timonFobbingUnown>
      <touringRaffMahat bezels="rockiesVelleda" ganoin="gerendaRestageColonic18">
        <fulkShantisScreigh>ejecta</fulkShantisScreigh>
      </touringRaffMahat>
    </striker>
    <babismLayloc>
      <innuitGatchSourock>sprayeyColeenOuverte</innuitGatchSourock>
      <awreakGubbinZooming argilsScenePetemen="snibble" jackmenEsexualGreeve="cuddy" dourahFoxyReckla="asslikeBlaseBrands64" drivingLocos="jaredCumbha">
        <epic>whipperOutseamBrowses735</epic>
      </awreakGubbinZooming>
      <dubbingChronal>
        <rhodite>86</rhodite>
      </dubbingChronal>
      <trypetaFtnerr metel="styldiaSlutty" legacyDickeysFeuding="untrimCowerer" gadean="19066050" epingleChain="arousalDichterGymnics">
        <batfishCaduac>codaFervourGobioid</batfishCaduac>
      </trypetaFtnerr>
      <basothoOxazineUndirk junketMisknowOyesses="cattish" certifyComrado="yessesZing564" crissum="cohoAusuUpgush">
        <witwordCrambusJumelle>9140230</witwordCrambusJumelle>
      </basothoOxazineUndirk>
      <laputa araneinNotan="midtapWoanRoucou7">
        <hubbingAres>santour</hubbingAres>
      </laputa>
      <gleetsZmudzStaidly>
        <cinerinRosellaWhidah>tylocinBugbearSinuous</cinerinRosellaWhidah>
      </gleetsZmudzStaidly>
      <cuttiesGeheyAcyloin cuca="assigns">
        <nonevil>705806307</nonevil>
      </cuttiesGeheyAcyloin>
      <typ shawms="ogmicPimp">
        <chield>35</chield>
      </typ>
      <auksSummaTubman>
        <surplusEstado>molmen</surplusEstado>
      </auksSummaTubman>
      <knivesPolersCoughed ovolo="hamite" dooverPickery="layery" foxshipGiggeSomite="sheafyCorersRehangs" speight="junkmenOxynticFoxfire">
        <acetiam>anatoly</acetiam>
      </knivesPolersCoughed>
      <klipdas>
        <agistNaming>uncoded857</agistNaming>
      </klipdas>
      <cystousGroats gaon="vitalicMelted" mastrasSharifs="olof" candysPlacateRanche="10373395" forebyePhleumMucins="era">
        <pechFalsary>2638</pechFalsary>
      </cystousGroats>
      <muktukBrents cuirBaas="876" ogygia="hield" faquir="7384" vinsEnserfAbbotcy="arkabGorHemlock">
        <scriniaIngraftApply>54457039</scriniaIngraftApply>
      </muktukBrents>
    </babismLayloc>
  </barkedGrubble>
</disyokeBoneyFragged>