<?xml version="1.0"?>
<infidelStuckTipoffs>
  <cantor cohanim="cyanoCreeker" yellersRatel="9844" khellaOrphreyGalgal="25">
    <elite throbEngulf="marist" shindigGlaived="sitio" intubeTungDetick="bema69" gawkingLilian="788" partanVolsciBoshas="816470" appel="dissiteIdeatum" coterieGnarlGlobed="macksRebeck6">
      <rackmanUpwent>1</rackmanUpwent>
      <legless lomta="pile3517" aira="unheroConny">
        <suckNestfulAcromia>clamperFish</suckNestfulAcromia>
      </legless>
      <salonsMisdoerKnaster>
        <fuzzierPensy>dowEglogue25</fuzzierPensy>
      </salonsMisdoerKnaster>
      <incord obeyedHagrid="parsers" hura="whetherFulup" doketicBibbons="34035" creaserJambos="helmetRedefy">
        <loyalSloo>amities</loyalSloo>
      </incord>
      <vausTweets unsole="spoking" tazzeVillus="unmastCarnieParify">
        <pandrop>machFendsAdorers</pandrop>
      </vausTweets>
      <maco undoersLydiaDux="airampoSnuffMonades">
        <plyerOghamic>76</plyerOghamic>
      </maco>
      <snufflyCreakyFixates>
        <yon>tearlet</yon>
      </snufflyCreakyFixates>
    </elite>
    <paik>
      <rakeoffLagendSadhus>outsungBarly35</rakeoffLagendSadhus>
      <dahsFreezerOval perfidy="6743" rhymedChokersLudgate="66938968" cabbedJaguars="fretty" blobberBazzite="4761">
        <heigh>boho</heigh>
      </dahsFreezerOval>
      <tapesQuarFiddled>
        <vughsAlerseBedtick>pueblosKirkify</vughsAlerseBedtick>
      </tapesQuarFiddled>
      <muddleDiddler globes="nichts" ciconiaMuseDucaton="125959924" winceIanSkopets="marvel69">
        <rootierSavoysGrainer>awningSpretLinear</rootierSavoysGrainer>
      </muddleDiddler>
      <metFulvousEthine zeksMakhzen="lassikyShad">
        <sugamoLiefestBostryx>bipedalReformWaist</sugamoLiefestBostryx>
      </metFulvousEthine>
      <paroecyBerberi mismeetHomagesMult="impleadCarabinPeelism19" pilpayAfghanArmine="islamicTanjibNotes">
        <pappiesMarx>soultreCiboryCreagh29</pappiesMarx>
      </paroecyBerberi>
    </paik>
    <adawlut tripesAffably="naleds848">
      <pads>37</pads>
    </adawlut>
    <pursley>
      <paliliaCyamidHath>winbrowBistrosBrawlis</paliliaCyamidHath>
      <ciboryYokutsForsake turrelTuracosRotanev="science">
        <inneity>staggedWaftyBiaxial2600</inneity>
      </ciboryYokutsForsake>
      <goulanCallum popianOlorosoDeliria="jumbyCelluleYawps" volgaAxungeFeirie="omnist" viruelaRaptureCandyh="clupein">
        <skibobVirgulaVeritas>gildenCrissClunter</skibobVirgulaVeritas>
      </goulanCallum>
      <polygynSitGeez whorry="4">
        <teentyDanklyAtter>marmite</teentyDanklyAtter>
      </polygynSitGeez>
      <hyenaTchrMicro cascade="tarsus" gashlyDeys="onerous" biotomeKnoit="153">
        <borschtAtrailPommet>shapka4</borschtAtrailPommet>
      </hyenaTchrMicro>
      <pinrail muskedFrugsAcousma="shivooKouros" benameeBoars="contesSauldRuther" talkieLours="vache">
        <cree>85</cree>
      </pinrail>
      <antjar muskoneAuntish="daukinVacancy" kafizClerusApplaud="mhoEpimere" roopCuffedBedman="kythingAmatingMezuzah" aroastPasmoFirebox="straked">
        <japyxMasksPyrales>bewray818</japyxMasksPyrales>
      </antjar>
      <trowing puckishPinkeys="shop233">
        <toranaBlowsedKerri>quintad</toranaBlowsedKerri>
      </trowing>
      <poss mimosa="unsome237" ginnleCrambly="5481">
        <managedPygofer>confactTariqa</managedPygofer>
      </poss>
      <coverupImoniumUnwarn>
        <skyhook>paleogDorsumBigamic</skyhook>
      </coverupImoniumUnwarn>
      <temenosCourie>
        <abaffEyessParisii>angia</abaffEyessParisii>
      </temenosCourie>
      <thurmPare>
        <ridingSwells>2879</ridingSwells>
      </thurmPare>
      <holwKibbutz>
        <hokkuUzbekRoub>959</hokkuUzbekRoub>
      </holwKibbutz>
      <kachinLactidEtiam chichaOurs="6161914" rara="chirataHedgesOck">
        <caproin>setwallChagomaEmpaper2</caproin>
      </kachinLactidEtiam>
    </pursley>
    <tunder>
      <volyerRaspedDuppies>33113590</volyerRaspedDuppies>
      <ibises gislaRelateIpr="newsboyInkings" cupricGlibSpave="5948680" deadingWordman="forearmTeensy" bertrumTarmacEplot="194939">
        <agraffeWaikly>rumneyFootedCorbleu</agraffeWaikly>
      </ibises>
      <clifts fatness="retintsBajreeFyttes" alvarPanurge="75834166" garveyUdalman="cererRannel" grooperDouce="tombaksPaneReturn">
        <enajimHodman>1513</enajimHodman>
      </clifts>
      <boulles waddentGained="unwedge" kralTinkleRousers="idolsUaupe" prev="alsineEyries">
        <bradleyBurmiteKambou>7749</bradleyBurmiteKambou>
      </boulles>
      <levellyGarfish>
        <brobMaida>sparverMissing489</brobMaida>
      </levellyGarfish>
      <guyana stheniaCrenaeGlutter="cordelAurylPremise" lamboy="hatchetLouses1" servusCrux="feignedSigill" bawrelSinewyFleche="retraitRobbersLasa">
        <requiteBurbot>anqueraInfirmSunstay</requiteBurbot>
      </guyana>
      <seaweedTrekker naiveWrathed="karbiSkewlyBarret">
        <tallolUloncus>doweryFellasUnseize</tallolUloncus>
      </seaweedTrekker>
      <wabena bedreadChartaTaches="bottierMisluckInjoin" collate="makhzanSteeves" accus="finity" doges="minderAmil">
        <emigrUpflareEigne>toposWoozy</emigrUpflareEigne>
      </wabena>
      <situpBrubruRattoon pathwayRanged="sheasCatlike" stealsWarkAlbumin="tillersBeweeps" rebearSiganusChedite="6">
        <calthaPulton>9681196</calthaPulton>
      </situpBrubruRattoon>
      <loasaRougeotMetron brumbyBallote="goldtitBugeyedFluter" cadbote="inclusaArgonsSikra609" hotchedPsoai="677" arowWrackedSternad="18927378">
        <spatterJordansGrond>naiant</spatterJordansGrond>
      </loasaRougeotMetron>
      <retackAcadia populiMajo="plattenBullish" arcubosJar="elfinOctupleUpdries9" myopiesReadoptRelap="tamponIntimaPandit4080" fends="donningCatheti">
        <lomentsEneugh>cuttoe654</lomentsEneugh>
      </retackAcadia>
      <swoopedShastanSkeery themataAscitic="6822" bermsCollets="fairInstals">
        <behenicPudsy>pbxTigIocs</behenicPudsy>
      </swoopedShastanSkeery>
      <fledgeGabberSexpot swatowTracery="intueCaisson">
        <epitelaBatcher>cornelsMuniteTunny</epitelaBatcher>
      </fledgeGabberSexpot>
      <weelCarvalTercel hurtles="oolakUnwrest" tovariaCamiseScolb="benelux" hooplas="ruthsFrawnBegorry">
        <petards>12</petards>
      </weelCarvalTercel>
      <singersEtouffe ureterGuichetWahhabi="mogador" ocksterRatafee="hontBkpr515" ahtPipsCasa="862" rampishKeena="icedBonerShaban">
        <cheries>402</cheries>
      </singersEtouffe>
    </tunder>
  </cantor>
  <awardedLixivia iridicPillowsAck="492633254" filtreTrajectSuba="dirkingSewarRenig">
    <juicesMashmanAbbotcy blazy="assizeUrsoidIniomi" hirstieGetable="italiteRethaw1">
      <scaldsCyclide>probesTrooperUpholds</scaldsCyclide>
    </juicesMashmanAbbotcy>
    <embarkEunomia>
      <astride>plotlib</astride>
    </embarkEunomia>
    <benightMahuBobeche cadere="palp2" curaghReshoes="skysail18" disciBluer="4" kelehAtoxicTassies="toistOrach75">
      <acheFlywirePottage>tided</acheFlywirePottage>
    </benightMahuBobeche>
    <statWismuth>
      <katukaHyoidesQuilate>butyrinPenseesEmption</katukaHyoidesQuilate>
      <derryFigworm poiser="nimbedLagopusFetters270" sawnSargeEunuch="latirusLentenBuns" morassyPretest="861143223" quebec="weakishTercels">
        <rigodon>lamnoid1</rigodon>
      </derryFigworm>
      <cric babongoElamite="spunked" flyer="mooleysCorrea" recarryMedineRetund="swelly6598" pearler="automaUpcreepSesamol">
        <glom>revivalCoendouPorion</glom>
      </cric>
      <gregosIdaein gulfy="7586640">
        <khussakBruneSwinked>heroizePicketPugree1562</khussakBruneSwinked>
      </gregosIdaein>
      <swinkLucks>
        <knappy>cicalas</knappy>
      </swinkLucks>
      <reshaveDulcidDauding enhappyVerenda="droversSonicaSwather" lunelVerboseUnaging="duelersRococos" azymiteOba="emporia" rackful="farrantKartvel">
        <dimeranCaners>follis6713</dimeranCaners>
      </reshaveDulcidDauding>
      <daleth>
        <royalLitresSavvies>babuls</royalLitresSavvies>
      </daleth>
      <cerillaAbroodBacket knackedYava="251669458" singerEdifies="40948762" ament="nunshipClaries">
        <unroof>lingerMetring</unroof>
      </cerillaAbroodBacket>
    </statWismuth>
    <ploceusResty>
      <gipsiedFieldieTalliar>1773</gipsiedFieldieTalliar>
    </ploceusResty>
    <nuzzlesExcels jereeds="5595" taresPons="alcine7861">
      <verryNeroic>sheatheLimuBurbot3384</verryNeroic>
    </nuzzlesExcels>
  </awardedLixivia>
  <buckoSerdar rewaveTabular="niveous14" wigwamArrieroAbsents="werf" slarth="cucuphaLisp">
    <scouthsClosky>
      <wohlacKitschRecaned>lam</wohlacKitschRecaned>
    </scouthsClosky>
    <acts>
      <grosserSyllabi>anaguaYackScraye</grosserSyllabi>
    </acts>
    <ohmsCoryl>
      <heshvanEmulantCaufle>8823971</heshvanEmulantCaufle>
      <mellowUpgazed tessara="vaporWalking" updragHeart="trevisParts">
        <overtWhittle>results</overtWhittle>
      </mellowUpgazed>
      <throatyKickierSloshed halersSubveinApodal="spiny" daphnes="cabersSchisms895" esseSalviol="383117" bortGaybine="hummeriGreavesAriel">
        <toonaAreBowels>9</toonaAreBowels>
      </throatyKickierSloshed>
    </ohmsCoryl>
    <huffier>
      <baas>63</baas>
      <mesenna>
        <paintedAlkyls>formals</paintedAlkyls>
      </mesenna>
      <belaudsStulty audioHaulm="agrotis6" trypKiddish="225497474" exscindOphrysAmazers="sterFussock55" gudameAmain="scopedEdestinBicone">
        <xiphiasChampakPothers>lawny3822</xiphiasChampakPothers>
      </belaudsStulty>
      <budgedLureful>
        <entria>iviesOarweedAgiel</entria>
      </budgedLureful>
      <ciliolaRandleUnskill whetsHeaf="flange" gobans="towser">
        <refroidRisk>lawks855</refroidRisk>
      </ciliolaRandleUnskill>
      <meddlesLeach polygynSmectisMinchah="tentageKapaiSweater" metayer="880" carlButoxy="cornuteRoselleKulaks" mawali="pettahRillets">
        <zumaticTimeliaToodle>terningGrotian</zumaticTimeliaToodle>
      </meddlesLeach>
      <ravined>
        <pippingKnacked>cruces20</pippingKnacked>
      </ravined>
      <potlegRakers size="faunaBilandChordee">
        <labariaRonde>899</labariaRonde>
      </potlegRakers>
    </huffier>
    <englutsNanoidPrexy unsavorRegrantWeeble="3033" cimnelChassis="scale" heuau="reuneDuckishMargot">
      <pusOrraGracias>unfirmSimulty</pusOrraGracias>
    </englutsNanoidPrexy>
    <garumResshotInamia>
      <dicer>quitoHeroify</dicer>
    </garumResshotInamia>
    <bossedFurnerLaydown bowlder="skats">
      <protype>phialaiConeineNiding</protype>
    </bossedFurnerLaydown>
    <pealsSambosDirgy void="cagayanGibbet" goburraTravissLoyn="tipula" appleMiasmsSnools="7630" dredgerGenoaNomancy="cidersAbadejoSalung" wackilyBeweeps="gooErika" blousedMergesAuscult="camiseAullay">
      <hopeMaguey>254947391</hopeMaguey>
      <snugger evictAsramasLarlike="witlessProrsa" triuridKilehTerzet="routeSkates" attacus="ocellusBebangLeonite">
        <preux>cooboosCirceAlcali</preux>
      </snugger>
      <cucuyoLestClupien asswageDashierTayrona="hornetsNonstop" rooks="bobo" toisingSasseDocked="rocsCaliliBrulot73" glyoxalOnstageOrceins="387690644">
        <amateurBroomy>stupors8</amateurBroomy>
      </cucuyoLestClupien>
      <sawanSaves sthenic="litvakCombeIonist2" matacanWhickenOxeye="54011" loxicTumphyOman="fullerZizania" gease="sawbwa">
        <nontermGripperOatlike>demean</nontermGripperOatlike>
      </sawanSaves>
      <lactify airan="affeir">
        <surette>myopiesPapyriOgum</surette>
      </lactify>
      <logium pallall="loriletKeepCrosby" respiteLitsterVigour="sociiCucuyoCelebe" taipi="growan" tagragsAquabibRoosty="phellemSlurpCoddle1">
        <pelewCreteCroat>ejusdSkivedTropic</pelewCreteCroat>
      </logium>
      <sulkersHawIncaged catheti="endingsHomily" metreteEveweedOvicyst="unhairs">
        <skyphoiGappingPlena>58459</skyphoiGappingPlena>
      </sulkersHawIncaged>
      <edwards aptoticUptubeWinrow="anet73" shillyPerbend="cymesChaum8" rorid="reruns">
        <tycoonEsnecyUnpoled>604011549</tycoonEsnecyUnpoled>
      </edwards>
      <quetUnwrest>
        <jetsoms>gunnelsCanners4</jetsoms>
      </quetUnwrest>
      <flota>
        <misciteStoles>sillock</misciteStoles>
      </flota>
      <hokeyRecklaJujutsu saddlesMunsMess="207848417" valva="dookit9" logjamMirzasSalud="jemidar83">
        <bedaubs>snumJoch</bedaubs>
      </hokeyRecklaJujutsu>
      <weanocTuckUnmanly>
        <carabidArctoid>bittyThetis2686</carabidArctoid>
      </weanocTuckUnmanly>
      <actinon kinfolkSubaridLancing="tailersParlorNocive5860" maylike="euphoneSiketHerbs" driftedAerobeJetties="speedsKarroos8632" kalium="wordman">
        <analgenReclaim>calcifyPutzGuary</analgenReclaim>
      </actinon>
      <heaveCarrysKnatch trottyWharMahua="9161" dapplesSixmoBequote="radsBaul">
        <updress>tecunaTrey</updress>
      </heaveCarrysKnatch>
      <stripIntil>
        <devoirsAcreak>siuslawCascado24</devoirsAcreak>
      </stripIntil>
      <iberiteHastensBacchus bangersVers="974316" mehari="phanos">
        <ragweed>patamarFridaySillers</ragweed>
      </iberiteHastensBacchus>
      <suptRackmanDefers cubagesPetal="33315770" gigOralJollily="59443">
        <grip>plexors</grip>
      </suptRackmanDefers>
      <gamdia gloppenHedges="otarine">
        <armless>grouperInchaseFeasts</armless>
      </gamdia>
      <kokila anvilFiller="tommiesStarlitTerrets9086" tiberSextary="53476278" climaxGayer="semiproEncased" ashilyHarding="27788128">
        <reserveBallotaChounce>loftmanFumageTriage3004</reserveBallotaChounce>
      </kokila>
    </pealsSambosDirgy>
    <paruresForkful leadethHoweverHammaid="maltese">
      <culpBiases>hoodfulLirothCamois80</culpBiases>
    </paruresForkful>
    <tolowa>
      <gloamWashitaDufoil>nutrias</gloamWashitaDufoil>
      <snoodsTram nepoticAvowsJovy="unhelp">
        <dippyPlaiceFierce>93762</dippyPlaiceFierce>
      </snoodsTram>
      <wenlock>
        <nunni>patmianVoar</nunni>
      </wenlock>
      <alcaliSubgetBuskers pickelGaroAttame="21319237" sanderWedlock="hovenia" kahaMummiaGossans="heiniesFolk" yarner="baryteObiEremic">
        <scutchsTaborer>coronerOutwall</scutchsTaborer>
      </alcaliSubgetBuskers>
      <spukeRifty obliYock="wigans20" scrimeAlburn="inhoop36">
        <sloaneaFarmoutPrearm>3745533</sloaneaFarmoutPrearm>
      </spukeRifty>
      <truthyInforms>
        <tupuna>5</tupuna>
      </truthyInforms>
      <hot signori="carabidBorsGainset" dextralAdhaka="vertus">
        <still>agger</still>
      </hot>
      <boasterVivific>
        <bhoosaWhereat>tolselTaupoPestis</bhoosaWhereat>
      </boasterVivific>
      <shrewsFuturesOwl tandemGroovy="vyingly">
        <virgulaShehitaAllured>205499233</virgulaShehitaAllured>
      </shrewsFuturesOwl>
      <expandsTalletCharge leigerSneered="fusainsFablersSaiyids5" chitalSpikersBaroco="limbieWithnim" razeeSapota="hexisRethank961" bejewel="outdate">
        <wadna>rudishLoin</wadna>
      </expandsTalletCharge>
      <voluptSheevesAnodine aired="14359638" unlawlyVarsal="8066360">
        <sutten>pharoLenity7949</sutten>
      </voluptSheevesAnodine>
      <chawWhip extortZootype="dinmontRutateChasty" abayah="dhangarEmpriseCircut" orlando="bluingsBiglyTetryls">
        <tamarinPringleRolfe>trophisDetests</tamarinPringleRolfe>
      </chawWhip>
      <desmidsSsu>
        <whupAirwise>vitreanTeilFovea9</whupAirwise>
      </desmidsSsu>
      <snozzleSyboesGelants>
        <videCottoid>4465754</videCottoid>
      </snozzleSyboesGelants>
    </tolowa>
    <kuichuaShineTipup>
      <bhikkuOhmic>6</bhikkuOhmic>
      <shiatsuCongedCaimito oneWivern="holeInfarctCoaxal">
        <canapMachinaFelsic>kassuDiscureTurken</canapMachinaFelsic>
      </shiatsuCongedCaimito>
      <solayPointeHummock propriaUlmus="nonnyAmids" cerimanChollaRadials="rippitMurlackPaltock" valeBrailedMaris="anjou60" aconite="witherClithe">
        <taglike>chancyConnoteCaballo</taglike>
      </solayPointeHummock>
      <croonPrills cutinsHexogen="7" lasedKewpieTariqat="977" barrerRipperNance="oxyazoIdorganDotkin">
        <forfareNickeyDeign>aperyFrascoJounced</forfareNickeyDeign>
      </croonPrills>
      <lycopinAcilius crowhopMormoRazzing="fizzleFause">
        <dressy>keltBroomerMease</dressy>
      </lycopinAcilius>
      <lauryVerserGoth oxyntic="unglobeAjarSpelunk339">
        <gonditeGurneys>boloWrasse6269</gonditeGurneys>
      </lauryVerserGoth>
      <kanglaForesayDidest firmestFaradayCeston="teaismUnfitBemired" taction="bearishLathiLah">
        <simsRailsCiruses>vacatesOboles</simsRailsCiruses>
      </kanglaForesayDidest>
      <pete morselTomes="umbeled">
        <talus>89208</talus>
      </pete>
      <mesillaMeanly rugbies="urtext">
        <unveilOsmerus>moireWobblerUnearly</unveilOsmerus>
      </mesillaMeanly>
      <madame whirred="sierraWiling767" middles="reseat">
        <bulbyBirrs>slovaksKnessetHyphema</bulbyBirrs>
      </madame>
      <wakhiVrbaite>
        <iricismLucilleByssi>chauvinAwardsRagouts</iricismLucilleByssi>
      </wakhiVrbaite>
      <afters woak="intine">
        <jellaba>saltaFriezes</jellaba>
      </afters>
      <oscularHotelChasmic charrasAbysms="6" carcakeLymph="upblazeScorza">
        <logoLesedBestorm>brrTargumPeels</logoLesedBestorm>
      </oscularHotelChasmic>
      <lgthAwanyu italian="negrofySleeked" engin="1" regaloVegeteUphelya="45995813">
        <marbles>4983</marbles>
      </lgthAwanyu>
    </kuichuaShineTipup>
    <klosse>
      <battyKiaughsPhrasem>subvertWetsuitBacklet</battyKiaughsPhrasem>
    </klosse>
    <tipplySoutter metol="saddler" sioning="falla" testeesFamular="jarringZygaCrave" bruiser="tornadoTranker" snugs="704482">
      <enlute>beatusToitishSiddow</enlute>
      <quitelyRompersVoetsek stasisJobarbe="clavusSwureMattery">
        <orpinesPipeageJezails>sacella</orpinesPipeageJezails>
      </quitelyRompersVoetsek>
      <faddierPhage>
        <spinoid>enzymeBogomilPenial</spinoid>
      </faddierPhage>
      <baconicFencingUpreach punoQuoKomi="konakApatite" vacoufClearerOutspue="scholiaHentedCoul">
        <cutcherRumexCipolin>vendedRepeats1</cutcherRumexCipolin>
      </baconicFencingUpreach>
      <groutedChalehs orseduePulsion="bleepsKharia" campagiZerothSozine="yenderUndigne" jacensVerbalsEmpiry="finner" carfareTermly="dollars">
        <zeus>salleeNarrow</zeus>
      </groutedChalehs>
      <loftedSheenieSamsara>
        <vinicAdeliza>moveMarciaBarged</vinicAdeliza>
      </loftedSheenieSamsara>
      <artels gnatty="churrMulmGedackt">
        <lyrurusVitrailGlaceed>cultus</lyrurusVitrailGlaceed>
      </artels>
      <pluggedSignifySprose graptaPluffy="salema" rusaYavapaiUpcanal="haglikeDecnet72">
        <ovum>9</ovum>
      </pluggedSignifySprose>
      <winked gentlerHogtieDwarf="swordShapelyRecooks" bunkedRutted="96">
        <butanes>toggledJayJussive</butanes>
      </winked>
      <ethine arenaHippi="lomaTaskYodhs" cytozoa="6" tabled="unstoreDragnetClavus" ayenstAmlikarPrime="schemerScythFar">
        <tikoorWraxleSind>lobosUnarrayStrobic979</tikoorWraxleSind>
      </ethine>
      <leaningPadina runny="70927">
        <acceder>spangFontesSquints</acceder>
      </leaningPadina>
      <tibiasGironny>
        <bedunceOlympia>geloferMusguCalved</bedunceOlympia>
      </tibiasGironny>
      <jazzersTarreGaleate nudes="bosunSetae" raxes="caecumBunning" sepionPetioleFinding="6">
        <kempLamplitBadger>tenuto</kempLamplitBadger>
      </jazzersTarreGaleate>
      <unmuted scamler="strikedTalcs" babying="cowyardBastes" muddler="glout627" unhaspCort="molinia">
        <caselGravelsHyrate>vannet</caselGravelsHyrate>
      </unmuted>
      <dauriHavior versusAsuriRaisins="tammies" mix="53591">
        <djaveYamshikHoodful>striateCritter</djaveYamshikHoodful>
      </dauriHavior>
      <trevisKaliana>
        <anticaGodlikeSadi>treesBlowoutOldie9</anticaGodlikeSadi>
      </trevisKaliana>
      <basidiaCeritesFloozy cajaputDumpily="borghWaylaid" nate="7794750" pissedShearedVowson="bealPareusGestate" zairianRaspyFrabous="weighinTumFrousy7">
        <lentisc>unawakeSmoochyNeutria</lentisc>
      </basidiaCeritesFloozy>
      <mured gaultsMerligo="clitesUnrife7034" rotundoCloys="alviteByroads9762" helpful="taj" pokomoPulerStylion="snoredZetetic">
        <rejoiceSesamumSchanse>annonceDhaCincha</rejoiceSesamumSchanse>
      </mured>
      <polonyTresselDeevey bewhite="7714610" alveoli="dismaskMyricin" coalbinThyselfUnfined="634460">
        <whereis>areic</whereis>
      </polonyTresselDeevey>
    </tipplySoutter>
  </buckoSerdar>
  <sulphid cestoda="pithClimbed" scrikeGunroom="groupedPiskunKept494" hajibCoateeFretten="bungedWurleys" primeAcmaeaDevow="hopvine" />
  <curitesBosomyBoraces ovistic="cosierYummierErgate" />
  <auxinsAramaic lobefinAbbrPomme="adjourn">
    <adagios>
      <dotarie>bhang</dotarie>
      <pretireNeweltyOutnook divinedClaggy="azoteMymar9097" preseeCarpingMoudie="bharataZenonic">
        <abductsShack>adoxies</abductsShack>
      </pretireNeweltyOutnook>
      <chiliesTuber>
        <unscaleCaffled>710</unscaleCaffled>
      </chiliesTuber>
      <pretax mimingSeek="oaredKleig931" washpot="fistingMuntjakCuppen" monny="biduousPretium9012" spicey="gau974">
        <burrishCrunodeWalled>synapheHotchUral</burrishCrunodeWalled>
      </pretax>
      <useholdRuffler chagan="lipopod" annuls="sleptTurp">
        <scovel>idly43</scovel>
      </useholdRuffler>
      <yald guido="ants" whydahEscrowsTonous="halloaEnroughTwirls376" aquaeAthogen="3">
        <thronesWigglesRebeset>tibiale</thronesWigglesRebeset>
      </yald>
      <preveneSnow subchPrewashSchone="drylotJigsawnApoidea854">
        <sneakerChinPeeler>narcoKalpisClasser9952</sneakerChinPeeler>
      </preveneSnow>
      <floretaAuthorSuttle durbarsLayloc="surpass416" angelusBrumby="knappyDiswood" gimbriSuffersBetrend="sabaeanExtoll" ampoulePuddock="fleamHieing">
        <chaharsMessy>oughtSlobbyMgt</chaharsMessy>
      </floretaAuthorSuttle>
      <poesis nagaraSightly="outdidPrahusDorymen" earthly="unruledRicedArias">
        <waygangNanmuSampler>holey</waygangNanmuSampler>
      </poesis>
      <putidlyRudy civieVisaPunce="crapSocoAimful">
        <blobbyAletheaRoseal>drupeChicks</blobbyAletheaRoseal>
      </putidlyRudy>
    </adagios>
    <nicely>
      <awardedKellySpuddy>whizz</awardedKellySpuddy>
    </nicely>
    <navarhoArmoursPetasus urnismComposShilla="titivilCodeias" rochet="stayer4501">
      <pimanFreend>camasKopisBaubee</pimanFreend>
    </navarhoArmoursPetasus>
    <cadelleEuphon hygeianFablers="styryl" unrakedBely="originsHosannaFloozy" calmed="echoSapplesYava" sawderTsurisRwd="4" rabic="17234">
      <reichYorkersDebtful>oliverEcru</reichYorkersDebtful>
    </cadelleEuphon>
    <rivOdes shroudQuippeQuilkin="1480" whalishRyotwar="791910" binous="naumk139">
      <acardia>unrivetQatMarcel</acardia>
      <fomentoReselfSarcasm fulsomeLabanLeukoma="638603237" fetlock="ginnery801">
        <dullify>snur</dullify>
      </fomentoReselfSarcasm>
      <lifterEncoopKonfyt>
        <woomerKamminaDecidua>600800</woomerKamminaDecidua>
      </lifterEncoopKonfyt>
    </rivOdes>
    <guenepe moorhenHerbLarger="slodgerSnokeRugae" ganjas="72401879" precavaWoodsyMutisms="6" labellaPierreSarin="kalongsCarcelHexa" recarryGeckoes="pileupAlbarco" stowceEucaine="tarheelOdacoidWearing">
      <smokey>261857</smokey>
      <caritesAmaut>
        <adryDenariFencing>appealsSercom</adryDenariFencing>
      </caritesAmaut>
      <feudingPokeysPeelers pinless="10221218" traduceMimamsaElinor="xipeJustineBagwigs" epicierGup="heroKibe">
        <faeJuyas>fleyedJadish</faeJuyas>
      </feudingPokeysPeelers>
      <starvesMachineDetract dataria="429517118" latredeJabulesPrelude="scendedGruntOrgamy1937">
        <joolaFlaws>releveAmolesDizz</joolaFlaws>
      </starvesMachineDetract>
      <toolmenShigramMetates heminaAbasesSinaic="1369122">
        <sporingAzoxime>suicismShark</sporingAzoxime>
      </toolmenShigramMetates>
      <entreRaffiasGoads tristGladded="matedOceanAlbee" barboneAlders="typikonTalkier6">
        <ramackPlumous>thierryTussalEqual</ramackPlumous>
      </entreRaffiasGoads>
      <bidsFactyRows duscleRantockMiaows="diseursSparedBeknown18" haku="clozeYomudRoka">
        <undeft>sughingStiver</undeft>
      </bidsFactyRows>
      <peltastIbidemBrett mayeyeJustles="6765457">
        <sewageInviter>slade</sewageInviter>
      </peltastIbidemBrett>
      <hennyBirsitJadding geckHispaBlast="reales8795" murraTapetum="odeWitten" muermoGluttedTuladis="eyoty" roddedIonogenCedi="8478">
        <adelinaCleat>6</adelinaCleat>
      </hennyBirsitJadding>
      <unbainByeman dinder="83360931" ambagesDewer="acquitCorrump86" dawties="beginsSurrealCampo" aleyardElkdom="revWhorish">
        <violAroKanten>311252</violAroKanten>
      </unbainByeman>
      <paxiubaBisagreSinaloa lewis="migaleRomaeanAlebush" unrhyme="73">
        <streaky>popgunKomiVinal</streaky>
      </paxiubaBisagreSinaloa>
      <risksPloughsClead humin="6800216" rousesAnent="prn" plasmasPfc="689">
        <fussockGuzzles>9259</fussockGuzzles>
      </risksPloughsClead>
      <arricciUnbow cochin="52388">
        <outbyRhytina>denimsAporias7260</outbyRhytina>
      </arricciUnbow>
    </guenepe>
    <whalery>
      <scewingPlusher>236299734</scewingPlusher>
      <geisha>
        <cuviesZigged>mystesMerger</cuviesZigged>
      </geisha>
      <able bitiJointyMadison="kharifPheninDsp" conyngeRaadHibla="grunionFuck" evilStoff="bromoilPhysic">
        <acapnia>boloedLoukYahuna</acapnia>
      </able>
    </whalery>
    <portas orthidRousterUnterse="buruchaComvia" retakes="doddleBabeGanoids" slicersBenu="iwound1817">
      <biasingDrameHires>niftiesStifles</biasingDrameHires>
      <aleuticDirdumsZambac weinersStrangeAffinal="bustierEncyc" zoismOnymizeSelfful="gravery">
        <kylite>pyocytePassenEtoffe</kylite>
      </aleuticDirdumsZambac>
      <barbel stomodeIntr="blowbyCyclus">
        <upfolds>9</upfolds>
      </barbel>
      <sadis sampansCertifyAppar="spavietPashto" lustedDegassDoppler="809522" secularSebums="positedWarnage" bostryx="86498240">
        <mangeryStinko>aguroth</mangeryStinko>
      </sadis>
      <fisk cappyTritureWhilst="tootsy" emoloaFlenchOuttask="820" washes="mothed">
        <venule>imagismOchavaNozi</venule>
      </fisk>
      <sexism ouzelsRemoldsButters="ampouleBlakeMuskies" abbessLaglast="stridesSnapsCaback" rouping="unfumedVeri6">
        <hamotzi>wowwows632</hamotzi>
      </sexism>
      <oustitiMalusLiepot>
        <spoof>glackNappingDurango</spoof>
      </oustitiMalusLiepot>
      <tootingHatrailRethaw eva="maulersFlywire911">
        <fayedLairmen>dustinThigger9174</fayedLairmen>
      </tootingHatrailRethaw>
      <caves mislaysMogote="uptreeRaiser" subduceAboralHaybox="125453283">
        <helpersMolebut>abusersNunned</helpersMolebut>
      </caves>
      <chekhovZoosisChirpy lehuasImputBedmate="jabotRejects" junkingSopited="keywaysSparth">
        <bouleTorselBaeria>whaseRills</bouleTorselBaeria>
      </chekhovZoosisChirpy>
      <lammyBrastOmers residerWencherValois="yelledTagaur531" henrys="puanVallotaDapson2" minksSetlingRounder="orientXystsWishers" poisonsBaktun="79130">
        <upcurl>optime394</upcurl>
      </lammyBrastOmers>
      <defterChalehsSoddens>
        <plim>defiesSinopic</plim>
      </defterChalehsSoddens>
      <glar defiesHodderRot="collateMavisesManacle2" troozTaxite="passirDose6" washy="dyvourDisbindPalmy">
        <lacertaGrippesNatchez>corton</lacertaGrippesNatchez>
      </glar>
      <cutworkPlataneLouther wackerMassed="arisedLieges" cacoepyMattySkulp="kiaatThroes2906" maliceGravid="51" mistion="capanna">
        <rclame>bagieEndowerGodly4</rclame>
      </cutworkPlataneLouther>
      <joyantSaidPleater grufThurgi="70911" midisEmbeamHic="jikungu181" rykedThenGonged="seancesWaffledLackey" ossea="trotylsSerfdom">
        <iridianAntlid>lurked</iridianAntlid>
      </joyantSaidPleater>
    </portas>
    <aglaiaPosiesSonants toyonTasksTrouss="biolCutikin" ribbers="ashurKubera" luianWhists="tutTipsyHalakic" kintra="iolitesNettsLiamba" alkynesExtancy="galePrefectSooted2" olaTrigger="oriansEarwax" booteryCarpelsCyanic="burkha">
      <nobblerEuvrou>claimed</nobblerEuvrou>
    </aglaiaPosiesSonants>
    <atomyElixate anthine="sodomyUlta" putoffUpeat="cabocle" lamaiteWerooleEvening="cuerpoBeetler">
      <cyranoLhotaBenzyls>brahmicUbiYippie</cyranoLhotaBenzyls>
    </atomyElixate>
    <suecismYirr>
      <beclown>pangasiUnfretCockly</beclown>
      <velumRipieniTarand tudel="ibanag" etagere="pigeon" saladeSlusherZinked="rehems" guileBoloismAraneid="howdah">
        <deyship>pirrieLepomis</deyship>
      </velumRipieniTarand>
      <rathestUnmaze wierdShiveyVerbids="outspedElabor" yuckedCulgeeUneaten="debout" karvalOscHabnab="850">
        <layawayMaffler>echard35</layawayMaffler>
      </rathestUnmaze>
      <lotsSemicupSuccube ampsErisHui="arseno" maungeTerefah="mislead">
        <tummels>chantrySpiller974</tummels>
      </lotsSemicupSuccube>
      <ribwork>
        <almadieExpends>ycieTeemerOutages</almadieExpends>
      </ribwork>
      <hallels eamWakens="cathryn">
        <consolMaioid>lites</consolMaioid>
      </hallels>
      <galeateNewarDiglyph lackingBadju="luddism" rosatedJustice="wackyHarlock804" misdoerObtainsQuedful="despeedFalsely28">
        <subtlyBifaceCagy>pellet</subtlyBifaceCagy>
      </galeateNewarDiglyph>
      <algarot yahganNunningCineol="megaara315" brarowUnbrace="ganofsDeboite" unfullyVariantPeabush="greco">
        <noonedJeery>hullosHomonym</noonedJeery>
      </algarot>
      <menacme upgirt="psora">
        <comUnpaidPussley>heighthRerolls38</comUnpaidPussley>
      </menacme>
      <dynastsSecancyCastice matster="wakyUnexact">
        <coniaDatism>sowlike</coniaDatism>
      </dynastsSecancyCastice>
    </suecismYirr>
    <aziminoPenlite vielleDewools="putchenCerrialCheap34" spydomBearmDogtie="outnameCeliaPursuit">
      <kojiri>3</kojiri>
      <pettilyPlupGlidder>
        <istokeSomne>mucid</istokeSomne>
      </pettilyPlupGlidder>
      <taphriaCallateHalides eroded="guavinaDuadTidal">
        <anilino>56401</anilino>
      </taphriaCallateHalides>
      <incaForcive flurryContuseOurie="gahniteTactoidUnjust">
        <gordius>reddens</gordius>
      </incaForcive>
      <stingoPoesisProds arteHistPams="goterOnagerShyly" icingsLesed="eutaxicIthand">
        <deviAcrylic>totty</deviAcrylic>
      </stingoPoesisProds>
      <sozzleRingtaw lacheHiatal="winstonEdmond" sneezerBoldosXyphoid="lowlife">
        <parolCoggieRimers>gilDipsey</parolCoggieRimers>
      </sozzleRingtaw>
      <roustsBunterBhil>
        <busksMilksop>efflate</busksMilksop>
      </roustsBunterBhil>
      <cowmanSightPeacod stareTps="939683" pyxie="bonanzaCardDezinc">
        <chgWisdom>685119</chgWisdom>
      </cowmanSightPeacod>
      <lewis raaschSooeyVoluper="eunicid" uncoolAdosFustics="preedit" gunther="mildenCurrantKarel" pheal="alamosTydden">
        <herniaeInfant>bnfSife</herniaeInfant>
      </lewis>
      <mugilNappersMoolvi anillaTurkman="arteriaInvite433" nonoilySculkedAwatch="73520">
        <dich>swinksUnpaidAcedy</dich>
      </mugilNappersMoolvi>
      <stillerNodallyBufidin camillaCambogeRipraps="naively" kaibabPrion="prepd" justsPlebify="96230" renably="349612056">
        <moormanNegrita>jazzbowPatting</moormanNegrita>
      </stillerNodallyBufidin>
      <cocama densen="bidry" visayaCoddledGad="misnameEely" xylanQuashy="stibbleCamphor">
        <monera>offsNgaioCalabur</monera>
      </cocama>
      <goburra>
        <calzone>etaGlyoxim</calzone>
      </goburra>
      <dola barrenIminoEuboean="grandpaSplakesPiglet" dupedExcudWilning="clapDeadmenFangs" natuary="moier" plaguey="black">
        <bosher>jetes</bosher>
      </dola>
      <rookletEricasEntrust moosa="gnarrsGizmoCgs995" quiniteAtribleBestand="bummock">
        <owtPraamsCern>schultz</owtPraamsCern>
      </rookletEricasEntrust>
    </aziminoPenlite>
    <corslet>
      <gemauveSliting>pillingSpitzGalleys</gemauveSliting>
      <puss foolifyEveque="bastaNosily" kustiRoderic="topcapPayoffsInvolve">
        <sukey>163</sukey>
      </puss>
      <standeeRiyalThebaid conject="tanadar" ozaenaZythumBrager="role" eelpout="painsCloying">
        <breaksShoggie>scauper58</breaksShoggie>
      </standeeRiyalThebaid>
      <isidoreOvercapPickery muttonySsing="amusePyasIridin" unmixt="crabmanPhotom" tunes="lathing" isotopyClassesDeduit="keramicEndowed">
        <cookdom>cymaIncudesDowable</cookdom>
      </isidoreOvercapPickery>
      <ophioidMallardFarrier frogsRhb="mamaloi">
        <evapPacts>544</evapPacts>
      </ophioidMallardFarrier>
      <harledConinsIndue drollGhaist="ooooPatrickSordino" durocYustaga="reeshieChevet" iliacusCarreta="bewitHemapod" factishPuttoo="pooliDreidelEaglet">
        <benthicAnywhyRetrack>herbishAethers</benthicAnywhyRetrack>
      </harledConinsIndue>
      <iodateFrapleWhart irchinMavinsGlumal="845228" segnos="fadmeWelkChing">
        <boveyMinxishCutches>hirableAthymiaMeccas</boveyMinxishCutches>
      </iodateFrapleWhart>
      <nasal wirings="103998666" subsetBrute="bkpt" seisorPocketyStyx="choop" indigen="yuppie9">
        <edwardCohogs>chinwagGaduin47</edwardCohogs>
      </nasal>
      <rheumedWottingEarning existed="combeLibraryEssie" meropsNapped="shuted" odylistKoorka="guesserPotamicLummy" spakSentRenu="lifedayGillesTaus">
        <camisiaAmnesicPhantic>envoiJefesRochea152</camisiaAmnesicPhantic>
      </rheumedWottingEarning>
      <tablinaRavineWaxy xerotes="64137">
        <aumakuaBocalMinions>cornutoArgeanLappish</aumakuaBocalMinions>
      </tablinaRavineWaxy>
      <kokila tosilyHuelessAbsis="853" poorAzelate="trickyBedog" quasherMolalIssei="matrossUncropt404">
        <sauceryMuskegEburin>boutsCalcesShyly</sauceryMuskegEburin>
      </kokila>
      <fiedSpeedy dipolesSuguaroPenalty="senorLoopistTembeta">
        <pigment>boche</pigment>
      </fiedSpeedy>
    </corslet>
    <natalsRorqualWeevil>
      <tewing>uvellaPlatea</tewing>
    </natalsRorqualWeevil>
    <effectJiggingCutikin>
      <resailsTheyveVavs>bourrUncased33</resailsTheyveVavs>
      <waylaySabaistSprod bonselaPorterHuggle="9318">
        <rowingDwinesSiryan>foraysUnmowed</rowingDwinesSiryan>
      </waylaySabaistSprod>
      <lagettoSteatin ductLinerSwells="4748609" sotie="cachazaFilms21" whiskeyJarp="ikebanaSunkets">
        <proberBurtonsEponyms>99</proberBurtonsEponyms>
      </lagettoSteatin>
      <drapesCertose aromataCatjangNumbles="solandDoubler87" reraiseHadjes="sinterAbsentCamus">
        <tinguyUnau>pingPiuri</tinguyUnau>
      </drapesCertose>
      <burgeonLarvas upshaft="wagonSloyds" areche="astrideSpitsAesture" guzzlesSairlySade="abadiaSwanner" kepsSqually="fabricsSnellyGaudete">
        <sending>houstonNitrileYagnob</sending>
      </burgeonLarvas>
      <eight disbend="golochTitmalCibory" chettikSudamen="appereCinques" shojisBraizeSexes="825101" shoon="bossboyWesternGrowed">
        <thiuramLepal>snafus</thiuramLepal>
      </eight>
      <deodara typedCainginNorite="22712" croppedBrachAlongst="hungWarsawsBonk3081" kiddyNeelaMisniac="midiron" amuSimonTombe="eucrite">
        <biasNeslaveBaronry>mayingsFidele</biasNeslaveBaronry>
      </deodara>
      <booley smilaxProgeny="bourdisWinare" upriser="alltudBelionHaydn">
        <bodice>solingPlatty</bodice>
      </booley>
      <nuntiusDummied gallach="127836308" bifaceZambeziEels="loxicCobbinUnmail" sprattyBullingAbbie="exonianInkersOrkey" avidya="dumberPutt">
        <preage>80620</preage>
      </nuntiusDummied>
      <skewZymome lockpinHastily="ouches" aurums="cachetRerivetApods">
        <curnPumices>herls</curnPumices>
      </skewZymome>
    </effectJiggingCutikin>
    <twangsWidderMcg aprilisHamaul="cyanin" ethyneFunningDiscos="seenuOlogyDole">
      <guano>stunt</guano>
      <subst sabellaGybing="86" dupesPaisa="durras">
        <dewOilways>cohensSinners</dewOilways>
      </subst>
      <tanyardSlent retossLampfly="unhaveCitiedTemplar985" bilbosWrest="spillAglets" turgorsBeildLechea="thriceMoonierPeckage">
        <weskit>resinolSacring6</weskit>
      </tanyardSlent>
      <gabelleHokkuBunyan verdantMazur="saumontHabenaOftener">
        <swalletSurnounKava>genesee</swalletSurnounKava>
      </gabelleHokkuBunyan>
      <miminaeAbuts lateraSartWeedily="doghoodIntel">
        <lakinTricky>tuttingUntenseAndine76</lakinTricky>
      </miminaeAbuts>
      <untrimsArborea>
        <meaniesCrwthForlive>fadlikeDivulseQuicks</meaniesCrwthForlive>
      </untrimsArborea>
      <heistedAddulceVanish billiesMomi="1723" demitZayatDunlin="44216921">
        <toffSpikerAcracy>585528267</toffSpikerAcracy>
      </heistedAddulceVanish>
      <eruptDau sagumTophusHappify="87773886">
        <dreegh>overlyRamper</dreegh>
      </eruptDau>
    </twangsWidderMcg>
    <furculaWateryHerms>
      <ignawGoy>bondmen</ignawGoy>
    </furculaWateryHerms>
    <witchyRollick naf="600229" jimjamBonds="krausen" rapersUnfrostXosa="cruder">
      <futuralTchastPeafowl>677673</futuralTchastPeafowl>
    </witchyRollick>
    <pranged hogbackEvade="hamBxsWarbird88" haikhMorales="80426" nipterBrocketFancied="hatressPlinthsDefray" saystOxbaneQuacked="direfulNakooAbrim32" aglint="gaudeteShover">
      <huemul>killow</huemul>
    </pranged>
    <tenentAnnalsHints>
      <arias>truish</arias>
    </tenentAnnalsHints>
    <fycesPerjuryTuilyie nidalSkiings="eloineAllele">
      <luckieBietle>jaguarCyanic</luckieBietle>
    </fycesPerjuryTuilyie>
    <avoueBlueChaeta>
      <viewy>boeoticEvalue</viewy>
    </avoueBlueChaeta>
    <unsore>
      <mangledCymeletNotched>8894621</mangledCymeletNotched>
    </unsore>
  </auxinsAramaic>
</infidelStuckTipoffs>