<?xml version="1.0"?>
<mamelon>
  <slum>
    <owlery remiBatlingRoudas="gashfulUplaid" embars="wedgerFungia" normans="oryssus" antaHernial="alityAcaridaWhacked" sebait="solgelOrduresBessie" taxiway="zebulunStanzoKrypsis7508" pensils="backsCurtaxe">
      <iroko>gummaCubicPion</iroko>
    </owlery>
    <fagged currieAlmner="8215242" layupUmpsDurzada="holdallCaltrop">
      <rookletHighway>nurserDresdenDollia</rookletHighway>
      <sakkos mirledDelater="cuboidPsychic" pilin="sacbutsEstray" odoomPlacateFacet="yearnedArline901" treefulBuyout="ideasDiecase">
        <lurer>836</lurer>
      </sakkos>
    </fagged>
    <surviseFluvio compteIconian="cogwaysNaiskosJura96" packwaxStabile="zaffars">
      <calvaryOversUnwove>kerfs</calvaryOversUnwove>
    </surviseFluvio>
    <tiggerWych ceduleWhinner="coateesUsselfJaponic" bulbil="53015">
      <bucklumMuttons>927224</bucklumMuttons>
    </tiggerWych>
    <xyliteDaemonyDariole axiferaTenuisProphet="thoricTalent" voetsekCunas="cruster" ballets="boniataBemocksNidary" exxon="murvaProponsGummic" pursual="snivelsBeingRondure">
      <shrikesAvoir>forebyFirkin</shrikesAvoir>
      <cardiaDoverOgee tigerly="durhamSealchFalcer" panamaChait="oogloeaSweated" nondeepKlanSinolog="accurreCamboge">
        <discardNorsk>orcein</discardNorsk>
      </cardiaDoverOgee>
      <typebarOleose seroot="emysOdalisk" kannumeDebates="wambuguUpcoilsVinyls" escrowsMaidensDeafish="ettarreRhilaChistka">
        <pedalsNaggier>pabaWakemen6</pedalsNaggier>
      </typebarOleose>
      <enfleshMacutaBulbous>
        <rivalryCushie>sniesImpel</rivalryCushie>
      </enfleshMacutaBulbous>
      <tushie>
        <khasaTattilyShukria>malapi</khasaTattilyShukria>
      </tushie>
      <munandi detersBitiTortoni="detenuKrillLithe" crotalo="clumber">
        <talckedChorai>bathoolTuilzieTuguria</talckedChorai>
      </munandi>
      <peckful missoutJobbishVier="rompuWoodrowAlvar" roric="sceneBraiderHenpen346" medLaptopPyric="lears38">
        <yodelsMorphew>focusedPiroot</yodelsMorphew>
      </peckful>
      <testaoBivious>
        <lullerPicule>mislieGlaiks</lullerPicule>
      </testaoBivious>
      <cowbarn beebeeSnacky="stionFleetenAmps298" howked="mutestSuhuaro867">
        <prisereSweert>6</prisereSweert>
      </cowbarn>
      <fiberedWhincow deltaic="tigrisPukrasPawl" cifPether="misdid" cohorn="heilingBetsyLemur6">
        <bowlegsScouryPeckful>curagh9535</bowlegsScouryPeckful>
      </fiberedWhincow>
      <pinksRoansMump baffs="couvert">
        <roofy>legitimSnap240</roofy>
      </pinksRoansMump>
      <veadarPeopledMuriti>
        <francesJeanComtian>wolvish</francesJeanComtian>
      </veadarPeopledMuriti>
      <mimmed crotylRiem="612">
        <actaeaBoget>tuskierOutblew</actaeaBoget>
      </mimmed>
      <genealFakofoMisdraw goorals="wons" lettiga="corah5" mittPatentsKreis="fearingAgramedClr" hebenYesses="326284">
        <aridge>57</aridge>
      </genealFakofoMisdraw>
      <lushSablesMorel>
        <officesPoiser>faufel</officesPoiser>
      </lushSablesMorel>
      <bantingTendedVaunter brochanScenas="182134" damiaBeltDouc="3" idletyPinwaleShouts="793">
        <noyadedFigure>48023</noyadedFigure>
      </bantingTendedVaunter>
      <descaleMalmed coosifyStallar="affirms">
        <untoldUnvest>7460952</untoldUnvest>
      </descaleMalmed>
      <pauser thighed="3195">
        <hydaticVaranOuenite>94403334</hydaticVaranOuenite>
      </pauser>
      <katcina bayongBrutal="unrichtFraghan" poseAcerin="weaser297" abkhas="adeemWeeda" vitastiRambo="catnipsPialCollery">
        <diatomWhummleWagsome>9</diatomWhummleWagsome>
      </katcina>
    </xyliteDaemonyDariole>
    <burundiFitcher watered="roomieHousels" whilieGadaeaAbrase="bisagre7867" botCalmy="fermateSegue">
      <bumblerClimax>lscRazzle6365</bumblerClimax>
      <ketonicDrouthy stoolVibesSubnode="arrestSoteresWhorls" fewsomeCreamBriered="99" ranina="knish73" benorth="schavsEcdysis">
        <beme>kowhaiPurgingLoquat</beme>
      </ketonicDrouthy>
      <repen farePachisi="involveMarkingKnolls" dobbyInter="gepounMuskily" eelsTestees="corydonCosets">
        <inrunCrave>solfege</inrunCrave>
      </repen>
      <excusesSquawsModal>
        <huzzahsMails>jadedlyBetes5</huzzahsMails>
      </excusesSquawsModal>
      <boyards muskieStaryEmetia="glimedCelling" ablingsKannu="dibrom">
        <cooheeUnadd>spiny</cooheeUnadd>
      </boyards>
      <quintus lammyShoaly="dortReroute" askip="ginningCutinJerky" buttsMagnusBlijver="dailyMetochy">
        <sheasSquishInition>pst</sheasSquishInition>
      </quintus>
      <dimeraDioonNopal halestVinci="scummedDarapti" rubric="uropodsAsthoreArew" youpons="26721681" raphusDibsSparple="chalahRaupo">
        <serimpi>glommedCreatBristol</serimpi>
      </dimeraDioonNopal>
    </burundiFitcher>
    <tonganQuinnetCouac murkier="delFondledPudge">
      <afforceAwaking>569</afforceAwaking>
      <crinateEnlacedHurtles linnetsPoteensGrogged="fural6" ironice="outlyDomableChomped" muscow="lehrAldazinPebbly">
        <messesFrogmanTiers>antwerpHuspilSeaboot6</messesFrogmanTiers>
      </crinateEnlacedHurtles>
      <squeasyHondaMonkey onerierStert="arylDieback" karchFoxilyVivary="meratia" cene="dowered" pavingSilkineJailage="kashimaMunge714">
        <premUnnestLouping>bewept</premUnnestLouping>
      </squeasyHondaMonkey>
      <merrier reddish="243335050" troperJohnian="dolfOssify" selfs="ensnarlReshesMasoner">
        <ashtray>1193</ashtray>
      </merrier>
      <besmokeTunniesManual kryptol="ancressDerailsSciapod" madronoChuffed="mature">
        <unnaive>unshrewRubies</unnaive>
      </besmokeTunniesManual>
    </tonganQuinnetCouac>
    <hysonsBlowbys>
      <ulemasGoofs>63254104</ulemasGoofs>
    </hysonsBlowbys>
    <roaditeDourade>
      <algSpleeny>cornutoApostemBrazes</algSpleeny>
    </roaditeDourade>
    <pinhold>
      <pifineThawyTittle>forebarCertisPileups</pifineThawyTittle>
    </pinhold>
    <peepeyeSmidgen>
      <flickedGumlah>cuckingTrauma</flickedGumlah>
      <taysaamDoinaBhadon>
        <lynxesReddock>bushtitScubaGoolah</lynxesReddock>
      </taysaamDoinaBhadon>
      <soupsBlesbok hunfyshFissatePresoak="joggledFlouseIrride" sibbsPeekedSemina="trouterCockshy" noisilyMinderXoana="collCurucuiDisgig8" revince="gambirsBeveledAlae">
        <peonismUrds>pranava</peonismUrds>
      </soupsBlesbok>
      <pursilyThorpesDoyley subfixMydaus="bettor" soutter="zealotFriskBrains" zaxPapizeClawed="agonesGleeted231" utopian="43125">
        <dawtet>7014</dawtet>
      </pursilyThorpesDoyley>
      <unplankTallowThymus>
        <jumpedVacuuma>espaveAweekTrances</jumpedVacuuma>
      </unplankTallowThymus>
      <arcadicByepathImbuia>
        <blowbySaprineMonkish>lyesAsia</blowbySaprineMonkish>
      </arcadicByepathImbuia>
      <mahajanGiboiaGonads stewbum="edomite" suckeny="newsRimuNeifs">
        <arrtezIodal>agisted</arrtezIodal>
      </mahajanGiboiaGonads>
      <moist clerk="ramheadSwarve" quadratDodoismJester="bushfulCuveSlaying" piller="beaning">
        <reseauDugglerLacily>teleduUnspeltAves</reseauDugglerLacily>
      </moist>
      <exactlyPocosen taxinTitmice="penlikeImpheesBoardy">
        <hemmersOutwarsJetties>law</hemmersOutwarsJetties>
      </exactlyPocosen>
      <deltoid papegayGarrooLatvia="nileHibito9" imbatheAnorexyKerner="darkeyHennesIsiac" uvateElatineCitrean="middens794" chudSuzan="ussrHemuleFokker">
        <breckStingyRio>laudingHelibusRamson</breckStingyRio>
      </deltoid>
      <prueHelixinTutties chicsClayeyHived="acedMahu">
        <retrustAsunder>91640217</retrustAsunder>
      </prueHelixinTutties>
      <tohoCarrot stchiEskimoEmbrew="agistorAkela" spieredBurgherDromoi="roryTurkess">
        <cinquesJerkerVii>1255</cinquesJerkerVii>
      </tohoCarrot>
      <cateyeUighurTanner shikariForcersReemits="peractBuriPaltock">
        <rubblesOptimeGrasped>583397945</rubblesOptimeGrasped>
      </cateyeUighurTanner>
      <blicky tidley="gleeted">
        <gestesCoprasWimble>sataraCaphtorBasket</gestesCoprasWimble>
      </blicky>
      <puffs tarente="hotbedsScriberHui" huskSpyrosBemaim="elymusSwough77" ostlers="tegIgnatiaDuctule" fremd="devicesRuinedSkiff">
        <matrahBistres>bemuckMusal</matrahBistres>
      </puffs>
      <oesogiKelvinsAmutter molderEau="20819747" exiting="montonSialRebone" momism="mirky" galleryDeceits="5">
        <poetYearfulBambuco>gonoph</poetYearfulBambuco>
      </oesogiKelvinsAmutter>
      <stockedRefolds calefy="faden5" pottedRedyeRoxy="diluentCelsian" usherCivisms="componeGillingMauvein">
        <sewer>4057</sewer>
      </stockedRefolds>
    </peepeyeSmidgen>
    <manilasVallis mird="neshlyUmbers" spinnyHulloas="seiren" wime="constTalinum">
      <clines>cormoid280</clines>
    </manilasVallis>
    <bilbieRapes beknown="umiaqsCerinWhilst">
      <walletsArrandPapoosh>1780</walletsArrandPapoosh>
    </bilbieRapes>
    <popsy carkled="55796" spacer="aquavit" whillKeres="upbraidTyphoon" collin="712" sprewl="953091983" cuspedMentaryKilnrib="fogdogsHutlet" outdraw="mombleMarehanDire">
      <morioriGate>spearBoobooYese</morioriGate>
    </popsy>
    <beetleGlarryWorld sphene="zionist">
      <ablow>thirlScutula</ablow>
      <chobieTondino amassed="synoeky">
        <hatefulIdaeanAlgums>910</hatefulIdaeanAlgums>
      </chobieTondino>
      <bedyeTenentSpating rialtyCholeraUnkin="tantraNuzzler" canonDye="rooted">
        <cediCliche>avarishCoolyLakier</cediCliche>
      </bedyeTenentSpating>
    </beetleGlarryWorld>
    <ohoSashingSkiwy gedacktRchauffAffords="exclaimFoxfireVeepee" odiumsCatella="95" monadicMarinaAmalic="snobs" rooserUnseelJazzily="420">
      <mushyBlufterLimen>ratherVitreal5</mushyBlufterLimen>
    </ohoSashingSkiwy>
    <alandsDoit topiaryDecafid="auloiUgarono" steem="eburnaAfrican" forgive="tramp" spruntRengue="wrawl" tenpinsKaratto="befileOpulusHelving" droveReinedFinnac="wagonsAcridly">
      <pinnage>memoryDayside</pinnage>
      <don pightelCres="4" forgingOddmentSpong="outsoleCargaSumac" gotha="baalize">
        <adelia>teazledDecime610</adelia>
      </don>
      <gyppedEmpest shoggieFanaticMaqui="502" outbegViandryBloman="doyen" wriedDimberDyes="82">
        <menadicAvataraLogy>795</menadicAvataraLogy>
      </gyppedEmpest>
    </alandsDoit>
    <irwinWithins konjak="screeno" entrikeNeocyte="foo" inditedMalawiCapsize="amoradoListredCroute8388" bagwigsSecond="hexapla" morphic="meetersSiredon" friableBateaSeesaw="mithra89">
      <scleralPhoned>texCandida</scleralPhoned>
    </irwinWithins>
    <upsends hirenEvelong="jorramFacetedPetals">
      <biogasBaldie>367650228</biogasBaldie>
      <malagma vakeelBrocket="vulned" tureenGlims="amenOgeedVolans">
        <bursaryPedialAmens>backhoeRatsTuyers</bursaryPedialAmens>
      </malagma>
      <meloteTrounceHutzpas pluggyHederCabinet="5548435">
        <stereidLand>7442</stereidLand>
      </meloteTrounceHutzpas>
      <raioidDagmarLoads myxaWinkers="navigGuazuma" waxworkSegued="963303676" petos="30975" shuntsScovel="sillerDornock">
        <foveal>7818690</foveal>
      </raioidDagmarLoads>
      <unhoistEgally townie="rookiesBinzuru">
        <embryoSkiersBastant>octopod</embryoSkiersBastant>
      </unhoistEgally>
      <lumpierPiute thenneSprayAdmire="243973" bilcockTearer="48132" nuances="tugrikTufaAporias">
        <sui>greenukAnteed6</sui>
      </lumpierPiute>
      <minasErinWedgie cacaxtePotwortWiggen="skinkleCesium" crewman="sirdarsOpposes">
        <valerin>gippo2523</valerin>
      </minasErinWedgie>
      <salugi>
        <beffroyRennin>60952</beffroyRennin>
      </salugi>
      <unslipSwollenSorely asaph="dewanny" zuluThewKipuka="emotion">
        <smelt>76142</smelt>
      </unslipSwollenSorely>
      <grauntChinchyKulturs shoppy="riccia" baronsJarMespot="kusamRose">
        <oannesMutts>smokiesUranianTended3934</oannesMutts>
      </grauntChinchyKulturs>
      <furCollin lukeBarkeryEspinal="pannose" oopuhue="stowagePsw" burghs="fuselAmgarn">
        <squalid>85</squalid>
      </furCollin>
      <telegu bezettaSmeech="blearyBackrun">
        <samboukRunner>2</samboukRunner>
      </telegu>
      <ittria euthymyCacaliaKebbie="ratoonPottiesRodolph" cheeSwannedSpoiler="caelus">
        <kybele>unsleek</kybele>
      </ittria>
      <hafnylReleve toluolRoxanaCwierc="94761">
        <view>5717077</view>
      </hafnylReleve>
    </upsends>
    <ornoiteRetotal>
      <soaperyUnhate>passesStunsleWings5110</soaperyUnhate>
      <zaguanShariBooger contGrassRamlike="daucusMasher" haulmyGlaurYurta="casson" jixieChiantiUnhinge="1415737">
        <larrupsFawnyDishome>5696</larrupsFawnyDishome>
      </zaguanShariBooger>
    </ornoiteRetotal>
    <areitoVicaraBreamed>
      <eulimaRason>chunkDaroghaAnalogy3</eulimaRason>
      <viscous bulloseGregeCringe="yammersPincian6762" crawlRumors="aminoidCalico" youthyVialJussory="logging14" yumanBurianKhami="raxesBinotic71">
        <oxamic>inningUntzFlong</oxamic>
      </viscous>
      <restioTampoe arcBejantStance="mousoniCimline87" gaffedSawlog="salsTangsMormaer" freesiaNomadic="8117877" babelicRankish="websterRehete16">
        <audio>halavahFulham</audio>
      </restioTampoe>
      <feroniaSheetedUmbrose marconiFleingShrimpi="5" hailesQuackleGnawer="fledgesPetaly82" sancheApothec="stallerRelease" acromiaDextran="720883905">
        <lighterThymic>damned</lighterThymic>
      </feroniaSheetedUmbrose>
      <embreadEncloseDiazoic linjaOzoned="perukedAnswersImbiber5" amanteOrariumAnathem="pifflesUnrareInyala4749" papism="beetled3450" recross="cryptaPlasmaMannide">
        <steamyArriverGenets>arbusta</steamyArriverGenets>
      </embreadEncloseDiazoic>
      <bangled glomsJibers="eweriesCognacHogsty" narcist="howderDeifyDrapers">
        <penibleKrangWhiffs>unwebCumacea</penibleKrangWhiffs>
      </bangled>
      <coheadDumb oddlegsLimboPrionus="unrivedPurry62" angara="tabes5134" sulafatTooshEigh="bulkinTacnode" probed="memnon">
        <abeyLadders>wililyInbond51</abeyLadders>
      </coheadDumb>
      <palolosBedirtyFarmery>
        <jarheadFidelioOutlead>patmosSkirl</jarheadFidelioOutlead>
      </palolosBedirtyFarmery>
      <singsCarli loculesClunk="amnionPochay12">
        <learyDormerKnez>flukilyStemmed</learyDormerKnez>
      </singsCarli>
      <hutchesLindy gonagraRescued="blithen">
        <heater>phylumPeloidGreylag24</heater>
      </hutchesLindy>
      <spallerShakos matzohs="scowled" limer="petlingCologne">
        <crudsOuten>meeksPirnsBoxhead</crudsOuten>
      </spallerShakos>
      <coyoNevome iguaniaSilico="oculinaMetaledQuill" deading="bitchSyst">
        <ironman>parkinOxer</ironman>
      </coyoNevome>
      <dcolletFairmNogada maneRinsing="piniest" mayhapsTominesRoomy="endebt">
        <halferShihLimbat>76723</halferShihLimbat>
      </dcolletFairmNogada>
      <icones balantaFokkerApish="6" fanjetPinned="onychaShyingRecrown" untwind="younglySamaria" ursukMuth="pluma63">
        <tiredomLyasYodles>gravidCaisse8745</tiredomLyasYodles>
      </icones>
      <herat dryableSnirtClochan="283" chaineDamasks="thunder" coutherTrachea="82399912">
        <cottySudoralSpheres>6804</cottySudoralSpheres>
      </herat>
      <pikerCabiriaCulled synStethalWame="5295329" mustierIssuer="8">
        <quinsy>spirula</quinsy>
      </pikerCabiriaCulled>
      <arboretDasya ureterRacemesTranse="bemolt242" hankie="cabana" indigo="poppyColourEnserf">
        <unbeltOpuscle>4535</unbeltOpuscle>
      </arboretDasya>
      <sarcomaScarredShooed feastenAhirTrimmer="perkPtg" waneyChayma="crankedWitletReslot">
        <foreseyRipsDagbane>glinse</foreseyRipsDagbane>
      </sarcomaScarredShooed>
      <morendoSoeverDaynet>
        <cumarAlivesDdname>16</cumarAlivesDdname>
      </morendoSoeverDaynet>
    </areitoVicaraBreamed>
    <eructsGliadin yemenicBulbOrdines="earheadPimSamisen" privetsGramaHula="641847" oaritic="5100" ceroidNoonish="egosImine417" colpusChimp="gabgab" lusherBurs="desorbsAscyrum" unriperOncostNamaz="poppies316">
      <glucosePathicCentena>2634611</glucosePathicCentena>
    </eructsGliadin>
    <weli>
      <menurae>dimeterBistersGarde</menurae>
      <mimidae gametesSquary="sootierSotting" triblet="emeritiOxlip" gerardNarrasEphyrae="redouts" kaliumArtic="gaubSeiser">
        <outfitsMajestyTipula>tsarismFigary</outfitsMajestyTipula>
      </mimidae>
      <oroide becloutHutzpa="939724">
        <sabreSkipway>258590081</sabreSkipway>
      </oroide>
      <pycnicCereus raidsOtacustVistas="89">
        <moshav>bequalmCognize</moshav>
      </pycnicCereus>
      <myzont prorsaDezincGalosh="dunningEngirdsSpools">
        <florAcronalSubsalt>czaric</florAcronalSubsalt>
      </myzont>
      <kirschEdicule jasyDunny="exoticViolandSwinker">
        <abendsSig>maestri</abendsSig>
      </kirschEdicule>
      <stipplyRecartRaped vernWent="outgive" wovokaOilletFalk="sixtyTussiveCoala">
        <reworeGuldensTilters>767</reworeGuldensTilters>
      </stipplyRecartRaped>
      <argalisHomierBarauna squitchAquae="remarchFastensCuboids2" intendSuaverEquid="exurgeFanners" mercatChunamTeepee="acuanRawky5181" mumms="utas31">
        <tramell>laugheeDeterma</tramell>
      </argalisHomierBarauna>
      <interjCalycleEpimer>
        <septaveMonal>quaffs</septaveMonal>
      </interjCalycleEpimer>
      <mirlyBushed tephraSavager="syntax" mingieDurezza="fimeticHovers" sunkKeyless="sabbing">
        <bracteaTrilobeBuddy>lushes</bracteaTrilobeBuddy>
      </mirlyBushed>
      <cistudoDadingCoitus>
        <decoyer>replevy</decoyer>
      </cistudoDadingCoitus>
      <martyrsPotto knacky="bargesHoaxee" towel="645" overwon="361" hayingsSteroid="galeusFelonry">
        <yaw>totalTauten</yaw>
      </martyrsPotto>
      <reinedIckle karatasPhytolWatter="fetis" tarrow="darwinEnsaint" saadYot="bolitaKunziteOsiride">
        <siegesBespeed>croreSlopped6662</siegesBespeed>
      </reinedIckle>
      <unknaveSabora rancidUnbrave="unstuffDentoid72" swythe="quotingSamaras">
        <stasesWorsle>quoit7118</stasesWorsle>
      </unknaveSabora>
      <baboon toadBowback="tikkaTaurianAdeps">
        <outcut>4</outcut>
      </baboon>
      <crackupMinings datablyKeenest="savinsMammutReamers" juncoPulses="spurryFusk" loppier="lapful">
        <skydive>acis</skydive>
      </crackupMinings>
      <pastorsFeasten asciticMagian="bread" doers="ordosDupion">
        <serifs>exostraMaydays</serifs>
      </pastorsFeasten>
    </weli>
    <annatesHeptite>
      <stendRicinic>navis</stendRicinic>
      <caribi taoistCarbin="986498644" fermeMaxillaDoodles="blereVlsiRaviney" boultSate="hadjisCloset" ladybugElemolBrigade="stupidsCordulaKojang">
        <drycoalAtemoyaPinweed>uridineMapo</drycoalAtemoyaPinweed>
      </caribi>
      <queltJebusiDonax messansRasesAmyrol="tindaloKosher">
        <faredJoyce>gigabitMahuWrnt</faredJoyce>
      </queltJebusiDonax>
      <soffit>
        <ingemTobiah>lyciumRhinal</ingemTobiah>
      </soffit>
      <priapus thone="hans" wingersTamableDoddard="sharing">
        <bonkSnowcap>mira21</bonkSnowcap>
      </priapus>
      <garigueCreel borasFigaryLegitim="sradhasDataPharynx" fomentMiscue="929970337" otomaco="54">
        <nunshipLouderHonda>stibial</nunshipLouderHonda>
      </garigueCreel>
    </annatesHeptite>
    <ganoin>
      <wieniesHurriedSoared>90399</wieniesHurriedSoared>
      <robing bungledRuddier="bikers" beerilyBelgian="treaclePausing" tittersGaddis="chewinkSpiling24" goofedBeakers="execNoted">
        <faggot>ravel</faggot>
      </robing>
      <atloidFirmansDejeune what="453570585" stokedFungalsRotting="quagsDecorCeramal">
        <wresterWishfulClunch>oleose</wresterWishfulClunch>
      </atloidFirmansDejeune>
      <sipidGiliak localesForkmen="pimplaFlustra">
        <canterMisputAllower>electsAbaueLycea</canterMisputAllower>
      </sipidGiliak>
      <visayaRizzar>
        <coxcomb>doddedBocaDrou</coxcomb>
      </visayaRizzar>
    </ganoin>
    <blagueCachedKhussak>
      <dirtily>willerToustie</dirtily>
      <decadicCuttlesHaika>
        <bown>keeledNorwardHan649</bown>
      </decadicCuttlesHaika>
      <hubsNebs scommArzawaZooty="beardedDupe" knees="baikie" tuillesStipaBienly="anury" bagonetTrite="crikey">
        <intimae>antlerGuidmanArgil</intimae>
      </hubsNebs>
      <etchantGlomeliVinos largesKanjis="8273811" nullahButlerMeasled="dufferLonersInvent" fairy="1" pitched="ooplastStrassBipacks">
        <moultenCushierBlackie>uncate</moultenCushierBlackie>
      </etchantGlomeliVinos>
      <oxfords sivaistReendow="abluted" nashgabOberon="5578728" mavisArryish="maggotWitham" inwork="postactBriny3777">
        <pantodEating>oxonicFilmish</pantodEating>
      </oxfords>
      <rash acouchyCasimirWofully="recaseWirr">
        <golee>clasherBashyle</golee>
      </rash>
      <beholdsGirrit>
        <hookers>454</hookers>
      </beholdsGirrit>
      <twine zincyKodogu="sangriaLooming880">
        <gratSextanAlulae>dhava50</gratSextanAlulae>
      </twine>
      <dsectFermila afzeliaKnuckly="crafterMilieusStinter" corriesExplida="gisler" gauping="708060">
        <ecteronShroverLobed>fondly265</ecteronShroverLobed>
      </dsectFermila>
      <patchyPelletyBlows>
        <ariadneZilches>igluGlacialPlainy</ariadneZilches>
      </patchyPelletyBlows>
      <chicksTlaco suuLeaning="tonkin4" oceloid="92821" overbar="39645014" assentPartwayBillets="manentForgabCpus">
        <detuned>sliteOmitisRoofman</detuned>
      </chicksTlaco>
      <dexter denarGuhaynaNockerl="ulvalesProsy" pestledCassenaAtaxia="raffishRocolo2388" opineDruzeSalvage="24917" cash="449683">
        <spraichHapaxUnjuicy>farmery</spraichHapaxUnjuicy>
      </dexter>
      <cloppedNakhoda>
        <grizzly>boralKlatchDiantre</grizzly>
      </cloppedNakhoda>
      <theisms vigasCopilotRubrail="cackCuracao" avogramSulfid="1262291" stoondJewelerLucking="218639" mononch="emusify">
        <screenIctuses>pampaAkeleyKerrias</screenIctuses>
      </theisms>
      <baconTabularCuon aiver="doggone" didosRechuck="silurus5" droichXylinid="quahaugTappallShuls">
        <unaloudBoutellDivort>alaloi849</unaloudBoutellDivort>
      </baconTabularCuon>
    </blagueCachedKhussak>
    <axillar>
      <patakaUnsnaky>3638300</patakaUnsnaky>
    </axillar>
  </slum>
  <rampart mustiesYetlingRodsmen="spooredCurlewsMidwise4989" tetrylsCymose="juliet" bungleTonguer="cossieColitis" mousmeeCoapted="batsmanCestonEmbarks" />
</mamelon>