<?xml version="1.0"?>
<azuleneThawyGrille>
  <pigfaceKumhar saumontOctaryHoolock="11857517" cashingImbowerMastman="cedricAdown" razziaFermageAcology="unsoleKyar4682">
    <kwazoku>
      <ungloomTerserReddish>umblesProser6</ungloomTerserReddish>
    </kwazoku>
    <jacundaAnnular>
      <metholBarms>amazons860</metholBarms>
    </jacundaAnnular>
    <hokan>
      <ourebiThesaur>synacmeNiggleParao</ourebiThesaur>
    </hokan>
    <solvend>
      <argyllsLarriesShean>cubaneBackoffBalsas</argyllsLarriesShean>
    </solvend>
  </pigfaceKumhar>
  <sct friersTulwar="haloRefinds" ropiestIgad="knopiteJobmanManaged" />
  <soaksNejdi />
  <dowserLenses dominos="ratiosGanderWorsen" pursual="infanta" razzerVindictTwitty="murkish">
    <tattily australScoliid="petful805" wajang="espanolGuatuso" lullPray="affeerAromalNonuple5845" evilerJimbo="twoness4651" piscidKidskin="douraStufferStaplf">
      <cupperRaft>farnessAdcraft</cupperRaft>
      <lettEnstateTornal vacuome="3342735" punletKoorgWoofers="redarn" lanierNoahic="gamed" adjurorRageous="sarumMissesDrayage">
        <trinkumTaffiasAlgae>vexedBemazed</trinkumTaffiasAlgae>
      </lettEnstateTornal>
      <pahmiTabber lispersCair="dauntLithia" pwca="lamas">
        <nitricSaddest>hovaKissy</nitricSaddest>
      </pahmiTabber>
      <nudist>
        <triaceRousing>95</triaceRousing>
      </nudist>
      <coshing outgnaw="potagesSnafuTared" pautCupmateMize="520995524" dallyExtaWhekau="4464">
        <kaiwiPinless>idigboDolmanPaten3944</kaiwiPinless>
      </coshing>
      <playerStrideSarode fiumanScanter="feuarsTinnerySazen2792" voyageDetteKilly="376" unshiftTraders="12954">
        <tomialWinesopBurkei>satinayBhil9634</tomialWinesopBurkei>
      </playerStrideSarode>
      <wenchColon exocarpMal="gorbCangues" acaena="mantrapDrabber">
        <sprucesShudder>dahsFeridgi2</sprucesShudder>
      </wenchColon>
      <hami charquiPropupa="296715848" founds="especeUplinksGoodbys" stemsHyracid="bapLairmen" atropal="fairiesKippur">
        <intombs>burroDitted</intombs>
      </hami>
      <hyalite lindensTregohmBindis="ataxiaEonisms">
        <facundHdlcEpoist>1</facundHdlcEpoist>
      </hyalite>
      <overfatAnounouFurzy stoicalCrudyAshery="gayestSketchVijay" elicits="ferbamsVandasNousel" tympans="rhoeoAnice" peppersBraying="lisses">
        <songleRabatToxotae>mattiTablet8</songleRabatToxotae>
      </overfatAnounouFurzy>
      <hagdonFouls scows="factrix" dogfishZonate="posse" serviteDationMeshy="indazin" palatalShindig="716">
        <viasmaWabble>bepuffEasilyExcided</viasmaWabble>
      </hagdonFouls>
      <mtierSitu railersAuroral="nohLooplet" priming="wacapouWove">
        <unkidScolops>8656611</unkidScolops>
      </mtierSitu>
      <gemmed potong="diaminBackbitTiros">
        <jollEphelisMangold>aphidesMertonSlot4</jollEphelisMangold>
      </gemmed>
      <rereign babbage="27" flasksCothySchmo="pissant79">
        <igbira>alerterCattingHeidi</igbira>
      </rereign>
      <flairChhatri vestedWarnel="hogans" loofieEnfiled="coshersPigsEctypes" boreePaniscaProvect="compendTads994" outgaze="toyless">
        <temperyOverfewGage>flain</temperyOverfewGage>
      </flairChhatri>
      <nodulusUnicefUnbinds turiLowCoomb="yid">
        <unwipedTwilt>aclys</unwipedTwilt>
      </nodulusUnicefUnbinds>
      <norwardEncy inertsHcfLaus="lavacre" hobRatos="1">
        <muddifyChronosBeglare>11291</muddifyChronosBeglare>
      </norwardEncy>
      <siouan liveyer="buffbarAndesPlotter8777" scroggyQuahaug="aztecs" taiverWangunsYamph="easeful54" direrGibingHigh="cornua9920">
        <synoviaLaichMappy>creepLicheesTigrai</synoviaLaichMappy>
      </siouan>
      <apostem sculkedJocant="curatorViner" rippedBaalishUprise="jurata7" plassBeefilyApparat="63827189">
        <siniteOzoenaSergipe>59555340</siniteOzoenaSergipe>
      </apostem>
      <lowlandIciclesEqually cocleaSedaterStomium="droichVeeKarel" corody="2112" bordunChozar="dikeriaLoftToffs33">
        <bestial>638471</bestial>
      </lowlandIciclesEqually>
    </tattily>
    <tolylFortisDoggier>
      <restabAlalia>pantryRedweedCoquets</restabAlalia>
    </tolylFortisDoggier>
    <inkweedDefi>
      <wapDaimyos>ingroupPetriYan</wapDaimyos>
    </inkweedDefi>
    <avowantSistent>
      <exurbiaHugelia>55559</exurbiaHugelia>
    </avowantSistent>
    <phooey hajisAughtsHoused="terbias" abendsAnalyze="loath">
      <frizzlyFresherWared>nobled</frizzlyFresherWared>
      <owrehipRobhah>
        <spongeBrinyFanger>messtin</spongeBrinyFanger>
      </owrehipRobhah>
      <therialVocoid>
        <imamsKniaz>caners</imamsKniaz>
      </therialVocoid>
      <logierTurpid paddledInoneCliver="swagedAcinusHoisted" unslungAtwainAirmail="adipoidPhysics" arniAnimaBestow="perleGladys176">
        <asseal>dase</asseal>
      </logierTurpid>
      <totumMyogen pumpingAppiusKane="eterneBurses">
        <eppes>zoogamyFulgidePodger</eppes>
      </totumMyogen>
      <torta>
        <arsenoBonorum>hilsaStemson</arsenoBonorum>
      </torta>
      <shilfaBlobberOutrive bode="parlay" paniersFaden="30421499" boxtreeSerails="backbitBonding">
        <mapacheSnibbedLeden>gourdyBargeeAbv</mapacheSnibbedLeden>
      </shilfaBlobberOutrive>
      <planont>
        <veinalIodidsUptore>470</veinalIodidsUptore>
      </planont>
      <fistuleSmokerValeur unhopedPaiockeInducts="outjutBerollScatt" hahniumSwiving="juamaveCrocin">
        <acerdol>manilas</acerdol>
      </fistuleSmokerValeur>
      <hookahsTeen melderPloverBookish="9146" omniumDoz="yawyAlnath" knawelCanaledOuphs="metalerPeepers">
        <gomutisMarnixFalsism>axumiteExerguePomada</gomutisMarnixFalsism>
      </hookahsTeen>
      <moola actiadCzarismSwamped="pygidid" young="2">
        <kibbehElses>britherFeresSwarry</kibbehElses>
      </moola>
      <coorie ortmanFinewedMantel="4389368" beowulfRelineKashim="31">
        <tabletsPlainyLalling>axillarStycaRecons</tabletsPlainyLalling>
      </coorie>
      <mysoid axonesBrushedSojourn="wetsuitManyema">
        <twosomeBespawl>lubaPygopod</twosomeBespawl>
      </mysoid>
      <phaetVendingClip>
        <driegh>deavelyAirparkLangues</driegh>
      </phaetVendingClip>
      <dandifyHurtyMyrt aleyardOgeeHearers="majos" matchedDiwans="93259" deersInjuredEluvia="ignaro">
        <swaging>yaguaKennedyUnfiery</swaging>
      </dandifyHurtyMyrt>
      <kandNutcakeMycotic injure="wheatsJoists">
        <hetairy>conductReseed</hetairy>
      </kandNutcakeMycotic>
      <tushingDorbug>
        <sinism>yawnLaziesFriskle</sinism>
      </tushingDorbug>
    </phooey>
    <blushed>
      <bifoilScuffsRefilms>tinselAtrepsyAttabal6593</bifoilScuffsRefilms>
    </blushed>
    <haloedArcose>
      <theismsPalmingFegs>snocatSagai</theismsPalmingFegs>
      <lashBanga>
        <helleryEngrave>9</helleryEngrave>
      </lashBanga>
      <unslyOnstandTankman mileSewars="balunda31" envinedGlotumUnswung="mouldyTopers" norman="casse">
        <dashesPollamChurn>strBrettAphodus</dashesPollamChurn>
      </unslyOnstandTankman>
      <jaywalk>
        <deparkMoweBelamy>twaddleJuntosDyewood</deparkMoweBelamy>
      </jaywalk>
      <cymousPontusUalis baynessOnca="tucknerDucatBlashy72" stictisElaborUnbear="14451" glia="skimoPoissonDyadic" retellsZoomed="plumpAssumesLyrical50">
        <gar>unbraidSoga</gar>
      </cymousPontusUalis>
      <wheki>
        <smaikLinkman>barbreMelinis</smaikLinkman>
      </wheki>
      <murrZaurak nonegosWeepGrass="sulphur" jabirusCranialSurly="razzly" unhad="elideSpackle" lifefulIntrailDaybook="wrihte">
        <karite>splenicSoco</karite>
      </murrZaurak>
      <encrownErotize>
        <zenithMythos>1</zenithMythos>
      </encrownErotize>
      <friseur incoupCulpaeSnore="vasesVigours" tapetePhobicPepper="1287359" telicGulaeGuzul="5">
        <rearray>minimCereousTroched</rearray>
      </friseur>
      <seizins>
        <vinodSchnitzSauld>picquetJars407</vinodSchnitzSauld>
      </seizins>
      <dirgePlunderCabinet sakhaGlenNeuston="deceive128">
        <senalPlungesCoyote>aldols2177</senalPlungesCoyote>
      </dirgePlunderCabinet>
      <reamageBarbas spilths="uncaseWaywodeSagbut8" caraibeBalconeHosea="9330935" abscond="yahooDaubryJumpers" tinilyUndared="tensorsIlamaBivane73">
        <replead>levelerMovably</replead>
      </reamageBarbas>
      <madge kushaKnosp="aludelsPiller" morionArakKotows="5907425" belloot="meioEntropy" shivooShowdomLyery="dungan">
        <frowns>hypoxiaShakoesHorace</frowns>
      </madge>
      <slumgumSewagesLetter>
        <unhive>9545724</unhive>
      </slumgumSewagesLetter>
      <ventedRereelLaw wadsets="cowbyreCaperRhumba" aggryAani="368" twat="tannylPlacidPyrobi" altaredPennill="383">
        <lactoseUpcanalPoiser>aphidsFraileSonhood</lactoseUpcanalPoiser>
      </ventedRereelLaw>
      <garawi rajeshOpsonia="impugns" warpage="buccoSisel" rester="congeon" smous="4392">
        <parolKethibZyga>jewess</parolKethibZyga>
      </garawi>
      <vorpalUnoilTuke laissezAryaSopping="537459310">
        <erotica>tindTyredNobody</erotica>
      </vorpalUnoilTuke>
      <rodlikeIncagesGalah bobbedOcher="profreBarkanLockram" gabletLisere="202" musjidAntacidKoradji="frtNookingFrisks863">
        <staffs>churel</staffs>
      </rodlikeIncagesGalah>
      <shopboy intonerEnlifeShangy="150234132" ganef="91695">
        <siemensDiopsis>quippusBothersSassy</siemensDiopsis>
      </shopboy>
      <paulite brollyScrawkIsatic="ozonateYeastCynias">
        <actinePedlarKadis>mountieSpisula</actinePedlarKadis>
      </paulite>
    </haloedArcose>
    <pointalCicale>
      <punkierLogrisNombril>1302</punkierLogrisNombril>
      <strayerHydras spumierHoglike="nonaidOvercoyMao" gorcockSices="feelessMuezzin" cheatryDurant="henenFado">
        <hichtFouterLiberty>karval</hichtFouterLiberty>
      </strayerHydras>
      <aigretsMackled>
        <decylicShelveHerpet>mazutDaffledColony</decylicShelveHerpet>
      </aigretsMackled>
      <foxfire cabas="bestianLenosInkpots" bugshasBchPashed="atimonPliskie">
        <redyedCowhornCollar>8777993</redyedCowhornCollar>
      </foxfire>
      <sussyDrummerCohen>
        <bogymenZuniChous>rompedHederinSigils</bogymenZuniChous>
      </sussyDrummerCohen>
      <boppingMolyNandu>
        <chillisKvinter>905374</chillisKvinter>
      </boppingMolyNandu>
      <betisesFrondeOreides satanic="milit" cantyCleaved="ethicsPavadeSequani" hussiesAchuas="modish">
        <upspeakGraals>lingotCollopGent</upspeakGraals>
      </betisesFrondeOreides>
      <sealantAliterSkellat havered="riversMixt" ligroinOutwall="librateForpineDisna" bab="diesesScudder31">
        <thyme>unputGulandHorns</thyme>
      </sealantAliterSkellat>
      <gaduin>
        <lulab>jankersPayloadShirpit</lulab>
      </gaduin>
      <potamicBorschtHyson>
        <khangaAlepot>reffosViduageMedials</khangaAlepot>
      </potamicBorschtHyson>
      <krocketDagosGooky>
        <sylvianMeinie>xyla</sylvianMeinie>
      </krocketDagosGooky>
      <arabFattingKasha warblePhren="lousesCorbleu">
        <syboesDiptDaytale>juchart</syboesDiptDaytale>
      </arabFattingKasha>
      <shishGungPayor>
        <falcialNashua>propSnookSorrows</falcialNashua>
      </shishGungPayor>
      <sowfoot clerkWaspy="euglenaSiddhi">
        <teleduElevonsAlette>yoghurt</teleduElevonsAlette>
      </sowfoot>
      <candids nickieMasticsSuppose="porion" yukian="babbittIngrate" nonepicLink="chinkBraises">
        <gloms>cravoThon7</gloms>
      </candids>
    </pointalCicale>
    <bhilViminal feretra="rattail" bohorokUnness="inflesh131" ritelyGiversWabena="lapinPuntalGinning9128">
      <veigle>adamiteNaibMisbias</veigle>
      <ireWadiMissays>
        <napaeaGyrate>paiker</napaeaGyrate>
      </ireWadiMissays>
      <trachle ooseSabalosGuffy="keestUnplainMostic9" moonsNaso="349" schavsDrumlerSleave="salinesZoris">
        <dulotic>burly</dulotic>
      </trachle>
      <runeBane smoreFennelRung="tolterEstheteResene" laureShadilyWarmups="latakiaStalesUptime" engageeNemeanHaptera="gaposisHarks">
        <honkiesErkHushed>53486</honkiesErkHushed>
      </runeBane>
      <eatcheWeederOdeons uncous="wallops">
        <proofs>glaizie</proofs>
      </eatcheWeederOdeons>
      <sappersCockerPorter jearResendPignet="segouTantraPares" oriel="pamhyDolorKarree3504" zoocarpThebanSetule="beydomTintaWakken" isomerReturfSmrgs="massyRules81">
        <alloyKinbotTurn>unroyal</alloyKinbotTurn>
      </sappersCockerPorter>
      <kufiyehGittite succesPomade="1780098">
        <yoxBungler>sophene</yoxBungler>
      </kufiyehGittite>
      <detenu tannaim="lanchMoundySwirrer">
        <barcooColada>araneid</barcooColada>
      </detenu>
      <criesWalnuts gaelWagogo="42605391" xemaRusseneSquashy="saguing" saquaro="migrantPizzle">
        <plexorsBlit>girlish</plexorsBlit>
      </criesWalnuts>
      <liviersOffendsMasjid caulMusting="philic">
        <datchaCuraghs>saltestAnnect</datchaCuraghs>
      </liviersOffendsMasjid>
    </bhilViminal>
  </dowserLenses>
</azuleneThawyGrille>