<?xml version="1.0"?>
<somitesNonagon>
  <raggil />
  <magiricDialersJessur />
  <kloesse guising="filletLustresBanyai" scarer="723114638" angliaePajamaNewing="wasnZurliteJarbird" />
  <citersShelvyDeflea velars="1827" cloghad="same">
    <amorpha outflowEmbosom="75915149" schepel="1301" adinCoosersBummler="aiawong377">
      <saluteDoncyBrawled>unyokedSculp</saluteDoncyBrawled>
    </amorpha>
    <virousFlyleaf>
      <saltaryVigor>pifineSuccub</saltaryVigor>
      <cymaEncloakRowport ecouteMyopic="rontgenBeparchBunyip">
        <dekesKilerg>shoppes2782</dekesKilerg>
      </cymaEncloakRowport>
      <joshersIncages bertieTradeKashas="roadbedMannideEmbain" chid="lavesMenkind">
        <kumrahRombos>395869726</kumrahRombos>
      </joshersIncages>
      <awreakDptScintil>
        <uprightMeaconUnhated>8</uprightMeaconUnhated>
      </awreakDptScintil>
      <salten>
        <foragedBergamo>6</foragedBergamo>
      </salten>
      <verutaPlatypi titbitsStigmesAnemone="rimoseNieces" effordChacunHinders="decuryLetheSystem">
        <newborn>40</newborn>
      </verutaPlatypi>
      <jejune>
        <spooksOffbeatHersall>loofieMyodes</spooksOffbeatHersall>
      </jejune>
      <phenylsTombic mourneHydroa="preciso">
        <overtip>yank7437</overtip>
      </phenylsTombic>
      <eulimaCopen klavierPattedJujuist="artaba" sudsyDiaxialWonton="brelawMatax">
        <willierPontonLetters>zestingStroyerAbattu</willierPontonLetters>
      </eulimaCopen>
      <aitis empaledFeezes="presumeReiner">
        <erysibeBrays>barakaAiwanAition</erysibeBrays>
      </aitis>
      <ginglmiGulsSuzy abbasStevanUrb="samsienLictors" kosoInphase="beammanDhoty6" replace="unburyBedeneTurkic">
        <whalpTainoBaccae>vaguishAnilTumuli</whalpTainoBaccae>
      </ginglmiGulsSuzy>
      <fingers togger="41" basaltsKlongSecpars="antonioPikers" upbar="oceania">
        <amblingWekiWilley>bigotryHenbillDansy</amblingWekiWilley>
      </fingers>
      <vampyre bandeauSealantEnamors="booliesTindalo445" humettyTrucked="pilgerFellingAbadia" demoid="hylaBogland" asseour="howksEmbrica">
        <kafaHarmedRheums>numpRewed</kafaHarmedRheums>
      </vampyre>
      <rigodonKosalanCarven>
        <pearletSteeledLexia>77342623</pearletSteeledLexia>
      </rigodonKosalanCarven>
    </virousFlyleaf>
    <perused>
      <fusible>matadorStrapNam</fusible>
    </perused>
    <hoeful>
      <lammingPuncherSappho>unhiveSuaver</lammingPuncherSappho>
    </hoeful>
    <tensoConrail>
      <cantata>metadSpot</cantata>
    </tensoConrail>
    <swellyStrawerBrigand nutcase="areca" cerciScobMyrtol="codex" stalkoMuddier="mandoraUnnovel" cagit="porker" suretyQtoRhizine="crockyUswTeaser">
      <biretta>gravida3783</biretta>
      <sogerTrampedGrama>
        <tiptoedCommise>eskarsDesigns</tiptoedCommise>
      </sogerTrampedGrama>
      <scun sabreurMedium="7699667">
        <shorter>thouingYuanPuntel</shorter>
      </scun>
      <mystaxTorcelOchres gulches="nagginRooses7" dadasCedarPasear="teentsyMirzas" celebsBulls="misfareSubact" unfacedUpstood="weenieCreaser1">
        <coachy>yappishBayishShack</coachy>
      </mystaxTorcelOchres>
      <plainedDevils>
        <weentCupheaHerbal>tidifeRevest29</weentCupheaHerbal>
      </plainedDevils>
      <stembok fila="3727" stencil="zeds">
        <juggerEstuant>biosomeSoftly</juggerEstuant>
      </stembok>
      <oxtailTrisomyBarged sillier="otologyTapling" zoomDogiesBurrock="9448">
        <citralsPatriaeRout>talpidLinden8547</citralsPatriaeRout>
      </oxtailTrisomyBarged>
      <isotome hempReeds="draff">
        <cortinKhadiTautaug>nestyMucaro2286</cortinKhadiTautaug>
      </isotome>
      <spedOweSterin>
        <dimeric>tibicenElegiacPrecopy</dimeric>
      </spedOweSterin>
      <akawaiJestJolter sacrateRannel="whisson" glaucin="goofExhaustZanyish" gliomasOdorantSiricid="8902" maistsAmarnaKoussos="keslepEmunge">
        <fugient>bywordsPapioPondman</fugient>
      </akawaiJestJolter>
      <platineSortlyDks corvoScalenaHooly="14281">
        <rhenicMartingFucosan>thirlsLedgetInbuilt</rhenicMartingFucosan>
      </platineSortlyDks>
      <fapesmoWoodboxTeather studite="polka" lancingAgadicRamal="26579" incitedClarifySnib="tringleBalboa" aristasPudderJubardy="pobbyIdolous658">
        <outrang>frwyRudasZoogene</outrang>
      </fapesmoWoodboxTeather>
      <bestirMide expremeEpicure="tattier" monimiaAmpsLanioid="zaffirBorzois" oilcakeClavae="unholy">
        <insofar>widowedSizable</insofar>
      </bestirMide>
      <shears ebulus="ragbolt" venomerFeerie="danliRoseola" rotalPokeyNeorama="dinkumUnpliedFictil887">
        <rainoutJudoka>layersAfacing</rainoutJudoka>
      </shears>
      <pagans redbay="hairedBeprose879" unpilesFalisciGryllid="chudeSephira" rev="vicinePokyOpiane" wanruly="perry">
        <gellert>kimchiRekick</gellert>
      </pagans>
      <feudedPokeysPig>
        <rusCymbal>skiviePygopusChappe</rusCymbal>
      </feudedPokeysPig>
    </swellyStrawerBrigand>
    <torsade outwornWejackUnawed="quicklyCeriph68" toheroa="dollieInerm76" bidiBigotsGirrit="baylikeEvict" tannestTush="796328" stacyDevalue="woodcoc47">
      <lipasePropelsBraxies>ouakariPlenumAdoors</lipasePropelsBraxies>
      <gerbeSowins fetesGalla="sinonCrowd" phoenix="8" uplayPlanateThob="unstaidEnsuedStrewth" maritiReesleInflect="paillesRichtVigas">
        <pileupBlinder>gliskSpyerUnhorse</pileupBlinder>
      </gerbeSowins>
      <dunged editedZanella="parenCradlesBourout" sijill="geekUnvisor9">
        <pumpleKopeksHormos>9331</pumpleKopeksHormos>
      </dunged>
      <sedersAllbone>
        <urtica>loglog98</urtica>
      </sedersAllbone>
      <epic jazzilyDyspnoiEffuso="spurtedBlashyRode" drooled="witches" rejoneoWarbledDimming="taboredThorax" cappedCurari="ayuPoutful">
        <cowedly>daggar</cowedly>
      </epic>
      <areolesTwangle coopted="shoranAlachah" inwardsThaveAporose="lippenGlynn">
        <gleansSaucery>rollmanHidlinsSnaws</gleansSaucery>
      </areolesTwangle>
      <trewsNogs insure="screamHuzzaedNonsked" cowbellNucule="evulse" kukriArienzo="baleteStirkMeshier" tungosFrittPeperek="titlingSmoutPerdues">
        <sulfur>paleolaTakosis</sulfur>
      </trewsNogs>
      <mansionOpineSpalled valsoidAcousma="pluma" huntleyCordaxEyed="bibelotWainfulTolan" triplex="essHermitHonker">
        <unrunUnnovel>50701835</unrunUnnovel>
      </mansionOpineSpalled>
      <blots>
        <trojansRedoxesLesbian>subduesCramperBersil</trojansRedoxesLesbian>
      </blots>
      <secundCos trucksSorelyPose="523" mugwortCobbly="3792426" spectrePelon="2" precurePogonia="loligo5422">
        <huurder>98789</huurder>
      </secundCos>
      <buckeenPiled firmanFrock="judasCocoach" hearseVedantaHodad="negligeDoloresBrevit" frazedDeashArenas="pulsingIsaac78" ephetaeFens="othelloPerauMood8103">
        <moulSamsara>hespel</moulSamsara>
      </buckeenPiled>
      <penship ignoreDoriesCleruch="67184989">
        <kiddierBlunge>eskuaraJubili</kiddierBlunge>
      </penship>
      <gowdieAraribaTievine>
        <croneWiggish>hottle5</croneWiggish>
      </gowdieAraribaTievine>
      <falunPellar valetaJoycean="libQuantalRelace" neronicTate="48905325">
        <harriedDecays>2837</harriedDecays>
      </falunPellar>
    </torsade>
    <uskara alomaWipeout="swagingArcheusUreic" elysiaBiceBarotse="farfelTriflyScalt3194" coosersCokeney="burrah7" unfrees="gadman" readiesDjaveBridges="cowardsFanger">
      <craziesSoriticObis>zorisAlives</craziesSoriticObis>
    </uskara>
    <tarocco unionsGrough="rheicKaloDeflect" benjyTrepan="fino" teraisWhaurPigment="61" diadromArced="incrept1">
      <bests>anonyms7</bests>
      <bagnios crafty="olfacty" warrerMystaxAkinete="shroffsPicidae" retotal="7525" racier="antiq">
        <dillueGallonStret>96306</dillueGallonStret>
      </bagnios>
      <clumberOvertly dericBetoyan="29840" hopvine="colugosWorshipSweens" dalis="liquifyKavassVss" jinniesEnodalAttaste="orendaSquared">
        <nesterAlbedosAddrest>adoredRouen3792</nesterAlbedosAddrest>
      </clumberOvertly>
      <fusels maireCousinGuinde="brakesAdozeShangy" hanking="viersProms" tontoJackmenAntling="oculliAdvects">
        <lampron>nritta</lampron>
      </fusels>
      <umiaksInsetsHrs whistlySuffect="detente" deadlyNoblestJakob="ipmGigmanMozarab52" vermian="harkingAdvectsTalthib" armingYipsPeskier="100597390">
        <wethersShirredFund>3677848</wethersShirredFund>
      </umiaksInsetsHrs>
      <filcherTummed derham="semouleSootishTeopans" scrimMousle="knopperSlew" cacklerPariansFodient="grinDejecta">
        <seepier>retene7</seepier>
      </filcherTummed>
      <eses fugateFirths="ceroHolliesCrypted" lakishNetherYente="shockedTotoabaKeg">
        <upfloatAssizedPacking>dallop</upfloatAssizedPacking>
      </eses>
      <catsos>
        <sackbagSudorsArchlet>radixCobaea11</sackbagSudorsArchlet>
      </catsos>
      <klepticLumeterAtonics dodderyClimath="eastlinMactraOversow" talonedAgoutiChubs="6631" booniesVatican="45416">
        <sturtinTaxor>anattaBeloamPolypus</sturtinTaxor>
      </klepticLumeterAtonics>
    </tarocco>
    <nopalryBemoultTartana>
      <anally>incagesYawy</anally>
      <mokihiEssed>
        <lucencyOusteePunchy>prearms14</lucencyOusteePunchy>
      </mokihiEssed>
    </nopalryBemoultTartana>
    <muzzCumacea clickedMoriori="kopjesIdlesetKhanate9213" diceboxBeddingSpumose="clichedAutarchDargo">
      <aviateLadykinGamone>pixy</aviateLadykinGamone>
    </muzzCumacea>
    <unlathOutkissVariers hazily="ferrary" stapScapha="amutterInfamedMomus" acarus="unicistVirge" bassine="tikiFingal" vickie="viageOldest" kahawaiVolataPlasson="79" rabbinsGoodbysFallway="scrog">
      <andron>shah</andron>
    </unlathOutkissVariers>
    <bassesCharmed clapper="laveer">
      <chwana>jewelerBaklawa</chwana>
    </bassesCharmed>
    <peateryGoyana trapishJiffle="tacoma9277">
      <freddyEducts>winning</freddyEducts>
      <soriticGigantSickish yuckerEuscaroGongman="epikeiaDroppyConfabs">
        <dentinsJeersSatable>corsetDogearsCannoli309</dentinsJeersSatable>
      </soriticGigantSickish>
      <malmyMumjuma enginesChang="pinolinMyricin" grimierDoesnt="3701871">
        <amelet>cutlas</amelet>
      </malmyMumjuma>
      <subpart rewash="rippler" cravatAvicideSympus="nailersCoquets" cyprus="arraignSpacersBanco">
        <boundAgeable>nurl</boundAgeable>
      </subpart>
      <lakatoi galoshEburin="ticunanWaney" farlViningNarcs="kues" anhinga="noteUnfrizz">
        <xylateAuletic>soyas</xylateAuletic>
      </lakatoi>
      <glirine>
        <pom>ratably</pom>
      </glirine>
      <abuccoGurgleMetrify manned="sarongsClubdomGawain" insistsCockly="5351006" outtell="trigoMakara" chinas="deduit">
        <pelure>2093574</pelure>
      </abuccoGurgleMetrify>
      <talloteGarner novasAndrewShogun="anopiaDaiseeSpeered9" slather="5792398">
        <pedicleLampfulJugful>petitPropylsLewie</pedicleLampfulJugful>
      </talloteGarner>
      <demiowlAldideEpulo inarmedSeem="richens" victorsCornetBunger="263095" scavageShoderAbutter="steevesLepalStibial">
        <corridoCoaptGirn>cladus</corridoCoaptGirn>
      </demiowlAldideEpulo>
      <nydia alogy="elytrum">
        <dirhamsSovkhoz>myronic6511</dirhamsSovkhoz>
      </nydia>
      <mashlinCrareEdaphon lamparaGayishCanch="refletsRoeneng" caloricTakarZoeform="mhzShiesAnted">
        <goonchDewtryBromide>7</goonchDewtryBromide>
      </mashlinCrareEdaphon>
      <exodermSuent epikiaLonhynSitient="wildsNiddick" bosket="chicaneKagosAtonies" kareau="bostalZutugil" kiltyArghanPlovery="arctian">
        <bovidaeMols>joyrideEerierGybes94</bovidaeMols>
      </exodermSuent>
      <showKojimaAllyls tangumExcerptLackeys="86272138" whys="teasingDallesTerces" afreets="ellinge">
        <bright>mambuIciclesCyclo2919</bright>
      </showKojimaAllyls>
      <spyhole laksaRiddler="40" swingePiaffer="myosote" recostDetinueFolily="cermet" gunj="80">
        <muzo>sizzardSearch</muzo>
      </spyhole>
      <baregesLimbie ickerHennasSeymour="whitely" cliversRosine="chayoteSubjack" mosesSportlyLadik="repkie308" gaultSudden="chittakHalaka">
        <scootHot>myrtus</scootHot>
      </baregesLimbie>
    </peateryGoyana>
    <sleeted ostryaGinnierIngesta="dzerenGuzerat" snurtZeatinLuganda="morsureDeride" honks="haltersLesses">
      <rubaboo>ephete</rubaboo>
    </sleeted>
    <pursueCardialOedemas kidsmanDjin="faraon" regaled="wofullySonatasArkoses">
      <whiskey>775</whiskey>
    </pursueCardialOedemas>
    <benbenClift maundEmbathe="amiSurer" scenaCooping="oozoa913" notitia="loadsExxon" grits="mediadAfflict" zythia="33" acumble="jirgaBelloot" uremicAmusedAnality="yourselVallary39">
      <yogist>chalehsMammut521</yogist>
    </benbenClift>
    <chalcusWeddedKitlope>
      <questsObvious>47</questsObvious>
      <strawer apexes="65671533" arshinsHampers="knelledFiculaOraria" fridgeUnannex="cierzoMucosaBaloney" menadic="argiope">
        <aulosCrew>7</aulosCrew>
      </strawer>
      <lovagesIsopodaReliver baregesCheques="gadid2178">
        <jawline>wide1</jawline>
      </lovagesIsopodaReliver>
    </chalcusWeddedKitlope>
  </citersShelvyDeflea>
  <rolloDuiBeta />
  <dorminClime suganTarwoodFogeys="soakmanHiper">
    <fconv cynismGhetto="doigtYerksPlaice" surnounTheave="5" sublidFlockyKepping="160941" apeek="ingenit" dsriKabalas="slagmanUgsome222" macer="77657">
      <kyathoiAcronicBasos>416946408</kyathoiAcronicBasos>
      <ballotsGalilee thief="torts">
        <mellitaBaskedCotted>musquawMoundedDynamis</mellitaBaskedCotted>
      </ballotsGalilee>
      <dazes claithSlender="20" lump="towpathAmueixaRosetty3">
        <laudersInsanePalet>titferSveltShod8</laudersInsanePalet>
      </dazes>
      <lorcha>
        <mayfish>680</mayfish>
      </lorcha>
      <loydTroppoExcyst caviyaTraits="weariesBerhyme" barbita="reletsDingingUproute7836" leisZoologyRazzing="calymmaSerials">
        <primoQiviutsSulfurs>mundalSkatiku</primoQiviutsSulfurs>
      </loydTroppoExcyst>
    </fconv>
    <pipeful>
      <punted>gousty</punted>
      <inearth hexeneSquamaUnably="atonyMesialAlpacas">
        <elve>2411179</elve>
      </inearth>
      <gadflyStowedBuboes khankah="umbranaRipedMaccus">
        <papuansTarpons>soudgeDebater</papuansTarpons>
      </gadflyStowedBuboes>
      <kthibhSavorsEikon rhotic="spyship" fizzierBleuGaggle="wilter" lough="crull" bore="toluols">
        <judoistSextile>darters</judoistSextile>
      </kthibhSavorsEikon>
      <polaranViable sunbeltGuttule="bridgesEngage" jugglesBowlfulWanters="retardSitellaUnfeel">
        <laity>metonym</laity>
      </polaranViable>
      <woof cururosCoppers="simitarRentes">
        <koph>819255468</koph>
      </woof>
      <waacGard rawhideShivah="pygmies">
        <skuasLignite>evodiaAuctarySpoffle</skuasLignite>
      </waacGard>
      <howdyScutesStaun>
        <mymarMyrtal>trompesFrislet584</mymarMyrtal>
      </howdyScutesStaun>
      <turrCaunos sulphidAshcake="baluchi1501" shillyAtticDamnify="873292557" byssiEggers="mudraPriersTorrent">
        <haidukGnosticWhangee>dock</haidukGnosticWhangee>
      </turrCaunos>
      <criddleHough assethDidler="sissuMbaya" shadineSubsoilPumicer="eliteQuoiterTubs">
        <shawledDunitesErron>dewaxLot</shawledDunitesErron>
      </criddleHough>
      <pyoidIssei fraseraGrike="helena81" meetsCuspingGyp="thebainDotages" honkeySaddens="94" cadwell="toneticNeurale">
        <hubbEyelid>477871591</hubbEyelid>
      </pyoidIssei>
      <indolsBlesser margeHatredLushei="31884804" intransPfdScarfs="mlxLukeNeuston4" eaverEuasterHeling="prakashToaSchuss" cushaw="oglers">
        <clodderIcicle>arts</clodderIcicle>
      </indolsBlesser>
      <nohArgonon mandrin="sornedHasheryMyoneme" ungraftAscenceMowha="spilths">
        <fallingRicky>isotac</fallingRicky>
      </nohArgonon>
      <safrolGloby telsons="chirms" shutsTalesJackie="soreWadding" tenchVeinuleThrap="glandsFeretra" mahal="dautingBushingErminee">
        <benne>aiawong</benne>
      </safrolGloby>
      <jehusAmoyese>
        <livenerMonkeyMom>5</livenerMonkeyMom>
      </jehusAmoyese>
    </pipeful>
    <pontineFondedEthmoid>
      <amotionWhatnaPeewits>changsLithifyUnnaked</amotionWhatnaPeewits>
    </pontineFondedEthmoid>
    <farsetOvenedThiasus>
      <eques>kingdomHealing9</eques>
    </farsetOvenedThiasus>
    <adddaGelds>
      <infectsWetbird>612</infectsWetbird>
    </adddaGelds>
    <iboLamna ureasesFascist="20">
      <grylliEducive>siltageFolder</grylliEducive>
      <agley>
        <abscondVerse>notselfPatricoSospita</abscondVerse>
      </agley>
      <pinwormHilsa unscrew="spary31" denyerMercers="unleadsWires" cerata="horsierKokil" hedeomaShewFactual="7528">
        <tapirsThorias>plumper903</tapirsThorias>
      </pinwormHilsa>
      <paisano>
        <harvey>unwarnCotans6439</harvey>
      </paisano>
      <kasbeke bossboyAudileMuslins="tinePitmark701">
        <jawanFrislet>burrersHaffit</jawanFrislet>
      </kasbeke>
      <neednKinkerHotkey fellen="beslowLastexManaism">
        <autarkyScutes>ceroLoobies97</autarkyScutes>
      </neednKinkerHotkey>
      <outcrowCleePlough bares="nanismFeudary">
        <fogonHotbedsPodeon>ortiga</fogonHotbedsPodeon>
      </outcrowCleePlough>
      <pyrolaSinapinLiason>
        <herdboyZunyiteBatable>598</herdboyZunyiteBatable>
      </pyrolaSinapinLiason>
      <heighTryst>
        <linten>flockedRaverPanna</linten>
      </heighTryst>
      <pouncesTalliedCairo decrierHulwortBedip="grinds" impedeGassesMoonlet="voust" maypop="peasyWaffs4781">
        <misdone>marsesTapoa</misdone>
      </pouncesTalliedCairo>
      <lignumClunterAwait lyciumSoueak="keckingCoastal" idionHeinies="tuftilyPollistSinned9779" picnicsOuijaDumpled="regripArsacidRentier7">
        <unskinSpousesGratten>edibleNanitic</unskinSpousesGratten>
      </lignumClunterAwait>
      <tilaks incedeLaton="1" runnelBiopsic="roun" lifeful="adonia" spandex="baggerChairedMoorish">
        <octopi>cubanePrakrit47</octopi>
      </tilaks>
      <fatalsLeis bideneQindars="merfoldAbraxas">
        <mooniePennineHilloas>paraphs</mooniePennineHilloas>
      </fatalsLeis>
    </iboLamna>
    <unsatinThenars quinaRosoli="19987698" beadeyeLyricsYestern="reback" lienal="chuhra">
      <lobulus>guddledBaumierOblate</lobulus>
    </unsatinThenars>
    <butyneOolliesTapu>
      <mahatma>glycin</mahatma>
      <mickiesFleecesTade>
        <deys>sidingPrankKiaughs74</deys>
      </mickiesFleecesTade>
      <touseOndingLived sorbile="restockAntlers" issued="chequerStubbSanctum" mattockAcronymTipe="depthAmuzzle" sittingUntracePlainly="7060785">
        <cixoNugify>ephydraEstuateAmines</cixoNugify>
      </touseOndingLived>
      <sitta pondyLattinsEpilogs="ocaGoos" drumlyTramelsCtenoid="archerExurgePeeved" cassava="visiteePrecystWhelve" danaineJunctlyBruke="freezyPoohs">
        <dearthsDamoselGuttier>593027082</dearthsDamoselGuttier>
      </sitta>
      <waygangMopeyUrning spun="785" mouilleCoulureQuaffer="putsMescals7785" septaBritApandry="lingers76">
        <boxfulBetossAbdest>ariderCohortsOrth5</boxfulBetossAbdest>
      </waygangMopeyUrning>
      <ungullUralic satiateHyenoid="formoseOdeCermet">
        <supvrAdipomaTooled>8</supvrAdipomaTooled>
      </ungullUralic>
      <cocoas>
        <oppidumUnmoved>chogaRclamePelade</oppidumUnmoved>
      </cocoas>
      <slitchMophead tamaroaTilingsPedary="moebleHastate" wallon="bastard2118" reroofHawknutNimiety="oversotRosinServant">
        <thymine>lowererPitta</thymine>
      </slitchMophead>
      <hoggHolmCoigny outbarPatents="picsAbay" shopboyUncribLapith="janapumBraidedChicks">
        <shames>loyn</shames>
      </hoggHolmCoigny>
      <hearsSozly cornetUnsteel="earacheAblaze" himpleMerryTaiver="natchez" whaps="dampenInfixesSookie76">
        <dresser>35403822</dresser>
      </hearsSozly>
      <tidling bogueFlyteJereeds="sayyidsBodoni" dioonEmpiresGarten="67688" puppetHydrate="26694" zanza="overlax">
        <tressyBabkasTweeny>gogglyBiogens</tressyBabkasTweeny>
      </tidling>
      <ramilieFaresEchoers joint="jazzyPropMtscmd">
        <kuri>229323533</kuri>
      </ramilieFaresEchoers>
      <inweave larryClasher="blains" mytholFundalMantlet="trumperUpwellBonds" surfy="cosmism" babiSamel="meerCurchefRowting9">
        <speak>407122</speak>
      </inweave>
      <pinyonDungy>
        <uang>speen1124</uang>
      </pinyonDungy>
      <glasses cortileOnetheBurdash="huffRugateTinhorn" tootMossingGuereza="quashee">
        <nuancedRepure>fakers108</nuancedRepure>
      </glasses>
    </butyneOolliesTapu>
    <haverer>
      <colludeOoftish>midstsLlautu940</colludeOoftish>
      <westers deraignTicerVerd="kernsOuthurl">
        <norlandPuggiGuester>5121</norlandPuggiGuester>
      </westers>
      <bisectApoiseBeadily numbersEmblemsScent="rocSulkNags">
        <thortGrossPlatane>meridie</thortGrossPlatane>
      </bisectApoiseBeadily>
      <faulds>
        <shoeingCrones>greatly</shoeingCrones>
      </faulds>
      <limesTussurs aquerneMogo="ethnal" begetsSpittle="badiousHamulus406">
        <order>galerumNascentChauri260</order>
      </limesTussurs>
      <kercher>
        <ficoesBeecher>5423559</ficoesBeecher>
      </kercher>
      <monofilUnstuckLangret bardie="calpulFurzesLooey" mahaleb="wetbackScoriaeIsoamid">
        <frijolMangyanTarve>shedder</frijolMangyanTarve>
      </monofilUnstuckLangret>
      <punaiseChetive idyler="yokuts" caddied="rebuild" hacker="377577043">
        <cajonSchisms>stolidGarners</cajonSchisms>
      </punaiseChetive>
    </haverer>
    <tagalSpited>
      <cumin>repayedAntra</cumin>
      <circar schmelz="ovendryHolpenExplode" batta="sextuorPilaued">
        <manures>drooledCopperyBugbane</manures>
      </circar>
      <picadorFedia>
        <floss>hallotWhamsTipura220</floss>
      </picadorFedia>
      <quinine stamperBumpier="reboneLungerSmoked" unegalRecoupsHaymish="8" uvella="6" foments="justles">
        <birded>oozed</birded>
      </quinine>
      <suitingLacteal nurhag="22430" bonkers="enol" moodleToupeeNutcake="weeAthymy">
        <apeironEmcees>sloomPartonsPupping</apeironEmcees>
      </suitingLacteal>
      <calkersShapenNipples pluteusUproars="bogle" traumasMonomerInkpot="brier" becalm="unempt">
        <amarineJemSuiones>exolveWeedily</amarineJemSuiones>
      </calkersShapenNipples>
      <shortzy>
        <lyrismsVel>bussesRedpollRagas</lyrismsVel>
      </shortzy>
      <bicesGorbetIndico numenAmnestyArccos="swirlyMalateJarool" eboniteYaupers="wendingToskish" lunar="actShingle" ellipse="cleeks">
        <inliers>oragePrecept</inliers>
      </bicesGorbetIndico>
      <unrhyme chetahsDanism="laik">
        <oilcup>sechiumSeecawkKeyword</oilcup>
      </unrhyme>
      <trotolLocated uberant="412772" camiasSpaughtBemercy="pietose1508" vicomteColumns="gedZarfs8" bitakeCedingNettles="normal546">
        <pulex>quashJessant</pulex>
      </trotolLocated>
    </tagalSpited>
    <reflogNarkingBilder>
      <hellcatHeptal>ayenstYuzlikTilter</hellcatHeptal>
      <niterHabitueToylike manhead="374804">
        <slumberEncistMylodon>donnockBurgh</slumberEncistMylodon>
      </niterHabitueToylike>
      <garaApastCrumen guanizeFlotsonRemixes="nigrineDominesHortite" banga="torsionImpship" lakie="zaparo715">
        <rattusPettah>9527</rattusPettah>
      </garaApastCrumen>
      <franks phytateLimpily="rancorsEnolate84">
        <raxes>emeritiHickish4</raxes>
      </franks>
      <unzone>
        <tarrieLockedClogger>aciformKiesterSignons</tarrieLockedClogger>
      </unzone>
      <kristen pimploePaisa="pelletyPrimeur">
        <imbatFormingDehwar>rommackBatikerTrysts</imbatFormingDehwar>
      </kristen>
    </reflogNarkingBilder>
    <alloo bourreeUnloads="balliStavingIdose926" physisColeBaroque="mushlaAssewer" joes="moutheMaculedAncoly324" swinishRampionReavail="gol" llanoZiara="naaman3485" enfaceMoister="shooingSaccoonOutecho" tohome="patentNomadic">
      <sarusWoilieMugs>quaying</sarusWoilieMugs>
      <charrySruti adletSeeled="pikemanIneptlyDisker">
        <buskersPeiktha>hajjisFarhandTartlet</buskersPeiktha>
      </charrySruti>
      <skyways>
        <serousCrudle>plimmed2</serousCrudle>
      </skyways>
      <redoutsCynodonPolos cursorsRebunch="imbibesGonium" aureousErotema="manqu" pleach="choredWrenchBather">
        <saleZaitha>gyral</saleZaitha>
      </redoutsCynodonPolos>
      <phylonSplit bekah="994" upstepsPaegel="tearyMassas" anaryanVise="sundayPettilyTexan">
        <tanbark>10295</tanbark>
      </phylonSplit>
      <printerYasht suavifyAdmixtSoko="inlandsSaguaro">
        <menald>93207262</menald>
      </printerYasht>
      <romaneSuhuaroOctic>
        <mayten>moms71</mayten>
      </romaneSuhuaroOctic>
      <uplineSipiboUnbarb gippersSesamumProvend="3005">
        <alani>inosic</alani>
      </uplineSipiboUnbarb>
      <grit basterZircon="860756" ropiest="7170621" upholds="5422" proselyCoquin="84242305">
        <wordyBelait>clonusScoriaBidar</wordyBelait>
      </grit>
      <uncinusNettlyHyllus phytoidPinning="lamplit" mimulus="musher" bongedCusserWispish="grackleCycl">
        <spoonReannoyManuel>unfilmCamogie</spoonReannoyManuel>
      </uncinusNettlyHyllus>
      <cousinsTripods>
        <sixingLochiaDankish>837</sixingLochiaDankish>
      </cousinsTripods>
      <pantieIsthHalely nautili="spangedGnathoYenta" taeniaKeylessAbuleia="jests">
        <langcaAlives>luhingaPwcaKissel</langcaAlives>
      </pantieIsthHalely>
      <malpaisPresign>
        <mournerMozartGlyphic>occultMopheadForerun</mournerMozartGlyphic>
      </malpaisPresign>
      <akamai itaCassanTawa="72292402" apeakTrabea="dodkinHarpist3456">
        <tilt>ouiDroh5</tilt>
      </akamai>
      <pleasedTelicalCuffle disertConvexoGrice="eructedStoa">
        <locketsCapital>53</locketsCapital>
      </pleasedTelicalCuffle>
      <poshest cathaTellima="bealachPalalaEgest" alpinesSlashesAthecae="pallidYakala">
        <weeze>hilltopThymin760</weeze>
      </poshest>
      <cacksSucreBracket cucule="ackton74" devalApril="norry663" rudasPrimp="sunk">
        <diffameHurdies>porgy</diffameHurdies>
      </cacksSucreBracket>
      <trental lettrinFranzy="minvendInvict39" galikMediumReavail="fuss">
        <filmsetIterate>cornily</filmsetIterate>
      </trental>
    </alloo>
    <gussied>
      <steamsSeedingZincous>disroof</steamsSeedingZincous>
    </gussied>
    <forbore>
      <tisar>hadntEmery</tisar>
    </forbore>
    <slotten>
      <trichiJoneses>78341515</trichiJoneses>
      <fiercenBhp uneye="apnoeic2802" stymied="hastens">
        <ductureMitosesGoldeye>grandma</ductureMitosesGoldeye>
      </fiercenBhp>
      <unoften bushKeelfat="bonitas" chirrupPhane="4214">
        <plantsDondine>grues</plantsDondine>
      </unoften>
      <pootherWays odallerDepassLamedhs="noting1" levyneStrig="agamaMirkNimiety1421" sibilusJavelDeben="hexanal">
        <chaleh>auxil</chaleh>
      </pootherWays>
      <opianic regosolSeasanTasting="374" loaning="919" zoomOfay="32569571" kairosMouserTrenail="mekbuda">
        <chitinsPenest>8290223</chitinsPenest>
      </opianic>
      <celeminBodega>
        <tongan>replayCooerSparoid</tongan>
      </celeminBodega>
      <redryTobymenOleines hormeStyloLolled="46" galban="murreysSoueakWoorari" haitiReslot="392729" scringe="encampPoliced51">
        <astacusAgers>freesiaLancer</astacusAgers>
      </redryTobymenOleines>
      <engagesCanard fagGambadoShutten="marvelAnahitaSiol347" swedge="peplosSprushSaids">
        <skillyCisRejail>92781</skillyCisRejail>
      </engagesCanard>
      <gomeralChouleNegater arpanetNucleonEnacted="swerved15" waxbird="94376906">
        <moanBagieBroguer>retems</moanBagieBroguer>
      </gomeralChouleNegater>
      <cobLawsoneKlam barites="noncash">
        <moyContribJugged>blanksPlight6364</moyContribJugged>
      </cobLawsoneKlam>
      <chad petecaResexLifo="64" lansonMalamWeasels="alphinHasp" bammingPhenomsAtheris="gadsmanMohelDuoviri">
        <napierExocarpMutest>upcurve19</napierExocarpMutest>
      </chad>
      <giltShotman nacho="4204" iareWas="kiswaFilialJefes8">
        <sympode>silvernDrips5</sympode>
      </giltShotman>
      <tussiveFainest retling="5">
        <gulping>duotoneFlankDragsaw</gulping>
      </tussiveFainest>
      <bassMahajan namare="832895453" fallows="doppedWafflesSowse">
        <aspreadOvercoyBirthy>glial</aspreadOvercoyBirthy>
      </bassMahajan>
      <jincan embogUnclead="pinna" malvalPibcorn="withersRoves4323">
        <anthonyMarhala>cowtownSinaicSans</anthonyMarhala>
      </jincan>
      <exomisChoel>
        <moonsifSoon>aguiltLibbyCount</moonsifSoon>
      </exomisChoel>
      <smatchBemadamExudate rapturyArmseye="beechenZouave" sectismPounamu="inlyingBillons27" bamahKeener="18" khaikiPedleryMisuser="447">
        <ekphoryWorrelKulack>witnessCartersTersest</ekphoryWorrelKulack>
      </smatchBemadamExudate>
      <briaredBoiloff chudder="249703" iridicAidance="inmatesBurma" tobyman="itelmesZonule" alcaydeVirtue="gitoninCalculi">
        <exodermConsomm>haltedFriskerAbkhas</exodermConsomm>
      </briaredBoiloff>
      <meruitSmaltsTennu calumnyLaveche="43705461" rentierRipple="rucks" bombing="nipasDeveinsRebase" jugums="79801">
        <mawwormEndewDetour>thousTattiedViseman2</mawwormEndewDetour>
      </meruitSmaltsTennu>
    </slotten>
    <acacinMesonyxEsopgi moonmenWhopRepugns="11">
      <stremma>hearsedManeyFra</stremma>
      <distain>
        <retinasElijahBeseech>haltersIndicia</retinasElijahBeseech>
      </distain>
      <ramalRumples exultsPrebid="sullens" krimmerMarbleCnidian="toaderyTaiverCurare" fondakWovenAngerly="noodledKeekerObtain">
        <rowetPlumadeEgards>ominate</rowetPlumadeEgards>
      </ramalRumples>
      <tucket>
        <gaycat>49177</gaycat>
      </tucket>
      <darger aldeiaMusetteVirled="674867" nonbusyManor="shroffSeahApioid">
        <wacagoInroadGazee>interns</wacagoInroadGazee>
      </darger>
      <tidilyMorels mordLangley="crs79" vairagiUnicity="shaitanPirayasSestole" lainageMiliaryArhat="17884495" evanidTrifoilLeafery="8237">
        <libyan>sextaryOrchel</libyan>
      </tidilyMorels>
      <camisesSixtyCapcase cerasusLambies="huskingBoundFattest" notchesMuconicIrani="hurrah">
        <caters>misrateBraeman</caters>
      </camisesSixtyCapcase>
      <fretum harpoon="mongTemblor678" bratina="espriseFluey">
        <vetoersJess>5970626</vetoersJess>
      </fretum>
      <slopes bazarsCrying="haeing7">
        <empover>warlock40</empover>
      </slopes>
    </acacinMesonyxEsopgi>
    <saclike offish="speedy" backcapArcing="84319517">
      <breadedLeucinSaggier>6</breadedLeucinSaggier>
      <tauriniKrepisLienee grumpsDiaperRetinal="conferLifersAtomies" minglerUndoingBribri="cheated251" vagancy="flipePlushyPanini" muggier="barrettRisky6">
        <duelledSlots>fitchyMuggles</duelledSlots>
      </tauriniKrepisLienee>
      <teevee tanalaTruckie="floadGozzanBurtree" teazelsComedic="crimsonWinding">
        <cocomat>zoilist</cocomat>
      </teevee>
      <ferkinStearyl religAmalakaTunland="minbar47" sagathyHogmace="16622">
        <thiefHegumen>2942</thiefHegumen>
      </ferkinStearyl>
      <burgeZygousSongoi synaxes="hectarCabre" gonofs="bavian">
        <resellLewdlyCuisine>landing</resellLewdlyCuisine>
      </burgeZygousSongoi>
      <stowIsingIridize conspueSeeably="badan3338" decard="prongerTriole">
        <impaledGaudful>irater</impaledGaudful>
      </stowIsingIridize>
      <ameedOffalRtw sceneIntimeBaya="349880">
        <plugmenProggedSpasmic>582665</plugmenProggedSpasmic>
      </ameedOffalRtw>
      <calcineFlanch choragyJimpestReduit="973159" safawidPoietic="borghTimbal">
        <odinistQuadra>limpedOometryPlacode</odinistQuadra>
      </calcineFlanch>
      <gironSambel bestab="669125480" untamedTilledLucre="assateDispeed" expirerWonsUnsawed="prosing" rigsby="80142">
        <poudretSuresbyDisnest>lyra</poudretSuresbyDisnest>
      </gironSambel>
    </saclike>
    <woolen>
      <boletic>apatanLoutyAlgieba</boletic>
    </woolen>
    <evadedIllumerAbmho>
      <fecund>phoss</fecund>
    </evadedIllumerAbmho>
    <cyclerWebber>
      <coneBelotte>dircaMyoceleZoons</coneBelotte>
    </cyclerWebber>
    <derfFreen cosenCabaneTangum="732" spinneyForrelTrog="729481580" populum="inworn">
      <gleeWhopsAlegars>cloutsApriori</gleeWhopsAlegars>
      <gamest muscaSeggard="589280835" gardnapMyriareUnchid="bejazzLanose" bessy="nurled5447" ejectsRakuSeamas="encoverCadmideBarbeau">
        <stony>pujaKinch</stony>
      </gamest>
      <sichtTusksFibroid banningMirier="wornoutDuumvir" collock="scurril" dateAndorra="tsuresWatersInkpot" chideAnonyme="gimbalsOperonPostage">
        <candys>meridieMirksSurvive8045</candys>
      </sichtTusksFibroid>
      <teabowlAmenSacred adopterDisputeUnrisky="akeakeUpbuilt" actableAconic="5631854" misMustang="36">
        <damns>cafeAswashLarve</damns>
      </teabowlAmenSacred>
      <kerf jubilusBlumeSvelte="ideeMolters" rakeeIbidiumGaywing="duckery">
        <senium>fumilyStatorsAuriga</senium>
      </kerf>
      <furlanaLinos skuaImpute="laical64" caabaBraxyBermuda="kanesFrappes" widestTotes="outbeam">
        <coerce>zingierUnmiry</coerce>
      </furlanaLinos>
      <lessee>
        <cork>83709</cork>
      </lessee>
      <valetedThairmEvolve naether="boccis" alexiaPecuniaOdes="yankerCalgary517" desightConfect="kirkerGavyutiDoffs" bristolMerope="raoulia">
        <oerDipper>93285</oerDipper>
      </valetedThairmEvolve>
      <sandbar pomaceRenders="27" duceFloss="gibsons" kathrynSnabRhombos="5342448">
        <moyenerWharfsFreezer>220</moyenerWharfsFreezer>
      </sandbar>
      <midsts amieSandipEvector="dappledSporesReboot">
        <shines>airsickAerial</shines>
      </midsts>
      <gavialsDorothyTawny upupoidGonalCladus="weazenMimseyAkawai8208" fatihaTentSlub="vizslas" ramies="jackmenSick527" piranasTools="coarser">
        <peroral>5</peroral>
      </gavialsDorothyTawny>
    </derfFreen>
    <stromeHippiaFrisker>
      <tetanyBrach>ganefsPiraguaUnmined60</tetanyBrach>
      <diesels yeggCerusesPuisne="bewrayInlawSifters478" vimenSahibs="dimlyWhatna" pyePintado="7">
        <treadedBucked>smitterTroughy</treadedBucked>
      </diesels>
      <shiaWemless proneCougarEtuve="gowferBatta">
        <apesPigmanErer>czarian</apesPigmanErer>
      </shiaWemless>
      <belashBoylaPeril aurums="ifugaoBarcoo" dollarCartonsSnigged="nestor" dopySues="seidelPicnicSavors" guttae="burrowLieshSula">
        <toolkitFlytier>sordiniArdebsFluting475</toolkitFlytier>
      </belashBoylaPeril>
      <answer agrope="rotgutAzelaic">
        <relierDippedCareers>741684700</relierDippedCareers>
      </answer>
      <urinal seizor="962428844" yuckTutelar="tsurugi956" rases="91964">
        <pais>89572</pais>
      </urinal>
      <hunsMenaceBookmen>
        <availedPolynoeSphalma>aswirlGreeksCento</availedPolynoeSphalma>
      </hunsMenaceBookmen>
      <benamedEmpanelSnoop fadgesShintai="cluck9998" zirconsUplick="uncaskBridler" axe="rotanev" hinge="inhaustSnifted35">
        <rudgeFustee>tatsLutings</rudgeFustee>
      </benamedEmpanelSnoop>
      <potshaw fuci="extill2" frapIdoist="moocha" dikersDenis="beclipTexasesOverly7537" waukenPaunch="stodged">
        <styxRuttedGlaire>beckonsRansomMaselin</styxRuttedGlaire>
      </potshaw>
      <dongonIzar agamy="factionFavors">
        <acetous>snivey</acetous>
      </dongonIzar>
      <banianYipsSekere>
        <deskmenElihuFrowy>duchanQuinary</deskmenElihuFrowy>
      </banianYipsSekere>
      <albercaShowery>
        <kirsten>498607652</kirsten>
      </albercaShowery>
    </stromeHippiaFrisker>
    <pollens stailRoud="463860575">
      <flywireRoelike>muillaAbama</flywireRoelike>
      <boothHuloist recrateTalliarLychees="32317">
        <amniotaModicaEarlock>behold</amniotaModicaEarlock>
      </boothHuloist>
      <censingHelledGlass>
        <tuesdayPolypMacadam>4322</tuesdayPolypMacadam>
      </censingHelledGlass>
      <rouncyPiniteWunner mulingGambadeKenaf="douceMoutonsPyramus" vexable="7346" aniDognapMittens="unslip" burglesCaplets="clod">
        <thereon>fahlerz</thereon>
      </rouncyPiniteWunner>
      <mareAnthood clocherGaugedSigill="whiner" moreCauf="ologiesPerses165">
        <piranasSolachSeamen>cayuseObtest</piranasSolachSeamen>
      </mareAnthood>
      <busters skis="hitcher" tzaristMobiles="alludedNasionTyphia">
        <kovilImbue>sahrasEvoking75</kovilImbue>
      </busters>
      <holliesLaggar cocotteTinety="svanish">
        <marmosaTheah>girseToorockTidi</marmosaTheah>
      </holliesLaggar>
      <bibasicRaftersGirdle enguard="whoredCachousBangkok" quillonSkewlyAddenda="undopedBarye">
        <camden>fulfilsAlyaYirds</camden>
      </bibasicRaftersGirdle>
      <skeeryDefialPeeoy hoodoesMayeye="kykeMuftisWreck" jubateSancyMistype="upanayaEbonist4" tauGreneLeetle="lacings1859" elapseArcht="pumpageTomeAlfarga">
        <xylemXylidic>5963</xylemXylidic>
      </skeeryDefialPeeoy>
      <snathe rustred="grog91" arrowPresul="bootherCamMurthy" munchVedro="haeminsDeafishPunnier" strengAffaireChs="forsookHitoshiHausse">
        <venomyCond>surgierDustersEmetics</venomyCond>
      </snathe>
      <chiselWrig proudly="donjonsChoragyThaler" dibberWhorlyJarp="941667" dulcose="69383" titansJoola="prevotUppushQuanti">
        <phrasemCanted>gammaIdled</phrasemCanted>
      </chiselWrig>
      <kinderPauline oribiScribal="palacesTattier5" imideFugledFairily="charpai" zymasesCadging="apeironHaresUpcreek">
        <inquiet>tuisTiptoe</inquiet>
      </kinderPauline>
    </pollens>
    <mottesMedusalMorse>
      <pineLactaryGade>enteraBaggerUnmeek</pineLactaryGade>
    </mottesMedusalMorse>
    <czarsVaginasAphides back="exede" ployGuzulParsee="9182" tareBaizas="hootayJiri" paletteNekton="extractYeel" deveEstreatAcpt="wendish" baileyRewired="masarisCompaaTushs">
      <hayWageRethank>bogyism16</hayWageRethank>
    </czarsVaginasAphides>
    <gidMensOasis>
      <budsEnchant>90724253</budsEnchant>
      <villaeWryestRabbin oceanDreche="aurists" pimpledCrawdad="unlight">
        <outrickPeplums>aptest</outrickPeplums>
      </villaeWryestRabbin>
      <plupf peban="pontinSchlossCoverts" urielOutrode="apyraseDuteousCarder4" vexesLepus="hechtOxenBufagin">
        <acarari>24221788</acarari>
      </plupf>
      <whiftFrottedFourble bongedChanst="palette" encinalPterinsPotus="slubbedBasat" posiedGarblerSalutes="19466220">
        <inchainSaxes>sucklerFalcataFids</inchainSaxes>
      </whiftFrottedFourble>
      <straticOmnify bookendFigworm="gloveBiosome" resentsCotylarOrtive="bullnutShoful" coyoMucousWastry="legatesUsucapt" jubilusSadhu="pungerBatchSottise6784">
        <oxyacidIcerootQuarts>upways</oxyacidIcerootQuarts>
      </straticOmnify>
      <righty wearied="viveurYildun" karoosTaurinTruss="554570" boiloff="shaikhiRasantCobbra" bpi="emeSturk">
        <oraonShinneyNous>eric</oraonShinneyNous>
      </righty>
      <mycosesBestirBathman mimesisHowe="liards" ventureCassoniDaises="374">
        <glarierPricket>trippleIsotelyColpheg</glarierPricket>
      </mycosesBestirBathman>
      <leavesUplitFavela windedDirtiesChacona="4">
        <joining>squdgyToysome</joining>
      </leavesUplitFavela>
      <sinnet sornedMawed="64" wungeeBaizeEloine="recuseBusuuti" clamerWipesAnxious="scleraeThereby" hotchaUnwrit="irvinRathaEscorts">
        <folkseyMothers>lomtaJiglike</folkseyMothers>
      </sinnet>
      <toxifer versetUnclearCoker="robertMinute53" suentHestiaSnowy="surgerJellabaHure12">
        <scrotta>fossors</scrotta>
      </toxifer>
      <feedlotSatisfyGoading roctaPyrans="870509" chatotMondes="fridayChompedWinsome" carrickDalethsEnolase="uriah" elemeBezilsTegula="ices">
        <casas>adipsia</casas>
      </feedlotSatisfyGoading>
      <usagesTropic unroped="45027635" kinklyAedeagi="coaxalRisser" caprineZecchinChards="baklava">
        <cocklerOutbegs>tuck</cocklerOutbegs>
      </usagesTropic>
      <adjournBombousLogres burt="hakimManiple" boatlyWlityMart="arumin">
        <sutlerKebobsUirina>nicotic6</sutlerKebobsUirina>
      </adjournBombousLogres>
      <gowlanBeauty>
        <algodon>matricRatlinPrig</algodon>
      </gowlanBeauty>
      <barwisePiccolo borshtRetook="spirySubbingFescue" chucksBedaubsServers="gagglerDekesPyropus" sclimHogherdCtenii="399265">
        <patineSeels>usationInt765</patineSeels>
      </barwisePiccolo>
      <birding doyleReaper="relataDefence9" crcaoUplake="savey" retimedUfosLictors="mads39">
        <nibbleOutrungWraths>carotte2</nibbleOutrungWraths>
      </birding>
      <trainedSteward lavacre="paniscaSultoneNetted" tiaoBrog="296">
        <bokardGirosolPlebs>2278662</bokardGirosolPlebs>
      </trainedSteward>
    </gidMensOasis>
    <grenierOutherUnbraid mingWega="84219" murphSeabeeSensize="tarterBulbier" bewaterPaying="334050">
      <okiaLuteinFishers>adarmeMaths</okiaLuteinFishers>
      <fusses>
        <wairshTurrellHainai>5</wairshTurrellHainai>
      </fusses>
      <sjomilaGuld>
        <xylan>wogiet</xylan>
      </sjomilaGuld>
      <querelaDynastyBlowy ladyism="baggyCreelerTaihoa3683">
        <kupharRugineTacker>287</kupharRugineTacker>
      </querelaDynastyBlowy>
      <cacksOtalgia sprayed="cohereGamier" quasses="anteing">
        <alumenIapygesDenom>coign</alumenIapygesDenom>
      </cacksOtalgia>
      <lucifeeBerthaCornuto>
        <snootOptant>cocardeBalanusApoise2</snootOptant>
      </lucifeeBerthaCornuto>
      <manship obadiahLactimStodger="segetalOctanesMirdha">
        <deplaneGumshoe>sissingGlyn</deplaneGumshoe>
      </manship>
      <cabbies sauteurManlessRitling="bideryPicketBinocle">
        <airtsIncorp>3325</airtsIncorp>
      </cabbies>
      <gapsGoolsNjave geomantDithionPuya="sutterExudedMagenta" urease="sheafy8786">
        <calden>tramell</calden>
      </gapsGoolsNjave>
      <finableGunnarChampe lagarto="atheist" seguingCadoukAdjuror="pioted13">
        <terveeExalte>titansTablingBevy</terveeExalte>
      </finableGunnarChampe>
      <styrianNestles>
        <readiedLapilliPlaga>ossianPodiumsMudsill</readiedLapilliPlaga>
      </styrianNestles>
      <ruborPollard zerebaDawdlerDress="4" cohos="scenery" buffoneReckonTuques="scogger" aboteWhineKinglet="4705">
        <hashiyaCerineToforn>impairs3</hashiyaCerineToforn>
      </ruborPollard>
      <sectary goosesGarish="bumfMohalim476" savssatDybbuksDindles="513">
        <ceilingIcesAlba>filicicLimply429</ceilingIcesAlba>
      </sectary>
    </grenierOutherUnbraid>
    <thomistBemournWourali sapbush="crlBaizaMorth3570" vagasDunning="pumice">
      <dueler>9</dueler>
    </thomistBemournWourali>
    <prostasRobomb cronianPaepae="welf" orangOsmin="hecticNovusAloofe" zaribasSkate="arrectUnslung" codensCorkierNod="64170" akhaJellies="reifShopper43" ranula="biuneGrice">
      <drakesTram>wintry</drakesTram>
      <quashesSlubbed>
        <thallinAtalanDsname>576</thallinAtalanDsname>
      </quashesSlubbed>
      <cliched academy="taupoSealkie" uncsVictual="nopalry" reshearWherretTrubu="53267">
        <knopped>masaiGimmalsEvite</knopped>
      </cliched>
      <lushed bossy="hutzpaSanding" dystomePebblyBluer="lapisStgDhoty" hati="cladNump" papion="alarmsDrabbyNihils">
        <barling>alongstBemercy2</barling>
      </lushed>
      <scentsYamuns>
        <maliWireEntrees>uppour</maliWireEntrees>
      </scentsYamuns>
      <sparryCircaeaFerrum glancedStudied="durosDod" metwandPuces="assessSonnet">
        <bicron>ohioansEyeyPestled</bicron>
      </sparryCircaeaFerrum>
      <broOnwardsUncurbs>
        <picricKipfel>pyocyte</picricKipfel>
      </broOnwardsUncurbs>
      <passed engore="surnameCaddedDjinni" quoties="skoalsEphodMmmm" swail="oke40">
        <iliacus>908327</iliacus>
      </passed>
      <denyerJames unwonAchtel="smokery" agendasWaesome="seeking" dirtierBiggyAriosi="938085306" frumentPaschRegnum="slatersMorbid">
        <bozaHooveySortie>tapster</bozaHooveySortie>
      </denyerJames>
      <biggest>
        <yauponsArbaDoodled>4694</yauponsArbaDoodled>
      </biggest>
      <fistulaSwaths>
        <anhangaZorroBasso>50</anhangaZorroBasso>
      </fistulaSwaths>
      <frillyGoujonLabrum gallowsSangarKelts="typalHabble" seqwl="jolters4" ungodlyHadingUndrew="213" squinsyBemockChindi="meehan">
        <sellar>dudleyaTastilyAviates</sellar>
      </frillyGoujonLabrum>
      <carahoJutka rubbleSpits="58442" griotMarinal="enaena7339" netmanEsteemRomansh="frizzer">
        <skewers>arryHikers844</skewers>
      </carahoJutka>
      <anottaMisce>
        <tummels>ruffedTambooMoky5383</tummels>
      </anottaMisce>
      <bobadilKlafter>
        <ileDelaysKnoppie>6901782</ileDelaysKnoppie>
      </bobadilKlafter>
      <bolkSaliqueTootled bleeryDeucingRattens="oronokoHaledayThurgi" sagoinAsmoke="ijithad" undoneMonierHowling="weedowMoorish" schlumpLamparaStayed="9597280">
        <nonjuryParoch>acerliTrapansShough</nonjuryParoch>
      </bolkSaliqueTootled>
      <dodransUshered patters="formica" galenicAmbiensFloreat="breaker">
        <dorizeTinter>645827970</dorizeTinter>
      </dodransUshered>
      <teeTriodesChiot hitting="averter" dreader="dianderZanyishTheek" nunniEmagramGargety="pinalesSwanked9" bonaght="gadaeaReyieldKeyless">
        <lapsiEthnize>cringes</lapsiEthnize>
      </teeTriodesChiot>
      <herdic broodsSuckTitoism="bonxieJujitsuThokish" pestfulJambo="pintle415" laughySura="turnpinLotongNiding" ninutQuelledEncheer="kuvera">
        <eggrollSeleCapelin>pyrenaCantdogTead</eggrollSeleCapelin>
      </herdic>
    </prostasRobomb>
  </dorminClime>
</somitesNonagon>