<?xml version="1.0"?>
<balkishFoiterArmeria>
  <scranRomajiOutmen shrivesCanzonaBenelux="siccaOregonWhizzes" courseNaveWabeno="sparers" blowess="unaxled4641" redriesCered="contg">
    <firkSailfin>
      <legitimSlinksRhizoma>forebowWhissle</legitimSlinksRhizoma>
    </firkSailfin>
    <optimalInsular>
      <pollock>opacite82</pollock>
      <rogersMapau gelsPalmula="4148204" jagless="57694">
        <curvetYokeage>polynyaExr</curvetYokeage>
      </rogersMapau>
      <ameletOwrelayRapiers midnAttila="tokyo">
        <groanedOdinianHaggeis>9301083</groanedOdinianHaggeis>
      </ameletOwrelayRapiers>
      <dekarch argyles="romanyHegumenWrimple" songAsteismOuabe="buggeryBranky" shrike="8724" charcoAgaricsCaprone="4">
        <galeEssaysAppulse>redelyRipcord8</galeEssaysAppulse>
      </dekarch>
      <swine>
        <bldJugsGalp>gingers</bldJugsGalp>
      </swine>
      <renteeOvertScolder certisGiliaChow="issuerSouaggaTorsos59" kalmiasEnrace="4432" yesso="cruor" lemuelAsoniaAdenyl="trochMinishGraze">
        <venomerChancre>3632</venomerChancre>
      </renteeOvertScolder>
      <spanCicerosAtteal magnus="magyarsSinople70" trinaryDeed="72843919" anaces="807486" debile="6">
        <isogonsNiggra>buddledGlandes</isogonsNiggra>
      </spanCicerosAtteal>
      <agauRebops jammersAbaditeTinlet="scovel">
        <runePardale>pangwe11</runePardale>
      </agauRebops>
      <alumnusPpm prestDefyingCantata="smuisty">
        <arian>navallyAdoulieAraca</arian>
      </alumnusPpm>
      <aburton carnate="asciticFaggotsArimasp126" baizesNicely="mealsLijaSolacer" forelYawrootAlchemy="squitchGremmy29" primpedDemode="teucrinTrooped">
        <gillionCowslip>usantFlushed</gillionCowslip>
      </aburton>
      <algalMerchet buffyGarbel="loculi">
        <fiscalsQuaters>zabetaYummiesKunbi</fiscalsQuaters>
      </algalMerchet>
      <cacoepyMoitTunnery barilla="girsle">
        <noddles>shedmanBiffs</noddles>
      </cacoepyMoitTunnery>
      <alerterKant beewareGleesDesks="twaltHelldogSawfly" bonnetsCandify="gangs" unlaughTeared="cimbricHurly" franksRyesOrvieto="tamp1905">
        <inialMakranJounces>202</inialMakranJounces>
      </alerterKant>
      <desrayPotorooHomages>
        <hydraStadial>dank2</hydraStadial>
      </desrayPotorooHomages>
    </optimalInsular>
    <greyedZapateoImputes>
      <lengthsPavesJoltily>dalesTagsoreTopmast</lengthsPavesJoltily>
      <gradualPettahScowled jurare="thurify319" esere="oospore" boostConable="womeraInde">
        <toxaAntaios>fakeryEnrheumFelix</toxaAntaios>
      </gradualPettahScowled>
      <unclay amebae="holloos2" jaranaMenthylBollito="isoflor" unprestAtmidSelter="3" marmosaGld="packmenAntewar">
        <gol>solentProsy</gol>
      </unclay>
      <vaccaryNavally parazoaAnsaeRugal="thumberLevulinAil">
        <erraticWha>sliveOspreys</erraticWha>
      </vaccaryNavally>
      <divedBonjourTundras lychHonkeysBezzi="chaHolla">
        <bunning>sodwork</bunning>
      </divedBonjourTundras>
      <likingsChump paselaRemene="laudian">
        <ascare>whiffyNeatly</ascare>
      </likingsChump>
      <octoseBerseem>
        <dieingRutic>5</dieingRutic>
      </octoseBerseem>
      <dieticLodgerZabti>
        <defleas>thallic</defleas>
      </dieticLodgerZabti>
      <grovyCiphony>
        <gleitTindAthyrid>twinkly</gleitTindAthyrid>
      </grovyCiphony>
    </greyedZapateoImputes>
    <claiverJankAfley>
      <otioseIsopodaKonjak>redealDespend1</otioseIsopodaKonjak>
    </claiverJankAfley>
    <trinkleIsochorStevia busyishSeqenceSinkbox="aloeticGenevanFoisons" bigwig="nimiousLoudGymnure">
      <cartageTythesSolidum>rigaHowff</cartageTythesSolidum>
      <gliadinDeduct>
        <gyralLyrismsPoikile>diedralFoeti</gyralLyrismsPoikile>
      </gliadinDeduct>
      <lludd>
        <dozerIvyOecist>ecstasyZoysiasWaited6324</dozerIvyOecist>
      </lludd>
      <sorageFarouk fyrdungWargus="latenceAdvectPerform">
        <subroot>fillLustres</subroot>
      </sorageFarouk>
      <frankerPorpitaScalded ruin="dekesBlainsHallali">
        <dizziedSambharJessamy>kerfsSereanPities</dizziedSambharJessamy>
      </frankerPorpitaScalded>
      <matzahs blinterKroo="nadaEndeKellia" afghanBumbeeBreeks="wist">
        <grabenGluiestAdvena>flowed</grabenGluiestAdvena>
      </matzahs>
      <gallantYeddingAmusing>
        <aditsApar>claireLiddingCurious</aditsApar>
      </gallantYeddingAmusing>
      <luxuriaFishersDinomys indogenSummage="gervaseBackageImpeach" hassingDigonal="pistolPlena">
        <faxesKop>tarasco</faxesKop>
      </luxuriaFishersDinomys>
      <authLabras lacmoidRandnTweedy="gum" wiverPennaTruss="rancour">
        <fruslaNiccolo>47</fruslaNiccolo>
      </authLabras>
    </trinkleIsochorStevia>
    <branchiTriform>
      <reran>clarkTholusErastus</reran>
    </branchiTriform>
  </scranRomajiOutmen>
  <ruttedDauntTapetis persismBelat="gaveletChloroTallet" scrabeChintzyAdoors="choga">
    <redbugsSqueaks>
      <unmutedQuetzalLidding>863042409</unmutedQuetzalLidding>
    </redbugsSqueaks>
    <wannedWakensGoes illustActine="whaled" sma="gemmuleOpalina" jadyQuinonSkees="toluOutfit" baracaMelitis="forevowMolderDamsel4" soused="31239">
      <spandex>tronas</spandex>
    </wannedWakensGoes>
    <aethusa>
      <bimana>87206311</bimana>
      <scenasBavary rivDimLocusts="letch" goaler="16312">
        <unmeltPickoff>unjudgeChirkCaved</unmeltPickoff>
      </scenasBavary>
      <repureVaudoisRuttle erk="53" rials="254044">
        <swimsAnimala>imbuiaGothamSocotri121</swimsAnimala>
      </repureVaudoisRuttle>
      <loessalDisfenAmating ameersWasho="cariri" renalRaunchy="wakamba" grizel="elod">
        <muddierChopsAlden>cityish</muddierChopsAlden>
      </loessalDisfenAmating>
      <cherupGon abbThrastDepose="557197" recense="crooned" kluxerPinitolYaquina="wiggenIxil" knocksUnamo="wiggism5434">
        <expleesBiglyHart>chasmaSuckenyCamails</expleesBiglyHart>
      </cherupGon>
      <draymen pusher="saivismDuncify" strewedStartle="operasQuatre" spent="fluffSnails" roburJervineReplial="gongedSurplusMowable">
        <iradesImpure>trammieGislaLack</iradesImpure>
      </draymen>
      <centage obcludeEscudos="oedipus3">
        <montaneTrading>reefed</montaneTrading>
      </centage>
      <shrimpi groffBinomenFlaucht="510240" misura="harped" demySteuben="canvass">
        <wershComes>88555</wershComes>
      </shrimpi>
      <danglesFibroseJapan chidden="eyelidMaioli" delimerAnarchChip="jagg">
        <torasEusol>7310</torasEusol>
      </danglesFibroseJapan>
      <paginaBromol upatticHippenIcecap="tufanAretKnell" liveryArrauAltify="poohs">
        <bondmanManaPrecite>570962159</bondmanManaPrecite>
      </paginaBromol>
      <moulterTentlet swinelyKizilCurlily="misween" naig="devaul">
        <halalaMegohms>nealTomb</halalaMegohms>
      </moulterTentlet>
      <britsEnfarceAdaunt geisaFalcon="vire">
        <caphite>static2903</caphite>
      </britsEnfarceAdaunt>
      <nosings unprimeTrilabe="siennasThiramBurfish" draffyWissingKadder="oviniaProdded" tikes="babiismAviticIdolist71">
        <eblisNonlifeAwardee>35555295</eblisNonlifeAwardee>
      </nosings>
      <arawaCourtal bathicTalayot="chytra" traduce="fucosesMoile" hyrse="245" mtierClupeaPushily="2298279">
        <tribbleMolokerDjibbah>jigsawMaquis</tribbleMolokerDjibbah>
      </arawaCourtal>
    </aethusa>
    <aphesesHovenPalkee>
      <furlersAmazesFraunch>148</furlersAmazesFraunch>
      <carson>
        <lepra>35</lepra>
      </carson>
      <sensorsAflower nizyBigginGalipot="psovieChalkosTrebles470" espyArisardGutnic="gabertDopping">
        <entirisClatchCoronet>engrWhiglet</entirisClatchCoronet>
      </sensorsAflower>
      <breamedAthrong awl="inwheelMobby" ajari="squeasySnaker" jowlishVoyage="tatieKoodoo" alite="3">
        <rilawa>slowly</rilawa>
      </breamedAthrong>
      <zygomaGigging iddhiCopsing="soothAvoGlebe">
        <cantred>4620892</cantred>
      </zygomaGigging>
      <kanglaFrizNickel morbidCintreEmporia="ramplor">
        <welsom>columba</welsom>
      </kanglaFrizNickel>
    </aphesesHovenPalkee>
    <chymase>
      <livenMaartenShotgun>34072613</livenMaartenShotgun>
      <misky brettSissify="cupfuls" contuneKendy="enol" junt="rentageServoed" unorderLatroTamales="terpane">
        <ctrFolate>sataraMacharMontes</ctrFolate>
      </misky>
      <tittupy aquoCarnousOuttore="jusltedRasped" rinks="silicoSaintsAvys">
        <fanega>2395</fanega>
      </tittupy>
      <spathesMattockBalmy dulc="rodeoSlimsy">
        <pileaFiltersIncurs>284296</pileaFiltersIncurs>
      </spathesMattockBalmy>
      <lucetNimkish brassStolaDunkirk="baster90" overnet="60" tzaddikBrolga="orgiast" muraSantal="rikshaMikraPyrrha">
        <engrailKeacorn>zookers105</engrailKeacorn>
      </lucetNimkish>
      <scrollsTweaked abcFilchedNandin="hoolee" radiacLunged="cyathos">
        <alumine>6</alumine>
      </scrollsTweaked>
      <mashiesSubhead yarthLigulin="ootids8" sandy="lerpLigure968" gaugersMorion="vacuumsAsgard" bryceFeely="tasseKonakGanef">
        <ceroid>8</ceroid>
      </mashiesSubhead>
    </chymase>
    <forchesPluggerSpaded pisk="herrSaturnLemna" oolliesRambehGorsedd="eryngoHanburyUranin" veloutKochabStarky="psoitisNeuroid" bawbleUptimes="snoove" crueler="apidaeDobosTaroks">
      <limiestIntagliArsenyl>horsierSakes</limiestIntagliArsenyl>
    </forchesPluggerSpaded>
    <penta>
      <slaeAready>athena</slaeAready>
    </penta>
    <lavehrRilledWynds alight="lapseOustsTufted" soilSnailsCyril="rottanBreathy" suinaBogiesTuples="48364847" censor="breathe" pressie="cyathia" saidsBoulles="airbillVeiny709">
      <vetandaTalentKanten>hauldChateau99</vetandaTalentKanten>
    </lavehrRilledWynds>
  </ruttedDauntTapetis>
  <unzeRozzer>
    <sillockHackeesAnviled>
      <gidgeeUnsewed>392</gidgeeUnsewed>
    </sillockHackeesAnviled>
    <hexadeMoonScrank wheeped="aguglia" inlayerCosmineMetreme="977759" testuleEnaenaCulett="steniaDididae74" dourah="701991262">
      <sealers>foggy</sealers>
    </hexadeMoonScrank>
    <triableBumph>
      <oddity>sanhita5481</oddity>
    </triableBumph>
    <quirtedWaiversRittock>
      <spankerFlobMaker>cladsCroupeLapides</spankerFlobMaker>
      <tinne>
        <orletSaktiSpawns>criminiMayeyePalaung</orletSaktiSpawns>
      </tinne>
      <oxacidSuttle gaminsHalesPythium="amanousBudukha" resells="muumuuPapyriMarbled7" bangia="687744162" lubbersStraOmened="nuchalNeavilSextry">
        <reree>whizzerButting</reree>
      </oxacidSuttle>
      <rive measledGrabberKru="sapoteBudwood">
        <yonnerBurlilyHazelly>ouster72</yonnerBurlilyHazelly>
      </rive>
      <dautingPubicNorias baluchCorkage="ethynylDrycoal" ramentFellestOvarin="61">
        <pkgsOchroid>24</pkgsOchroid>
      </dautingPubicNorias>
      <viscumCalpacs octettePeppily="anapsidTilths" kloshDadasDare="yellows4414" creolinStarvedMaucaco="costean">
        <clayeyNauntleSlabbed>smilax</clayeyNauntleSlabbed>
      </viscumCalpacs>
      <geonimBharalAdm tramels="3" ketmieDevils="grackleAgromStilton">
        <karstsLeachCrowhop>sadiron</karstsLeachCrowhop>
      </geonimBharalAdm>
      <abaticFatihahPiqu hylasBimah="unwormy" ranchedVeiler="snort">
        <bartreeEntailsCanhoop>stoure</bartreeEntailsCanhoop>
      </abaticFatihahPiqu>
    </quirtedWaiversRittock>
    <deborah redeemsTinage="tuataraAdeste" lentTrotsHoard="44" rillow="airingLoafer" hotdogsLarreeEnclear="valkyr" ends="loutherRenesMimosa" pavan="musieSizalRedress415">
      <obcludeHulloos>etchingVog</obcludeHulloos>
    </deborah>
    <diantreLineupSerfish>
      <tivoliHordedKerana>biggedSpyismBracae</tivoliHordedKerana>
    </diantreLineupSerfish>
    <pyridylFalsie mixer="workingDupion" jerkierBogaAkcheh="920">
      <screekShaveryTarged>cloques</screekShaveryTarged>
      <sabatonTautedMinoan muratCapelet="cymbaSteresLies" chandiPasskey="766">
        <smartenLocale>guebucuUnpaste</smartenLocale>
      </sabatonTautedMinoan>
      <outraceTrammie tenthCrumply="bomareaWharpSenam41" trashedPrescanTopple="agau" nudity="74329671">
        <garbledAvenged>kneadsWhoso91</garbledAvenged>
      </outraceTrammie>
      <wrothly bruges="holsterBunkie">
        <growlyElaps>dissertFab</growlyElaps>
      </wrothly>
      <butanesCobwebBornyl bowsesHotPedated="wolfianGuarrauAngas" orgTavernPurgery="ruvid" dazy="waifedCitua" frabbitMinimisLouche="27468404">
        <hires>109076</hires>
      </butanesCobwebBornyl>
      <caseaseBudeAddling tuberinHydrol="23574128">
        <drowTriduum>comoidRima</drowTriduum>
      </caseaseBudeAddling>
    </pyridylFalsie>
    <synesis matipoBarbarLobar="buri" oppugnsHerdicsBardily="ormerOnmarch">
      <viron>9143</viron>
      <limityWethersPinder scapesDeaconsGiglot="essart12" anions="roofmen">
        <xeriffKittyVallar>leans</xeriffKittyVallar>
      </limityWethersPinder>
      <rompee cokeney="choicer">
        <unrichtMaidly>tsotsiKajeputHapless</unrichtMaidly>
      </rompee>
      <utaFrenneAcarian disyoke="bethsLecternPoppin8231">
        <fetidApogeic>mudsillBungedMaquis</fetidApogeic>
      </utaFrenneAcarian>
      <solid recantEpulary="laying" enologyMyopesTortes="sordinoTensity" rinkiteWethers="scruf" deblaiAbeamFryer="hawkerRimple">
        <mondseeTronk>sculped</mondseeTronk>
      </solid>
      <gulashStrands>
        <pressly>chleuh</pressly>
      </gulashStrands>
      <goolBane succadeMilageBurgles="legger">
        <wiglets>cercalSookieSonars1</wiglets>
      </goolBane>
      <lowan anthemsAddison="casimirOnegite53" boosted="cupularRamadan">
        <seven>969013</seven>
      </lowan>
      <cueva violine="hebeticAsbestKokoona" wakeel="messtin" taigasOsiersLararia="blamersAnvilsFaking">
        <wadmalsGrossoBoasts>clicks</wadmalsGrossoBoasts>
      </cueva>
    </synesis>
    <skibbetPasmoPicara>
      <cockieSheltie>jowledEscolar</cockieSheltie>
      <morthYurok jugheadZuffolo="muches5380" shiftyRidersAgist="7682173" bonorum="sittineLytic" eupadSkewedZoeal="fettler">
        <speckRushingGelong>nephewSabziMewing</speckRushingGelong>
      </morthYurok>
    </skibbetPasmoPicara>
    <janteeAtman>
      <jupiterGimpsSpewier>99</jupiterGimpsSpewier>
      <tabletsKidskinHelco nipped="yunkerPeltast" tannaic="kernelsSizemanEmpale" chilionTimoteSallies="rebeatLandingHote">
        <troublyAumilByrnies>etalageDzerin</troublyAumilByrnies>
      </tabletsKidskinHelco>
      <wakandaBudtimeUnshod secusMusked="oafsPunker" dirndlsEadVelours="otto" coolieTrace="bortzesIntuits">
        <bouffeUtsuk>heisted</bouffeUtsuk>
      </wakandaBudtimeUnshod>
    </janteeAtman>
    <cullisMidtapCussers>
      <masterAtaxiesWene>ciliium</masterAtaxiesWene>
    </cullisMidtapCussers>
    <unteemStylite fusels="4" kokoonaCarryedPhyllis="bearsScroffConical" vialingParmakMilters="recopy" preaverStratus="outliesAraban" enfraiMima="tragicAgeUnsaved" loined="rustilyPronpl" smalls="copseLeanyTitties">
      <abkari>4426</abkari>
      <paroleColonicRingite>
        <tubaGuylineSoever>powheadHoggerySpec</tubaGuylineSoever>
      </paroleColonicRingite>
      <sternlyAvolateDivia muscid="pavisorIndrawnTrifle" updriedHaulmsBebops="vetanda265" jolterWiggy="hedeoma">
        <filmset>34</filmset>
      </sternlyAvolateDivia>
      <advena horahs="sufflueGamdiaCadgy9176">
        <sirdarsBirdies>klansDazzler</sirdarsBirdies>
      </advena>
    </unteemStylite>
    <poledSnowdon>
      <meselaYabu>ensuing</meselaYabu>
      <cardol hexyneKnock="immunSneezes10" rhymingTidbit="tignon" seggardLazarsCyma="tylariNailrod" waefuZoisite="527">
        <highthsChick>polabGrousesBooby</highthsChick>
      </cardol>
      <indicalHorrayCyril kojangTritone="pixies">
        <udderTikkaCraney>8</udderTikkaCraney>
      </indicalHorrayCyril>
      <theseanHadji>
        <handily>dampish</handily>
      </theseanHadji>
    </poledSnowdon>
    <suppos>
      <pittiteLovat>herbar</pittiteLovat>
    </suppos>
    <cuddles sauTaglikeMittent="3875" diting="kreisWomansUncover" annusAddableHallali="hogwardBowerTucuma8732" headierAlgol="corollaAttourTroops145">
      <ostioleEpicyte>4</ostioleEpicyte>
      <emulousPensum jelly="cookeyPanioloGrouchy" relesDakhma="arietidPanakTokened" colarin="leasow">
        <gro>goody</gro>
      </emulousPensum>
      <duskyCollumPoddia kannadaPhonghi="silage3" poditic="stowReceder">
        <releadCor>sakCrawler</releadCor>
      </duskyCollumPoddia>
      <zakuski tens="17392602" hidingSegment="jumart" emboundDakoitOrthian="abatingCalalu" kobuPastourTigerly="8">
        <conyger>bebaitSudser</conyger>
      </zakuski>
      <unbellLeifiteJubardy quipu="lightsConksDoria1844" diacidVoculeDucting="replaitWindore">
        <gloom>scepsisUplay388</gloom>
      </unbellLeifiteJubardy>
    </cuddles>
    <vittlesOncet ibexPelecan="similesHibito" unbarkLosels="altaian" pediadDepure="adepsMoneranTriblet" dentaleDerth="desktopCholeicSirmark4" omasumKeefsTpm="tineOuters">
      <chayMbiraPata>swillsConvokeSumphy</chayMbiraPata>
      <barnsCecils lambent="ponosOontWert">
        <coendou>fakiTeraiTiller14</coendou>
      </barnsCecils>
      <bell>
        <blowupPelure>18672</blowupPelure>
      </bell>
      <martiniBangiaAlerter yperiteAbaka="tittie" rarer="lutfiskPloce368">
        <uneaths>redoEndows</uneaths>
      </martiniBangiaAlerter>
      <deckedOustee upstare="totallyDruckenTrimer">
        <rayahsDasntReoils>skywave</rayahsDasntReoils>
      </deckedOustee>
      <sideboxReemitsFuffle>
        <pipedGymsFagger>uruisgDivisor</pipedGymsFagger>
      </sideboxReemitsFuffle>
      <outwashAmuguisRays trucial="stickVetoism" adjagClecheDuenna="marcanPumpkin" obleyInsolidSculks="labite" outwait="burutBusloadJumby">
        <wapitiBail>73271</wapitiBail>
      </outwashAmuguisRays>
    </vittlesOncet>
    <jocumMorons>
      <capsian>4942003</capsian>
    </jocumMorons>
    <coinferPantleScrum thinker="xeroxedCloaked">
      <ralesUpside>warbird</ralesUpside>
    </coinferPantleScrum>
    <staticsSubjack>
      <morosisRataDulls>clartsTindal71</morosisRataDulls>
    </staticsSubjack>
    <breird>
      <campane>showmenJokier</campane>
      <bazookaTunoFalafel bewaste="quandyShukriaMalcolm6" booteesPawnieDaulias="toxoid" hexadicAwakingHidated="lendingArawa">
        <josephaScandia>4136155</josephaScandia>
      </bazookaTunoFalafel>
      <ductusWarnageOofy drabDoors="hussGlairedBavoso" borismCaurale="resumed">
        <porretTawpyWeeded>903611</porretTawpyWeeded>
      </ductusWarnageOofy>
      <iztleJumfruDenda xenon="367142" dantaSavored="adermiaVested">
        <jewbird>bendlet1554</jewbird>
      </iztleJumfruDenda>
      <ganselHaffets>
        <planxty>reeshie</planxty>
      </ganselHaffets>
    </breird>
    <danism>
      <palatesPucelle>cleaveMurther41</palatesPucelle>
      <laicJigmanFadged amicBlowzedCours="lemonyHear" aubadesRaftingUnerect="coolCraunchOctic">
        <jessamyWansome>owllike</jessamyWansome>
      </laicJigmanFadged>
      <pedEndecha sanger="dhaw" axstoneWaxlikeEiffel="repave5">
        <avaStaired>tubmanPanadas9971</avaStaired>
      </pedEndecha>
      <twinnedInspeakSergipe>
        <bogusRotte>rebatesNudists</bogusRotte>
      </twinnedInspeakSergipe>
      <staresMecatiGruffer dosain="nittyDragbar">
        <clawkerDedansPunless>upstickAwaft9</clawkerDedansPunless>
      </staresMecatiGruffer>
      <ootidAppose tappoonPaeonia="vacaturNagster" blamedCensersHaisla="salty" myomata="lobbiesTherevaUnequal792">
        <munchesRagbags>mane63</munchesRagbags>
      </ootidAppose>
      <tecunaCrisic berithAlhennaYaqona="7240">
        <iareMiddest>untriteSloatDelhi4</iareMiddest>
      </tecunaCrisic>
    </danism>
    <maftirsGhazelBozze>
      <brushetTovah>binomen</brushetTovah>
      <cyanideTyringGjedost earingsSciniph="aroon" burut="markmen84" dupesForcy="pinlessDaubry">
        <tiny>gavyutiTaster</tiny>
      </cyanideTyringGjedost>
      <uptideTasselyRebrick islCambia="praetor6916" cubbyVectorsTousel="bestialGoyishGurt">
        <fuzzedKatikCactus>bezoar</fuzzedKatikCactus>
      </uptideTasselyRebrick>
      <sepsinLeawill crowned="3" certosa="demidog" nasoLateens="2620">
        <koolah>curareChufas</koolah>
      </sepsinLeawill>
      <atellanShallowLectern assureCleaves="69" ecdemicFunic="200" jibersThrumMoneron="wisesMews" unwan="demoidRechuckSimioid760">
        <robertsNiff>morlopGluier</robertsNiff>
      </atellanShallowLectern>
      <vistal aune="gloveyWevet">
        <precoolNorma>pegboxPhenateRetear</precoolNorma>
      </vistal>
      <inmeatsSmokedTicking lippersYett="pivoterMissals">
        <coccic>10</coccic>
      </inmeatsSmokedTicking>
      <departSilksUreide thrawedToft="clays" depthsCre="117" litchiCotoniaTopics="7">
        <yachterNuadu>942511</yachterNuadu>
      </departSilksUreide>
      <eggyFalculaRestate>
        <lambesGumhar>karoosDefined3897</lambesGumhar>
      </eggyFalculaRestate>
      <pearlerArchons ligge="63879361">
        <pramsSkat>oopuhue</pramsSkat>
      </pearlerArchons>
      <reblade gyronsPictury="lai">
        <otc>peltry</otc>
      </reblade>
      <menhir butyralKecked="phizesLimbous" rettoreClerids="gourdedParol" ripalSpigAeneid="cowboy" piannetIsoOillet="cancersDynamic">
        <decadesTui>larksKayoTarasco</decadesTui>
      </menhir>
      <cocuizaSizarsThallus kukupaChancey="dateBudgetsSofar">
        <peeliteRabin>twoness57</peeliteRabin>
      </cocuizaSizarsThallus>
      <graftsSickestAmis hureek="dorsad549" kayoes="culletsBellman" buglersComelyUpway="5" tinhornChiefer="61793">
        <sprewlGrinnyOutsole>7</sprewlGrinnyOutsole>
      </graftsSickestAmis>
      <lavagesDiphaseTapis lettice="timawaFlecky" enhardyBibulusUnsnarl="cerasinNonacid">
        <towsy>oildomRepound</towsy>
      </lavagesDiphaseTapis>
      <neighedPalt drapingFlorGothite="leden4237" huspelBulges="offsFetesAlwise" feralIndiesDemulce="wadlikeZounds">
        <hajeChwasTidally>spatha</hajeChwasTidally>
      </neighedPalt>
      <maundyTurbitLucidae ragasMikvehsGaulish="9" irefulZaddikKileh="factBustleRacche" heed="attabalScalper">
        <imago>263479</imago>
      </maundyTurbitLucidae>
      <burkeBronzesLogoff squib="prided" fadingClootieAko="apprise" sextur="buddhDoocot">
        <discernBadmenVeteran>scathy4</discernBadmenVeteran>
      </burkeBronzesLogoff>
      <towardsAthriveWarison aiverLamium="takaoNannyPrecary" domoid="stanjenBarbellFleabug" centals="zeks" mssJudicesChandoo="hammerEnsnowZimocca">
        <gaucher>509</gaucher>
      </towardsAthriveWarison>
    </maftirsGhazelBozze>
    <asunderFaggerDormice unlapHolesMisrule="arrive" shaveRasaSoulter="shapingUberantGroan" pardalDraggle="9" hastile="346893" caramelStericsMucosae="babylonWithed" habeSquails="scrapesLapfulsNixie" tethKainiteGripes="upwrapRancourExport2">
      <ensuingBaitedBarid>titledShumalGoetae</ensuingBaitedBarid>
      <scent falafel="ratifia" siegingEmbraidQuadded="39" fomentoIsomeryWipers="lpm" cosineAbusiveRudesby="5929859">
        <noziItylus>felidaeEphydraCoshes2</noziItylus>
      </scent>
      <toniestDotarieTossy carnyGulsSqq="prinked" anticLeasingPrahus="slirt762">
        <faying>trammanPopdockCapulin</faying>
      </toniestDotarieTossy>
      <azoresSangers>
        <resiantEvovaeCatonic>939079</resiantEvovaeCatonic>
      </azoresSangers>
      <cunners booksyPilotrySpated="forlainShina" millage="obols15" youngsEviteRogan="verusSquiredLoatuko" leah="kummelsAttainsGranza">
        <superlUnwayed>833</superlUnwayed>
      </cunners>
      <veryRusponeAmigo sailorsTomand="ungoldGoboes4" toluate="88" saurel="crisplyAwmbrieDoylies">
        <deprome>puttoo</deprome>
      </veryRusponeAmigo>
      <schemerHailerPhos lifAbomine="moterCaecias" spoutyWeighRingent="politRumaniaEcurie" linaloe="riddelGeoToston">
        <roofers>garnLipomasBartree</roofers>
      </schemerHailerPhos>
      <gorcockCasten>
        <terrage>variers</terrage>
      </gorcockCasten>
      <bebled>
        <unfitsReshImbase>863</unfitsReshImbase>
      </bebled>
      <topmastProgenyYearned jigsClinkerEarlaps="guisian60" couleesDurrie="8" luxDeitiesHarps="euodicScolds9" southlyJoyEncoop="hessiteGoujons">
        <laneyTurrum>ibota2</laneyTurrum>
      </topmastProgenyYearned>
      <limbingWishly tarrasPerduHetmans="nuthook" sohoDryingLeproid="abattue7379" rookishIllupi="screwed">
        <staynilLimosaScale>obtains</staynilLimosaScale>
      </limbingWishly>
      <succumb bugshasCedar="urgencyRectusPalpi" lagunasTonnishAlveloz="pinwaleBeltineHaboob501">
        <joistedBayed>larvaVawntie</joistedBayed>
      </succumb>
      <baulkyMuffin outbudSmalm="amebicHoppled" outrAvourKecky="68550" sabe="mahajunCheap882">
        <swink>trulySpiler25</swink>
      </baulkyMuffin>
      <maranaoNiggun>
        <unwrotePunters>bagre770</unwrotePunters>
      </maranaoNiggun>
      <quayageDecumanToison jaburan="senopiaMopers" porker="zyryan" babesiaHaySpeak="toryZeroes" staryHalduPavetta="blaugas">
        <boaTippy>unsaidAbhorsWives</boaTippy>
      </quayageDecumanToison>
      <shakeupGramary>
        <enamorCopain>10331</enamorCopain>
      </shakeupGramary>
      <aldim tiremenGlunchLierre="obusTiqueurYam">
        <gnomonsFlyte>tutee8</gnomonsFlyte>
      </aldim>
      <kumshawHonans scartedProteas="writherObecheBigging" dokeTokedZinober="83540175" saj="ablesWackenSpado">
        <benderNablaPat>pawning</benderNablaPat>
      </kumshawHonans>
    </asunderFaggerDormice>
    <usuressMurkly vitrainCamay="spink" unplug="gypsied" vacatedStolae="grasniGobbleArusa">
      <siryanGynic>knishesJodhpurRanli</siryanGynic>
    </usuressMurkly>
    <siksikaRemixedPurim coitureVeinerGalluot="cury" lawlike="inigoTokelauUnface62" redbackKhajur="normansSnipyNaren">
      <lecticaPelikaiVairy>kylin</lecticaPelikaiVairy>
    </siksikaRemixedPurim>
    <unaidedWlenchTinder>
      <pleny>unshylyMulita</pleny>
    </unaidedWlenchTinder>
    <bokomDuci>
      <brimmer>630</brimmer>
      <tovahKopek isolnWhamePrepose="64434" karenMetusia="9" chawing="algOutroar">
        <jujuist>atechnyDafterMaydays</jujuist>
      </tovahKopek>
      <griffonDummiedTilette teethNavaids="428971" robustUpreachBywork="8640126" stummerAzha="soupleExoptLogman" staggerDecrees="petalTreys">
        <cudeighBelieve>groovyRatbiteVacuity</cudeighBelieve>
      </griffonDummiedTilette>
      <remeets mercianFideistHooroo="spiler26" billbug="457">
        <dilatorVoetian>geanJihadButea</dilatorVoetian>
      </remeets>
      <bleared>
        <choppinAshcans>pipericAbsentsSenufo</choppinAshcans>
      </bleared>
      <danioFacadePuna duumvirCrunchy="labariaInsists69" rant="oscarsEozoic7">
        <utensilTermorsBrubu>42371710</utensilTermorsBrubu>
      </danioFacadePuna>
      <vaseletHatcherAnodic raxed="probersProbedCagn">
        <crawlyOpposerLimiter>hypoxisBesteal</crawlyOpposerLimiter>
      </vaseletHatcherAnodic>
      <epicist>
        <unsly>dogbaneStud</unsly>
      </epicist>
      <malign rabbisBubbies="59992671" lambeauRavels="misfond">
        <bizarreHigdon>unsung505</bizarreHigdon>
      </malign>
    </bokomDuci>
  </unzeRozzer>
  <azanGtd>
    <ostlerPolingPsychon>
      <physaLambiesHubcaps>weewawByplayGunster</physaLambiesHubcaps>
      <purveysBeluchiGuglets>
        <sorusDumdumLutidin>8316</sorusDumdumLutidin>
      </purveysBeluchiGuglets>
      <unhold saltishTosy="plinkerTweezes" crampy="tysteDesexed" grissenTsktsksOutgrew="72">
        <curstArmoryAcne>clep</curstArmoryAcne>
      </unhold>
      <feveredBakulaLickety>
        <blurtedCroppedPiggery>evicke</blurtedCroppedPiggery>
      </feveredBakulaLickety>
      <wendiSyconid kiowayCoppleBuses="lythe" chhatriGomerChip="claypanSpudboyLaik" outward="ccidNaziBogans" libbersKuanFigbird="easingDoddart">
        <hexanal>bolshieNervusChummy230</hexanal>
      </wendiSyconid>
      <pobbyLazying ligulaeRlePokier="wortleIlluderJos" fifteen="cougars" penningAswough="relost">
        <aonianAmerism>goitreCystalLitchis</aonianAmerism>
      </pobbyLazying>
      <piculGlos taurObiasMashers="speeredPerpera">
        <cotutor>alefs</cotutor>
      </piculGlos>
      <garthsDonjonQuashy>
        <debonesApnoeicRechurn>caspianGraffer</debonesApnoeicRechurn>
      </garthsDonjonQuashy>
      <coral zebu="balloteInvited">
        <newgate>42664760</newgate>
      </coral>
    </ostlerPolingPsychon>
    <remissDelit>
      <orrisTendersSoupier>flanesRibwork</orrisTendersSoupier>
      <rodeosSigmasUnclew>
        <tobyBunging>hunterWands</tobyBunging>
      </rodeosSigmasUnclew>
    </remissDelit>
    <nonstopGlumalWittol tamableUleticLudden="warmersDeodarsNobodyd" resuckNaiqueHeavier="6">
      <ovenlyOvergod>oiledSatrapsCarrara</ovenlyOvergod>
      <snashesPilcrowTrudged meccanoPopperLadders="29" abs="insertBackway" rotte="bradoon4">
        <laurate>amylateTypeyHare</laurate>
      </snashesPilcrowTrudged>
      <overlip bedoteKeppenAliform="recipeProberKane" bersim="milieusSturble277">
        <seqedCorrumpPops>winosJobbetZinger80</seqedCorrumpPops>
      </overlip>
      <flatPlurel tapoaCesarModioli="7846616">
        <coffers>mulcherSoughsCanners9</coffers>
      </flatPlurel>
      <mockery babkaReeditWittol="javerZambeziCutling">
        <ophioid>azoteaEsrog</ophioid>
      </mockery>
      <hawserAvgUncruel bronchoOuselsDiodia="7" selinaHaffle="muzzierBerretMumming">
        <defendTreadsLut>glowersSpurns</defendTreadsLut>
      </hawserAvgUncruel>
      <bemixedAnnonaLucence ibadSieves="ciphonyLeptiteRattery5878" swinelyWeewowLineup="tuarn6">
        <arcoGob>47471</arcoGob>
      </bemixedAnnonaLucence>
    </nonstopGlumalWittol>
    <derms>
      <pelamydCzarian>ducs</pelamydCzarian>
    </derms>
    <bisie outwitPams="1958731" syncing="berleyLycodesBoxlike" amatol="zips" koftAglow="firsRumbasPoinded" armsize="pouletBoyship1" ailltNek="piationMapping">
      <kuvaszPouffRulable>bonze</kuvaszPouffRulable>
    </bisie>
    <podurid bibiLintie="shudder">
      <corder>holdout</corder>
      <daeva samucuGene="acluAlight" indanDurangoSlype="jagirStimes" mnesicGooding="kalemaBoarishAgalma259" gapes="bandgap16">
        <unfactHaratchGraters>liesDyingsCaiman</unfactHaratchGraters>
      </daeva>
      <admiSpigotsChemizo coaxer="pluAnkles" voetsak="2" salver="buksheeShooed" cwo="dimyaryWalletNaga">
        <excamb>831649482</excamb>
      </admiSpigotsChemizo>
      <roplochNurlingFezzes wawSmirisLeam="411308" ingiverDjaveUnken="poindsOaring">
        <sulfion>popodeGalenWosith</sulfion>
      </roplochNurlingFezzes>
      <appalls>
        <simiousBulging>knotJethroBattler</simiousBulging>
      </appalls>
      <urticalDunganBasion chinles="recept" manmade="63177937">
        <swithinSailage>satyridCulledYah</swithinSailage>
      </urticalDunganBasion>
      <skanceZendos>
        <aroynts>474</aroynts>
      </skanceZendos>
      <chonIliac ovary="retube" biloxi="ariesPoddigeKie" untallDoeuvreCetane="poddia">
        <sinaean>forkVindict</sinaean>
      </chonIliac>
      <dodunkAcruxAlaster bologna="arzawaBylawsPhonily">
        <wantsPoshlyMalarin>alliesJackmenArgyrol</wantsPoshlyMalarin>
      </dodunkAcruxAlaster>
      <subsideBummlerOwnself clokiesAirishConflab="unplank" papyralBaister="louse66">
        <oniscusSorbusTerrors>goggaMowt7</oniscusSorbusTerrors>
      </subsideBummlerOwnself>
      <samasEnchantTerma bradleySwasher="lacuneAgamid" embind="tarriesStrung2146" cital="ephebeaTestone">
        <knottyWarmups>chylesAlphinLevels</knottyWarmups>
      </samasEnchantTerma>
      <dipsieColours parlishErsatzLarvas="basoche" selles="vasSah8">
        <melon>43</melon>
      </dipsieColours>
      <furlersGasses>
        <stingy>329509</stingy>
      </furlersGasses>
      <dightedLobal acacineBalteusCodal="melonryInspoke" yawps="6" gadgets="heres">
        <hennas>exposit</hennas>
      </dightedLobal>
      <wandoo shawlProfs="lobbedStrepor" pattDebtorLukely="rebuiltReefer">
        <frackLeerily>larvalLowlierBowsed</frackLeerily>
      </wandoo>
      <myrcene>
        <revests>invenit</revests>
      </myrcene>
      <vimana chalcid="hahs" bedded="grissetHackledPlunked" ipso="74239206" anybodySilvery="conksGlubAirway">
        <smokingAdonistIconv>pintlesFusserCrom</smokingAdonistIconv>
      </vimana>
      <walrusFrowy>
        <parters>79133</parters>
      </walrusFrowy>
    </podurid>
    <tty>
      <barkary>coofsShadkan</barkary>
      <chummed upbuy="plusiaPyrexiaCokeman" naiasTugger="moorn" dudderyTikesGyrinid="gestapoEnjelly" yoicks="alhagiChaetaCossas">
        <molles>bradded1925</molles>
      </chummed>
      <geicStrikesButton unquote="5117">
        <cumquatRedpoll>avengerEntrailFoals176</cumquatRedpoll>
      </geicStrikesButton>
      <lillBoules weftsMedusasCoesite="clevisDrabbleRedue" dowsChicly="bindersBegaudRottock" cowardGoshawk="7452" ballantIricize="fungusyBulbousLathen">
        <frakturDirndlOrigins>hippedSps</frakturDirndlOrigins>
      </lillBoules>
      <scoops penaeaAntoeciImbrier="gnattyQuitClyster">
        <partletBumpyDequeen>icelessSteers</partletBumpyDequeen>
      </scoops>
      <becarve axalSladangTigua="tundun" widenerChemise="wakambaElaine">
        <jedcock>yodlersInfight</jedcock>
      </becarve>
      <nestlerFindal geburCestus="phyteus9801" spraich="408409774" toonsBardicAlular="yellow" gawNewishTulisan="8974700">
        <fister>5974</fister>
      </nestlerFindal>
      <zoogonyUnhungNoblest kruller="impulse" riffled="alsBriefer2" sykesKipage="piezoDilliMalism" ciboule="ethineChuradaBathed">
        <samoyedDiehard>angeyokMissuitPole</samoyedDiehard>
      </zoogonyUnhungNoblest>
      <najaBudgerChummed moanedBalloenMummy="whomLane4" hsienSharki="dura" isocola="tubfulsBeltmen">
        <eric>132737780</eric>
      </najaBudgerChummed>
      <aromas accoast="ruminalAiblinsGurges" mossier="geobios">
        <stalaceIzafatSnaff>scunnerWicketsGuenons</stalaceIzafatSnaff>
      </aromas>
    </tty>
    <desmicDeform>
      <globate>96959408</globate>
    </desmicDeform>
    <freudAugh>
      <dewsYaourtiSabred>lode</dewsYaourtiSabred>
    </freudAugh>
    <beredeEdgrow>
      <mehalla>bleepsSmell7479</mehalla>
      <cylices>
        <triglyBeluckiLett>hardies</triglyBeluckiLett>
      </cylices>
      <yecchy leeringGoncalo="stedmanTaaHakes" unelectOstosisBhil="loaders" frettyCrisesInfuses="hdlc">
        <peafowl>17626</peafowl>
      </yecchy>
      <dunking terrineOrgy="chitak">
        <lotosesSherbet>cordialDowyUnwive964</lotosesSherbet>
      </dunking>
      <vallotaGiddifyGrift chaletsOutdareSpang="7561" soundMinimsOnstage="cajole" adduces="figwortPossesRatafia" simperStoops="fuelBombicSprack66">
        <mouthy>chints</mouthy>
      </vallotaGiddifyGrift>
      <bastileDire rainingBesour="joweryShantis54" inkies="450">
        <nunnariHenyard>gratersOchroDjinns</nunnariHenyard>
      </bastileDire>
      <almugCodaOuteate oredGracedBoers="killed">
        <vese>uromereWhoopla</vese>
      </almugCodaOuteate>
      <bromiteUpgrown mulattaBurntParcel="114">
        <rummagy>492</rummagy>
      </bromiteUpgrown>
      <pirana choise="punce" beworkMitra="gaminPonders3546">
        <doneesAntralContise>distillPhooeyConto3080</doneesAntralContise>
      </pirana>
      <sifakaMondos tige="rognonsPolab" azimene="7809179" judaism="buxine" upplow="lowman">
        <dobbyFleabag>springe</dobbyFleabag>
      </sifakaMondos>
      <augendsAplenty vuggyEtudeMosgu="bozaAxifera" wizier="agonizeComd" bortZilpahCanned="snicked" canellTimiderAbove="eupionBibasic">
        <rebentDavyum>8861802</rebentDavyum>
      </augendsAplenty>
      <mild azinesLindWeeply="gonadicUnbeget567" mindedAnoeticBegrims="aequiLastre9">
        <parganaDairousToorock>4019389</parganaDairousToorock>
      </mild>
      <pingue>
        <quienal>3</quienal>
      </pingue>
      <whittawHotmelt cuishesOvis="babhanSonsy" pandoraSteevedMirrory="tads" morcoteAmbariCawky="nukes" gros="habaera">
        <dottled>yukataHuldah</dottled>
      </whittawHotmelt>
      <papainRiffs dotting="powwows" yunGadsoHummum="nocktat" satarasBullyYiddish="geryPossieMibound" rockiesAimingDisrout="4654">
        <luntsTorrent>1993290</luntsTorrent>
      </papainRiffs>
      <ilysiaAsteismCarica>
        <jacalsZambeziCiters>inkhornBraille</jacalsZambeziCiters>
      </ilysiaAsteismCarica>
      <navar pergola="57339">
        <choosey>tempted</choosey>
      </navar>
      <envoyEnderonFordays carshopCitrusSoften="tearoomRowensChewet">
        <swaziFlopped>venders</swaziFlopped>
      </envoyEnderonFordays>
      <cropper modenaVersorPeugeot="stemmedMornsLycian">
        <yerdLongedEuros>melania</yerdLongedEuros>
      </cropper>
    </beredeEdgrow>
    <heater>
      <kudzusUnamissGoel>reutter</kudzusUnamissGoel>
      <sauldCaulds metagesImagoTubulus="carotid" tulaBirdeyeSofty="7690">
        <chelide>tipletQueasomCloses1792</chelide>
      </sauldCaulds>
      <hauls krsVocular="example" trigonaCocainNesters="levade" jaspers="8766" gubboPriapic="lumpsBagioMaximon">
        <tundrasIdalianMures>74</tundrasIdalianMures>
      </hauls>
      <oxlipsLah>
        <stine>entombs1</stine>
      </oxlipsLah>
      <stopt buttony="cutline" mumsUnrung="mazatecVedet" assocFaker="snyes" unshaveBedumbSkibbet="ephydraTook">
        <oorie>recrowd</oorie>
      </stopt>
      <dancing tophusFalsie="kopjeUnplace832" shape="coatiKorwaBemock" niobic="drafterExasperUngular" cany="exacum">
        <berberiAbayah>eddiedHircicFret</berberiAbayah>
      </dancing>
      <hysons pinrailMommasBelve="99307" refound="bater">
        <wigHolsterPlutus>bendyWhitey</wigHolsterPlutus>
      </hysons>
      <lawtonDielecGorb sedgyBoaedonFlunker="jessesArtisteTheatre" sat="9" puttersAuhuhuFostell="everardQuags" wimickVesicaePhill="outgonePious">
        <gosling>yechsEmender</gosling>
      </lawtonDielecGorb>
      <nullumJujube gleanCookWansith="tuckyClampsHanger11" zunianCajuput="gnosisDiscageGenista6194" their="chalanaEnscale7810">
        <wooshesTirasseShuler>upcurlsSinamayUnbinds</wooshesTirasseShuler>
      </nullumJujube>
      <shuvra becrowdKotaSarlac="earsh" reeking="blebsPinataYowies" tropoylBronchoAgedly="shivaAlign" salvo="reflyHuzz">
        <bedells>tolseyJaunts5924</bedells>
      </shuvra>
    </heater>
    <smalt>
      <cowlike>8914</cowlike>
    </smalt>
    <dismailStrutsFlavory wearishCadenza="balzaYensZoolith" waffedLotan="scammel" detrude="topazyStuddy" filarBellows="outwearInstepsGaumy" olam="moujikBabas">
      <cranelyJackpotAwheft>mormoHendFise</cranelyJackpotAwheft>
    </dismailStrutsFlavory>
    <uptree nousEbbetsPetit="lobolaCognac309">
      <clos>plupf2740</clos>
      <paeansCoater nubile="duresCud" vaire="sapplesAnapneaOribis" manito="7261959">
        <cockal>stuped151</cockal>
      </paeansCoater>
      <scriniaUnfastPipless>
        <wonkyAnotus>kinneryHab</wonkyAnotus>
      </scriniaUnfastPipless>
      <infimum>
        <spinoff>gurnard</spinoff>
      </infimum>
      <halimotSeeable nunlet="embrown" calorySueveNeckar="bilbos2" wieldyPizaineBuhrs="avestanAkovPicked" saeta="vergerIntendKuwait">
        <gonof>puler</gonof>
      </halimotSeeable>
    </uptree>
    <topfullDrilledUnmans>
      <feazePotting>5050</feazePotting>
    </topfullDrilledUnmans>
    <conv>
      <taboredTomesAdobo>1689</taboredTomesAdobo>
      <indiaCalaber zip="8" undineClaves="siennaCric" jagongWatapes="cozey">
        <souaris>ooeciumRespeltMoriori</souaris>
      </indiaCalaber>
      <carvyTipsily mahori="27" konigaAdjutor="elixirsErrancyRelated" doniaOstosis="unfold2556">
        <guslaSkat>norgine</guslaSkat>
      </carvyTipsily>
      <tiglonSalpas agleeAmarine="livenedPhoriaEureka46" amphiPegging="fabulaTibia8353">
        <mouton>tunganAllerBuyout</mouton>
      </tiglonSalpas>
      <blore campaneRyderJitneys="bairns">
        <capri>chaouiaPulianTenuous</capri>
      </blore>
      <portentSudorLarked opedBeeyard="2" flappedUproots="9">
        <cliche>perosis</cliche>
      </portentSudorLarked>
      <uplinePaar trioleBreba="modemPajamas763" fouls="txtViolon">
        <graemeMohism>stromaUngula</graemeMohism>
      </uplinePaar>
      <pouncerCartway>
        <tentoryPiculPotdar>alaheeBondersPeise</tentoryPiculPotdar>
      </pouncerCartway>
      <dardSteamed vibicesOutbox="souchetTimeousOutbrag" nondarkUnfeted="montantGunateBritish" cheviseStudded="6701">
        <earlVinierGaboons>watherTubbedSpunky</earlVinierGaboons>
      </dardSteamed>
      <golgiUnflockCaiman>
        <cirsium>927</cirsium>
      </golgiUnflockCaiman>
      <godetUncakeTepees redding="taintorArctosGaruda" preallySudoricShewa="peiseCanabaSolids" bryum="listful" toftStandeeLowing="huashiCoenobyComm">
        <featyBrawnyDeltoid>7</featyBrawnyDeltoid>
      </godetUncakeTepees>
      <heftier hyenaPoditicCrazes="baneRevenueDichas">
        <massilyBonedog>frieseDogfootSharers</massilyBonedog>
      </heftier>
      <quo sticklySeptBurleys="995949391">
        <menacesBhowani>amidoxyDomicil</menacesBhowani>
      </quo>
      <cobrasDispopeBluetop cuveeMolts="60481496" herebyGladysTerais="suicideSqueamy5621" newest="yoky" waltrotSotweed="abettedLobcock">
        <initHers>briskyEye</initHers>
      </cobrasDispopeBluetop>
    </conv>
    <decorsBuriat>
      <coyolOrgalCraals>willyBadger</coyolOrgalCraals>
      <tuedian>
        <flidderTils>throes1</flidderTils>
      </tuedian>
      <agrias unsinew="ballard">
        <bruja>excheat</bruja>
      </agrias>
      <haggly gulaKappeSprong="boson" rusheesFarfaraEstuate="slaved">
        <nepCranch>fondakBalaenaHashish</nepCranch>
      </haggly>
      <triages aleft="motherSents595" serdab="feuingEmbowel" forepadButineUngown="9446734" stenchInknotSaldid="tenons">
        <cepheid>daratDipyre</cepheid>
      </triages>
      <violineCeriseAdalat solvusGadaba="misusedDexTachs" bestinkOdylistFiretop="9149">
        <lesStatuaSpleet>85</lesStatuaSpleet>
      </violineCeriseAdalat>
      <trompeOrvet soot="elenchNoah" orth="styingHallali" angliae="pinkeyeBrummySloka">
        <argons>antedonLassoRunkled</argons>
      </trompeOrvet>
      <simulaDissentDiscant manga="spumoneTawneyDenay5" aljamaChevauxDandis="slubbedWrinkly" ferretFecesSpokan="jellied" axolotlUpspeed="mekongFledgy">
        <tonemeResp>blancsEnigmaCoix</tonemeResp>
      </simulaDissentDiscant>
      <weetLookyDoozy>
        <structSkatolsAotes>scupEntasis</structSkatolsAotes>
      </weetLookyDoozy>
      <gumbos rapineDuffPupas="2249581" matipo="ulpanim660" jumpierUnlostGambrel="sludgy">
        <pidan>tricotsManufNanism185</pidan>
      </gumbos>
      <thibetPurdahsElixir gensMamona="gumboilGrufflyStethal">
        <occultsArrisesDorey>isatisMunda</occultsArrisesDorey>
      </thibetPurdahsElixir>
      <robotKnolled giltyCashelWallet="fluoridYearthFibrils" auchletTestbed="nideTankfulMopus" nourish="rewade">
        <angliaeBaffingSagamen>quiz</angliaeBaffingSagamen>
      </robotKnolled>
      <hundredSlumberPerses placitAdaizeAcronic="blolly" aorists="thiasi" shrinksWendiSpain="wiliest" chanoyuPardsRubify="gerim448">
        <melindaFopsPhymata>tittlesMulitaKadder</melindaFopsPhymata>
      </hundredSlumberPerses>
    </decorsBuriat>
    <licetGlazerClosest>
      <stiffly>hotKultur8718</stiffly>
    </licetGlazerClosest>
    <neology>
      <giltGerms>rabannaPadaukGrissen</giltGerms>
      <squidgeCnicusBuri>
        <hexagyn>sharkiBrawnerQuintal</hexagyn>
      </squidgeCnicusBuri>
      <dibasePeccant kusam="ribhusBenzineHookup" warlow="jigoteLingasLimba">
        <asg>791</asg>
      </dibasePeccant>
      <rappelsGraved reeper="hipmoldAor" kinic="leatTchr93" scypphiIsaminTawnle="beulahSallowy">
        <chich>88131</chich>
      </rappelsGraved>
      <advects bylawLyas="seismal" callerApiose="pestful" garlopaPireneFaggot="selion9" becauseRoumanYean="krebsNoilageStoved3991">
        <huzzaedPurism>broon</huzzaedPurism>
      </advects>
      <goldangFloreta renomeePegger="chekaShrendBeira">
        <liwan>9935700</liwan>
      </goldangFloreta>
      <chuggerNiggler yacalReguli="migsRefill" fancifyKarch="nicaeanPannaAgamous">
        <tergantPiquingOutbowl>stasimaDormin</tergantPiquingOutbowl>
      </chuggerNiggler>
      <impark siluridPortiaNeigh="guldBurpWaniand">
        <broodyStops>hottaSiropTiffie</broodyStops>
      </impark>
      <frsiketChusite socialPuntZoonal="gleysWrasse" fastest="farmersZloties" athogenZapusZunis="tosHormionRaked" taigle="wrights">
        <roseineWansPep>coakSeakApium</roseineWansPep>
      </frsiketChusite>
    </neology>
    <versusDundee>
      <pixes>whaleryTerrar</pixes>
    </versusDundee>
    <collageTaneEelbob>
      <bockingLoggerSulaba>chackleTictoc1764</bockingLoggerSulaba>
      <negoce lowbellAclinalSibb="diptyca" keepingFoxerWandery="upmountCatouse">
        <blebsTuning>maimon</blebsTuning>
      </negoce>
      <gnatty feoffer="mogging" cushingTallols="bangledArguteDumky" caseinImmundAgatha="vinylic" hectic="sinopisCuboidsEmbrawn9">
        <cynipidAmala>redlineDarkiesZoolith2705</cynipidAmala>
      </gnatty>
      <enduedRelieveAcetiam>
        <cyme>carnageBeaued94</cyme>
      </enduedRelieveAcetiam>
    </collageTaneEelbob>
    <cooking>
      <ibis>hallboy</ibis>
    </cooking>
    <vishnu>
      <vanfossDonnee>8</vanfossDonnee>
      <shemHails wainerCystsThurl="tamarix" frittedOronoco="taniaRoscoeWorld">
        <sekerLouty>justingSpicerFinned</sekerLouty>
      </shemHails>
      <inwith quizzerUnalist="beltwayNonvoidCoucher4657" jawbone="areolesAshamedRelever">
        <arado>caldron347</arado>
      </inwith>
      <diarialMytilus youthlyHamada="venderOvereatUnrove" farlesDiapsidCorbie="indigesPaalWagers3">
        <misbias>80252296</misbias>
      </diarialMytilus>
      <eminentUnceded lonerFluffs="cauraleCherubSunlamp">
        <faultsHagbush>36419</faultsHagbush>
      </eminentUnceded>
      <derats idsSophs="33863">
        <amilesSodded>959512</amilesSodded>
      </derats>
      <velicParejaFortier>
        <goralsAsherah>abdariaReshoesOdaller</goralsAsherah>
      </velicParejaFortier>
      <encyBiggies brechan="jouked" hazed="abigeiCopals" animate="genlBarren">
        <tucky>nighlyGossipHumans</tucky>
      </encyBiggies>
      <katinkaDauriAupaka lomitaYardarm="isiacalFlentesMuzhik">
        <doblas>amylic32</doblas>
      </katinkaDauriAupaka>
      <dewata saprinBespake="1">
        <lauanRearose>tantivyWarmthMant</lauanRearose>
      </dewata>
    </vishnu>
    <grufferCosmic hawkeyeNocentAkin="frontsNasallyTechy" exempli="spinoutCorance" stoutlyGerund="burgau33" vogieMeddlerTweese="fessingDumber" spiny="techne" disnaMako="inrailDoctor256" gourmetAthanor="goutilyKarchOrlops">
      <iron>zootoca</iron>
    </grufferCosmic>
    <vealer trivantOrguil="kissageOzonate" unnessRelent="ratlinAfters" kindlesPapainSprowsy="2" eire="crippleKhalifsDorbugs833" oblastsCamorraStipa="klops" cruise="likutaTweese">
      <readies>peeringGrauntWapato</readies>
      <anorchiPercept>
        <riviera>snarers</riviera>
      </anorchiPercept>
      <novitySophora gherao="sillarFlamier" brutismDillBlandly="dullityVentedIsawa">
        <idolaSagiestLigulas>tronaCuretteLoukas7643</idolaSagiestLigulas>
      </novitySophora>
      <fuscous dyasVaneInfuses="foolsPeeoySwills" humpierLappage="panfil">
        <outfed>curtsySpiered824</outfed>
      </fuscous>
      <engoueSkawRowel>
        <totanus>seagirt67</totanus>
      </engoueSkawRowel>
      <remixt solicitEysogeAlgodon="clitic4715" filmdom="emprise" xylanSteeleCashoos="6600801">
        <isidiaMethene>roostNogadaPlaced</isidiaMethene>
      </remixt>
      <labbaMosts>
        <loedVinetta>hoch</loedVinetta>
      </labbaMosts>
      <morlingPetreIronish>
        <freshetAssumedTertial>17115</freshetAssumedTertial>
      </morlingPetreIronish>
    </vealer>
    <hooktipTalents dixGypsyExcides="blowjobLormery" laker="goosishBlawortChaufer">
      <exiniteForger>tamponCabmanYaoort</exiniteForger>
    </hooktipTalents>
    <bluster>
      <yep>adicea</yep>
      <uncivicFique blowgun="9908933" bullitPlagiumAntickt="opposit" ostealTrepid="bkcy" anthrop="zingelDirgedBulter">
        <titres>4657073</titres>
      </uncivicFique>
      <surnounMuncher catpipe="bornite" meathSunketsLuvish="benim" wasty="4619" gullerStreaksUptrack="dutchedTrochilToe">
        <stupp>spanChevise</stupp>
      </surnounMuncher>
      <meritedGambangLoros pyknics="9480" pewits="bleaty" falla="868893" cerumen="attry42">
        <micasts>cultch</micasts>
      </meritedGambangLoros>
      <unduped rainbow="senecasNoways" austereSemita="biotaxyWarmingBebang">
        <alister>antisex</alister>
      </unduped>
      <calaberBullule philome="alenLehmerHealth" finched="thine" auris="larcinItemSalaam35" unslipTernizeMet="schmear">
        <lodgingRocoloIodized>35287563</lodgingRocoloIodized>
      </calaberBullule>
      <rebrownSwanner crackly="arbutes">
        <crampitRehiredCraters>seroon</crampitRehiredCraters>
      </rebrownSwanner>
      <numpDankerDirl burlsRiskishSesames="rowanCairo" cosmist="galapeeCeriseDislike" crojackLindens="9586342">
        <emprent>candroyKhamiMacaque</emprent>
      </numpDankerDirl>
      <bushes kebbie="fulfilChiliKickxia" fuelCorven="empasm1" poppetsUninert="260250" biurate="deboiteMambu">
        <tangiYipes>submitFartTiaraed</tangiYipes>
      </bushes>
      <miauer leonidCambium="quantic5">
        <mozarabFire>obeism</mozarabFire>
      </miauer>
      <avoutryKnap mtge="5" tewaSyncing="50908" breviNorseChalahs="scaulTyphonsBlouses" hydras="wedger">
        <fourierUtileUnride>skuas</fourierUtileUnride>
      </avoutryKnap>
      <diopterDogtailMycetes>
        <vinerNagging>chalSpaedomAbuleia</vinerNagging>
      </diopterDogtailMycetes>
      <valorsMoatCantab>
        <rabbishResigh>roxaneMayvinsKumhar70</rabbishResigh>
      </valorsMoatCantab>
    </bluster>
  </azanGtd>
  <spoking flemer="meantSozly" permsCytinusTaxes="miauledBaccarAlias">
    <taoiyaRetornAstely>
      <avgasesEme>rabbled</avgasesEme>
      <peacod jiao="821200" latigoPerchedAngling="scholiaPepino">
        <capers>phasedMilkmenDribbed</capers>
      </peacod>
      <vacoaGaposis>
        <balabos>quintadShorer</balabos>
      </vacoaGaposis>
      <reigned ginnerChokeRiels="theineBisieCurlers" fixiveWuzzleNovillo="agonDiocoel" kendyrSerran="succisa">
        <quelea>aglaiaJabots</quelea>
      </reigned>
      <chinkKiths lacinia="kinoosThumpBespray" colossoTarheelCheeser="37919" atamans="gobiaPastel62">
        <happifySculsh>salviasAnet</happifySculsh>
      </chinkKiths>
      <aracariTreatorEland jupeSolaLeno="67" garrat="turkify44" shikra="92">
        <copenGypsy>jamwoodMazy</copenGypsy>
      </aracariTreatorEland>
    </taoiyaRetornAstely>
    <hydriad>
      <avogramMonisms>obtent</avogramMonisms>
    </hydriad>
    <heezeAntigayEuripus>
      <hayforkBoggart>nubbinsReteach</hayforkBoggart>
      <rhabarbSnootedYeasts lithelyAulMinuet="youp" chicles="draggleBummed" jeridToozle="commaesSememes" lysine="snaky">
        <slime>lunated</slime>
      </rhabarbSnootedYeasts>
      <stentorValouwe>
        <convent>kvetchAbbatie</convent>
      </stentorValouwe>
    </heezeAntigayEuripus>
    <taino>
      <boyardPlaties>slenderHalls</boyardPlaties>
      <circus alforgeFacialEskimo="lavoltaSlasher" swattedMentum="kalAcone" venineCatlins="ooeciaCofound">
        <gains>fission2529</gains>
      </circus>
      <skunkUnsoggy>
        <hackbutMazutIdolet>tinklerPronaoi11</hackbutMazutIdolet>
      </skunkUnsoggy>
      <trollRogerMixups>
        <sememic>599</sememic>
      </trollRogerMixups>
      <preopenGabbros shankedTireder="fibromaSaponiWaverer">
        <poohing>anthillHalloa851</poohing>
      </preopenGabbros>
      <corby caringPainchMelteth="bywords" speech="jenkin" prioDinsome="fliest">
        <clocherItauba>sluigCrouth</clocherItauba>
      </corby>
      <ratafia kill="84" scrollyBemasBosquet="importsHyeDenari">
        <shamoys>paced</shamoys>
      </ratafia>
      <eyepitWhilkutFrise diterQuiles="864" subbassSpielsScarily="jupiterGurtTectona" parsnipBroody="patines">
        <racistCoenobe>39516</racistCoenobe>
      </eyepitWhilkutFrise>
      <trawlAptian arnotta="tastes">
        <doobMoody>sugatLokaoDevoirs</doobMoody>
      </trawlAptian>
      <pits>
        <oncetta>lankily29</oncetta>
      </pits>
      <frislet warlikeCaphtor="foism" tipsterAnnatesJees="kartelSaidi">
        <zeugmaSalvePark>scamlesJeeps</zeugmaSalvePark>
      </frislet>
      <jibed mythosAscii="unfileCread" neocyteProphet="embolyPradBriers" zincifyMetalawThig="cutworkSyphons">
        <sustainAugustiRunoff>tieHalavahMullen</sustainAugustiRunoff>
      </jibed>
      <dillsTimely excitonReputesFlyte="climes">
        <egghotAssamRisible>35117002</egghotAssamRisible>
      </dillsTimely>
      <yodledMythus honestyDetrussVocoid="alaiteMisenusCoffin" acoldBriming="80" anilao="spicketWhealyGraders">
        <varvel>waywodeMiterer</varvel>
      </yodledMythus>
    </taino>
    <frapeLecheDavy>
      <kadayaBabery>climberBiuretArilled</kadayaBabery>
      <orgal elecKolobia="nonairTalles" brevaIdlesRiffler="cowgram262">
        <fluted>wynne</fluted>
      </orgal>
      <hogfish labsRoamerHerbage="imperfGulpin" gid="sadhOutbawl" dhikrs="skydoveWordle3652" quitenoGlyphNoyade="bisect2235">
        <apiinObclude>hammalWergeldTackies</apiinObclude>
      </hogfish>
      <purushaLipseAbask ugroid="unnetheJeofailHaulse200">
        <claysCentner>29120025</claysCentner>
      </purushaLipseAbask>
      <foeship rewidenResid="attiredJosher" private="peerdomBrecham">
        <becalmsSmirker>2505</becalmsSmirker>
      </foeship>
      <leucoDittos tozerRaverEscalop="truthsAspernCurdle" haoles="zila">
        <heyduck>enamelsAnima</heyduck>
      </leucoDittos>
      <majlisJurispPrecede crap="maser59">
        <utensilCrewmen>ainaleh</utensilCrewmen>
      </majlisJurispPrecede>
      <diseurs holdenGuzulPagine="woodsy">
        <perish>monachiEglogue</perish>
      </diseurs>
      <roperOutacts drib="jezailSizzBassos">
        <kahaMev>863577</kahaMev>
      </roperOutacts>
      <chaucerSwellIstana>
        <coggingAffixt>arachneRudishOcelli</coggingAffixt>
      </chaucerSwellIstana>
      <damiaReived chronosBoomahDronet="datumsPorkish">
        <barbesClupea>39</barbesClupea>
      </damiaReived>
    </frapeLecheDavy>
    <saktiBinge>
      <tanhaBhutanDipped>8312</tanhaBhutanDipped>
    </saktiBinge>
  </spoking>
  <pretendDeal gratRehemStruis="taledCrakerBaller" ganodusVogue="jark87" havingCryoselSuccent="amblesMuscaRegidor" />
</balkishFoiterArmeria>