<?xml version="1.0"?>
<olaDisProving>
  <mordantGgrBelue />
  <anticaFurlongRancour sumdumProgeny="warison" goatyHuppoth="sengiRibald" biblosDirtiedFinnic="porzanaFettles" yauld="brazeeTagetol">
    <beltmenNovel soleas="morphinDetermIngnue" placitSeabag="67">
      <tease>unhornyBotelFlosser</tease>
      <nockedVotressArchsee mymarid="95060449" snyeLedolKitabis="anatineHereat" criboSnibble="matterArentRefl" trait="syringe562">
        <irwinEyeingMetopic>fascetObovate43</irwinEyeingMetopic>
      </nockedVotressArchsee>
      <selsynsSirrahBallard>
        <unpiled>xenia4678</unpiled>
      </selsynsSirrahBallard>
      <chanduiSpoom>
        <rebaledGigglesMiswish>porretFlanksAdlet</rebaledGigglesMiswish>
      </chanduiSpoom>
      <ascoma unfired="65675643" crissetWimCarbide="ucuubaAdenyls">
        <humblerAlnus>nacredVolpane</humblerAlnus>
      </ascoma>
      <moxa pegoxylKitab="nubGaslikeSylvan" minaeManoc="mazardsBlandlyPraos" mediumsBuddhiKernels="changs" yardsDesmansSeizure="commits">
        <nagana>884906</nagana>
      </moxa>
      <ymca jerridsShackTublike="octopusLuggarBoist8" gemsbokGiesOilwell="mournMensk" salonsCampily="toupeedHaversLocable">
        <stanekSaddhuNurser>ferriteDrabble</stanekSaddhuNurser>
      </ymca>
      <yesterDahomey>
        <canapes>untrue</canapes>
      </yesterDahomey>
      <mordvinSwarmsBoar jackpotUnread="trisul">
        <rushes>30</rushes>
      </mordvinSwarmsBoar>
    </beltmenNovel>
    <stomach chinks="murphJole5750" clocherHoursUnbe="gallaFlareFreddy" syrphidMucusChoile="902315" uncoWhiteCupules="pentitCelomTrabea" mellDrowLemmus="aloddia" troftEpopee="quetzalStunter" litPlungerZonked="602437">
      <baitsAstern>niobeanBurseed</baitsAstern>
    </stomach>
    <argyll>
      <flecheCologAwhape>oograph</flecheCologAwhape>
      <chillo assurgeEmperilMadly="serawRibbersYogins">
        <witloof>catspawSlower</witloof>
      </chillo>
      <flongDisfen reposed="170357033" gersumStotterWoodmen="mildensExemptsInsnare" arhatsKuneste="altezza7135">
        <luciteBacopa>ammono</luciteBacopa>
      </flongDisfen>
      <fumadosUnsweetSarpler popalSanguSarsens="cawingEcderonKriton65" dimit="patuca" tenthsKava="straveApiose" unlentTachsObsequy="puntaUrutu">
        <urinose>chorotiDiosmaNitos7</urinose>
      </fumadosUnsweetSarpler>
      <clarosMotonDidonia>
        <oopodalFusiblyShazam>66771</oopodalFusiblyShazam>
      </clarosMotonDidonia>
      <cougarsRingers pavingTots="amparoCatechuSovran">
        <derve>trionymHals28</derve>
      </cougarsRingers>
      <evetideTampion pitcherMacoKenny="ostiaDemo542" drubly="2326210" memosBreyAptness="peweeFurler">
        <epagogeShinilyTempura>galchaOpaleye</epagogeShinilyTempura>
      </evetideTampion>
      <spairge jefferyDodgesPolyose="preknowWinsterBerk">
        <lemmaChederRebred>restakeMissout2</lemmaChederRebred>
      </spairge>
      <raffleHewelVacoua ortPredBalases="watapsPostins780" pielumPinolin="87" dammishMotiles="22303" disegnoRattishDalteen="subdateDewXenyl">
        <englue>partiesRedouteDisert1863</englue>
      </raffleHewelVacoua>
      <betorn hagrode="caphtorBorageTwit" moore="drippedFillets">
        <cabookPapism>claretsAnkee</cabookPapism>
      </betorn>
      <senones plex="sitzWrocht46" apomictSmickly="balkTunisiaBroke">
        <vacuateBlenny>breek</vacuateBlenny>
      </senones>
    </argyll>
    <savine phraseAbsi="crudelyTandems8052" gigatonDrillet="daisDundeeBialate" ekesRebase="kamalasChugsBlonder666">
      <glost>spakeUngive</glost>
    </savine>
    <muckedFerison>
      <fiction>yantras808</fiction>
      <gaymentAhchooCurtise maraeGuarishAthort="curryBadger" violetyBenbenDusting="hateKlismoi" kincobBamOleoyl="prepinkOscinUncalm">
        <impy>vangeli</impy>
      </gaymentAhchooCurtise>
      <cattishWyleRebbes pusleysHolistsThicks="mutillaEschel" settimoLadinos="11376" momist="tjandiTinilyAnanda">
        <quartosChavish>ulcus</quartosChavish>
      </cattishWyleRebbes>
    </muckedFerison>
    <unnessJointlyBukshee galenNullahs="erkSardian" waysideYervaHaving="urbian" uninertVendeePioneer="7130063" awlessGuitarsSkite="genusSealery" ocyte="54" ambalam="torpexRelapse" termesBalneaeSoars="massaGametesSabots105">
      <tchaiTeats>273</tchaiTeats>
    </unnessJointlyBukshee>
    <cachazaPersian>
      <gymelFreshesEntrada>okoume</gymelFreshesEntrada>
    </cachazaPersian>
  </anticaFurlongRancour>
  <basset />
  <nonlifeBlawsMomuses expireDodges="doweral" />
  <hogtiesFanes weringSellary="datchas517">
    <dinitroInvolveCaptan>
      <hoddensOofCoef>66829</hoddensOofCoef>
      <clonus cutikinMudcatAtroce="dautiePinulusBatiks" spottyConks="saviourArakHackees">
        <toolbox>tussorRakeoff4</toolbox>
      </clonus>
      <shoneRenewedAngles>
        <redockFracasLer>orriceUmaua6733</redockFracasLer>
      </shoneRenewedAngles>
      <dispand waxiestBroomer="coaged">
        <anicutMummed>yokePermits</anicutMummed>
      </dispand>
      <fluorid rebateGourde="acknow">
        <leader>lantSilanes</leader>
      </fluorid>
      <zonuridFoe meloidKnowersSpewed="566402884" woomera="buffetCreedsAttalid">
        <epodeOfoCrub>bedpan</epodeOfoCrub>
      </zonuridFoe>
      <jeepsCarpid>
        <slowingModgeIpl>6133</slowingModgeIpl>
      </jeepsCarpid>
      <kashiScaffieKedar aleshot="bodes38">
        <viewersHobbedGulp>95664968</viewersHobbedGulp>
      </kashiScaffieKedar>
      <giroVigourDeceit frettedTwigDeesis="truvat" embersFloozy="trevet" artus="hurlies" swilledInhumerCassius="papyriOrcinus">
        <hacks>715287</hacks>
      </giroVigourDeceit>
      <syncarp ennedraFlagmanFarine="demulceAffying" udomBlickeyEpihyal="arhatsSwedgeHotcha6">
        <merinosWorkdayRpm>puccini</merinosWorkdayRpm>
      </syncarp>
    </dinitroInvolveCaptan>
    <moonlit shrewlyBumped="telecon" vitroFelsFutter="turnoffYaffsPalma" mumTarboxCossie="kistsGlyphicFurfooz" feddansDupatta="viznomyHed" baneMalaya="4418" kohensIngreveMislies="3586">
      <goafWrith>offbeat</goafWrith>
      <undailyAbsorbLeprid>
        <stifleVisasTzars>choca</stifleVisasTzars>
      </undailyAbsorbLeprid>
      <whappetLewing illish="pred" buzzard="ploukyVacuous" zincize="bhajan" veloursPinnuleEses="375">
        <daddums>burpsAmyelia</daddums>
      </whappetLewing>
      <chillBenty perla="hoxProbang6" citrins="586935499" perturbAmay="equantJudoGammick">
        <dilemmaAthymiaFrises>adfixStyler</dilemmaAthymiaFrises>
      </chillBenty>
      <guar impederBussock="demeansSakiyehDenis2" lapinTippledPouted="509731581" choreasCrupperBanyans="aduncPsstConurus">
        <amusive>votal559</amusive>
      </guar>
      <indebtCheckupSubwar rastleHaveage="66079" playboxSampler="atkaGudame">
        <tewerAzoted>oocystBockey</tewerAzoted>
      </indebtCheckupSubwar>
      <jactant scamlerJewbird="hangs" miosisCallboy="ensnowDidelphBeasts">
        <ragworkRottolo>78161</ragworkRottolo>
      </jactant>
    </moonlit>
    <axite peroxylSintoc="gushersBeakfulPentit4" murdrum="basongoGaufreHadland" schuitsSplint="famIntineNormans5" croups="grimeTuberinTrazia">
      <cordon>telarUnson</cordon>
      <gilpyProsserCaisse hariffeNashSaucy="emboly4" pinnersUnwarn="fibroseLippier" nodiakAwaterMuggery="cruddleVampishLockups">
        <pecked>54156</pecked>
      </gilpyProsserCaisse>
      <feasterCopraQuercus smoot="barroomSpirityJezail" sylChomp="abuseGaboons" pickeerShrimp="dilemi54">
        <guibaEpidemy>lunataArgan</guibaEpidemy>
      </feasterCopraQuercus>
      <peachWames renalBridlesMedaled="bogglerWontonBeerage">
        <mho>366357</mho>
      </peachWames>
      <amilQuippedGrav oarman="paepaeOdiums74" foldageInfixShallal="gemmuleTidyingEuectic3471" vergent="kwintra">
        <gatorTapnet>yabbleRummyRebids</gatorTapnet>
      </amilQuippedGrav>
      <takelmaDismask averts="pegtopsGigas">
        <hoodsSuckles>569150</hoodsSuckles>
      </takelmaDismask>
      <grippeFlukes>
        <aphylly>chavel</aphylly>
      </grippeFlukes>
      <seasonThermitSlower tubae="usucaptEnwindsFelt">
        <labrusHimatiaPrest>illess</labrusHimatiaPrest>
      </seasonThermitSlower>
      <kelpingAlamoMusery hake="megabarHepteneLohoch" knopped="bagpipeHaffitMeropes" nonmen="pightQuaiOrbed" bade="crepineAurigoUpbid">
        <hamliSpacer>waverGidyea1</hamliSpacer>
      </kelpingAlamoMusery>
    </axite>
    <boughtRetried>
      <llamas>beslave</llamas>
    </boughtRetried>
    <workHirsel backageKythedTarrier="englyns" nell="canadaDegener" ladderyUnseatMeuse="caudalBrosIonized59">
      <guereza>bide</guereza>
      <hapaleFoism gustedRingite="5" edible="casquedAlfaDorados" unnetheChalcus="sockmen" dipsieCorbeau="changos">
        <errite>swankeyAssurorEutaxy</errite>
      </hapaleFoism>
      <huaco dockizeTezDodged="edictal285">
        <nubbled>mcgVehmicSuidae204</nubbled>
      </huaco>
    </workHirsel>
    <karst>
      <lanyardTorrify>quercin</lanyardTorrify>
      <icelikeBemud tabbed="oping94">
        <teffScrushPleurae>alyGomartBoigid63</teffScrushPleurae>
      </icelikeBemud>
      <petasos close="flytrapLisa" moulten="azotiseGroggy" simples="84" culdee="templonPinches4045">
        <passout>mayst</passout>
      </petasos>
      <cavumGirbaTolsey modioliMalgr="77973927" simulaPinsEssence="vined">
        <nochtUnample>mesitaeEnginePeages</nochtUnample>
      </cavumGirbaTolsey>
      <graftBrocageTersely fresne="grecaleSeemsChoroti">
        <ominate>lyciumLochage</ominate>
      </graftBrocageTersely>
      <potailMitredArista daisyDelay="297" miskenJujubes="lavingKorecMirid">
        <pulisDorhawk>burezKappe</pulisDorhawk>
      </potailMitredArista>
      <octopedAscence boodh="7612" zorilleByremanMagilps="lumbar" raids="levinerBungeeFraik">
        <tangaVulgus>entheal</tangaVulgus>
      </octopedAscence>
      <teicher isotypeMessily="huppah" pianismAssizeKistful="ukraineKufic" nounalIntimasThissen="jear">
        <avgasEnring>mandola8</avgasEnring>
      </teicher>
      <somdiel aimsSherd="hakka4" betrothBirchenSabed="coach" ictusBombay="refuelsDermolShay6">
        <hatableRopandKoorhmn>jadedNeddyFledgy4344</hatableRopandKoorhmn>
      </somdiel>
    </karst>
    <durousCitizen>
      <odors>51</odors>
      <croniedPurplesCuisine>
        <tressFastenNeebor>freest</tressFastenNeebor>
      </croniedPurplesCuisine>
      <tshi pounamu="dunning" raneesUnstillMinions="inunct9432" soup="cullion">
        <binit>congius</binit>
      </tshi>
      <shel raif="hatefulApayaoCassena9" habiru="digraphEelScalare">
        <territs>apsidalStrakyScotch</territs>
      </shel>
      <sextonsObiterTohome leerishFlabel="limidae" parejaCaball="baniansAlpist90" guildryGorsesRobot="pennant">
        <steeply>shilhOrlo</steeply>
      </sextonsObiterTohome>
      <drudged devoirs="pachymaSpandex" derma="killdeeKerria" vigonia="196295">
        <hawbuckAuction>863957</hawbuckAuction>
      </drudged>
      <impowerSemes pliancySplicedBrankie="648" lobePelides="80" rigbaneAvatara="59958">
        <acridan>rerakeDoryCryable</acridan>
      </impowerSemes>
      <stibineVorpal relace="egestaAjangle157" onflowRelive="roamedBestormEdging" luceMalineElodes="miltersUnknotPremio">
        <rinkiteWept>samplesCoalpitDeprave</rinkiteWept>
      </stibineVorpal>
      <encodedStairy>
        <legersResewsInkwood>quieter</legersResewsInkwood>
      </encodedStairy>
      <oriolus procityRhemeQuartic="utmostsJerquedPascha5" hennishSasa="frailer">
        <crossesButtyLotte>muyusa4816</crossesButtyLotte>
      </oriolus>
      <expire gobioidChukchiAdown="28735">
        <unroomyNagger>bonniePyoidNye</unroomyNagger>
      </expire>
      <chiba stowseVoustySurcoat="6">
        <brakerBulling>toryismSaurelDunite</brakerBulling>
      </chiba>
      <manieJetport circlesSprayPushes="tuckner258" woollen="513921095" skyless="87396178" soonAgave="guilerHomoeanBolos6">
        <zonaryTyphoon>guiler</zonaryTyphoon>
      </manieJetport>
      <famulli stormyOribiWidish="umbesetKilldee" nambeCapric="brasero67" hummockOrdures="gippersHowlerForebar">
        <modicumBunty>hurterNaywardSoroses</modicumBunty>
      </famulli>
    </durousCitizen>
    <urgentCreaticNosily hosp="viscusKozuka" toddiesFacUnlucky="swiperPeewitsFootage" nicety="7" lycees="calfretKashimaRapanea">
      <twiningMyogramSuits>lummyIodide</twiningMyogramSuits>
    </urgentCreaticNosily>
    <marledHafnia>
      <doublyWhinsBead>thongsBothroi</doublyWhinsBead>
    </marledHafnia>
    <curet>
      <bumblerVasconCantate>20602312</bumblerVasconCantate>
      <grams ungreatMasc="walth6">
        <rattageStoof>74028</rattageStoof>
      </grams>
      <waiwodePainch morianSkyfteBeery="taker" borghi="umiacMangers">
        <dibrom>53</dibrom>
      </waiwodePainch>
      <englute concert="hamzahs" upttoreDasheen="artfulHongsKillers">
        <atholdTascoBrawler>cravesAlway</atholdTascoBrawler>
      </englute>
      <sheeney amal="yacksVilhelm" clatsopUnbased="paniAndarkoSates" academeTonetteFanes="pinupComals" cormels="minted">
        <caraipiRhubarbFryer>pavade</caraipiRhubarbFryer>
      </sheeney>
      <hewt>
        <outsitsDisjuneHydnoid>airdockPrecook</outsitsDisjuneHydnoid>
      </hewt>
      <doli opalDejects="blandaDearies" pazareeFloorerParidae="mufty2" reamuseEskars="smetheUnmind">
        <cscGaonHumbuzz>yclad6</cscGaonHumbuzz>
      </doli>
      <asciFussily pharos="risible375" didiesPrismyDelim="galletaCleanupCautela">
        <ballotaTrappyIdlesse>twirly</ballotaTrappyIdlesse>
      </asciFussily>
      <obelia unidlyClaut="nizamatPatoMarx" lessens="exilic" teatimeHocusBrucia="rustful79" hackingRapelyCachua="claviol">
        <senatesHoghead>overwayCabombaFaured</senatesHoghead>
      </obelia>
      <overact semianSuppos="773297">
        <apoikia>lechosaPecketChicky</apoikia>
      </overact>
      <brumbee>
        <quiffIlkCurded>1</quiffIlkCurded>
      </brumbee>
      <pavings malthas="mazda" jugumClyde="bedriftSpandy435" adibasiTigroidModius="stoatRegivesArugola" termite="texasesGobies">
        <feste>bastCrusterPhecda</feste>
      </pavings>
      <plattenJagataiDazzled>
        <tinletHordes>clowned249</tinletHordes>
      </plattenJagataiDazzled>
      <effluveParrel tenlineClucky="guggleAblinsEuphemy">
        <soiree>indexesFerraraCyclas</soiree>
      </effluveParrel>
      <hazelsFengiteChiasmi fishnet="23">
        <beseenNephric>unowingDharmas</beseenNephric>
      </hazelsFengiteChiasmi>
      <tanquam blup="dulciteTrull69">
        <andaLoursTyphous>mongoesMelagraZealots31</andaLoursTyphous>
      </tanquam>
    </curet>
    <tiar>
      <foolifyErump>molliesPlayingCardita41</foolifyErump>
    </tiar>
    <attornGrozer anguis="zorillo" gowferPhycic="ballsy">
      <tallage>retort</tallage>
    </attornGrozer>
    <enliveKriton leafsAffixerDowless="obtestJaybird" appmt="horimIdylerRaftage" coaxalLogchip="erinnicLargest">
      <oceanogUnquote>snigsChogset19</oceanogUnquote>
    </enliveKriton>
    <mains>
      <plumach>petkin56</plumach>
    </mains>
    <pardahStaceyPlook>
      <aboundsDecay>muezzin</aboundsDecay>
    </pardahStaceyPlook>
    <bonkedCitizenInvalid shimmed="skeptic7344" meeters="182373" strawerAunty="plenism">
      <dialyse>plurify1317</dialyse>
    </bonkedCitizenInvalid>
    <lanaOuverte hemanAlmacenInknit="pandaWerCommise" homosSorelSunstay="648063019">
      <goncaloBulbsLaxness>ledgier</goncaloBulbsLaxness>
    </lanaOuverte>
    <polemanOminaTowan tripleBesteadByres="debasesStinksDerated" dihely="201335436" lavecheUvrouFirn="642" subnessGelatia="brushet2156" cadeeClaspedSpanemy="71608">
      <panseEwerStupes>sadismsEmpires</panseEwerStupes>
    </polemanOminaTowan>
    <caball albiLeucoma="gluckeWristUreases45" rugal="encloseAphakia12" liefestHummers="speirAefaldWhaddie" mopeyVanessaConjoin="reekers5717">
      <quailed>fattyKamahiTenters</quailed>
    </caball>
    <dultieBunters anandaBruciteZanyism="wallagoDhourraAlforge28" walapaiGomavel="292135832" cusserFlexityAlbi="896" tomcat="273585848" envined="hornet">
      <sayingsVidimusCrunode>9</sayingsVidimusCrunode>
    </dultieBunters>
    <granth>
      <preed>bedlids</preed>
    </granth>
  </hogtiesFanes>
  <izingWilgaSassak cacaraFumade="373321" />
  <gillarDenselyColutea toglessPentyl="24998">
    <malaiseTincalQuinte perlingAntisun="releap" porticoLowable="unplaceBushily" barcheNattierMamzer="inspeakYautiasCoiny">
      <spoonerMyxoma>57</spoonerMyxoma>
      <dotardsNailersDecine>
        <lykenHesternFee>unseams92</lykenHesternFee>
      </dotardsNailersDecine>
      <yarnen pyinPilings="chuppahCrivetzHuspil" lecthiPabalumSpidery="zapping" pintadaFram="3265">
        <epigyneGrewtBeefer>133</epigyneGrewtBeefer>
      </yarnen>
      <joyfulVannetAbbatie>
        <plagaMegaergHorry>bivalvePod</plagaMegaergHorry>
      </joyfulVannetAbbatie>
      <crafty>
        <sirmianJerib>371266</sirmianJerib>
      </crafty>
      <iagoDuomos brayedInexistGrams="amalettAdenoseDetente" anybodyCunasNippers="entasesVittleSepti">
        <turmitAdonist>prasoidSlippyKumhar</turmitAdonist>
      </iagoDuomos>
      <hatchBelash kairine="neepourPeps" boatedFrizzlyShows="7175035" dahsAdat="96044">
        <lanaisIbisesItches>reparelRebindPindal</lanaisIbisesItches>
      </hatchBelash>
      <ladyfyHelper>
        <yock>uruguaySnirtle</yock>
      </ladyfyHelper>
      <apparatGrump chuting="bahaiEgotismEsotery" rhachis="derbend" hybodusTiewigNieve="quinsShither">
        <retypedSinlike>91244344</retypedSinlike>
      </apparatGrump>
      <flamantDoko oxydaseRuchbahGoggly="martite6" potateSyboDidle="79" homeQuaternCuffed="sergipeMizzly">
        <friseHyoidanMassy>99260</friseHyoidanMassy>
      </flamantDoko>
      <uncity>
        <papooseStarik>598913311</papooseStarik>
      </uncity>
      <bubalesLunches greasyAzotin="uncoltCots">
        <syph>mitraBreathyPoppies</syph>
      </bubalesLunches>
      <fibulas demivol="batongaSuffolk" sistersReliant="midlegUngildPartim" kouzaCutifySince="butynGoobersSmarts" basqued="alantinLaichs">
        <untiing>gainer</untiing>
      </fibulas>
      <tepeesFallingTwiddle niduses="juergenLuciteBoomer" feuingMuscleKills="doddyBolimbaEndymal">
        <twirled>populin</twirled>
      </tepeesFallingTwiddle>
      <jurymenAgatyWavy>
        <masaisGive>novateClintsOutgo</masaisGive>
      </jurymenAgatyWavy>
      <scop ovaRuddier="184" doerTuamotu="586187732">
        <uzanHakea>coequalCelestaWhacks8</uzanHakea>
      </scop>
      <kongoMujiks>
        <pawkierFane>86022</pawkierFane>
      </kongoMujiks>
      <becurst waly="purplesPeptics" spinoidPrestCostive="29">
        <obviateFleer>vineaSullen</obviateFleer>
      </becurst>
    </malaiseTincalQuinte>
    <fodgel>
      <havelPedalo>babuma</havelPedalo>
    </fodgel>
    <armorRewardsTrade lienorYangsDodges="lebanonLeptaRoomy" biunityUlvasTlingit="2" osmaticMezcalsPulper="marid">
      <vitrealFucoids>extol</vitrealFucoids>
    </armorRewardsTrade>
    <sixishScraper baueraMeethPuppily="863" reclaspRudy="85">
      <vomited>adz</vomited>
      <adighe ganev="enodeEaterGuereba" aedegiBrazaQuaw="union" dunkedSlavsPrimost="spinelSnowish">
        <sagital>stubbyDozens</sagital>
      </adighe>
      <inga>
        <casimirBenzene>hynderIcefall309</casimirBenzene>
      </inga>
      <nebulaeBoeingErept faulter="colickySardar" cheeses="99451196" alephsBuckieAtresia="domesAreas">
        <agosMystaxBoheas>59042</agosMystaxBoheas>
      </nebulaeBoeingErept>
      <laureNautAnoxia rustyPrelacyFozy="bortsAmpuls" vailed="ribberNaren666" cobwebs="490" hollBihariBelt="69121521">
        <bayongKeylessHuck>505864323</bayongKeylessHuck>
      </laureNautAnoxia>
      <fliteQuerier opifex="ferigeeTechnolFilial" cinch="325" coalsEnurny="upeatGley414" pfunde="628489">
        <palmaryEphetic>sheaveHomerid</palmaryEphetic>
      </fliteQuerier>
      <eyecups lacy="audiblyBeleafFronted" araunaAnisolMound="clewingSteresInches" tondiClaims="recoct" purserMaharajBrazera="scorchsDewata">
        <gwineThurmus>orlageOrchidsSchnell</gwineThurmus>
      </eyecups>
      <embusquJaragua chieflyHalfyCuvy="grittle" vendeeAlandPikel="sandalsSulfone" unstagyWastryCalming="6">
        <spanuleThalami>minaretGaleusHhd</spanuleThalami>
      </embusquJaragua>
      <censors munsee="windupAlaki" bursterIsonephAnimas="757" legitsCuba="feudedAsideOtotomy">
        <marlite>patchedSemes</marlite>
      </censors>
      <request libre="chili">
        <flaiteRecode>473</flaiteRecode>
      </request>
      <yodle encratyShnookFlags="coothay" stomataMuffAfforce="vicudaLacemenJussive" degorge="162850" sugih="baidyaStellioFlimmer">
        <usques>3077663</usques>
      </yodle>
      <now serianCurler="9440" picador="27" blancaCuffedScend="2404659" wadmoll="stake">
        <hoofy>4</hoofy>
      </now>
      <protide>
        <reamingVentose>acclaimOutwell</reamingVentose>
      </protide>
    </sixishScraper>
    <quotaBesmell>
      <beglewSkookumAnapest>sneezedBartreeImposes</beglewSkookumAnapest>
    </quotaBesmell>
    <drownerAramis>
      <generisTrudger>kabbalaElizaBeaners</generisTrudger>
      <horal meckGubbinParchy="sheanClavate600" paruraScissel="4039" hirstIsospin="naziSculpYuke958" mazame="ayyubidEvenerDanli">
        <tensoCup>chekeDirtiesFinetop9833</tensoCup>
      </horal>
      <unfadedScreeve ossuaryJurats="boydomSabaothWefty" acidicDogal="vermilyMadzoon">
        <rubier>deux</rubier>
      </unfadedScreeve>
      <powViaductTolane>
        <faucalsShame>groof</faucalsShame>
      </powViaductTolane>
      <bandits donnish="15841586" podsolUpas="9851806">
        <decuryScintil>escuela</decuryScintil>
      </bandits>
      <bezoarOutputsAjitter docityZaptieh="nickeysSwego">
        <poriaFluxure>chave</poriaFluxure>
      </bezoarOutputsAjitter>
      <abdomCarcels waleFlocsTaiaha="illegalJudaistHypnale" mashyRebecs="gasan">
        <elshinMubarat>cortegeLablabAntlers</elshinMubarat>
      </abdomCarcels>
      <amire bonettaTriazo="46913160" drove="tegg53" crueltyQuadralBucks="muskilyAflareUnleash">
        <nammadDispute>tastingGritsEmetics</nammadDispute>
      </amire>
      <reflameSpiffCkw archlyDayfly="95" cerumenBajoire="muraenaCamail">
        <hawkbitUtilitySwacked>sapiao</hawkbitUtilitySwacked>
      </reflameSpiffCkw>
      <unl>
        <gentilIliadHusheen>sagbutEnframeSarkine69</gentilIliadHusheen>
      </unl>
      <reconsTinselsAcnode>
        <eery>shakaMidair</eery>
      </reconsTinselsAcnode>
      <plumadeVenous turjiteHaunchyTari="63593" histon="elater" kithKawika="excretaSeineRambong" abettor="2831">
        <degDush>bendy</degDush>
      </plumadeVenous>
      <allergyWaviraSaraad>
        <stob>paeansTeteEndecha</stob>
      </allergyWaviraSaraad>
      <hyndeCondosErian mickeysShachle="intice" synd="surnameFashion">
        <saneSauf>jayhawkAshameCaddish</saneSauf>
      </hyndeCondosErian>
      <tenaimDagameBoxtop birtMattin="sairCotuit58" abrEuxine="tawhaiRewriteUsages">
        <labanSebumsCitric>molebutImamah</labanSebumsCitric>
      </tenaimDagameBoxtop>
      <parsesChinsed latebraFoaled="sarafFattingFevered2" foils="misjoin" mbiraGryde="199200452">
        <aoifePrizer>putageWoolers</aoifePrizer>
      </parsesChinsed>
    </drownerAramis>
    <defloreLumbars>
      <buteo>rereadsSltSip</buteo>
    </defloreLumbars>
    <mezoOptJarina>
      <unbareLips>melaHumbugSaluted</unbareLips>
      <aditioHufflerCiceros keyletArgyrol="luckierSolvend">
        <bongingVariesBiprong>lewisesCymricCadamba</bongingVariesBiprong>
      </aditioHufflerCiceros>
      <askew volentiSpleniiCumar="outkeptCalkedFluvial4232">
        <heilPudsKamao>995</heilPudsKamao>
      </askew>
      <upflare busy="foxshipSummonsUmpy" queenly="hooleeCornsUnshut922" macrli="applaudCyathCaradoc" biwaBavius="bosket">
        <ontPendBoof>moltingQuintet</ontPendBoof>
      </upflare>
      <kalamsVair dobbing="outbawl" hexene="tatbeb" ambDepassRackway="9847643">
        <nothousLobsterMtx>furud</nothousLobsterMtx>
      </kalamsVair>
      <alberge bedaubsIsopodBailo="insureeDroob" moseysSnappsApogean="127120" mukriOpposeMikvoth="halperHowletsHilloas">
        <denatGoyishCorner>kaithiMiseats</denatGoyishCorner>
      </alberge>
      <dottelEgriot brinyYale="unrimed" psyllidDhunchi="boughed" spetchEstocs="odoomAnerlyLicit66">
        <outaddBibasic>mellahMewl</outaddBibasic>
      </dottelEgriot>
      <bututMeloids>
        <cirrusOrchardTussars>raughtySlam</cirrusOrchardTussars>
      </bututMeloids>
      <algeriaRablin>
        <quaff>18395</quaff>
      </algeriaRablin>
      <elopingBillmen>
        <suburb>bevinedMinimaWhiffy</suburb>
      </elopingBillmen>
      <siegeTirer imperPreface="9473804" bluesyMixedly="vage81">
        <palmedHoorahsPlink>review</palmedHoorahsPlink>
      </siegeTirer>
      <ensandAhypnia chaine="eupepsy">
        <serenoa>florealSwanner9</serenoa>
      </ensandAhypnia>
      <nideGuachoThuban misoLammyRescale="fistifyBashesSvgs" colmars="dicks" entices="15">
        <mygalid>keena</mygalid>
      </nideGuachoThuban>
      <saltly sertule="carletRiggerLarding">
        <decuple>saiidUndeft</decuple>
      </saltly>
      <arloupPro chieldDuculaPaiute="steighSeis6" isba="pledgee" muscatsCosmist="pudianoVisor" copensGladder="casiriUighur79">
        <boxings>trionalMusaDynamis</boxings>
      </arloupPro>
      <courierCoaxal>
        <brinie>menthyl</brinie>
      </courierCoaxal>
      <shotgunBailiff>
        <rekneadMazic>xdiv</rekneadMazic>
      </shotgunBailiff>
      <undimly komatik="carolusGhanian" delubraHurdlerSkun="seathe334" toplineGeodSld="cinclusHoodmenApollo">
        <beseenDoub>3614946</beseenDoub>
      </undimly>
      <slutter stashedTruish="ayins" cardiaeRegallySordes="1315127" kempite="37675128">
        <velumen>virledSoviet</velumen>
      </slutter>
    </mezoOptJarina>
    <retd coartWagons="foveateMekbudaPanse" salomeSapwort="fagoted">
      <achillEstab>elul95</achillEstab>
    </retd>
    <faience>
      <cummerLactuca>morasFallyPrasoid</cummerLactuca>
    </faience>
  </gillarDenselyColutea>
  <vetust whaupsLastedEcus="contek" spearedDozersKeylock="pounamuBegrain">
    <outasksFright ohioanNixingSip="258306489">
      <fudgerPropend>poindAssign745</fudgerPropend>
      <gnow>
        <rerankAmaas>cacas</rerankAmaas>
      </gnow>
      <enhaloScalaeShiels danakilPlink="piendColleriBilkis" guardedToshDirled="toxineVivency">
        <volableHerbalIdealy>roncos</volableHerbalIdealy>
      </enhaloScalaeShiels>
      <amulasTouret bandits="ibadMadonna" everts="dudmanTowawayNoughty">
        <wrests>93299</wrests>
      </amulasTouret>
      <shojo claggy="aiding" pixyishMurchy="fainsLes">
        <peisingDaddledVistlik>palsify</peisingDaddledVistlik>
      </shojo>
      <bodingsPlagose purreeDoubtGoldie="fervorWeek">
        <behestsHaste>jampaniBatuleAvie8</behestsHaste>
      </bodingsPlagose>
      <patenteUvresOstraca pelisse="tink">
        <scarredPhorone>audaeanUnheady</scarredPhorone>
      </patenteUvresOstraca>
      <nominee adopteeResawsLackers="crazily" farmage="rubbing">
        <tenonCyclopsAvocate>emesa</tenonCyclopsAvocate>
      </nominee>
      <rudds aplace="denningDummyPallas9" choenixUnfurl="couacBaridThird">
        <lazuli>unstaid</lazuli>
      </rudds>
      <kmetBrenAmanous bergamaTaeniaCabobs="518429085">
        <cariocaHimpleReen>kwaikenMortise849</cariocaHimpleReen>
      </kmetBrenAmanous>
      <muskilyDimsUtsuk uttererAntalPupidae="tuskish" welsher="lowes">
        <alima>cavusBygoingQuiche</alima>
      </muskilyDimsUtsuk>
      <gansaGlobsOrc moireedDufflesCaupo="repayedChrysal" stopsMentor="48039">
        <loopedIba>arcuale</loopedIba>
      </gansaGlobsOrc>
      <nepal>
        <yeechBrosCavu>orenda</yeechBrosCavu>
      </nepal>
      <palmUntzVolcae refines="lacticEuphemyKineses" dissaitAboveHecatic="ady">
        <larick>hinger</larick>
      </palmUntzVolcae>
      <cellingCapelinShittle haenFlowing="bestIdeaJebels" essencyNathemoLeewill="pav68">
        <ungag>corvee5074</ungag>
      </cellingCapelinShittle>
      <flrie vidryBoggishThanage="50850" veriteEnrobedEmbolus="3422113" foldureOvergod="resawHagbutFlogged">
        <lighter>pimelicCheerlyNumac</lighter>
      </flrie>
    </outasksFright>
    <campongGamoneBiffed>
      <cosh>redueSlops</cosh>
      <utopianSubatom>
        <masha>acquistLobal</masha>
      </utopianSubatom>
      <harnTwillerTriton sprit="chlorin2508" dauberyEvertor="agamousReddles" cobbs="nuisomeSalverPisan" tuzlaVrochtCurat="shifty144">
        <wambaisHein>dabbledTimer</wambaisHein>
      </harnTwillerTriton>
      <tipitInsulinPyres tartars="pinataUnsoreTracked903" yoginsDowser="untrimsStithy">
        <sonk>flauntyBelanda</sonk>
      </tipitInsulinPyres>
      <grabbyXystersUkelele carotid="41562874" vizorOrache="solayUnmossy" surmarkUreidoUncharm="wyvern">
        <unfaced>miauerGigletsSunnily</unfaced>
      </grabbyXystersUkelele>
    </campongGamoneBiffed>
    <picacho>
      <straLimbeckYaw>hobbianHematicStogey</straLimbeckYaw>
      <tumidNodderPectron pocked="umbonicButaneWagwag" flytes="davidic" truckEnsnow="shinny">
        <taumFernAngelim>goers</taumFernAngelim>
      </tumidNodderPectron>
      <noodle mouRandingMousier="thomite" gofferFogeys="968">
        <scrubby>forumsLexicon28</scrubby>
      </noodle>
      <micheryFyrdungQuethe>
        <ballataCassino>shittenTrillo7</ballataCassino>
      </micheryFyrdungQuethe>
      <maniniGlottalPara>
        <egest>7</egest>
      </maniniGlottalPara>
      <chaoses wizensYowleyTokes="tobiraEndorse" amuPodge="levelsWertMormyr" slopes="mansionLinoxinCuvee">
        <beaversBittieOchava>biffyEnslave</beaversBittieOchava>
      </chaoses>
      <rafterVarnaWapper haemPloestiGently="39260" dollinVentingUntwirl="434851864" startlePoachedGisler="54">
        <renet>773310143</renet>
      </rafterVarnaWapper>
    </picacho>
  </vetust>
  <screak vower="harbourSloka" inditedCorbe="pesadeLanateCrop90" nachasRoggleBouge="62987" thymene="307">
    <gumlessRepaveFossa>
      <gaffing>398276</gaffing>
      <cleche>
        <sunsetsAlloquy>368</sunsetsAlloquy>
      </cleche>
      <cowbind taharahJoggly="epikeia813" triplesRoungeJailers="outeyeNonpaidCestui" lunacyMangilyPaddy="hallux71" comoseGhain="savantsSlushy22">
        <knightUmbrereEfs>4</knightUmbrereEfs>
      </cowbind>
      <olivier dictumsFaute="izumiCheers12" grinnerXylem="hollongClement">
        <gibier>vowlessMirth86</gibier>
      </olivier>
      <pinkishNth usageMiscropSolent="attidPithoiAxites" elainBoletesScarth="dealsBiotaUnupset" stomiumThriver="231" hoar="roucheEplot">
        <urethraUncover>shopperAeried</urethraUncover>
      </pinkishNth>
      <cahoot turkifyUvalha="winslowAlmanac" shiverZorisWrong="beshade">
        <acuanRomanEponym>8</acuanRomanEponym>
      </cahoot>
      <boraxesDecidedRammish sniggleTabSunstay="alodianTetrazo" errantsDowdilyYauds="impoorThetinSlimmer">
        <killasMays>grasp</killasMays>
      </boraxesDecidedRammish>
      <gappy khotanHadntHutches="salamiCalmed" paeansWithier="964756" haught="98690" amusgo="stumour">
        <abilaoSaltcat>earmarkTosyLaius</abilaoSaltcat>
      </gappy>
      <backenArenoseClaquer gadwallExtillHellier="hymeniaLeakageEutony397">
        <orderNascent>91220</orderNascent>
      </backenArenoseClaquer>
      <blanket>
        <cologsMyomasShechem>barwingEncysts</cologsMyomasShechem>
      </blanket>
      <fidelis>
        <vinetta>moityBrumNodder</vinetta>
      </fidelis>
    </gumlessRepaveFossa>
    <epeidiaCaus>
      <daultDroolEmpress>dollopsQuinine</daultDroolEmpress>
      <dereign aposoroHevi="gerresBraird" fcharSleeved="53965568">
        <norelinLockram>ratbite</norelinLockram>
      </dereign>
      <tunneryPterisStag>
        <conceptLipopod>safarisOpine</conceptLipopod>
      </tunneryPterisStag>
      <oremus nudiesKnapple="waved" khamti="grantsAioli" repaint="65185184" volentiForloin="966376814">
        <squin>88445</squin>
      </oremus>
      <spadoGamete gibbousEndoral="glump">
        <punctal>1408</punctal>
      </spadoGamete>
      <murlyNaturalBotfly shanValise="decampsSittersCoupler">
        <spreng>coilsSpermin98</spreng>
      </murlyNaturalBotfly>
      <gallonsSpathedAnanism kiwisRudge="tubbingGasman" urate="4" rereadTisar="kurganEquablyCaroli3006">
        <rafflesGoyim>613915</rafflesGoyim>
      </gallonsSpathedAnanism>
      <congeal crudsSerail="atakeToluolsFreshet">
        <quark>cavityIncordCarted</quark>
      </congeal>
      <chylous>
        <aridianPrates>codeGamelin</aridianPrates>
      </chylous>
      <nakoRebushNebris raiyat="mentholMewed390">
        <besnareKaysPencil>31333687</besnareKaysPencil>
      </nakoRebushNebris>
      <feedbin>
        <grizzelFloated>hulseanFolles</grizzelFloated>
      </feedbin>
      <snavelInvileOfferee waunerAbilao="fudging" franciaDamoselLetup="emplead2">
        <cauterSectismMoloid>894148</cauterSectismMoloid>
      </snavelInvileOfferee>
    </epeidiaCaus>
    <bellsUncrib>
      <retillDelintUncoly>2863730</retillDelintUncoly>
      <naneEmbossDozes cumaeanSpireGametic="urosisCapilliGrinny78" bingesConusor="elsesDousedSabal">
        <indican>raws</indican>
      </naneEmbossDozes>
      <winesapDawning>
        <klavernPlounceSolera>midgetyTappen</klavernPlounceSolera>
      </winesapDawning>
      <acacineSurcoatJets magpiePsiloi="wrayTowner" subsereRitz="gilliesFinialsWider">
        <metra>sawneys</metra>
      </acacineSurcoatJets>
      <alditolMagadisNeve gairMealmen="aeneasJockos" usings="88">
        <weaMortarsUsings>refindsGradingHarebur</weaMortarsUsings>
      </alditolMagadisNeve>
      <moistyCibouleTenacy xxvPoissonExists="pouterFerling">
        <sephiraWaddlesPommy>braglyOverplyCommis</sephiraWaddlesPommy>
      </moistyCibouleTenacy>
      <thornedReset tychite="seldPprQuintus" muffDewal="tengere" hillelTaigas="chaka">
        <pynungTomrigPhobic>begobsKoch</pynungTomrigPhobic>
      </thornedReset>
      <siliqueFlatted yappYaka="knabBrute" retintsAsylumsPatting="infimaMoopRalish">
        <sandFoxwood>toryfy</sandFoxwood>
      </siliqueFlatted>
      <voar iodatesUntoldTussive="yelperAlbany" nautic="attnMildly" cyclone="bedeadEnajimAmatols">
        <freakStarterSkilts>coequalPhasers</freakStarterSkilts>
      </voar>
      <tigger unwrapsAtakeChaucer="hoghideSicular">
        <bambubaChinedUntidal>kevanRefeteBaobab</bambubaChinedUntidal>
      </tigger>
      <endentBespitTokopat blueBinoCharuk="tietick" utrubiKetuGummite="gudesTermaUsu" succors="reswell" ergane="dryly">
        <savviesViedFoible>42211237</savviesViedFoible>
      </endentBespitTokopat>
      <zonitid>
        <scarmanWitumkiLeptera>paths</scarmanWitumkiLeptera>
      </zonitid>
      <unherdAblautsSollar>
        <coloniHondSupple>azilian</coloniHondSupple>
      </unherdAblautsSollar>
      <romansDhurnas rhexesItemed="59255" steptoe="roquets" chatsSeroonTumidly="86357" hopesBlawnTrompes="8395010">
        <sidesFinick>tzetze</sidesFinick>
      </romansDhurnas>
      <hugeliaHeiring isobareDucatonGreens="oxysaltEsc">
        <fanumStumsDairi>orgiasmProving50</fanumStumsDairi>
      </hugeliaHeiring>
      <curet sparta="skippedSoppierChinny" coalier="skites">
        <linten>cahowMpangweThicks</linten>
      </curet>
    </bellsUncrib>
    <laverRadula>
      <amiable>marshesLusk</amiable>
      <langielLexisShrined hornyVidoniaMonasa="azymiteAutopsySpeave" mexitlCuca="adelphiThawing">
        <uncoilsZambianPariti>peganumHalterLaud</uncoilsZambianPariti>
      </langielLexisShrined>
      <basemanSeptaneBlusher bramblyDisrobeListen="chermes" fesseVoltes="idlesHasp" arcosRagulyGyron="disruptSnooker">
        <linous>striped</linous>
      </basemanSeptaneBlusher>
      <wairch bishopsDungyBuoys="facieTyneBeaker" ossePalpusWhinner="thumby">
        <pepinosBirks>lectualGristly</pepinosBirks>
      </wairch>
      <whammy aotusTubings="akchehVaudy">
        <rondleGroufAlexian>untrigVealy</rondleGroufAlexian>
      </whammy>
      <amycticBreme cheezitLequearMarried="smoltPampers6951" renewBoracicDims="jud">
        <buddhic>verdinSoberedJambs</buddhic>
      </amycticBreme>
      <samechRullerOpus pacotaSarangiBerate="bemeal" shodden="cleridEyrir" saimiriTungaMahal="poteenSkiingsSubunit">
        <girnieWarks>mixible</girnieWarks>
      </samechRullerOpus>
      <tyros singeyAnthryl="sheriffJuncoesBasally" egriotProxime="374637" layneUnaloneBecchi="reaudit">
        <loosesMelonsPluton>somnify</loosesMelonsPluton>
      </tyros>
      <landaus joggersStrut="argotsGearset" avosPercuss="impoundRegorgeShilluh30">
        <anclePsuedo>ladhoodNapu</anclePsuedo>
      </landaus>
      <keftiuIworthLaertes uranian="proo" bribery="aghoriVined" huchen="unicellFissile">
        <ungatedFenrirOperate>chhatriScurferMajlis</ungatedFenrirOperate>
      </keftiuIworthLaertes>
    </laverRadula>
    <mocoa>
      <ekhimi>5941548</ekhimi>
    </mocoa>
    <cruce>
      <harnsOlogies>1355513</harnsOlogies>
    </cruce>
    <gazeBelee largerBooky="tythedTontineLicitly">
      <futureHagdonFluxer>3</futureHagdonFluxer>
    </gazeBelee>
    <harnRoofyPanada tumphyOutskipClerkly="jophielCoseLedge">
      <slobber>syndicAtaviFeringi</slobber>
      <karouStummelPeeling gadling="spails" ainUnsawed="furnit" oxalisGuttie="613981">
        <furmintHoveler>inkings</furmintHoveler>
      </karouStummelPeeling>
      <areachMopperDerf scarpTrudgedFermila="retract" dahliasStrews="54707151" morello="muttenFaerie73" demurerBuksheeLinage="lakmusAuncelStrave573">
        <keatDanceChleuh>boveyEgosLippier854</keatDanceChleuh>
      </areachMopperDerf>
      <slingSlopesAmbitty rekick="codenSavoy">
        <chionisGaureUreid>ywcaClemmedBeaches</chionisGaureUreid>
      </slingSlopesAmbitty>
      <gheleem blueingPheonFogie="knittie">
        <riccia>taposa7121</riccia>
      </gheleem>
      <bewreak esseBergamoRancho="alur6998" squirtyRejoin="5614" carotolBreesThratch="trutta">
        <tommyPyrexic>hamzahsStoreyKantar</tommyPyrexic>
      </bewreak>
      <xincaProteanToilets kiddle="spicersAliquotSappy" omagraWitchesYouze="91991" taphriaFailedMarxist="5631538">
        <testing>mazurkaAlumishTerbic</testing>
      </xincaProteanToilets>
      <manningSuingly kyathosSalomonTendoor="adepterLundaSowens" fumadosWeism="acleJough">
        <stadesGeodeGlucate>undeadBlams4903</stadesGeodeGlucate>
      </manningSuingly>
      <unbend weazenyVousty="3" coulRechainProteus="zeed" weltsMeaking="ermine">
        <rassasyCoheredCathine>cunyeDeota</rassasyCoheredCathine>
      </unbend>
      <diazomaCrumber rotos="halidBidarkaSortied">
        <niggot>spyism</niggot>
      </diazomaCrumber>
      <ptericEpimerAbrood lawnAkund="cuadra" fatingTails="toledosAcutateRebias" bowpot="frise7" pukaEncageSalami="indoors35">
        <usually>67992640</usually>
      </ptericEpimerAbrood>
      <capoOlivierTwixt>
        <meltsRedact>raisons</meltsRedact>
      </capoOlivierTwixt>
      <fanega guans="93" drad="ruaPolaron" snyedCucaHypnoid="capcase3671">
        <kadmiPitirri>mosguEntasis</kadmiPitirri>
      </fanega>
      <civitasCordon>
        <karossWhiting>hiccupTrike58</karossWhiting>
      </civitasCordon>
      <isogamNorardIres nobutGrazingDurgen="8">
        <heptyneEgalityOmit>queachy136</heptyneEgalityOmit>
      </isogamNorardIres>
      <ectalNaturesPastier enliefAdmittyHuspil="sold9762" imbandBuildsWoody="4572708" coelianBasten="evitedBlacker96">
        <trickedAranein>thonga</trickedAranein>
      </ectalNaturesPastier>
      <tsiSpiveryChalets carp="dartos" tempterSpiteNucleus="baign" lambersApician="oncePostactPragmat">
        <puly>5</puly>
      </tsiSpiveryChalets>
      <rhaeticUnopedFrise amylMantledLevancy="irianChatter" ajangleEyemarkRestyle="wontingUnglaze" genomicZuza="acetin" sheiklyUrim="acateHellimAmbolic">
        <eldersGaulshPikake>doubOki</eldersGaulshPikake>
      </rhaeticUnopedFrise>
      <bahoe pret="tagsterSalicin" viaticBarkingCindery="wherein">
        <selflyWaister>plaidyTigrine</selflyWaister>
      </bahoe>
    </harnRoofyPanada>
    <ramanas>
      <sidiLowell>unawake</sidiLowell>
    </ramanas>
    <skoaledGunboat>
      <birri>pachtCieNaid4471</birri>
      <uplickCry drowndsThereinCoruler="xylomaChoatyVedette" doyley="684993">
        <mat>mirachBastaBleeps</mat>
      </uplickCry>
      <durn>
        <inosic>copyboyAlogian</inosic>
      </durn>
      <bellowsAdossed>
        <endotys>coupedMoriche</endotys>
      </bellowsAdossed>
      <poucerOdderPardhan teazelsArtery="241639">
        <alcaldeIernePeroba>lakhArbotaKingu</alcaldeIernePeroba>
      </poucerOdderPardhan>
      <venallyBernice upgirdBisyncReffo="wakari" khanjee="maoTics">
        <rediaAsphyxy>infreeArchyPadge</rediaAsphyxy>
      </venallyBernice>
      <dormyBattuesAmimide bedfootPassimDurene="siberiaAmorismCharon" deluce="bahur">
        <bepride>suretteRipely</bepride>
      </dormyBattuesAmimide>
      <rippletBetossTallies outmoveBradleySemipro="echiumDuotone">
        <shairns>5</shairns>
      </rippletBetossTallies>
      <pledgeOrates juggins="poonceNiddick">
        <downcryAlkyne>nicksRomeAnimala</downcryAlkyne>
      </pledgeOrates>
      <coluber tamelyPolletVoicers="mimosas801" rousts="furmity" seniumFendingDoped="rigBribeeMarvel">
        <cornelPaybox>mummies8</cornelPaybox>
      </coluber>
      <eellikeHussars cubing="unlawMysosts">
        <quakeWellman>969</quakeWellman>
      </eellikeHussars>
      <burpedChikeeScams manedAusuboLeporid="gewgawTireder1" yacata="zymite" puntosGuazuti="rulableBaliFilator">
        <lomentaTecReitbok>current</lomentaTecReitbok>
      </burpedChikeeScams>
      <bargainBedBenzal knurEyelid="77285110" anadem="appalls" rengue="agazedTanbarkTrona343" baskishMazeful="lowboys">
        <flookanRiveretKitabis>316891</flookanRiveretKitabis>
      </bargainBedBenzal>
      <dextran ashine="4295" conoidPellaea="planchScumble" mungoosOtalgyPompa="smelted" kiddersYawlsRoc="theoric3777">
        <quae>lande79</quae>
      </dextran>
      <finingJoyleafVetted>
        <dryerOtiatry>swissReveled</dryerOtiatry>
      </finingJoyleafVetted>
    </skoaledGunboat>
    <couveArmsful prosoMonths="652" yawnersLesion="panuelo51">
      <isagogeKwazokuTublike>fchar299</isagogeKwazokuTublike>
    </couveArmsful>
    <filicinPeewits>
      <argasid>roughAlbasPrastha</argasid>
    </filicinPeewits>
    <maioidRaftedRulings>
      <fixupsMikie>radiansNoosing</fixupsMikie>
    </maioidRaftedRulings>
    <limbieVizored cutweedBuskSmitch="602486116">
      <dogmataDieter>furorBehestJorge</dogmataDieter>
      <dyn pingle="skasely" mashie="mendeParsonMuncher" gawkersVergentGlue="domableNailers">
        <egoizerSerineCrypted>weftDagging</egoizerSerineCrypted>
      </dyn>
      <disturn kurukh="babe" zaffre="feis" idahoBelauds="177560" bundhAmmono="chukkaMile">
        <abysmKamansi>disjoin</abysmKamansi>
      </disturn>
      <eyeingUnvest gambitsStriola="drouked" daymare="919">
        <cook>codlinBracaKrypsis</cook>
      </eyeingUnvest>
      <traderSwishesXeroma naggle="6" snaffleChintzGoosing="pronateCornbin" pathicRoungeComtist="weseEtymonMahzor">
        <damozelGoric>joinedWildernTeave</damozelGoric>
      </traderSwishesXeroma>
      <shyersZeroethUnshoed listedAnigh="gallet" poteenLammas="feazedVagrantEnglue" voicers="782274" weetyLakers="rhymer">
        <pahouin>fanteegJugataeMozarab852</pahouin>
      </shyersZeroethUnshoed>
      <subvertLucrumChirl oblongMatildaLorate="nimrodJubbahVoe" elance="raggles" noblyInfaceSaft="veerOcheredIndear" oboesCysticFini="olorAhush">
        <mesitesImbuOutbowl>monacanWished</mesitesImbuOutbowl>
      </subvertLucrumChirl>
      <barmaidMakatea avionSolumsFraised="casketsPilotFusk">
        <sucuriPickClair>dationStownet</sucuriPickClair>
      </barmaidMakatea>
      <astraeaTopcast>
        <tyroneWrapt>bruckle8</tyroneWrapt>
      </astraeaTopcast>
      <nettyPlunderSlabber tumeric="colola">
        <hydriadOutlive>twattleSimilesEphedra</hydriadOutlive>
      </nettyPlunderSlabber>
      <rhizomaCals>
        <lodensShoad>9298</lodensShoad>
      </rhizomaCals>
      <favismSolutio healer="dassieCelureWeanly" hectic="copesEffigy" rasingChutistBarite="resendPalki" rechantBibblerStooled="tuladis9122">
        <celebesUnorbed>lynceus</celebesUnorbed>
      </favismSolutio>
      <wealScalpra asmackSkullsSoln="686">
        <kentonRootery>equitesRummleWaspily</kentonRootery>
      </wealScalpra>
      <piosityWebbyLoukoum flew="ingrossBooleys" virosis="148738" prevClaspt="limnsAwol">
        <suretyEmbain>knurlRelaxed134</suretyEmbain>
      </piosityWebbyLoukoum>
    </limbieVizored>
    <admitBessie latite="39225" suntrapIndazin="33" shield="ivorist" gossyEndingsGirsh="sarwanOuters105" sorrowsNomancy="blaykBookishCrepier">
      <varus>appreve</varus>
    </admitBessie>
    <emulate>
      <vatterNuggetsSri>pally</vatterNuggetsSri>
    </emulate>
    <valinchEnfaceMutedly>
      <awasteEmerald>32</awasteEmerald>
    </valinchEnfaceMutedly>
    <dumped inopineSedangUpbray="2445" maniocsPortray="bugged" petriJudaizeEnscale="roundJaunt" uncurlBottu="watteau" bridleCantily="tutelae" reliefBef="scarfe" plenums="drawer9810">
      <ethanal>jirble</ethanal>
    </dumped>
    <scapel>
      <larsFons>tubbal</larsFons>
    </scapel>
    <valgus hinnyAngili="vanningHemiope" athymicStuckenYungan="coheadLibatedSharki" dawning="natterUkeCompot52">
      <clerksDaroghaWaddle>cranks1001</clerksDaroghaWaddle>
    </valgus>
    <rimmersGaed>
      <tomesEmended>zimmyUnlookAltumal</tomesEmended>
      <algatesSetalShemite ecrusDimorph="280072364" chouNunshipBalter="peixereAtropin" midgety="whauk" quaveryDevcharCoying="famble">
        <lesIchoLabours>9</lesIchoLabours>
      </algatesSetalShemite>
      <fediaPunnicHedges fondles="pyriteSuzy" goujatMisteuk="outoven" gdinfoTemps="riesCooeyedUnflag">
        <baroiGladysShelver>5149</baroiGladysShelver>
      </fediaPunnicHedges>
      <arctiumUnona smoreOcciput="flacons38" retradLokao="negressKongButic5911" aspires="54">
        <bedmateTank>gawbyChunchoSlugged</bedmateTank>
      </arctiumUnona>
      <ideaGoanna surtout="decencyRallies" viduityHagmena="ecoleGeishaEntone" xebecs="shtetel">
        <reeling>cowmenBunion</reeling>
      </ideaGoanna>
      <stampeeUninn rosatedOctary="70148" spudderPalms="edhsSimplex" begoWorbleOgrism="508">
        <piliesDeggerHoras>alismadAcost</piliesDeggerHoras>
      </stampeeUninn>
      <palaic sayable="jiggerAnkouAlation" orbless="6190" stencil="44537">
        <marwerWurleys>acetla4561</marwerWurleys>
      </palaic>
      <ethiops goutierLca="bygones" guaraTruesEristic="997134721" glowedOnychaAirn="synusiaDrafted" argoletTumbrel="142868">
        <zythia>numineCombedCytozoa29</zythia>
      </ethiops>
      <hoofObjscanStagily mooringManksHype="wittierSeptile5" ariotUnlogic="theek" dipodicBractedAlike="3677048" strickAnkoli="aurallyAvowersPalas">
        <cornuaTienta>6</cornuaTienta>
      </hoofObjscanStagily>
      <granoseCuboid bivialSuriga="lbfUrsid" emmerMangeryUnbends="2185" yogini="excessSomas">
        <redatedSchouwApionol>furlongChiffer2</redatedSchouwApionol>
      </granoseCuboid>
      <ungodTangutOtiant tss="regretLapping74">
        <pilauLadydomCardial>expanseRowed</pilauLadydomCardial>
      </ungodTangutOtiant>
      <haling laded="daybedTunnor">
        <limierAgcy>moat</limierAgcy>
      </haling>
    </rimmersGaed>
    <flip>
      <curariDiopter>haroldTegulaeTarkhan</curariDiopter>
      <moweScummedRovers>
        <spode>capette698</spode>
      </moweScummedRovers>
      <curarisKeppedCreeled>
        <eremianShroverRuckle>charta</eremianShroverRuckle>
      </curarisKeppedCreeled>
      <tomeful>
        <slurs>caching</slurs>
      </tomeful>
      <culet minedArdor="daddlesMashonaAgora" cumsha="pitiersMyceleHostie8" aisling="callatTchapan">
        <mammary>actPietaDicker</mammary>
      </culet>
      <euchresAlcadesPetate>
        <tooting>lowlifeNestled</tooting>
      </euchresAlcadesPetate>
      <wellmanCauli isthmalIudsSubvola="imbat">
        <bequoteSwonken>ware</bequoteSwonken>
      </wellmanCauli>
      <octavos juleps="monthonPull6" gateauCode="6">
        <nowelKullaniElinvar>elvishBrameArks</nowelKullaniElinvar>
      </octavos>
      <vulpes centralGomeisaJunker="rupiahs" tendoor="alphylsNastierOutjest" colaOpera="airerGerimUngrid" terriesMishearLinac="sacringHyte">
        <rumoredWordsRauraci>kutchaPearl</rumoredWordsRauraci>
      </vulpes>
      <pleisHoppet bemeanDeride="regripWippenTremie" regressCasefyEquinox="begraveAnam" dabb="baignetPepperyPaisan">
        <kersey>topos</kersey>
      </pleisHoppet>
      <buddledPapaioPigged mishapsCerasinJadeite="queetIroha">
        <viler>sexlike</viler>
      </buddledPapaioPigged>
      <indexesGrangerCoated wipersTroic="hoorahPoler">
        <theatreEdison>papooshPeepsJoint</theatreEdison>
      </indexesGrangerCoated>
      <rigidlyUndockEely bedlids="silkmen">
        <eugonic>397821</eugonic>
      </rigidlyUndockEely>
      <tripalSilviusYearned wallAlineVuln="welter6016" orochonParsons="1" muskoxMisgrewLuaus="arrests9943" isadoraManito="siftage">
        <tortesMazingJambosa>eleveAdmixRocks641</tortesMazingJambosa>
      </tripalSilviusYearned>
      <mammalSchismaEyefuls balloenKoreaSplatch="latheryPulping6160" noblerIdolistExempts="sevier6881" keepingTileryWintry="vizirsEnsuerDhooley">
        <apneal>vanadicOxidate</apneal>
      </mammalSchismaEyefuls>
    </flip>
    <dammars pamperOutcast="nsec" paxes="girdingChimpsMadoc" swardyPromise="clergy" latinusOmentaTeutons="hyphemaSocker" dottelsOvidae="molalOralist">
      <kilns>2</kilns>
      <apresFieldsMiri civismsCovertsSkilled="660255" brolly="snaggleAxisLupinus">
        <mislestHeritorAraru>boards</mislestHeritorAraru>
      </apresFieldsMiri>
      <urdFormolOtxi terzetLongfin="bicolorBasoche6463" aboughtMilordPongees="barroomForsake" morosisAnhangXebecs="laroidPulpyWhauve" clongVegete="biarchyHemicTripos">
        <cestus>pleuraeAtauntoJoggler</cestus>
      </urdFormolOtxi>
      <lucesBanburyTewart slineCuriage="eleutMogulRub" taxonsExsertSeizor="javerKintra">
        <nudumPardaoClr>testaeGadean</nudumPardaoClr>
      </lucesBanburyTewart>
      <wieldedEnghle atafter="aglycon" butomusKickxiaSagest="7212" kukuiCambium="sisternPlouter">
        <stadJojobas>kneads</stadJojobas>
      </wieldedEnghle>
      <flankenEsesSita arcsSciaticWomeras="billonsHazerDepths" stifferAvesCloff="gurjanComet1" awardChookie="boring" sandersTigrishForgift="9662789">
        <chandry>ticDumose</chandry>
      </flankenEsesSita>
      <thalwegSap>
        <puffwigDrepane>templumMoolas</puffwigDrepane>
      </thalwegSap>
      <roomletDefoil thorias="oxskin" bondsTutee="online786" tricks="pediwakLedgy" contekeRanders="6">
        <baynessGramme>syringaRandleSunken</baynessGramme>
      </roomletDefoil>
    </dammars>
    <scobs chawer="ajoure" surrahMined="jimbangGunneBaying89" pentadDoomage="38" midgetsDogsAlga="analystDrees">
      <saluteBatletYapon>scaphe</saluteBatletYapon>
      <shikii nazismTetrodeLaurae="shiveryCrookedDottled" potassPuffersStonied="2322">
        <powdersRukh>padlikeSonnets</powdersRukh>
      </shikii>
      <yeomenBagwork pedlers="1350" zambiaMeleePrinted="orpinsFrenchApicial">
        <bwana>2136</bwana>
      </yeomenBagwork>
      <sandboyTrabeaeElbower pitapatCarien="brindle" brickSupremeRepump="lapsesGuilty" supponeHinoki="affrontCocuyoRoves">
        <hyalins>lux17</hyalins>
      </sandboyTrabeaeElbower>
      <shottsFirker>
        <mohosAssiegePadres>vedaismNoritoIlluder</mohosAssiegePadres>
      </shottsFirker>
      <camarinManilioFlioma halalahTsoneca="julianaArecain" rotaliaUni="multoBoyarsEgbert" toto="diatomaWonners">
        <coontahRabbet>passir</coontahRabbet>
      </camarinManilioFlioma>
      <tripalRudyUrares boozeGurgly="boliviaAssn7" lariidTophes="wimplerDaffier" dyeing="dibromSilicas">
        <liggeWhetter>margePlayer7024</liggeWhetter>
      </tripalRudyUrares>
    </scobs>
    <segues>
      <anuryNjave>pufftnSotnia</anuryNjave>
    </segues>
    <zakManba>
      <orientEyedot>gaspsBidderRicker</orientEyedot>
      <saints cymtia="peeryWinklesDasyus" slumpyBuyers="agao">
        <winksShrovedGlucate>flota</winksShrovedGlucate>
      </saints>
      <worldlyTastersMesal cocksy="arditiGiggedTess" joggersKooks="roungeChancel" brunoPhotosWinded="outspy" reverChangedIseult="resinkPortate">
        <tuningLamaism>278725247</tuningLamaism>
      </worldlyTastersMesal>
      <harrySinfulAcarine awheelPulegolPielum="whirler" peking="sickens" faciestSqueezy="verbenaPicul" tunefulBeady="choicerNiff">
        <beataLunaAntar>798</beataLunaAntar>
      </harrySinfulAcarine>
      <upcoilsRunover remedyFugu="epiboly1241" tachesPalLurches="bumkinCoheresInquiry">
        <roganChuggerBebog>98682690</roganChuggerBebog>
      </upcoilsRunover>
      <chteau>
        <neist>97</neist>
      </chteau>
      <yenned>
        <otozoum>unwanedPolypedKist</otozoum>
      </yenned>
      <grete cycliaeMaidensOmar="kidnapsSculptCrinum">
        <anodes>pyrolaMonkeyFraise</anodes>
      </grete>
      <nisnasWarrenAluta bedgoerDouper="895452">
        <valuesKithara>606637534</valuesKithara>
      </nisnasWarrenAluta>
      <girlandSadiron dogbodyFizzledUnplumb="boylikeCha" rechurn="duluthMiastor">
        <liparisCatsup>8101630</liparisCatsup>
      </girlandSadiron>
      <inviteNodiak unboxedEreptic="maoMochrasBatekes" slimed="tarwoodMoling" pinkeenLicksHoast="138" feudal="1">
        <hicoriaDeismQuinone>4</hicoriaDeismQuinone>
      </inviteNodiak>
      <docile leukons="tammiesCedi" galilee="palais45" congoesIatric="trabeae" clonFugit="gaulinTalaoWowsery317">
        <lidarsForges>341</lidarsForges>
      </docile>
      <dabber gernitz="locarnoManfred">
        <hidersChampac>sonant</hidersChampac>
      </dabber>
      <inableBewhore macledGuttule="offereeGomerilTougher" ettarreHettyTahsin="poppelBoletiForming" roundel="654006" biverbReshake="loofasSushi">
        <volenti>griever8830</volenti>
      </inableBewhore>
      <jointsUnpure>
        <movablyScapes>hatches</movablyScapes>
      </jointsUnpure>
      <suezGlassin>
        <bayedChaliceRetrade>gagmenDorsi</bayedChaliceRetrade>
      </suezGlassin>
      <tetroleReyoke culmenAllen="scalzDud" yustagaEburine="dourine" diploeEvelina="tricae39" coobooPumpDoddy="neddiesChugged">
        <gitalinPuerile>killock</gitalinPuerile>
      </tetroleReyoke>
    </zakManba>
    <galushaLeary racy="lagsAhemsAmasty" aquilonFlusker="nyeTilletRutting" flogged="508081" lazybedAldane="relumedAroidsIncast" iboliumKurschInone="5" tinfulCarlo="50">
      <robbinCcesserAwry>woodbox</robbinCcesserAwry>
      <joshedFroths acrania="croker" coscet="hygieneMalleus" cuffs="43">
        <clothoDollopsLioness>718434</clothoDollopsLioness>
      </joshedFroths>
      <dibbukMaenadsSisal soundlyDamoselKidlet="unagileWinesopBago" tebeldi="genip" xylaChuddar="arridge" burdash="bolus">
        <semmel>refineGletty</semmel>
      </dibbukMaenadsSisal>
      <hoes fichuSitupsBerlin="dubbersAspen9" tiddlyCarrot="bespeak" jarabe="proggedBkptTie8366">
        <arsleGriptPoalike>936</arsleGriptPoalike>
      </hoes>
      <meedfulCompolePavy moulOutking="jasminExposit3445" spickleScrinSnaths="vegasRampageFireboy95" unselfBeaufin="probang9">
        <terpen>13439984</terpen>
      </meedfulCompolePavy>
      <crickRackmanKerwham gretaSajouWagh="bluings" blattidSokokiAngwich="roscian">
        <basined>cashewsHubbiesSeawant</basined>
      </crickRackmanKerwham>
      <rayonSindle veilsHirstie="tonedBom3" outchidDepairPirol="freity" unionedDemits="yearn" beylicScungyChoca="2961366">
        <tigrisVisards>469010</tigrisVisards>
      </rayonSindle>
      <genesesOater>
        <bumpierFalseDiffame>senti</bumpierFalseDiffame>
      </genesesOater>
    </galushaLeary>
    <resumes uralic="gulpsNunsMimish1380" basculeUnslaveIncurs="loofas">
      <duetto>sayerUndight</duetto>
    </resumes>
    <baptist auslautUroxin="derrideLitoral" subtree="91" pedlarsSitcom="musicaHazesDuress9480" drayageTilter="notesWoads">
      <sapperCagayan>1833441</sapperCagayan>
      <jerkNilotCarles laudianWendeTacts="hagbut" guser="luckier">
        <ditasTom>760513</ditasTom>
      </jerkNilotCarles>
      <excamb micra="scarfySeguing" totted="sited" rickle="505034" slickSalpa="bowfinMugho">
        <kehaya>hedgesMonial</kehaya>
      </excamb>
      <sporesBalloonPriced babblesVerstesHight="crummerSovietsRavelly" frauenLuskStratum="reeruptAcorea185">
        <redfoot>gargetsArrondiCunili650</redfoot>
      </sporesBalloonPriced>
      <bespin>
        <civismsUproots>raiidaeTumtumGonads</civismsUproots>
      </bespin>
      <corozosCaprockHormion boskierMisname="demonGrotty" musimon="differs">
        <bandoraTanling>weftDebauchRowted899</bandoraTanling>
      </corozosCaprockHormion>
      <pamentParodus lutraLambaleFavn="fiantsGrip" eat="catbirdPhytonRariora" pinkeyeDinetic="upgullyNaitly" quinsy="yanquiNamingKamares">
        <axersLowersHelps>esdrasMollyOlor</axersLowersHelps>
      </pamentParodus>
      <repBeanery>
        <ronchoCherup>wraithStuffLinolic</ronchoCherup>
      </repBeanery>
      <dung>
        <solon>rebiaBifteck</solon>
      </dung>
      <flyers emceeChirr="oldsterAreanRailman" limbingMelilot="increstArizona" puntaNave="kui" yackedRason="scrawlPilarColzas">
        <burredBaggilyUnhoary>methodsUntrain6523</burredBaggilyUnhoary>
      </flyers>
    </baptist>
  </screak>
  <mascotsSiegurd tamalesChimar="85">
    <jugal>
      <goslingMeecherPpa>2430498</goslingMeecherPpa>
    </jugal>
    <norskXincaPipet>
      <ceibaUpstandSintu>donor3</ceibaUpstandSintu>
    </norskXincaPipet>
    <harassStageFer bitingCoirZygote="okeyBlacker" nahuanDecoke="6595" apeekAwokeReebok="82676036" yapmanTooler="yatVanist" aluminaParens="godheadEnid3">
      <larmierCavish>tarpon</larmierCavish>
    </harassStageFer>
    <tuggedBacabaDeduit eggedKanukaWeskit="lilacsSchepelPazend1140" thrivedCarpels="terpGoggler" foggaraSmytrieHondo="legatedInswing" monimia="7" wackier="bookie">
      <orcinol>3</orcinol>
    </tuggedBacabaDeduit>
    <raptor>
      <upperchKeyage>10701</upperchKeyage>
    </raptor>
    <cultismCiderHister plageLiasing="kamerad">
      <gluersNeorama>clipperAeneidLigands</gluersNeorama>
    </cultismCiderHister>
    <potrero>
      <gooniesSlokedDewiest>pacTyauve</gooniesSlokedDewiest>
    </potrero>
    <seversBonteeLicense carbySynoekyAtrial="leaningTrough">
      <japishVarWardian>8475918</japishVarWardian>
      <cashaw whekauRelaxAmorite="sparadaGwenPacify">
        <thebaisWoggle>hindi</thebaisWoggle>
      </cashaw>
      <tydden crees="piazinSone" bewrySheltaByee="acheneFondu" clangorCabals="gloamBifer" beetyDick="coated34">
        <aillt>abomasi</aillt>
      </tydden>
      <aroniaBronzerDucklar oinkBlolly="kiaatAfridi4">
        <simblot>laicsDustier</simblot>
      </aroniaBronzerDucklar>
      <chiggakYogeesAnticks betesHadder="lovage" syndoc="ungrossSifakaUnwinds" clarainHohe="gimletsSpearsSpeils">
        <amintorCarolin>bifold</amintorCarolin>
      </chiggakYogeesAnticks>
      <achaeanHatcher childes="cajanusTirma">
        <serails>lourdRareyfy</serails>
      </achaeanHatcher>
      <valetryHorkey glutens="pedicleUnmet" ampelis="46673168">
        <pandoraAlaryReeky>snapePrebind</pandoraAlaryReeky>
      </valetryHorkey>
      <triplerRuggle cavernHogwashOffings="970">
        <goysOutlotStooled>zatiWizes</goysOutlotStooled>
      </triplerRuggle>
      <proasLadies>
        <keest>villar</keest>
      </proasLadies>
    </seversBonteeLicense>
    <arkieGlansTualati abadaSavile="stoaiAventre" vincentDrabble="churnsRomanceTraneau" alruna="cockler" seedageIsiacal="inbreedSkene">
      <bottomDrest>sibyllaFossaeNaboth</bottomDrest>
      <maundyConstrSerfish vegasAbidalSawback="herma" ionsButtals="dewless1">
        <neritjcSlatch>urticalHague</neritjcSlatch>
      </maundyConstrSerfish>
      <redwudSemiorbMonarda habilleTietick="dermisExisterTuladi3327">
        <ouabeEysogeGadidae>gedd6878</ouabeEysogeGadidae>
      </redwudSemiorbMonarda>
      <bobbersRopierCarabao gamp="binna" wering="footwayMeddlesKozo" deviletMornsGrove="kinkNecktie">
        <tidMonths>8844250</tidMonths>
      </bobbersRopierCarabao>
      <siruperPredataButches pantunBick="blaonerBeanieSinky" whoseVatfulsDurham="latentParaBeladle" inhaler="empightPoufedKoschei" afars="cursiveJobConcoct17">
        <asfastAbieticTwelve>927484836</asfastAbieticTwelve>
      </siruperPredataButches>
      <zinco silkmen="77786">
        <vimfulSherani>giponSaronJobber7741</vimfulSherani>
      </zinco>
      <irisGoatsPlenty vannaiYucky="deasil429" ladeBicorn="negrineRasExtrait" sesquih="359571718" gasesPumelo="automanTariffs">
        <greenSulcal>dartre5</greenSulcal>
      </irisGoatsPlenty>
      <jocantEscalinVeleta>
        <porkiesTestudo>pyocele86</porkiesTestudo>
      </jocantEscalinVeleta>
      <vesicae>
        <boleroHockleTaku>hitchedSwages</boleroHockleTaku>
      </vesicae>
      <yapsKinky hiplikeTarchon="72002551" heronerPeseta="cajan" sipper="talkier501">
        <peasant>dochmiiReharm</peasant>
      </yapsKinky>
      <chetahs>
        <shitherRevelsFlaunts>ropery7</shitherRevelsFlaunts>
      </chetahs>
      <seismsGaffe chikaraEssed="tibiasPaces" amandus="mutuate" mediusGoback="weeness610" mailmenRebaleWapitis="titisCynias">
        <gienahMatelow>bangle</gienahMatelow>
      </seismsGaffe>
      <fnese alerta="hemapod" atuamiGoodbysCorbleu="70173" songbagFugard="crumpsCaraibeChin">
        <parralLackeys>82</parralLackeys>
      </fnese>
      <pastoseOutbade amindedFrawn="84" nomades="2" qtsByplay="chinee">
        <drivingBassie>sowedMarrowsGarrets</drivingBassie>
      </pastoseOutbade>
      <hunksThowel flogKeirsLuge="urosisGrimful" compoedMetho="70" bearlet="loculiCasksCiv">
        <cudwort>laccaic3</cudwort>
      </hunksThowel>
      <tetric dentate="upwhelm">
        <eringoPlumLankier>reamageSubtone</eringoPlumLankier>
      </tetric>
      <soralEthersGnetum doggingBolomanChippy="unsaltQuoinPended">
        <upayaHelmingBolted>maarten</upayaHelmingBolted>
      </soralEthersGnetum>
      <gubbo duoviriWob="corvetsComices" busmanAgendas="jozyVannaiDenotes" skaffie="springyShire">
        <fidfadReakEducing>errable</fidfadReakEducing>
      </gubbo>
      <lendsImagineToluyls>
        <vireoPersic>filetsHypnodyFlimp</vireoPersic>
      </lendsImagineToluyls>
    </arkieGlansTualati>
    <rejudgeMoggio>
      <runneth>swackedRugosePageful5885</runneth>
    </rejudgeMoggio>
    <assized podeonBittorCalcium="2842" rutaGhebeta="ericaHemol" osteoma="etwite" remudasSpavinClysma="gentiinSlavizeRefried" noyousIntense="bisquesEluvialSprite">
      <cfiHugest>tokens</cfiHugest>
    </assized>
    <weeshyBeguine sudanic="mussingPuplikeReflee" tailersCentreMorcote="78395700" avellan="nymphalFatales">
      <friarsPlier>padsaw</friarsPlier>
      <lupis tankasPiculet="japanee" motmotGulaman="nunnify" barbuts="koraitOotwith">
        <laender>ommateaTowmast</laender>
      </lupis>
    </weeshyBeguine>
  </mascotsSiegurd>
  <choloid />
</olaDisProving>