<?xml version="1.0"?>
<reshIodidsBanner>
  <greedy>
    <parchedPlanet>
      <racierFancies>125584</racierFancies>
    </parchedPlanet>
    <scapheSultan oathletBeetle="904930014">
      <byblis>30</byblis>
    </scapheSultan>
    <stakeHuurder vinculoKerana="whilereKokio5916" tirmaLiegerDielec="boidaeRucking" nertzCommata="kimonosSeemsSlodger" yowed="libris37" stalko="65959835">
      <qualeManumaRegence>omentumTikkaLayoff39</qualeManumaRegence>
      <wooshes>
        <crapeGotNebbuck>45</crapeGotNebbuck>
      </wooshes>
      <panier alfirkBlimey="chancoMagicWebwork4911">
        <hazanutDrailsWaxcomb>38</hazanutDrailsWaxcomb>
      </panier>
      <afshah>
        <tetrylMormonsHerat>hapticWides</tetrylMormonsHerat>
      </afshah>
      <aiblinsKritonLegator hisserAreadyTopical="317027">
        <glaikWitches>istokeUnnessDecadal</glaikWitches>
      </aiblinsKritonLegator>
      <conandDeplump rerobe="ensuer">
        <rackmanGut>tressySapoCowshut</rackmanGut>
      </conandDeplump>
      <halvasZamias rilletVoder="joannaWhetileWharfe" sottishAbseilGuajira="homogen" easerRetrim="66215" ardebsBallote="747">
        <eosBargees>forthGrannomUnsell636</eosBargees>
      </halvasZamias>
    </stakeHuurder>
    <sullage bodachRubying="20">
      <demiramEpiloia>44</demiramEpiloia>
    </sullage>
    <gizzern visibleMullens="51">
      <ciliaryVodkas>ored</ciliaryVodkas>
    </gizzern>
    <pimploeSendle garumMotory="peebeenChaaBastant" omelieTansyHained="elbowsSeshat" roo="centenaBlitherMyra61" decNudismsFimble="operose" discoidAjarOstsis="cylix" musit="mauserBedemen" bozineWaivingDunner="8043123">
      <arriere>neossinFops</arriere>
      <consist unplumb="campedAlemPotus7533" jacareLibras="eumenidExtillBoorish">
        <capingKishkasCandy>bolliesLaddish</capingKishkasCandy>
      </consist>
      <awabiAstay ramousClubs="9415" sikhJointy="134284" tylusImbalm="4584" aglareOrthTwicet="campal">
        <unison>creasyVarahan</unison>
      </awabiAstay>
      <chukchiHail baxter="hottish" rinSarsenRubrica="defailHobs" benuKationCaserio="vimful65" pshawedChilkat="drilled5078">
        <cranelyRooser>alkenylInogliaScrawny</cranelyRooser>
      </chukchiHail>
      <hclHumates>
        <celledCreticsTrionyx>firkin8</celledCreticsTrionyx>
      </hclHumates>
      <thyrses porgoHolkBerth="silurid">
        <flagCoyotes>visuals</flagCoyotes>
      </thyrses>
      <kulmet swadDroned="desight" semiurn="moltsHillock" slightyScabiaNeoteny="74" sierra="manropeRame">
        <nix>tarquin</nix>
      </kulmet>
      <tinklerUnsawnGuimpe daynetPurple="cururoPylicYawnily" sawahWhirreyFusilly="pimola">
        <sagsEnactedUndrape>naled</sagsEnactedUndrape>
      </tinklerUnsawnGuimpe>
      <learned wlatful="sulfineImsonicWile" shade="uluaRobiniaYustaga">
        <panayanHeroes>goaledDray</panayanHeroes>
      </learned>
    </pimploeSendle>
    <juletta lassuBinnyPangens="28738">
      <atomityButenylToolbox>tricae4</atomityButenylToolbox>
    </juletta>
    <negrine>
      <coddingEdibleWapp>7584389</coddingEdibleWapp>
    </negrine>
    <trickerGemot>
      <dewlapBathers>carsDeafen</dewlapBathers>
    </trickerGemot>
    <undoGidjeeContoid ungladSpurryHeized="1190403" pastingOtc="corach" metazoaJuglone="17" cantareCoplotJiao="5094" dugdugFibrin="gouramiBelikedGlotum" snawingTavastPata="peasenGramUnbeget7" yoginParsleyHallway="pilerCotteMamey">
      <ratoVisual>phidian</ratoVisual>
    </undoGidjeeContoid>
    <amenitePanpipe>
      <kumquatWagogoGesning>hirundo</kumquatWagogoGesning>
      <truddo saccliBeforeBravoed="mirCareers" neurolUncask="subsignCitied" abbeyVentageOrgiacs="51158737">
        <ironyPetiole>4472</ironyPetiole>
      </truddo>
    </amenitePanpipe>
    <adulce genomsCleft="tempterCervoid" refill="reveHulseanCoseism9">
      <grouses>94782</grouses>
    </adulce>
    <reavailFerny poiserLucbanBemixes="orphizeAskesis46">
      <limbo>unharshDapiferRadeaux</limbo>
    </reavailFerny>
    <daymark>
      <wroteFagus>flauntsDespiteEntify2</wroteFagus>
      <chalinaMeable>
        <kohenRakh>daffedPuttieYair</kohenRakh>
      </chalinaMeable>
      <anaryan ungagedWardersKokum="abvoltBean394" hobs="sier" seelilyMysteryPacks="pecifySahibahPenuche" reeruptAshingSung="primity">
        <missile>sophoraAiring</missile>
      </anaryan>
      <deiridMeminnaNegates dearGuaiolRyme="sprat2894" decil="6830694" rashful="dandier" naeOgreJibes="nonactChacmas">
        <bravoUpbrook>aquateRues</bravoUpbrook>
      </deiridMeminnaNegates>
      <abate bienAdepterHurters="traziaEthylicGemlich6847" biotomeRelayedAxweed="hulchForestyRegency">
        <bluntedUprisal>teacheLeegteBoyos</bluntedUprisal>
      </abate>
      <unfeted rococoMugweed="stichid" flatwayExited="990175795">
        <tapholeOverbetFreshet>damnsLoricae</tapholeOverbetFreshet>
      </unfeted>
      <iarePish ultimaCoven="sparge" wilfredWogietObolary="kidney" doodahFomes="snaryDieb" evalueGarryaCarse="carnacFated">
        <maipureSeminalBatch>deplace</maipureSeminalBatch>
      </iarePish>
      <caraneAdverb>
        <hull>70526742</hull>
      </caraneAdverb>
      <trid>
        <chartae>1153</chartae>
      </trid>
      <trompesTarlikeKung meatier="alecostRowel53" kiddedFrocksTeather="pterealPerhaps" tuskerSoaped="parrotyChauveAmerism971" slyestJujubes="godTheses">
        <babkasDeafens>ermineMohar</babkasDeafens>
      </trompesTarlikeKung>
      <chinchTunnels maddock="2472503" gloutSayst="fenlandBedrug2" appled="vixens">
        <relower>smoutRectrix7</relower>
      </chinchTunnels>
      <labellaAbloomFiscus afflictVellumyProlia="howeverBagasse">
        <pikingOriencyCunning>bailieWachagaBummle</pikingOriencyCunning>
      </labellaAbloomFiscus>
      <pillaryLippen helide="ghostedAzimuthMat" ruinousPenlop="duncesTaxites1468" kwapaBollRebecs="dourer" asarumsKaiser="shankarMuggy565">
        <howdieMossyBoho>forwarnBitsyIntimal</howdieMossyBoho>
      </pillaryLippen>
      <patchOakums sacrateDeridedBurns="sexlessEmblem206" gritten="yukian669" noncomeBlobsTaglia="jibsEpulis">
        <podlikeChirmRazzer>krillKerl</podlikeChirmRazzer>
      </patchOakums>
      <delist>
        <hyenia>heeUproom</hyenia>
      </delist>
      <ripplet bonzer="whap" kueiLatusWayworn="493" lavangaFinales="cyathosCalusa" oililyAmabelEarpick="7">
        <tineidsGoudyThirams>gaoledGuiled</tineidsGoudyThirams>
      </ripplet>
      <gaplessTortie orsPaludalMayings="wadesAngelesAchagua" spadoBraggle="jawp" hoggery="askewFinely">
        <panse>seismsParas</panse>
      </gaplessTortie>
      <bisleyJowing slowrieMilePhonier="adreninRebrew1353" sporterPrivant="bimodalScroggyBluffer" sicklesSodamidUnboy="troys" umbraeMingie="skillSliptNummi">
        <caricaDogbolt>chards</caricaDogbolt>
      </bisleyJowing>
    </daymark>
    <akoasm antiarsSkeeter="beadle" zaparoFubs="gluerEton73" coma="doesntHuffcap">
      <drafted>657</drafted>
      <serabJeeringStumour dreads="72" sufeism="rodlike495">
        <catnaps>manroot</catnaps>
      </serabJeeringStumour>
      <soilier panfulsNandaGnatter="darterCamuseDonack6">
        <binmanCashaFisher>duliasBadling9</binmanCashaFisher>
      </soilier>
    </akoasm>
    <baymanLareBouge>
      <fiantsSpoofsAbrash>bordRupture</fiantsSpoofsAbrash>
    </baymanLareBouge>
    <genetTahsin horUpseekAnahita="60914254" brubuRotten="sphericLeniticBeardie80">
      <pinkos>nasalsWpm</pinkos>
    </genetTahsin>
    <teazlesChegoVoltize>
      <oghamCapelin>1572</oghamCapelin>
    </teazlesChegoVoltize>
    <slicker>
      <trikir>sollyaBisaltMately</trikir>
      <grisselKappie arusaStopped="foalSizableBisects34" fitcheUsurpsTaipi="beckonsMoonjah" iwaXisChyle="bezelWichCanards3790">
        <reimCresols>9318</reimCresols>
      </grisselKappie>
      <chipSuchos putlockWolds="50" jegConoy="nabakAwork">
        <paulins>cimbal</paulins>
      </chipSuchos>
    </slicker>
    <stuntsNace multumAdiabatDubash="unleaveOutgladHinoki995">
      <stokvisRonFlicked>mahalaSmicket</stokvisRonFlicked>
      <aeriedMoropus kobongCeltsPochote="chirpedFluteDiswere4" weezleEczemas="halvingPinnateHammada" fiddlerCloying="buckismGoxesPinkany">
        <divestsRinningEsture>germuleLeptonPapegay</divestsRinningEsture>
      </aeriedMoropus>
      <bepeltSempresFesting riddingPlonkedBastile="tache">
        <calderaIulidanMethone>croniedHaomaFlyback</calderaIulidanMethone>
      </bepeltSempresFesting>
      <sandbarWally causata="zapusKeyseatForefit" mignons="atreus" regrew="stunterMice" klops="33496">
        <jeopard>fyceGabbersUndern4347</jeopard>
      </sandbarWally>
      <whipperLairingSnouch>
        <eyrenAnyhowMinutes>mollPantherWimick</eyrenAnyhowMinutes>
      </whipperLairingSnouch>
      <soloClinicsToldo britherJosses="moggan" enskies="51">
        <gondi>6493</gondi>
      </soloClinicsToldo>
      <morwong>
        <smegmas>batsmen</smegmas>
      </morwong>
      <warsle garsilAwokenUptie="elcajaOffingsSwinery" swotFakingIre="obelionTeedSubdues52">
        <gulfyGallied>colleriMesquinBigha</gulfyGallied>
      </warsle>
      <frisket styxianEncores="selly" enlardLaderDecken="firmed" charpai="28513" quadrin="burnetsUndeifyMouthed">
        <graspPassu>spinMaffle</graspPassu>
      </frisket>
      <fewsome niasese="apiecesCeruleEarable8789" forkyDesmose="flewitAltroseLimmer">
        <locableVerminyFilmist>jivaran</locableVerminyFilmist>
      </fewsome>
    </stuntsNace>
    <homyCedarySusurr teleiSarusInlaik="katoglePosca" rundlet="755940183" linene="leviersIngeneBroiler">
      <finesse>tetanalCraniol</finesse>
      <venesiaBeneathRefine>
        <epigneTaprootSesia>ramed</epigneTaprootSesia>
      </venesiaBeneathRefine>
    </homyCedarySusurr>
    <sewan>
      <ziharCoat>7</ziharCoat>
      <compingTomtitBassia>
        <haboubRoomthy>purler</haboubRoomthy>
      </compingTomtitBassia>
      <sadite apass="tupiks">
        <beforeMismake>egoisms</beforeMismake>
      </sadite>
      <inlake papago="aglintPoneyMetopic" decodonMelba="parchedTarpYulans875" gunated="pintasAcateryBolt" abiesOraisonRusher="houtLawgive">
        <hoarQuaters>scrieve</hoarQuaters>
      </inlake>
      <sisalPort galecheSartage="daymanFcp">
        <prologProtead>mootmen</prologProtead>
      </sisalPort>
      <paarPanmugHool decian="wootzPeshito" yodhs="sirex374" loasaCroupe="569968" oxerJutShayed="quail">
        <tonicalSlinkerWaglike>595475019</tonicalSlinkerWaglike>
      </paarPanmugHool>
      <anisumLargely nacredCuttedAcetary="thyRevampsGammed">
        <glunch>dunned</glunch>
      </anisumLargely>
      <paggleOtter tactive="patricoHamata" couchy="grenatTucumaGrogram" anuriaSpunnyRushy="dizziedLowlier" groynesSaveHyla="883889249">
        <nilledPawnage>potailEmphaseGazoz</nilledPawnage>
      </paggleOtter>
    </sewan>
    <vetoedSirianSurhai squireBlickieCicone="mambuHypoidCantico" fudgyDorsad="41" unpared="kohlanBoistAntship" depass="7306">
      <besin>rissoleIntactDmarche4674</besin>
      <masarisWettestErgon augursYelledGuffs="knowing" shittedMowlandRashes="legesPoopsieMolvi">
        <karbiCogroad>bejaHaulBosh</karbiCogroad>
      </masarisWettestErgon>
      <safes wadders="aeaeanSaiva">
        <dwining>871</dwining>
      </safes>
      <atar crusts="arainsWeaves5" wanted="bratInhaled4922" eyewinkCoontah="87962575">
        <visiveHarpulaAerily>hoofishCahowBirota</visiveHarpulaAerily>
      </atar>
      <pinnyHematicRebear>
        <drouAtli>garialPlungy1332</drouAtli>
      </pinnyHematicRebear>
      <inangaPas toperKiri="14432505" camauroAtuaGaleas="alumine" repaveJantu="9390796">
        <unwrestTeasleBetoya>sacrist</unwrestTeasleBetoya>
      </inangaPas>
      <heelersPurees citedEvang="untenty">
        <decernBickers>222579786</decernBickers>
      </heelersPurees>
      <amebula ordJiffBasest="onehoodSecond" skeippFossils="439965580">
        <usee>4287</usee>
      </amebula>
      <tensonChantorQuassin dummelRootleAsshead="octylKoussin" misgrewMigg="ursuk65">
        <enduro>wizen</enduro>
      </tensonChantorQuassin>
      <dittamy runkle="burrowUgali" jagerDecibarAholds="serabHellingMinder" fiscus="liganBiprismPullout">
        <hypeMimosasPyr>phytinAssocBatwa</hypeMimosasPyr>
      </dittamy>
      <accoyEnamelMelee toolsyIntaCabda="inciterWealYarnen">
        <haverer>manxmanOpticly</haverer>
      </accoyEnamelMelee>
      <regaugeEbenHamated anagapHasterGruelly="87951657">
        <onehood>76</onehood>
      </regaugeEbenHamated>
      <climata fleyed="overplySpanked" gulpin="hackeemAngora" tittleGangliaWhelker="togemanUgrianMurra" subsetsKenafsThingy="5938">
        <bosomyAdnex>openingChasterFlasks17</bosomyAdnex>
      </climata>
      <wholesKpcTizzies herdmenPopieOxamide="wips4" chatonGiguesMuskier="anhinga2302" puffy="radious" lena="memnonCottoidTokays">
        <pattiesKeteneOffings>cayucoFencer</pattiesKeteneOffings>
      </wholesKpcTizzies>
      <snappedZunis judo="hunderLibidos">
        <baboenGummed>boning</baboenGummed>
      </snappedZunis>
      <lamellaSalamo luiTrigaFemoral="angered">
        <mahran>insultTollwayRaffing</mahran>
      </lamellaSalamo>
      <carapo>
        <lodurFediaCramble>hantedFathomGrot5951</lodurFediaCramble>
      </carapo>
      <curaceSylviaBuzzwig perisMortify="nitwitLakie" wilfulSpuffleTenours="pricketJamaicaGervase" aldosesVessesUnsooty="oliviaPlumose" ataunto="carfax">
        <tends>blushtZombies</tends>
      </curaceSylviaBuzzwig>
    </vetoedSirianSurhai>
  </greedy>
  <riled>
    <trapped>
      <macrosKonigaSalukis>boronicGermEntwite2705</macrosKonigaSalukis>
    </trapped>
    <cirrous>
      <guisesWhelksPrivier>unrifeSawbill</guisesWhelksPrivier>
      <pelikaiYanderRedealt>
        <duppyJurata>8779</duppyJurata>
      </pelikaiYanderRedealt>
      <aclemon>
        <satinedUit>linkmenKioskSnarks</satinedUit>
      </aclemon>
      <potgutEaglesSkymen zachunSorrowy="cava" dulcifyAppliedOscar="bliaut">
        <aboonWhaps>3</aboonWhaps>
      </potgutEaglesSkymen>
      <alkylicUrinesUncomfy vocablyTalcsTaxicab="stum">
        <addax>53559</addax>
      </alkylicUrinesUncomfy>
      <frustPereira>
        <vavsShentWarmen>suadeDovenedAneling</vavsShentWarmen>
      </frustPereira>
      <baleensPrancer unmoorSlotterZak="corsos">
        <metopaeAcrinylCarree>pouncesVentanaIvied</metopaeAcrinylCarree>
      </baleensPrancer>
      <maddle unwoolySwannedWellset="840" anicutLurdan="67585" huarizoCardialFrithy="corkMusks" elmiestMusangWekas="bluffly">
        <shroffTownee>calcicLansehRenewer27</shroffTownee>
      </maddle>
    </cirrous>
    <impawnMulloid argeers="isoleadBallastDawkin">
      <bklrCelotex>emptierPodtia</bklrCelotex>
    </impawnMulloid>
    <dumose voxNutlet="maggedHaycock" boogerFards="pongeeTampanCromme" pertainMehtar="983" granderCentrerCothy="friarSproseSac">
      <telsonsMuckily>85300</telsonsMuckily>
      <fsiestPiwut>
        <nopalTented>gedsTwigged65</nopalTented>
      </fsiestPiwut>
    </dumose>
    <ogledPeitrel>
      <earplugCarerBam>sextChaberHageen</earplugCarerBam>
    </ogledPeitrel>
    <shiplet>
      <scarfyParoled>cultusJarhead</scarfyParoled>
    </shiplet>
    <sullow euphonRebills="lamaismLeased" bolusesUnze="punkahsRepleve" wifish="lyery" unipod="richterEnosistPingos" ullingMushaaFullom="machin" unpensUzarinMoulted="164030383">
      <hawmVenally>714</hawmVenally>
      <earnTwaddle volutes="249742" gheg="twibils">
        <doandFloriaAcephal>gourmet</doandFloriaAcephal>
      </earnTwaddle>
      <stakerMishapsGiveth nymphaMara="agibleLacey5519" bonosUnchurnGadling="fennecs" codlingMutases="gamilyKansa">
        <anahaoTorulas>2272732</anahaoTorulas>
      </stakerMishapsGiveth>
      <colaRickingPoints thecae="pinx" malmagLatro="bsfCoupure" pedsLechwe="triclad">
        <vum>montageDrunkerMopani</vum>
      </colaRickingPoints>
      <draba wirdOutheelFacing="lycidaeDebindEncamps194" vaseletKinklyInvade="mormyre">
        <meioticAwaneCrest>77</meioticAwaneCrest>
      </draba>
      <cubbishTenuit cercus="345024922">
        <priscanHucklesGres>relevyUlitisBoxtree</priscanHucklesGres>
      </cubbishTenuit>
      <stataryBurlsGirned sabing="omeletsSuttasGobline" hebamicGotraCoacts="dusted" ainhum="goutilyFeasterRivell694" goupinRustier="mossie">
        <subjoinJute>coto328</subjoinJute>
      </stataryBurlsGirned>
    </sullow>
    <recondBegHyoids>
      <maroonsOlenidLainage>snathes</maroonsOlenidLainage>
      <craiseyCambaye whattenEutexiaLouver="snawsPresee">
        <hypatonFlauto>mangoesIllapse</hypatonFlauto>
      </craiseyCambaye>
    </recondBegHyoids>
    <squirm>
      <dignifyTows>2</dignifyTows>
      <ganamMetreza>
        <boydEosateBedlike>reswellRealest</boydEosateBedlike>
      </ganamMetreza>
      <longiesCyaniteSuffers jonquilRoarerCloyne="soiling" chefsAmidineSlodge="peeweepWoorari">
        <dooleyAptoticSalties>dammingHeii</dooleyAptoticSalties>
      </longiesCyaniteSuffers>
      <hsuanBedur leashesGigoloLaced="4201" kynurinSizars="tebu">
        <chawnLlamasOmegoid>crottle</chawnLlamasOmegoid>
      </hsuanBedur>
      <winnardBimalarEryngos neezeDoricalAfflue="689">
        <bradsRutting>palInoma</bradsRutting>
      </winnardBimalarEryngos>
      <inklesPilapilRuption>
        <ranklyPrecule>unfixtNitonsPostbox</ranklyPrecule>
      </inklesPilapilRuption>
      <sheevesSliest>
        <upreachMuzzEcch>sootySinewyHaft</upreachMuzzEcch>
      </sheevesSliest>
      <ailuroYobiCocause awning="2" sumple="craveGrocers" subwinkLittenDesist="wealdenAzinesRookies">
        <debaseOenone>111205</debaseOenone>
      </ailuroYobiCocause>
      <beprayHamalsPrier wetherCave="raphanyVicetyTarsius" baldrib="reesle" fivesUndamAfflue="rowena">
        <hoy>guillemFlavors676</hoy>
      </beprayHamalsPrier>
      <fattierShutsYamanai>
        <ozaena>fluible1</ozaena>
      </fattierShutsYamanai>
      <shoji fugues="633178" vegete="fatherJannockTussor" fimeticGloomth="biogenyMisaver">
        <dicetylCarotte>frazingCootieWhereat</dicetylCarotte>
      </shoji>
      <burhead>
        <disroofTjosite>tempe</disroofTjosite>
      </burhead>
      <normanCurt adiateMimers="skeanes" dowveBladeCajon="830" belfry="taloseMituaIkat">
        <argons>biloTelarlyBuffa</argons>
      </normanCurt>
      <doddle echidnaSillsRefugee="bogaShawls" fiorinMaydays="narrasMusci">
        <pegmaEenNhan>bovinesSavesTabors</pegmaEenNhan>
      </doddle>
      <huggedTeleStichoi publiceAcetiam="whillyMyoid83" camusesSpongy="gellantEthrog" devicesAdulter="penucheHeteGranada">
        <rognonAecium>troutySammyLinen</rognonAecium>
      </huggedTeleStichoi>
      <nereidsRegency jiltersSusanee="25907950" ollapod="linusTutored" palis="afridiEyingCalor">
        <vettureBottsMbps>345575425</vettureBottsMbps>
      </nereidsRegency>
      <ouraliLerotSpited actin="rishi9695">
        <unmaskFardoForbit>urarisBroncPrises</unmaskFardoForbit>
      </ouraliLerotSpited>
      <copied>
        <startorQueerMangily>damsonInanga</startorQueerMangily>
      </copied>
      <bowpin machogoBestirsSoiled="banjos817" olpe="tzaristClonks1" dirham="40" swishedDinsome="apoopSolen177">
        <gardnap>zincide</gardnap>
      </bowpin>
    </squirm>
    <nipas oshac="mensk" curPandourFrush="gadeInconel" spiffyPyroid="enteteHadderNecks75" synusia="tatuasu" doubledDumpler="bygonesSiltsGravata5702" jurisp="spectraPlumier" reveredSairve="nippy">
      <araIncMidleg>halOuttold</araIncMidleg>
    </nipas>
    <metre>
      <gawkerShatanOnca>tassoo</gawkerShatanOnca>
      <baysRummeryYawped vintDoggier="nyalasCerate" dadderPirogueTabanus="445" poindExocarpGleeful="960591614">
        <prolate>hicEtoffe</prolate>
      </baysRummeryYawped>
      <durziChistkaHaleru isobareRettoreImager="4520">
        <bagoboComedos>bletheTwankle</bagoboComedos>
      </durziChistkaHaleru>
      <voltsCascanMysidae asearch="73" diffuse="palmate" intends="themisClemmed6373" iocsGalley="910">
        <torstenShilloo>688</torstenShilloo>
      </voltsCascanMysidae>
      <peeksBogierLoggy amerind="shrieks" commasFiercen="sracNoreast72">
        <cerous>kolacky2753</cerous>
      </peeksBogierLoggy>
      <pushed trifleSamovarSegni="pelops" gongingGemeled="taplashAlody" firkins="99852055">
        <hatticGossansTrophic>soapierGlancesCamelry</hatticGossansTrophic>
      </pushed>
      <pickmanNorthFazes yoruban="peon" ragged="tarsalsSensiveParelle" opsinsGifolaSleying="takingRoutGump">
        <steeledCoheadsServed>bilcockBalatas</steeledCoheadsServed>
      </pickmanNorthFazes>
      <bombyxVermianDowered matlow="calsElishah" workerBeautMinimis="90">
        <sujiLardon>74</sujiLardon>
      </bombyxVermianDowered>
      <wormyDornicBunking loadedWaffieEucre="soothlyAcumbleArcheal">
        <repasBeylicAcrylyl>impaneMobsterGhegish35</repasBeylicAcrylyl>
      </wormyDornicBunking>
      <brog daymentTearierBells="oxeyeBrawl" tercerAutarchStored="guaque">
        <fenster>yeukDuessaElliot</fenster>
      </brog>
      <popieTops laked="mopan" okapisBruiser="azan" alantic="karstSquit">
        <papCamaronBriefer>scrum</papCamaronBriefer>
      </popieTops>
      <hagseedZoocarpSubsere kantismLockpin="trigger" odz="tuiTruing219" varunaTorts="3840774" mimedSubmit="sudorPlock70">
        <bastenResh>fwdNoyaded</bastenResh>
      </hagseedZoocarpSubsere>
      <scabbedBiblike>
        <dubbin>kirned1890</dubbin>
      </scabbedBiblike>
      <revince aswell="30" didym="bogymenIndite" litsterCaruageMiladi="poods4">
        <rogueryHaumCalais>hogtiedMuddler</rogueryHaumCalais>
      </revince>
      <yeanedHollaedBaking loiasisFlavour="4808348" unseven="whirken894" pulka="oleana">
        <outsoldMucicPropoma>kegsKoasati</outsoldMucicPropoma>
      </yeanedHollaedBaking>
      <refugiaStoreySinging arcanalIrishCarryke="spoorsPiitis5" padnags="wooster88" poddiaGobbles="ulnageUnicist">
        <nautherScrub>titmice</nautherScrub>
      </refugiaStoreySinging>
      <boras kiwis="zoneletGorglinZenana">
        <croniesAmoebas>yemenChanceCheero</croniesAmoebas>
      </boras>
      <spikily defassaRappiteWoodwax="cometh" demureSocko="nonfood" maniu="gawpAcocotl">
        <enoplaPunkahs>unipodsDassies</enoplaPunkahs>
      </spikily>
      <deairs>
        <barwareBuchloe>whaleLacemenEncode</barwareBuchloe>
      </deairs>
    </metre>
    <mioceneJitro>
      <catholeBlot>cunjah</catholeBlot>
      <specieBragly>
        <ecclDoline>civicTochersTalcing</ecclDoline>
      </specieBragly>
      <taffy>
        <reliantConli>ukulele8</reliantConli>
      </taffy>
      <abulia canari="rocTeloiDebater">
        <sandyHeuvelAfreet>18</sandyHeuvelAfreet>
      </abulia>
    </mioceneJitro>
    <atwinHelicon>
      <swollenRonyon>69790</swollenRonyon>
      <sharkedInglesaIngulfs leptonsMarcato="81654126" fucoidHarveyMeeken="cycadPoshAngust" funnilyLithicGraces="effluxDoxie" ophiteObli="192542545">
        <thrived>ageistOreas</thrived>
      </sharkedInglesaIngulfs>
      <spectra adaysAmitiesBenni="ironishTaxidea" pseudNagsterAsbolan="mimming18">
        <shanna>revivedWedded</shanna>
      </spectra>
      <moorage monkdom="uncool" pearlinBoarsStouth="queersArdelioEgglike">
        <frettenRunoutsBoid>212</frettenRunoutsBoid>
      </moorage>
      <arsineShamesShocks hillerPrasoid="repiner" eugenieSextry="italitePsyllid97" unnetThete="kibblesJollily" noneSphery="337724">
        <slavismWhirken>wamblesButs</slavismWhirken>
      </arsineShamesShocks>
      <amountRimesGomer>
        <ayne>dahlinOvines</ayne>
      </amountRimesGomer>
      <largetRoughy sheughMogadorTawse="laurusBamsObolet" noonSucuriFriezy="reptant">
        <unsoul>elegistChayote</unsoul>
      </largetRoughy>
      <wiggen clausesHolcus="leadyRchauffNeebor">
        <taxerMyomataCenacle>achyliaExcuss</taxerMyomataCenacle>
      </wiggen>
      <deringaArchealBearcat>
        <shikariPithfulWiliest>maniacsDepitPinkeen</shikariPithfulWiliest>
      </deringaArchealBearcat>
      <atypy umbretBobance="refedEuropa" wennierPilaued="tew" yodles="subsectCentradWoodwax">
        <bliteTrigona>revealLaton</bliteTrigona>
      </atypy>
      <pallallCiliaRussene freckle="shina46" stoepJobadePodgier="fabToged">
        <retookIdicDuomi>fauves</retookIdicDuomi>
      </pallallCiliaRussene>
      <mornsCadyHolloed formful="18205802" adagiosLatona="mawseedLablabRerival3246" bagirmiAnkle="24870" deafly="minawayNoels">
        <wugg>bluffyAdcAbas3</wugg>
      </mornsCadyHolloed>
      <dashnak mastEntwistEmmer="intradoGamedSuevic" sutlerySpittenBider="rumex" twiddlyQuahog="lagartoCoulomb220">
        <sugg>752292022</sugg>
      </dashnak>
    </atwinHelicon>
  </riled>
  <comdrOils brevaDysuricShelley="128" />
  <coatiFacy nycteaInertly="224951438" treagueLactone="tyees" tambursLured="willies4159">
    <panoan>
      <palateAthing>friand</palateAthing>
      <dittByssine cluckyAlg="laziestPantileTopau" reprobe="devata">
        <dicycle>caufXxiiiWizes</dicycle>
      </dittByssine>
      <dialerClaque vaisyaErucicKetatin="horsierTrounceUnadept" airmassRedate="78129">
        <poacherPilusli>darkle</poacherPilusli>
      </dialerClaque>
      <mistionCheeneyLapels maysin="taloseLuvishAits" prepdScattDemobs="besitElans90" locketClubberPhut="63370">
        <nurtureAsquint>brinersArroya</nurtureAsquint>
      </mistionCheeneyLapels>
      <varahanPikyOilier>
        <nopalea>rajpoot</nopalea>
      </varahanPikyOilier>
      <nasaumpFoldout geniesMiniumsHemocry="munsif54" gobiidDrills="bielby36">
        <hauberkHoarishPositor>outishCandockAscaris</hauberkHoarishPositor>
      </nasaumpFoldout>
      <twifoldGrailerStep>
        <tovetEnjoyerTerry>lyncher</tovetEnjoyerTerry>
      </twifoldGrailerStep>
      <confAlamode tirlingEsteem="9254" breedEffectsSpina="21" noising="matsueJacobin" dampy="dicolicVernierScrips">
        <replevy>balonea</replevy>
      </confAlamode>
      <niflingResoles bushelsBaywood="eupepsyAlgor" ketimin="lippingHanoiImagen456">
        <fieldy>sabreur</fieldy>
      </niflingResoles>
      <impane humWormer="boohoosDemist" tirwitProg="quirite" strutsLough="pothery58" gris="4849">
        <fogdogs>2821</fogdogs>
      </impane>
      <wifish drilledPataoBorsht="loueyOpiums472" bracheClinkGladful="502" falbeloSnorty="834631416">
        <pygmeanScanmag>889</pygmeanScanmag>
      </wifish>
      <galeraTuamotu>
        <subet>softUntimed</subet>
      </galeraTuamotu>
    </panoan>
    <cupel>
      <maximon>usurps</maximon>
      <signior antical="901" beverlyDirls="rockishVastier">
        <sputterEspials>damagedNavaidFanleaf</sputterEspials>
      </signior>
    </cupel>
    <avikom>
      <flowKhatti>464</flowKhatti>
      <cavelHideous aromataPumplePlatys="reserveFretter" brutalSeemer="arabism824">
        <yemenicDofunny>recessOrby25</yemenicDofunny>
      </cavelHideous>
      <petro>
        <relentLimpingTiresol>38627</relentLimpingTiresol>
      </petro>
      <lozengeGenus jiffiesParrallEmbosk="54755" credensBiotron="zonurus2">
        <grouse>kiack6176</grouse>
      </lozengeGenus>
      <lossy laude="affiantDisjoinFanwise" zarnecFezzesSpanks="isoldeMullockJerkies15" semball="flubbed" gunaCrowl="somnify">
        <estocComport>aubeAnimalPriori</estocComport>
      </lossy>
    </avikom>
    <asellusPurging>
      <yawnersCaca>772</yawnersCaca>
    </asellusPurging>
    <ushabtiSekaniHeazy walletsWyrock="7976" almight="vehicleBadge" radeurSpiced="donateLustingStyptic8" modiusMammula="soccersEnosis" markerySockmanAdult="glotticPoultsMullen" addendJanglesNoosers="chiveyCaroachSemital" tardeJiff="nominySqualls770">
      <rollwayCudApayao>oilwayOxphonySubsect</rollwayCudApayao>
    </ushabtiSekaniHeazy>
    <outwithBarmaid subpoolFlywort="siloamIsoamyl" pulp="3661" anticar="oime" encomic="carpiumEmusify" seine="dimmersTiamMccoy8989">
      <excepts>salian</excepts>
    </outwithBarmaid>
    <skift>
      <chmnCorers>vamooseBefoul3</chmnCorers>
    </skift>
    <apassBedbug>
      <ascill>fenniciMowraBounden</ascill>
    </apassBedbug>
    <messireGlauryTyt xystusRebosos="anitherMangosJericho" fainsTunicanMomo="sokemenMesalMasoner">
      <splatch>3</splatch>
      <filerEthineBergylt pudencySnecker="farted" asylum="10703353" spanishScotal="bongsDeice">
        <keresAquafer>rullionLorgnonMetad</keresAquafer>
      </filerEthineBergylt>
      <creachyLaserPrimo>
        <effatumShrieve>rokeageUpcallMerlion</effatumShrieve>
      </creachyLaserPrimo>
      <kyrieCoyedUntenty exodiumParcaeSchuh="dielike599" frazed="stupexWull" fifth="scouk2">
        <avernusDhauri>deslimeKae</avernusDhauri>
      </kyrieCoyedUntenty>
      <kalThink>
        <credentLorimerPatrial>75550060</credentLorimerPatrial>
      </kalThink>
      <manky adawe="sobersSaltcatTerefah5" eskimos="bollenSkene9775" kephir="dama" fondles="janetGith">
        <demCites>7</demCites>
      </manky>
      <bluing>
        <hooyeOutwordCuffin>brisketSwolnLions</hooyeOutwordCuffin>
      </bluing>
      <carbon teasing="amplestDuns" saltlyModulo="monacid">
        <cannCubitedBilboes>hamulusDosadhFreity</cannCubitedBilboes>
      </carbon>
      <ignisInking svarajsYojanaTraclia="tidallyZinged" another="307322">
        <prevotLichees>dewoolsWaters3765</prevotLichees>
      </ignisInking>
      <closers annalLhbXystos="698916" barreraSairlyImmunol="dubheAlogyEncolor" prevailCadweedTantrum="challasJoramBasins" nonheroRuru="montesLunger">
        <minikenBuriels>aurealOvarianLiminal</minikenBuriels>
      </closers>
      <casalty mellsThiefFranco="93202405" kerugmaPailles="rubbleBreck">
        <monacoGroof>apologyAssagaiTsade</monacoGroof>
      </casalty>
      <pattaKickersFrankly wools="emulsBelgian">
        <caddied>baffsDean</caddied>
      </pattaKickersFrankly>
      <rax renegeLammer="forradScepsisPici" loselryHamzah="secondsCremor" waxworm="scoriaLissInower3">
        <leppyImbue>faunchChoga8718</leppyImbue>
      </rax>
      <ingrownYellers>
        <distaffTonnishRakeoff>rabicCoccousRunite</distaffTonnishRakeoff>
      </ingrownYellers>
      <edoniIcelikeDartoic>
        <chagal>brimmerWarns223</chagal>
      </edoniIcelikeDartoic>
      <cocoachRepleat>
        <genderSolio>59632547</genderSolio>
      </cocoachRepleat>
      <cones hammingHagbut="scuppit" crafts="82304751" tantaraRawboneMiltier="tubemenCogener" piperyNeckedTarde="tapetiPuntel">
        <kofta>purin</kofta>
      </cones>
      <sitrepEuchredLangel fragsPimples="wowserCaliche">
        <wanyasaHiphaltTubed>tympaniNiffRowty</wanyasaHiphaltTubed>
      </sitrepEuchredLangel>
      <sneezySculptsPadres>
        <simple>caviarsBoxful</simple>
      </sneezySculptsPadres>
      <fossula gyrantAlaihiThisbe="gaurian">
        <cathect>nondoAfgodSired</cathect>
      </fossula>
    </messireGlauryTyt>
    <bendies>
      <funking>resexTrinedAnubing98</funking>
      <clamsLaneyVexes finnedKangliComatic="burhUpridge">
        <ragulyBurtree>worm1087</ragulyBurtree>
      </clamsLaneyVexes>
      <vandalsUpshore wolffia="domicOpsonic" nickel="auletic">
        <redacts>undean</redacts>
      </vandalsUpshore>
      <meselyFabling borshtUptowns="unshoreChogsetVila" azimineOatseed="apinageAleshot">
        <gazee>hadithTaxwaxTattles</gazee>
      </meselyFabling>
      <rileEsprisePunches inlard="dawningAselliBrevis" cowweedAgendasEutaxy="toluidFellows" aphyllyPilleryBipont="iodinesPrebend" wagsBunchesMaars="alans">
        <hymnals>emerodsLymphsBren</hymnals>
      </rileEsprisePunches>
      <mesion outeats="wendeNemesia">
        <tankle>reccoGlaiks</tankle>
      </mesion>
    </bendies>
  </coatiFacy>
  <egests>
    <snufferMiriResigh>
      <towie>pheny</towie>
    </snufferMiriResigh>
    <patandBeamily elf="kikes">
      <entiris>jacobicShik</entiris>
    </patandBeamily>
    <barmsDogbiteCrusets>
      <eremic>grimmiaSegniLcd</eremic>
    </barmsDogbiteCrusets>
    <zealous>
      <betakesMatlowManiple>22720</betakesMatlowManiple>
      <airmarkKendoSuber uratomaKicked="lipide" suasionDutchBow="masty">
        <lashins>hovel</lashins>
      </airmarkKendoSuber>
      <pycnium heavenJamniaCanto="reveled" submitsChaleh="owrehip" amercerAilweedEndive="beeSellarBowden">
        <datasetBrannyExerce>furmetyCircum</datasetBrannyExerce>
      </pycnium>
      <noachic>
        <octileDryad>sagbutEpigramCloop</octileDryad>
      </noachic>
      <cookee shopmanTringa="tombPiazzaImbarks" rehoop="scaladoCopen321">
        <noting>ladenedJapishBuoy</noting>
      </cookee>
      <newtonCakra jogApoikia="takethPeyotls" sty="676942" volutin="sitar" impeachClayish="avaVenuesForayed">
        <kopiMedicaGuily>loxesExflect</kopiMedicaGuily>
      </newtonCakra>
      <decreerLibant>
        <giggles>loord</giggles>
      </decreerLibant>
      <magots becolor="tophus795" banyoro="flexileGiraffe" acylaseWhimseyCasal="snappy" cricoidEvestar="chelaeAttainsCenoby">
        <prisesAwaft>775646675</prisesAwaft>
      </magots>
      <cahierSendsLongfin>
        <guige>sailyeHameilThio</guige>
      </cahierSendsLongfin>
      <outbent burghsLockage="beblainGerahs" bustingIguaniaBleep="laylandBennet" fidgety="cornada" unfewBicker="633">
        <pannery>rectumTomcodsTabstop</pannery>
      </outbent>
      <chelone silexAflare="826">
        <decrial>storiesGildsNavars</decrial>
      </chelone>
      <calor wauns="86" galletaPatata="appearRinceau">
        <utterly>86201131</utterly>
      </calor>
      <destuffOuter tuppeny="cachetAussies">
        <spateClysisBrumal>curite99</spateClysisBrumal>
      </destuffOuter>
      <ravisonDispelsAwag ripener="mahoundCroiseeAdvents" ursulaCatfootMinas="8101">
        <wugg>southlyLicenseCicadas</wugg>
      </ravisonDispelsAwag>
      <thristAequiSalten ogledArtaba="barthPlatano" reffelt="hunters" chias="wattagePunditsCordis" kgfTomcods="locoBockingVirago569">
        <gaumy>83099</gaumy>
      </thristAequiSalten>
      <halbertSawMeseled unwrapMooley="beloamMuffing" baisakh="talpidBauch">
        <studdedIraqianArtels>338724</studdedIraqianArtels>
      </halbertSawMeseled>
      <heaps dipalaBentonCouma="justsMunj" rimless="inosine" benthon="freckenEnsueMuscoid" totoro="eeyuckAeolianBonito">
        <aphakicAmbeerInflate>swellerBleymesCipango</aphakicAmbeerInflate>
      </heaps>
      <foplingBadgingMiscrop damineRewanChiru="recheat" ketchesYachts="659987">
        <clallamSunrise>noblifyRenilla</clallamSunrise>
      </foplingBadgingMiscrop>
      <glaverArraceSleb addsTattoosMakutas="76" chivari="devcharDianderIring" swoshRenal="wurleyOctoid">
        <kneads>828</kneads>
      </glaverArraceSleb>
    </zealous>
    <jennetPepfulCajuns>
      <gawkyAcouchy>thruwayDoucineAdduct</gawkyAcouchy>
    </jennetPepfulCajuns>
    <yurokMalteds>
      <belting>81</belting>
      <yockedReoilUnburly gledesKavi="426616" ablazeGrego="revalueGaped">
        <ectaticBrocho>balkerAdrenal</ectaticBrocho>
      </yockedReoilUnburly>
      <yiddishDuenas courted="gimpedBardism6776" snoredDienes="creatinMinnyOught" roxana="suzy" millieYakmak="balking">
        <fluxion>minersOsmosedCasino27</fluxion>
      </yiddishDuenas>
      <anguloaCarotolAbating immindBensall="vaneDayside1735" shebatEchidna="canidae" googolsHoopman="raukleBelookKersey">
        <pst>boldinPronuba</pst>
      </anguloaCarotolAbating>
      <crusCurtail quietsDeified="agoniumCasinosUnalive1589" miekBarret="kneadSurfy" bonasaTotoroNoumena="vespalBefleckWhorl" rashingOpianyl="72">
        <potwork>rootierOnlyAbetter</potwork>
      </crusCurtail>
      <kanauji altairMelodicKoradji="introsSorelFlames">
        <lanewayMesic>ecstasyPasta</lanewayMesic>
      </kanauji>
      <apiculaTanala>
        <advowryFossuleThewy>804</advowryFossuleThewy>
      </apiculaTanala>
      <hotkeyTigelleAttars hagdonsPenguin="shraveHafisJurel" dullingFugally="immuredMonad" towEphorTogaed="slowupPremio">
        <bivious>577077497</bivious>
      </hotkeyTigelleAttars>
      <saferAnkou factureThineMoodier="eighSwaddle" sullied="saidPeroticUses" swippleTropism="burlersCalpulMerak" tennisCullies="8">
        <bananasBehale>halsenFlybysGlazily</bananasBehale>
      </saferAnkou>
    </yurokMalteds>
    <rehire semimatJapan="ahsan" blankUnciteTheezan="negligeCaribesBursar131" unroveFuzeIlkane="forbyeOrganry" betDescure="318449">
      <una>3</una>
      <dakotaThread encarpa="560941" niminyEmbowlPatins="mekbuda" jole="uberty">
        <iranizeStub>jinn</iranizeStub>
      </dakotaThread>
      <untersePoured>
        <abuna>dhangarCirsoid</abuna>
      </untersePoured>
      <whirret spiroThenTrier="rokyMahmal" impalmIlia="496916">
        <irishly>ishmael</irishly>
      </whirret>
      <uperizeSwelt stagerDeirid="8577024" kitted="yuhLeery41" lipoma="basionGunung" tactorFortranActus="magyarNidge">
        <kepsRavagesOsmate>moieter</kepsRavagesOsmate>
      </uperizeSwelt>
      <illumedPinot>
        <offereeProponeSoodled>adept</offereeProponeSoodled>
      </illumedPinot>
      <berlina caplock="towned">
        <bromeGeer>bodkinCabiriaOrthros</bromeGeer>
      </berlina>
      <alkenyl bargirDiapasmRues="dioonHairifEvenest">
        <rosaGlusidMuscled>aidantRomneyWives</rosaGlusidMuscled>
      </alkenyl>
      <murmi>
        <jackedEdeitis>piqueAccollKoil</jackedEdeitis>
      </murmi>
      <amritaSethead lofty="55" droll="merits" stompAtoniesApoop="cath" stipend="aurung">
        <moneranFestal>beefs</moneranFestal>
      </amritaSethead>
    </rehire>
    <myalBurgessFables spondylTairnFinalis="undearKommosCivvy" phtalic="barbuleUnwarnMossi1658" caelian="cageot" choltryPebblesNunned="liberia">
      <fuchi>lasset64</fuchi>
    </myalBurgessFables>
    <singly>
      <quilez>subset</quilez>
      <guardToorock looing="nubian5206">
        <maffick>auletes</maffick>
      </guardToorock>
      <insanerFullageLoadum arpensHuggerGardens="peisage" senceUnowed="soupleVerbose26" plumulaAhaunch="decayedMadefy">
        <heftier>london</heftier>
      </insanerFullageLoadum>
      <mahdismChunderMehrdad waysTiraleeWhaling="39" cudaMalchusQuaily="detuneManroot" hazedDementi="6442927">
        <iran>552994425</iran>
      </mahdismChunderMehrdad>
      <slowedHelmage drownFacer="8" iodizerProsishMeehan="seismsSuddens">
        <lobtailPitapat>23959</lobtailPitapat>
      </slowedHelmage>
      <redbait vikingsImps="1179">
        <undergoTolueneImines>503</undergoTolueneImines>
      </redbait>
      <propersThugdom rouserShardedGunnels="preteen" fjordsMillineBluets="50">
        <launchTensoRevest>winnaListredVagient330</launchTensoRevest>
      </propersThugdom>
      <kappaHypnoid unfancy="essiveBensellFlung" dusty="balkan" scrips="reshow">
        <guyersNobbut>subplat</guyersNobbut>
      </kappaHypnoid>
      <joltsPipidGaist ladderVoetian="23562">
        <micklerDhanush>itelmes</micklerDhanush>
      </joltsPipidGaist>
      <brenHabereSivers>
        <torrefyPyocele>medimno</torrefyPyocele>
      </brenHabereSivers>
      <joshi retrierBasil="windyMoms" phuRasping="upblazeScuttaMesail" morsingBoteler="5" lanific="5">
        <kioeaOrology>portingRinkite</kioeaOrology>
      </joshi>
      <justerBandos>
        <khutbahBemistPueblos>umgangPithierTamias5002</khutbahBemistPueblos>
      </justerBandos>
      <flaccidBirlers>
        <fazingAkinete>wavicleJigglyMilko</fazingAkinete>
      </flaccidBirlers>
      <foddaRecBeaufet grammelFugatosJazzes="bubbies9570">
        <infulaLatrial>doddie</infulaLatrial>
      </foddaRecBeaufet>
    </singly>
    <minhah>
      <selenicFib>caldenBubaleShalier</selenicFib>
      <lonk betides="boonies" ward="emgallaItel" acute="matingKnavessMattoid">
        <holyBernDiners>corinth</holyBernDiners>
      </lonk>
      <sissooShiverSepone alumnalMycetesStarts="703" alcyoneReiversProclei="soundedCinclis" othmanyTolanes="nitrils">
        <fixageShoreIfint>parazoaWairing</fixageShoreIfint>
      </sissooShiverSepone>
      <crozedDittanyRovings>
        <detainPtoticTopeka>541464560</detainPtoticTopeka>
      </crozedDittanyRovings>
      <hirstStritLogwood pycheGovtRoyalty="rewaxedAminoid" defadeScogganChiot="assayedUnmeedy" lamedsQuantalKumkum="dartledOneiric" scummerZabaism="taheenTiny">
        <gds>alanyls</gds>
      </hirstStritLogwood>
      <kashi ramschUnheldSoorah="tilbury">
        <busies>becrimeDelayerSharpy</busies>
      </kashi>
      <sunnilyFumeuse ducats="antrumGivens" tubeletOptionKasher="colarinMuleyNuculid">
        <ephraimKuffieh>ruining</ephraimKuffieh>
      </sunnilyFumeuse>
      <enurny>
        <turiBirse>felafelWhoosyAlecost</turiBirse>
      </enurny>
      <atelets palusCornetGermal="tasbih">
        <candite>sorbetIgnitedDickie7077</candite>
      </atelets>
      <milpaTereus tincladPraiser="146373">
        <acinousImburseCrinula>909941</acinousImburseCrinula>
      </milpaTereus>
      <eyespot twigger="caturDroukanOuthiss">
        <ripest>robaloLetting</ripest>
      </eyespot>
      <kniazFatesNetless goofed="bessFlopper">
        <feralNeritaLegbar>2045</feralNeritaLegbar>
      </kniazFatesNetless>
    </minhah>
    <fondlesEidolic strayer="roseletAculei" threnosBabbledBesoms="woollenClavate" ubangiPraters="stypsisMangoldSinge">
      <nubblyDetroitGradino>52404</nubblyDetroitGradino>
    </fondlesEidolic>
    <domettSumoWhatzit paulistTarting="quoDehwar" jibman="carauna" khudProMarmit="walliseSafely39" majoraAtabeg="uncasteHendDehorn" ghees="progsMolluscKethibh" ragworkAquaticPotling="57574" pastilBainie="tinchelBaniwaBled8088">
      <yareta>noveneEntrust</yareta>
      <furrowsFerren gowanedErelong="birdieArylate">
        <kasGnatLors>toforeServeMidtown</kasGnatLors>
      </furrowsFerren>
    </domettSumoWhatzit>
    <sting>
      <smuttyAlmsman>bimotor49</smuttyAlmsman>
    </sting>
    <skayles>
      <semicha>gappy</semicha>
      <diasterCytone pyuriaMorrionReport="navesKurschQadi" coyanLushyPsocids="fermata34">
        <lacetScalfRewakes>perhaps4</lacetScalfRewakes>
      </diasterCytone>
    </skayles>
    <permix>
      <bulledTriaryMizpah>takersThickerTortive</bulledTriaryMizpah>
    </permix>
    <bandelChatino osphere="plasm" joukRamies="faeroeOutplod" brieferMoolet="304691914" imprimeExudes="9446973" crop="spanksLereBruise" dhikrsPilosinWandery="47016">
      <ocherySpites>curareMirvs</ocherySpites>
      <habitedEjected hydrula="sindry" stibGrenier="treefulMasking">
        <histrioDishpanRainer>assis</histrioDishpanRainer>
      </habitedEjected>
      <theatryStoper semarum="qui" juddersMalurus="cuissen" pteris="145983" colder="scranny">
        <fiancesDumbingShow>playersNegroid</fiancesDumbingShow>
      </theatryStoper>
      <dulledHaulmy twilledSycones="feretraBangersCamery">
        <mucateGogglesIndii>77781</mucateGogglesIndii>
      </dulledHaulmy>
      <penibleVolataSicarii acrock="doh">
        <syciteTriduo>webChakazi4647</syciteTriduo>
      </penibleVolataSicarii>
      <tintersGrannam gulamanClamorsZoacum="ribhusCitableTussah" stagsSubgyre="docetae" juicier="nixyApprize">
        <kiwaiPimplo>shahiHollockSteever</kiwaiPimplo>
      </tintersGrannam>
      <lodesPornosCaves>
        <bobbinsKoklasReoils>1</bobbinsKoklasReoils>
      </lodesPornosCaves>
      <snowieHyoidalOdessa itself="30" reveLieges="linneonJudicia" bandeauNaugerPateria="39850" champSurfy="annas12">
        <effete>hauteurWhorly</effete>
      </snowieHyoidalOdessa>
      <oaklandRangey socle="adjustsLuckEstrade" wolterAufaitLars="lover">
        <loralEvg>3</loralEvg>
      </oaklandRangey>
      <essencyVolens>
        <olivet>623035071</olivet>
      </essencyVolens>
      <chrononRyotMisfall ungtShaysThissen="chimarsHalfmanTenail" unbelt="8649" terces="inwheelCubics" hyphensLuauRotella="erept">
        <wouldntHonied>inlay33</wouldntHonied>
      </chrononRyotMisfall>
      <darling bolomanEyotyKaiak="petrify" manorReclassGluily="gambirAyletRecon" leeredTitteryCunner="assemblLowserVoling">
        <sugihMortaryTelar>barfy</sugihMortaryTelar>
      </darling>
      <yellerLerotPaccha>
        <lushSyringe>abaloneGds</lushSyringe>
      </yellerLerotPaccha>
      <rebloom grinsEwry="8" rumplyFaggerTroths="haemMyrtlesManati" drablerSpike="ferthGluemanMahjong52">
        <monoecyShags>7597</monoecyShags>
      </rebloom>
      <supineHoppy unrowdyLimiestMonose="environKetoleWees" mindedFrenums="putoutsLoyImbathe854" selfingIhs="cleftedJuliet">
        <ossalTersely>jalee</ossalTersely>
      </supineHoppy>
      <unclotJuniper pontAerocarKette="ratatat" roctaDammingCatkins="sulfineDona">
        <triazo>unpowerToonsErrata1</triazo>
      </unclotJuniper>
      <blackly obdureWhizz="postwarCampsUpstirs39" gorfly="assiHemmerLunas">
        <rebill>relearnStrift</rebill>
      </blackly>
      <teapotsMettledCarrs debtorTaxon="coats" buckled="stoach457" wierd="gubbinsBourdonLigular9551" slakedWahhabi="twinlyFeruledMudhead">
        <loudensLoydFug>dammarsViandRamack</loudensLoydFug>
      </teapotsMettledCarrs>
      <remarksBallyWomanly buriedGlacifyLiefest="zambacVickie90" unpetalJezail="protyle">
        <geneseeSclatchNoctua>coclea8</geneseeSclatchNoctua>
      </remarksBallyWomanly>
    </bandelChatino>
    <eyebalmSirpea tigonsTragia="61738" copihueAllotsIrony="meso" reedingCamped="disertAmorinoEdging">
      <hocketTeratic>abdariaLawksVenetes</hocketTeratic>
    </eyebalmSirpea>
    <resiftBatiker flubdub="kansUnalertStoae" barques="streetLeguan3" maoAnattos="76478635" perpentIchulleLoun="verdinsSeveAsimmer4818" casesQuanti="derriesBritonMarler">
      <yeelHandyNiggler>doors</yeelHandyNiggler>
      <yeaMatyIndues urali="tresBolos719" ugliestEyrieTulare="ardeid970" brabantMespilHolisms="tactorElanet" wivesVairee="brinier">
        <hatesRelic>ilokoLunar</hatesRelic>
      </yeaMatyIndues>
      <techiesPunlessApplied sialRetal="issedoiPimaricMayvin" gaulishSpoliaFriends="firesSperate" paasKicks="pack6" jaunAniHeaths="greetedTetotumZymosan">
        <balksMonoticNazis>tidewaySowens</balksMonoticNazis>
      </techiesPunlessApplied>
      <soign warlowCovaryBint="seemedRetan" tingentTarlies="panadaKayoedHogtie" greeingAwe="leakily" vealierVignin="quistMegilphPodding">
        <netsukePhalanx>darweshThieveIowa</netsukePhalanx>
      </soign>
      <lullySeasons culletsInvestsCitril="silkySmelt">
        <balanid>hookmanHumane</balanid>
      </lullySeasons>
      <unhoodUnicellAushar feminal="pareusHaycartIntrofy" attirerGuiderArclike="potter" enedIntrofyYirk="rubible" crudy="turrumSantour">
        <disgown>tournelFanam</disgown>
      </unhoodUnicellAushar>
      <fidelesTodditeAgamy piemanHpital="halalasMax" systHouse="gateageMittHurley" tracliaPrexAccent="voc" palped="jiltersMaddledKenotic">
        <mettarSlowestRayless>trueman</mettarSlowestRayless>
      </fidelesTodditeAgamy>
      <breathyDead nacreAwfuAlbum="fingallCervus" iniquePorzanaRetaste="412473391" loquatsScalene="olycook">
        <tarandCeride>thecal</tarandCeride>
      </breathyDead>
      <telarlyEvokedBoites>
        <doloresCyperus>skidsAdrowse</doloresCyperus>
      </telarlyEvokedBoites>
      <bamahNaidTedesca faxedWaukWagh="cotwalBijasal" novator="pauliePersismConor">
        <donjonAntwerp>5</donjonAntwerp>
      </bamahNaidTedesca>
      <lithoOverfat stuckenFrigageAutist="scarpedTasbihOrients">
        <threadyVoltize>alvinaGrusian</threadyVoltize>
      </lithoOverfat>
      <konkaniForget yacht="senilisKilnDaystar" climbedYeech="slurTriamidCacumen" yaudsSort="4372758">
        <rectGarratWapacut>tayir1</rectGarratWapacut>
      </konkaniForget>
      <ostiaFacier spete="nomsRoseineDesmic">
        <didleGliskGaudete>spritty</didleGliskGaudete>
      </ostiaFacier>
      <web successPumpers="97241" frette="cremuleCirculiFiscs" unawned="2692379" atveen="riverlyExpwyBeshell">
        <adjournPeonize>affableSiddurs</adjournPeonize>
      </web>
      <kildeeHernsewRavined scatsComradeCampus="scrive">
        <irs>4982043</irs>
      </kildeeHernsewRavined>
      <dights>
        <haesKarattoLevulic>656080386</haesKarattoLevulic>
      </dights>
      <mucate betraceOlenus="uncivicDeil165">
        <crinose>hornily</crinose>
      </mucate>
      <grubsApplotNouille>
        <fishifySoigneBouffe>cabiri</fishifySoigneBouffe>
      </grubsApplotNouille>
      <ijma>
        <stickedGrivetsPoured>8</stickedGrivetsPoured>
      </ijma>
    </resiftBatiker>
    <sproil>
      <impaveChuvashDogfish>atalanCneorumDeepish</impaveChuvashDogfish>
      <guavasStupidRelaxin coxwainFlauntsRisquee="28566952" alaliaDumdum="530" safewayTrone="waddleAmusgo" clagBannetsTasten="apothec">
        <spewierAmpycesWage>rhb3</spewierAmpycesWage>
      </guavasStupidRelaxin>
      <frosted novPloversParole="dankali" oillikeCadded="kelpLyreKnife405" zonularEpininePentite="86337" logjams="tanitic">
        <whupKnopDyak>3</whupKnopDyak>
      </frosted>
      <koppaNattilyAbilao>
        <cartonChoya>fugallyFiglikeBillmen</cartonChoya>
      </koppaNattilyAbilao>
    </sproil>
    <wauksTunicin>
      <sozzlyMousier>247610756</sozzlyMousier>
      <cailleDariole>
        <digamma>undealtIrking</digamma>
      </cailleDariole>
      <clechy exciseMohoWronged="42680587" joyridePictavi="maulanaUnletAbayah2165" relapCalli="lobuliKhet" trotBlahsSofer="manga26">
        <brahuiEtymCarates>pace17</brahuiEtymCarates>
      </clechy>
      <defyingExtine>
        <affined>214685928</affined>
      </defyingExtine>
      <lagopus brisket="nongrayAntares9" suaverHadland="lavIllectAbatis" callasGrooseAthodyd="sinlikeObongo">
        <tariffsEnrayDriech>fibulaeIntrudeBusker</tariffsEnrayDriech>
      </lagopus>
      <loppedRussian jots="globeMasaisOssa">
        <skitterFlintsBalija>485311</skitterFlintsBalija>
      </loppedRussian>
      <sandingZygomas awristEquator="waveson" kellockUrethanBrevis="ungridFumishMusgu" barnier="12806043">
        <pedionGeyanZend>sabs</pedionGeyanZend>
      </sandingZygomas>
      <bhaktaWhysUrinals sawbwaSnaredTrysts="nongoldDevaul" lappaOrgiacs="receiveBeccoCushily" knishes="despend" ohioanBanzaiUptill="saltireManbotWets">
        <moggingReladle>sarodesDrusesChilies</moggingReladle>
      </bhaktaWhysUrinals>
      <vaagmar sissing="weenessBatlonAphodal179">
        <madiSomali>greenyAnodesEnform</madiSomali>
      </vaagmar>
      <baileysKussos>
        <pastyChindi>murzimCoco7988</pastyChindi>
      </baileysKussos>
      <resiftsTrows micmacTactileKnoxian="emoloaPlums" antisun="volyer" beslime="ghalvaLoeCubbies" solv="unfined">
        <teazelFosses>bedadAyletClink</teazelFosses>
      </resiftsTrows>
      <fient murkestZorille="crimmy" recours="wreaked" harmonDrab="gloppyMarvels">
        <lustsSpiting>7458803</lustsSpiting>
      </fient>
      <cubbies upwaftSangir="toddyCasiriSepult" hillierUmbrel="3813" joboCussos="6212855">
        <essence>slanted5094</essence>
      </cubbies>
      <immure mammae="gleetedShottedEphas" cosinesFinisReflet="kerat" dugong="dodgy">
        <feods>gallantRath</feods>
      </immure>
      <bouserGyric biohermDeeps="foreribLineate">
        <valewe>predietAsswageQueered</valewe>
      </bouserGyric>
      <gena>
        <enrootsGunselsGiving>strikePulasanHooting</enrootsGunselsGiving>
      </gena>
      <faecula meublesSaulieGimmor="shaitan" acrossCockilyBrender="turrumSwashy" cupsfulUnbegunSophta="cambaloGrogsSirky">
        <townmanSurtaxPoemlet>dilo</townmanSurtaxPoemlet>
      </faecula>
      <jemmiesForky siddurRebury="scrank78" spireme="544" cohanimGravedRoddin="refilmYoupon">
        <courantBulimiaJawfish>mudless</courantBulimiaJawfish>
      </jemmiesForky>
    </wauksTunicin>
    <drunklyMushingIsogony>
      <minksPengGrit>9489357</minksPengGrit>
    </drunklyMushingIsogony>
    <solvedClaval>
      <cuticleTanger>achaeanQuassiaThummin35</cuticleTanger>
      <tlingitReglove cankChasmed="86" titling="farced" mundariGlaucinFrumety="idcueWod" ledging="snappy">
        <salvoesEnzym>207</salvoesEnzym>
      </tlingitReglove>
      <bubePramMogs>
        <kyaung>teethy716</kyaung>
      </bubePramMogs>
      <huskier bromineZootomySpinel="rhb" kaguHydrateOunce="drosera63" shamedTalus="alienerBevue">
        <dirgie>clarinoSheltaTotemic</dirgie>
      </huskier>
      <fromageHardest unhiveJotsScorser="salicyl">
        <matawanDulceWhump>begrimsMount</matawanDulceWhump>
      </fromageHardest>
      <cassonsKichel numbles="bear8" chinles="whippet">
        <torsosPindy>squat</torsosPindy>
      </cassonsKichel>
      <martsTanling xylomas="shakhaCymatiaCuca" reflameAlrunaAirpark="misknewHopsackSubdues" bufidin="scarid" doge="allylicRanking">
        <forestsRetinic>1985</forestsRetinic>
      </martsTanling>
      <subidarRipesWoodsy>
        <jincan>commuteDioxideGranges</jincan>
      </subidarRipesWoodsy>
    </solvedClaval>
    <chestedWheepedOutborn jambeauGironde="hardhatDronesOral" curbMoriscoTriole="ladakhi" clarGravely="aethon" gossoon="briony" phulwaCelure="cordRoaderEtua">
      <porkoltReadily>bantamsToupeeKobi</porkoltReadily>
    </chestedWheepedOutborn>
    <workshyBlague wrinkleVrbaite="cre643" indoin="clowerJellica" trionymPluckerLenaea="traistAscends">
      <radiousWickers>bigeyeUpdrag</radiousWickers>
      <slorpFauseTopsmen beeballButtony="bhavaniPumeHagmall" alan="foveate" navely="britsTrailed1" rhaphaeGpm="nollSeah">
        <chiminAnnulerGravata>agnailFreebie</chiminAnnulerGravata>
      </slorpFauseTopsmen>
    </workshyBlague>
    <dahomeyDjibbah>
      <tensors>prologsRefired</tensors>
    </dahomeyDjibbah>
  </egests>
  <colmarsAvestaTikkun />
  <gymslipNandutiGesith>
    <amish>
      <subsultCurtly>gurgleDoebird</subsultCurtly>
      <scrump curageAlkVolvox="wisting">
        <gripperTutster>hirple</gripperTutster>
      </scrump>
      <skaithy>
        <fraysEunomiaMoose>1</fraysEunomiaMoose>
      </skaithy>
      <unisexAfrica>
        <spore>sheolAlteza</spore>
      </unisexAfrica>
      <unsoncyFlippedRetinic>
        <killing>97862</killing>
      </unsoncyFlippedRetinic>
      <tilaite elastinNestageTassard="85795332" linking="fidac4378">
        <chalconBoxfulTeinder>240541</chalconBoxfulTeinder>
      </tilaite>
      <chane trigoLidarsBleery="actinsArchingAntlia" occamy="loukasPowdersSphalma">
        <ululu>poietic</ululu>
      </chane>
      <loungerHoolAxised ismaticHattic="peponidChozar" iyoPouncePicrite="716" mandoreMaurice="spikierGrisbet">
        <groover>unsownNito</groover>
      </loungerHoolAxised>
      <kanaujiRegd>
        <inringCloaks>cadism</inringCloaks>
      </kanaujiRegd>
      <abeComboyBroon opaquer="sooloosBelchedOrca" orangesRyntGismos="nadHinny5139" pegletMuggurs="994" serverFurtumTidily="dawingKetonesCahoot1360">
        <wiresSmit>867824224</wiresSmit>
      </abeComboyBroon>
      <slidPanmugUnder narcismOvergo="95" dumpiesTapperAunties="privyStump">
        <pellage>tarpsFunks</pellage>
      </slidPanmugUnder>
      <cookyCrinal heliastRyotsTef="playas" jumbleHooeys="therm" croupsHybridHast="steelsGentiumBeaker" unwitty="coagedAludra">
        <apron>7670892</apron>
      </cookyCrinal>
      <stylise jaildom="frown" okruziRisqueeKauris="ambreic" caseateBombesSirih="hauteur" fannedJoram="cheare">
        <stembok>sundae</stembok>
      </stylise>
      <fibbingXylenol>
        <averahUnslept>chompsWakened</averahUnslept>
      </fibbingXylenol>
      <lanoseDonnot chirrsAwake="zooterPeriwig" uvrouOsela="aditusTooterEquulei" credoGarle="5424478">
        <dungolSonants>samechs</dungolSonants>
      </lanoseDonnot>
      <sarpoGreat growing="63069" airyEnsateRemue="lored">
        <unplait>71360</unplait>
      </sarpoGreat>
      <geomaly zigankaBadlingLarch="glagaCatarrh9" deliberTenetsMinery="miltsHawsesCoing" unsheerGatter="9639627">
        <bar>genericOscinReveres19</bar>
      </geomaly>
      <idylize umbragePerked="6" sahibs="filicicEbbing" mesalJumping="79" masquerIncreepHogging="proem">
        <caduca>muillaYerFunking</caduca>
      </idylize>
      <tzarsArroya>
        <ornifyNidusesMogote>soonest9</ornifyNidusesMogote>
      </tzarsArroya>
      <tangosFlottenAbask learnHayingBatiker="acidEncheer211" faroese="61488699" candors="jumpsTelevoxCrull">
        <kanganyTrot>8</kanganyTrot>
      </tangosFlottenAbask>
    </amish>
    <plinked>
      <speltsEnmass>47174914</speltsEnmass>
    </plinked>
    <bandedGoto bulkinMicateAphodal="3021870" adopts="jagueyFourrag" horntip="yaquina" charmWedgesCount="reapedAlophasCowson">
      <stomas>gulperAnalHeave</stomas>
      <mugwumpEtcherBedgery laylockAlloyedDiets="gromet" manics="5" coiffed="gurus6">
        <ledidaePodatus>mudcaps</ledidaePodatus>
      </mugwumpEtcherBedgery>
      <bedurSmallTarger airwaysLoupsVexing="937411414" snitzIndraftDialler="abrimTarwood" volteStied="1" utsuk="fences286">
        <misally>tabinetBasto</misally>
      </bedurSmallTarger>
      <gabions>
        <oclockChortenWillie>croonQuadricBrewer</oclockChortenWillie>
      </gabions>
      <bwanaDefendCrare rewiden="owingOncerLapper6" skaff="rehouseOrpinesStenter">
        <inducedFornix>5</inducedFornix>
      </bwanaDefendCrare>
      <ligandEnlife scouryStoled="659757453" verdins="sensileKronion">
        <peeningTell>kialeeDirgieBowlers</peeningTell>
      </ligandEnlife>
      <dillisMirkly>
        <forking>makaleMoutheEnvire</forking>
      </dillisMirkly>
      <deedbox tannedSorts="upboilByssoid" marlBookersSkimped="resit">
        <gamgeeTrangam>cinque</gamgeeTrangam>
      </deedbox>
      <iodolsBeeper maxisSwearer="hobbetPirnedGaffed" ordnChemis="aphraScowlsTapetta51">
        <apricotGley>anhimae</apricotGley>
      </iodolsBeeper>
      <knuckleCobBestrow>
        <iliadicHispanoWed>weenies</iliadicHispanoWed>
      </knuckleCobBestrow>
      <dupletAuramin envyColoni="sodioWahabitNachas">
        <swirePittoidTransom>locustKeek</swirePittoidTransom>
      </dupletAuramin>
      <vrowButteRock turnipy="32483694">
        <africa>cocytus</africa>
      </vrowButteRock>
      <julien fanum="115428356">
        <thioninBardlet>johannAmbar68</thioninBardlet>
      </julien>
      <chultun stenoGapoKettler="unbias" ufologyNucule="3" attiresHirmosGaloots="8624804" thighed="outbid">
        <freddieUnebbedReshake>enrheum</freddieUnebbedReshake>
      </chultun>
      <centos scauper="likely">
        <halvasScind>581775736</halvasScind>
      </centos>
      <orientsAcetyl>
        <rollersWeed>comamie</rollersWeed>
      </orientsAcetyl>
      <tamasHatful>
        <quartCasavi>sidrachHeliaeaSubdure</quartCasavi>
      </tamasHatful>
      <yabooImpaledPapered marchetOcean="5" courtsLent="mooseyMazedly70">
        <atrochaSeidels>36612</atrochaSeidels>
      </yabooImpaledPapered>
      <apishly>
        <initSightSophian>sled</initSightSophian>
      </apishly>
      <dholeCabiriaRiskily plumbetGurrah="274227">
        <paving>thins49</paving>
      </dholeCabiriaRiskily>
    </bandedGoto>
    <beflags>
      <masdeu>cobaltsSouserCraisey</masdeu>
      <digInducer grister="saulgeVolsCadua" prosapyPrytheeBills="tweededFluence36" phylarJeetee="stands">
        <socoNibongProxima>vilGrandamUnfiery</socoNibongProxima>
      </digInducer>
      <grisLivid reconsMislive="strave" putchenMuzzyAbaton="deadpay" hhdCombed="cadmean2817">
        <gripers>mails</gripers>
      </grisLivid>
      <parch moresMidgets="pronuba" ananterChteau="riversRottolo" crenelCrocket="porkoltGaspy" widowerChrisomBifara="enripenBiskopMews">
        <hippos>fratryTermalEco89</hippos>
      </parch>
      <jollier tupeloBaas="wiggyLamdan" proxysm="scowler">
        <cogit>hoodsSecedesKenos</cogit>
      </jollier>
      <sewery durhamErosesPosaune="touzledDreggy" fraenumRustily="idylize" camacaSacs="2" teufitErredShaps="loudenAknee">
        <rattlyCamailBugging>rool</rattlyCamailBugging>
      </sewery>
      <baburd coringLazule="abomasHoptreeCeased774" stankiePurples="tenuity" mashru="7" porettHuggery="jotRatlin">
        <mazel>44592112</mazel>
      </baburd>
      <homierLatened>
        <cassabaCoetusChimed>48663386</cassabaCoetusChimed>
      </homierLatened>
      <lacier romeite="gasses" krater="popular" laxlyOps="podsols" oculistPedaDrudged="newingShaled">
        <otto>anilic</otto>
      </lacier>
      <repped chevalThoftHanaper="86173" pixies="acutishPoy">
        <bokeSejero>48646</bokeSejero>
      </repped>
    </beflags>
    <anonyme coninePibcorn="kaasMedusalAuantic">
      <tyredAscryJackbox>pangen</tyredAscryJackbox>
      <meropsNitrylSermo anarchoRechaw="lases" grunchTamburaPettled="evangDenatAbut93" keelsWhampeeVejovis="hippi">
        <sices>unwroteDerriesMamas</sices>
      </meropsNitrylSermo>
      <somnialVinoseOverrun dorsalsSotieKoft="gewgawsArgify" espyPoudret="70">
        <replait>braiseVirtuesShauls</replait>
      </somnialVinoseOverrun>
      <pewtersOxydaseStibium>
        <esters>hyalinsFissate</esters>
      </pewtersOxydaseStibium>
      <hyrst bumickyUnfamed="chank9" lignoseKasbekeDrevel="bice">
        <pulianReshowRubian>bys</pulianReshowRubian>
      </hyrst>
      <minorsTonguy brinny="boratesConga">
        <swy>reechyUnknown</swy>
      </minorsTonguy>
      <redely ethions="anxiety86" dealDanismFaceup="501550769" vassalVersaTaise="410202636">
        <vomits>bruit</vomits>
      </redely>
      <queuedVandas tambac="kelsonFuegianMidge">
        <tachi>gambiaeDrumlinBocasin</tachi>
      </queuedVandas>
      <suddy>
        <codlinOutfeltFrasera>yenningBuckrasOpinion</codlinOutfeltFrasera>
      </suddy>
      <iffiest pickeryCarpus="fetches" uloncus="458489016">
        <moraysBovate>nursleGratias</moraysBovate>
      </iffiest>
      <matzohs phragmaValid="aneathMidtownStg50" daylilyCoiledSerfism="whipsawUprisenKists">
        <lianasMamboed>thwartsPlaguey</lianasMamboed>
      </matzohs>
      <unfretCuriaPaces whoaJamaica="dumpingKanara919" gourdTrottedArmiger="exultedCoreid993">
        <escalin>6107115</escalin>
      </unfretCuriaPaces>
      <fise tearcatAme="shrFalsumUngild" breakerModif="acnidaClouterTchast">
        <contg>decessMaegbot</contg>
      </fise>
      <coque triodia="3" solanos="wochuaCroupon" auristPrince="locomanFishify">
        <kever>hederic</kever>
      </coque>
      <shewedWaldorf euonym="pantleTillot">
        <hirable>2559915</hirable>
      </shewedWaldorf>
      <abradeWatala>
        <boilKadagaNub>cautelStechSdeath</boilKadagaNub>
      </abradeWatala>
    </anonyme>
    <scrimy>
      <heroicIncubiSpew>abbassiVicinalJurels</heroicIncubiSpew>
      <gondola scalageParagon="ocksterBoldosTelergy">
        <jabsPointal>skaithyFrater</jabsPointal>
      </gondola>
      <susumuRustredDor flucanSand="32103">
        <tamesPeached>skookumBurdon</tamesPeached>
      </susumuRustredDor>
      <bidingPrioral wehner="4809388">
        <cazique>21592688</cazique>
      </bidingPrioral>
      <senoraDeicesTarble>
        <unsiege>timedDebby</unsiege>
      </senoraDeicesTarble>
      <mioticPreciseNagmaal windyScincus="41967701">
        <irisin>threatLalledFolly6</irisin>
      </mioticPreciseNagmaal>
      <itelmesMoilClosers planaeaEnrut="cohanim" noddiesOmphali="buat" prinksHearths="vellonRic56" elodesAntic="gibbetsGobbed">
        <nullum>playerAmperes</nullum>
      </itelmesMoilClosers>
      <fermal pervade="orbicUndullAllseed" vernonSchout="415007140" frictiEncurlIsomera="deisin4" snorers="dodderPurdaOdoom">
        <bemaulHenwifeRaphes>spathaeVidimusJell</bemaulHenwifeRaphes>
      </fermal>
      <glumlyBless elephasAllied="squozeBoxwood" cowshot="shopmanChemungRotula">
        <tarring>hosiersViolsProvers</tarring>
      </glumlyBless>
      <errands boomsEarock="907" condos="balneaeTrigaRespue7" dingierNaticaSolano="unbran">
        <lately>forweepZakatSizars</lately>
      </errands>
      <nobut volencyAphacicBebrine="presserPomphus9225" dupedom="7971">
        <unseals>32353</unseals>
      </nobut>
      <travis>
        <semitesDionize>hopWherve</semitesDionize>
      </travis>
      <spanemyCrusets>
        <speirsGurnetWildest>afreteIncher</speirsGurnetWildest>
      </spanemyCrusets>
      <affinalOgdoasRatter licualaBawn="espies">
        <resorbNests>catgutShinierLuddite</resorbNests>
      </affinalOgdoasRatter>
      <grossedAsaph brownsFilippi="boyla" skeetKarite="43892930" kie="artfulWaesPalpal81">
        <obscura>filicicCornbinJingler</obscura>
      </grossedAsaph>
    </scrimy>
    <pelesBurrish>
      <stampFielMeccas>cawquaw</stampFielMeccas>
    </pelesBurrish>
    <louchCoue>
      <piddlerSkeller>1</piddlerSkeller>
      <shaped busilyMush="putidly" ubertyNig="burdiesHeaversAsmoke4" besanBrassey="killCarbone" spirt="decessFishnetWiggle1430">
        <behoovePeeriesUnswell>9595</behoovePeeriesUnswell>
      </shaped>
      <balkisCongaLyra rooibokLoyalStrue="peekingFrameaeGuayabo" orlosChalcusShushed="cacti">
        <pennageBierSinuous>acolhua269</pennageBierSinuous>
      </balkisCongaLyra>
      <koineSyedSemiurn atebrin="21583316" bummerFeed="acetine9" menow="kojikiRewashBoucher">
        <cantinaSeech>sackbagSander641</cantinaSeech>
      </koineSyedSemiurn>
      <heatsCoveyMilkman peleng="pontus5173" meg="roplochBekickLichts">
        <evese>selfingRegimenRougher19</evese>
      </heatsCoveyMilkman>
      <agriseHeloeScopus amirateEuchiteTwaes="280798" rentes="harpingGunroom">
        <smarts>pygmoid</smarts>
      </agriseHeloeScopus>
      <pangsAbohms precyst="johninIndued" gleeksBransleWhatman="dourestRedcollLaces" wigwagSlash="tannedSolutio">
        <issite>wifeEneid266</issite>
      </pangsAbohms>
      <estado>
        <crumbAgapeic>cooeysGraith</crumbAgapeic>
      </estado>
      <celt feoffor="coolungGyrons" squashyCreamOva="syrtisLarkers" atriumsSchlockBolden="645" unpleatDelugesLelia="azoticPellard">
        <remarksMothery>gingallCunyie</remarksMothery>
      </celt>
      <fines fadgeAlteredAbasgi="pholidoClosely" harpTreator="sweetySphereAgar">
        <himLew>8629</himLew>
      </fines>
      <matico cloverInuresTrumper="grower">
        <accusorDearsEnlaced>bemoltLysateTaffety</accusorDearsEnlaced>
      </matico>
      <tod comediaLeaguedTiang="azuliteWisemanSmoot79" dibbleSnuffly="slowly" coweenMaroonsBracon="liposisHappen">
        <abdielChteauLucban>steeved</abdielChteauLucban>
      </tod>
      <unlaxBillowyStethal pigskinUnwanPulk="unwipedSenariiHeifers" buxerry="ragletClouSput63">
        <meioTeds>affloof</meioTeds>
      </unlaxBillowyStethal>
      <ottoman>
        <aroid>agete</aroid>
      </ottoman>
      <wheezle reflDuckingInlike="cystinFugient9" saum="580089348" arabsRedsFetted="rerivetDiddleTripery514" rodmenProvolaUsu="cenacleFantee">
        <arcsinCnidae>meteors</arcsinCnidae>
      </wheezle>
      <benzo jurists="lodesImpalmRhaphae7" unrigs="41341584" zaffarDemes="70" coffeesLegistsKeywrd="gunnel">
        <dubious>bounceThivel</dubious>
      </benzo>
      <jouncyQuaedam>
        <nonion>leasFecal6</nonion>
      </jouncyQuaedam>
      <proponsDavisPoesis moilHenpeckBrome="coadmitOniscusBrocoli" doersSloken="leewaysBawdiesPaxiuba" amlikar="101" squissZedUnchurn="7">
        <tawnieExistedNonic>sepsisChewed</tawnieExistedNonic>
      </proponsDavisPoesis>
      <yellsCorrect indexedGyrocarCnidae="floroun">
        <fishgigTomcatLovee>179626</fishgigTomcatLovee>
      </yellsCorrect>
    </louchCoue>
    <bcdSaktiAlmain>
      <snellUbique>17</snellUbique>
      <lustreQuickerTusk pylorus="288" bescurfPownieCrotyl="9749403">
        <hallockQuartin>tommedRabbinsWiggish7</hallockQuartin>
      </lustreQuickerTusk>
      <jinglyCaiman zealful="bassa">
        <barring>140</barring>
      </jinglyCaiman>
      <waxes adamasJessieBlonder="tube">
        <vaccina>46378</vaccina>
      </waxes>
      <peperekSnob pediad="ductorRehaul" gluishOrchis="vapoursRason" forfars="forpineTinnilyMatins275" rehaleAlgebra="479799">
        <bemixtUpfurl>hory</bemixtUpfurl>
      </peperekSnob>
      <swayersLiningGenes>
        <humusesDimeterBribe>chuvash</humusesDimeterBribe>
      </swayersLiningGenes>
      <infraTangladAngoise wanty="sarraWoodsy">
        <calotte>raccheOutspitInsists</calotte>
      </infraTangladAngoise>
      <mosesGoalee theerBalkarRepours="doingMooter" fulvousMallearBergy="rooedOrganyTrusten">
        <boyoThurst>treas6</boyoThurst>
      </mosesGoalee>
      <grallaeScripBent>
        <shulnZaparo>51908488</shulnZaparo>
      </grallaeScripBent>
      <pibalEmbelin hipless="neurulaUnsizedThill">
        <buddha>dugwayErrantsPaulina72</buddha>
      </pibalEmbelin>
      <umgang choking="2" woodwax="genroSayer">
        <bulimicBinds>alberto295</bulimicBinds>
      </umgang>
    </bcdSaktiAlmain>
    <sation>
      <suitsOafKoss>roves</suitsOafKoss>
      <medietyGigtreeHuave unfoundUppityBulbil="986073" puntersMagnetTwazzy="volent" succuba="733">
        <donjonFondest>fumous</donjonFondest>
      </medietyGigtreeHuave>
      <shuftyJotunn fantadNewcal="skidoosMowed">
        <stintAwlChilean>cavortsCaddoBiuret</stintAwlChilean>
      </shuftyJotunn>
    </sation>
    <vandas>
      <stripeFice>choralsAreally</stripeFice>
    </vandas>
    <jaspBandit debridePanfulBrook="covidSinical" conyrinKnucksEntrant="insack" riel="ghosterGenarchSlour13" yielden="3790" foetalPirnsKnautia="dayanMagnum">
      <hurdle>17149</hurdle>
    </jaspBandit>
    <polacre>
      <ephelis>utibleEnamNuthook</ephelis>
      <joskinPadsawPilsner>
        <heughToetoeWell>fustian</heughToetoeWell>
      </joskinPadsawPilsner>
      <ollamhVenadaGalga>
        <weedowCajuputSiped>fantodProwl</weedowCajuputSiped>
      </ollamhVenadaGalga>
      <sothsRozum salableMask="stichoi" pph="7" hayselTurretsVernon="agorothRipened952" trumphOchry="pentylHeiling">
        <beleapsBonzery>handfulDoggerAptiana</beleapsBonzery>
      </sothsRozum>
      <crowbar foetusWettingMin="dadsDezincs" gooneys="moolum" meropesAculeusCoude="folden">
        <pabouchSoonish>inking</pabouchSoonish>
      </crowbar>
      <bindleClassCarices spatule="robigusInmates">
        <screwer>postilsLyrismsCupseed</screwer>
      </bindleClassCarices>
      <enviedLaccicBalboas redareFungusy="panpipeClapper" durbar="tommerWieldyEdge" mutualsAbord="expugnSylvins">
        <bawnSandierSpraing>mishipsCanille</bawnSandierSpraing>
      </enviedLaccicBalboas>
      <uncokedSargus fuder="122336837" upcrop="alivesPouserBrought52">
        <corverLongies>henries2</corverLongies>
      </uncokedSargus>
      <whereat>
        <deflectRelinkAngara>kunziteUptend64</deflectRelinkAngara>
      </whereat>
      <shaped>
        <egotist>fridges</egotist>
      </shaped>
      <aspireFenmenAlums cahillPined="muzzyFarlsChimps" ithand="499" idrylDulcelyFix="vicusHexanes">
        <lucanus>mulley92</lucanus>
      </aspireFenmenAlums>
      <inbondEuvrou vinnyCostlewCarver="1070" wagonryOaritisFetial="crenelEntreesZealful">
        <kieyeOtiumHurgila>areelTalukTalcums</kieyeOtiumHurgila>
      </inbondEuvrou>
      <boaganeWawledWhicker atrochaHottingProart="nesokia" daverBare="tattlesDenim" toolsyTapuyoLoan="lucernCarnalAshrams" gauffer="9689">
        <gougersTabloidTote>fidgeUnlevel2998</gougersTabloidTote>
      </boaganeWawledWhicker>
      <podialBogart randieKakasTweel="kapokMbeuer" salsaRealityEnchain="248024" curlikeNormalOxgang="428077">
        <caliga>opaqued</caliga>
      </podialBogart>
      <tallestHaddock>
        <glutYowieSluig>112182</glutYowieSluig>
      </tallestHaddock>
      <spyshipWinoIndicia>
        <foisty>juniata</foisty>
      </spyshipWinoIndicia>
      <daubsEncraalTiara certesThalli="312" viandsRetuckLoamily="acrogen20">
        <sisalsOkeniteSynaxes>behearsBlamersPareus</sisalsOkeniteSynaxes>
      </daubsEncraalTiara>
      <bifoliaLipoidsMelange zymosisGradino="faenceGeswarpBefall" aeries="centiSelion">
        <breccia>vengeEarclipCathrin</breccia>
      </bifoliaLipoidsMelange>
      <basic mahoesSedum="1555" greaterHaveageBhima="craftedGoodbye" drake="kylies8217">
        <ginnierBlots>812414192</ginnierBlots>
      </basic>
      <twattleAmyris>
        <sivaBlitum>abjured696</sivaBlitum>
      </twattleAmyris>
    </polacre>
    <creelsWhimsey planerFinify="excoctFoetorShiksa">
      <battikFakeerLockyer>timarTallote</battikFakeerLockyer>
    </creelsWhimsey>
    <baklava>
      <marinedMacacaThram>commem7893</marinedMacacaThram>
    </baklava>
    <sphereBowman>
      <acheteDeepsPopish>yummier</acheteDeepsPopish>
      <pluggerFerioGrimier orlandoWinksTopcast="peltingPushoutLoosely" feoffed="burdensLupousSluig" blingerLitchis="642389489" avisosDhikr="primostGratiaKhussak">
        <rosetta>choiakEbbet</rosetta>
      </pluggerFerioGrimier>
    </sphereBowman>
    <meccaMedials rimierStirksPendn="dalasisRappiniKalkvis" wow="59080" reneguePrizingVerste="sozinesYuckedPollex" nayarMelodicClumpst="1">
      <coehornSitualAsarh>mibSteddle</coehornSitualAsarh>
    </meccaMedials>
    <jesus imidesOheloCrup="payableTidy" delendaComenic="lammas1816" dopaBepaintJumbly="torsion" britainEreptHeretic="13" garrafaSilurid="antis4009">
      <uncowAmboinaNeuk>69</uncowAmboinaNeuk>
    </jesus>
    <gorgedAthrill>
      <agonium>enjambOrts</agonium>
    </gorgedAthrill>
    <botcher slushesDecamps="94533961" abreastAmiant="63">
      <augitesHerd>unbell</augitesHerd>
    </botcher>
    <glimesAqua>
      <epigoniHarminsZebu>hunkersFilateSaccage</epigoniHarminsZebu>
    </glimesAqua>
    <uppush miradorMarvy="72363" illocal="174" sheafScreet="bedeenMalacon2">
      <anotiaSlat>cherguiCanellaAmakosa</anotiaSlat>
    </uppush>
    <tauliaBulwand>
      <griffon>congestWoodier555</griffon>
      <scaling copertaYarn="caproyl" bitypic="worryGrimy">
        <dwyka>foldureTickeyHitchel</dwyka>
      </scaling>
      <chargesHaler>
        <sondesAltsCongeed>quinoaAbbManics</sondesAltsCongeed>
      </chargesHaler>
      <dottyOlof coladaUraei="638003" lactantDecousu="volowEthylicLuffa" leadout="944" fieldieRecaps="94192867">
        <trottedJedding>3946</trottedJedding>
      </dottyOlof>
      <latinosOctane>
        <haddinFriezes>860</haddinFriezes>
      </latinosOctane>
      <impingeAdreamt velour="oriel">
        <inclipInlaced>siwashThouing</inclipInlaced>
      </impingeAdreamt>
      <tegsResiant yazataHullockPiquero="polynoe" wisht="haulierIzzy" trop="nyasPropons" chit="poulard">
        <unwrySurvise>682509</unwrySurvise>
      </tegsResiant>
      <foeCoscetAzotin alaiteCurlsRibhus="368914" iciclesConky="eyenChallieWares">
        <alinKevils>aliptes</alinKevils>
      </foeCoscetAzotin>
      <imputer tuliac="rococo" tomfoolPerperaOatseed="squidMarae" unboredBasad="herbier" dhurnaAloidPlanity="sozines">
        <alkennaNicaeanAcroa>kylMakuk</alkennaNicaeanAcroa>
      </imputer>
      <gislerTyrantDrent adarme="58100">
        <despect>hazanSacradLoofie</despect>
      </gislerTyrantDrent>
      <peakishExilic oxlips="juxtaSkateRebreed">
        <quacksBhokraAllures>thawierShemu158</quacksBhokraAllures>
      </peakishExilic>
      <strenthScagsRespell bensailAddible="romaikaGnosticMocock8" aeneasLousing="evan">
        <rampionAlmahs>warsleFervorsPiazza</rampionAlmahs>
      </strenthScagsRespell>
      <stromalUnsnapScroll dourasFaust="6287584" whopperPunti="nodePummiceUnhurt" ureidoAphtha="peaHymnode" awan="swineyWhill83">
        <brasque>fifing</brasque>
      </stromalUnsnapScroll>
      <speilsDonableAwnings bepityGallicHallot="damesWolveOconnor">
        <hymenal>nailbinBirotaMynas</hymenal>
      </speilsDonableAwnings>
      <boomletNeuk repenVousty="95434563" lemanry="88">
        <sourlyMonachi>guayaboGamsFerbams</sourlyMonachi>
      </boomletNeuk>
      <sadironHoiseTenrecs twaBulgerSulphin="hoggyTimbern" sesiaAias="limnerSiris">
        <audrey>elytrumWoomer</audrey>
      </sadironHoiseTenrecs>
      <dreeDerriesPaulina scurrilMerfolk="45" beanerRakeage="hokingBuxom" fattilyShabbat="29557">
        <smurksNowed>soonTinlikeTippee66</smurksNowed>
      </dreeDerriesPaulina>
      <arc>
        <burundi>blype</burundi>
      </arc>
      <bergman>
        <quasars>6831093</quasars>
      </bergman>
    </tauliaBulwand>
    <plaicesRippledAzole>
      <symbolsYardmenSivaite>rollsNoncom8</symbolsYardmenSivaite>
      <dhoolyEndaseh bhagatNitella="criers">
        <ecbole>tektosKodakry</ecbole>
      </dhoolyEndaseh>
      <brazera pokan="emboiteReducer35" ghainTensifyGucks="georgicReastLarky" flybackTiriba="enterFoyerCachets78">
        <trimeraRemercyMarrers>quaitso</trimeraRemercyMarrers>
      </brazera>
      <resedas neoTrawl="tympano">
        <thyroidUnquertThsant>hyeYocco</thyroidUnquertThsant>
      </resedas>
      <gipserWatched bombaceBlondesMopier="dodgeHuzzah" boorgaSeric="2929943">
        <cassisItemJeepney>resets</cassisItemJeepney>
      </gipserWatched>
      <mugwumpAccusFruit frasierDrama="epaule" crafty="paidDiazide" stbd="bildersGlues4">
        <logDurrasFasola>jwaharGugglet</logDurrasFasola>
      </mugwumpAccusFruit>
      <solgelBam almiraUtsCamions="ghylls">
        <umbonal>testacyBassingBeats</umbonal>
      </solgelBam>
      <xinca spyship="outbredWordy215" axeman="cia">
        <lobulus>exsectsArgalasPalla</lobulus>
      </xinca>
      <ontaricEczemas blandly="rewhelpRegnum36">
        <jovianLucan>liftoff747</jovianLucan>
      </ontaricEczemas>
      <blickeySubduerDefined holiWash="2434" talbotLieferRoquet="smutter5" enjail="chajaNummiBrinie" regmaEphod="smegmasReisterSunset">
        <beshineEnergicDozers>alariaOutsinKanthan</beshineEnergicDozers>
      </blickeySubduerDefined>
      <pastasKamares freight="544" acool="harpist">
        <uranionTrendleBraise>beshowLoggedWillful</uranionTrendleBraise>
      </pastasKamares>
      <enfireKetonic wrawlNitriot="ludibry1" unduke="31974">
        <calesa>cylicesAlibiDunal</calesa>
      </enfireKetonic>
      <upsupIoskeha litanyAmbushForcet="palmaryTinklesScove" habubEscaAisling="ribletsMorassyDawns" drabantFallals="inerm40">
        <anethol>hirsled886</anethol>
      </upsupIoskeha>
      <washoGartersNodder serdabChadriEngoue="fleshyInch66" canapNubPinto="jinxes5">
        <paik>34796747</paik>
      </washoGartersNodder>
      <wises livened="fissure4" susaneeAflauntVorhand="rowersHareburSyces" spionidDeleadLipper="suzanneNgwee">
        <brasher>5</brasher>
      </wises>
      <alarmedMarist ghostedInlaysSubtext="alvine" couchedVerchok="logis" amylateKilties="airingLoutingHooklet">
        <heiringAxiformRuffled>breedy</heiringAxiformRuffled>
      </alarmedMarist>
      <fraryYukon spokesBudging="kabarShedimLout">
        <marlena>ensober3</marlena>
      </fraryYukon>
      <anacidStolenPalmy unal="bovistaMolinia" fango="limbas" jinns="7">
        <amniotaEngland>campers</amniotaEngland>
      </anacidStolenPalmy>
    </plaicesRippledAzole>
    <unalert ninthLeeched="mussingLigulesUnwrap" adopts="tapingBipolar" xylosesHogweed="backageBibbed" recallsAmused="cradgeBuggery">
      <coupeeRubens>hailedGouge56</coupeeRubens>
      <lirella>
        <toned>aureateChildesBocks</toned>
      </lirella>
      <liatrisFiling cookeysCoinPurines="rachelMufflinCure144">
        <dittoes>chutzpaJanker</dittoes>
      </liatrisFiling>
      <whitely bishops="subaridOmersFoeless9" marokPensilRingeye="sodomic">
        <exies>dreggySpilletUnhood</exies>
      </whitely>
      <winkedStummer>
        <mixhillSchlepsLithic>brinksCrete8</mixhillSchlepsLithic>
      </winkedStummer>
      <encomyAspalaxGhilzai strewthViolety="aculeusVicuda" evadersTender="spinoid" jecoralCahita="spt7" antarLulling="cars">
        <awaitsSwouns>cinerinGalloon3493</awaitsSwouns>
      </encomyAspalaxGhilzai>
      <camayAymaran silure="locatedLarval864">
        <baffed>209702249</baffed>
      </camayAymaran>
      <pascha bajardoYautias="korunaAcroa6">
        <tectrix>4</tectrix>
      </pascha>
      <mirzaFuthark areolaeGuardeeWinger="tewhitSooperSterols">
        <unbuxom>sangeiKola</unbuxom>
      </mirzaFuthark>
      <incarveVitals hagmall="omerPreplan" ecandaSylvineTyphon="therial">
        <corvus>73</corvus>
      </incarveVitals>
      <neoSimar tristIdalianAlbian="healsPurgeryUnmaker">
        <tripal>pachasShadows</tripal>
      </neoSimar>
      <cabackExtBlaugas>
        <haffle>suttees</haffle>
      </cabackExtBlaugas>
    </unalert>
    <eudistSoloedFoamed>
      <stylish>281</stylish>
    </eudistSoloedFoamed>
    <lamel lichenMidribsSawney="pogromLeasing" stouty="towanFonnish" rgen="dreepy" hirselAtop="trestSmirkly">
      <cancha>capulinQuinch</cancha>
    </lamel>
    <unzipCabuyasEffuso>
      <dodgier>grovet</dodgier>
      <showupBeride picks="unwadedPernineTowd" wretch="beqweteTaikunRearmed" surfierDoigtBinous="2416">
        <byeeNervosaSubsect>69883</byeeNervosaSubsect>
      </showupBeride>
      <oxboyTubbistSoam>
        <taenninChytroiAecidia>anthropJobsite</taenninChytroiAecidia>
      </oxboyTubbistSoam>
      <abioticEntheos peeversBogeys="targedBlanca" hoaxMahatma="frosty" tempete="urine">
        <zeuzera>manless73</zeuzera>
      </abioticEntheos>
      <nomicAphonicApposed copraHoptoadByous="dietiesBleezyMopping" clapperCarportScroyle="330256420">
        <indrawnZeburro>preteen</indrawnZeburro>
      </nomicAphonicApposed>
      <byelawDipppyValours welling="sottageTagger" bakeryMetesEscroll="thorter1728" yeard="inomaFaggoty" aurylVacance="anselmHerp">
        <drawlyCarper>chawingLaudianPunas</drawlyCarper>
      </byelawDipppyValours>
      <clarify phrasemIpidPavis="pokefulKlipbokSamkhya">
        <hush>33213</hush>
      </clarify>
    </unzipCabuyasEffuso>
  </gymslipNandutiGesith>
</reshIodidsBanner>