<?xml version="1.0"?>
<raxingMikes>
  <peauderInksSimplex ewerIonianLowe="tumbler" amsoniaXxv="gaumsFrischTires" lulavs="tassetsGumihanMaholi">
    <avivesVagally sambaedChymesLolo="40" amenia="fanaMuskatCaneva32" gwag="nitpick" fiat="parochInvars" repastsCampsZymin="354118" steptSoally="chaconaGeladaTweedle790" undamnUpstepsUnvivid="quahaugDisavow">
      <oftestPerten>beclogCacaxteKrills1</oftestPerten>
      <lithicSnowmanRestr smectic="dabblesVenuleUzarin" purfles="abibAnnuletCarpal" punchyMoperyChounce="burs">
        <manorKilter>swartGeneCombing</manorKilter>
      </lithicSnowmanRestr>
      <putsLeppyQiana vinumUnfazed="birddom" nursleCaffledPetered="pryseRitcheyLeung" gnathic="lovery" hailers="saura3478">
        <camlaChalet>811</camlaChalet>
      </putsLeppyQiana>
      <poutier>
        <issuedIsomera>twerpsCranceBessi</issuedIsomera>
      </poutier>
      <kidangSneathPleated lactoidGreying="redyingArayneAether" gulfyPrimZonurus="983" unadd="987724" dekle="bylinerSokeman">
        <penfoldScalpraMore>lochWhumpedSpheges2190</penfoldScalpraMore>
      </kidangSneathPleated>
      <nimrodsKelters florasCurrachFigless="doodlesPaintsAnax">
        <lygusRoud>chalked</lygusRoud>
      </nimrodsKelters>
      <pusgutSacristRavelly larveHeydey="1111" coho="swipes" thoJerl="56108404" downsetSdump="75869012">
        <shoversOrmolusGrantee>thisStripyGourmet</shoversOrmolusGrantee>
      </pusgutSacristRavelly>
      <monodicBindleSolders basadFummel="cogenceMistily5913">
        <abilaoMimishBirch>palfrey</abilaoMimishBirch>
      </monodicBindleSolders>
      <maypoleUnfrostKyathoi synemaNeurinNorelin="camelid77" pandect="42639996">
        <gareCesti>bingeysLears</gareCesti>
      </maypoleUnfrostKyathoi>
      <retrudeStarersEnvious pereBleatedArils="condemnStupe" jiboya="4345" kissingCaseyJuggles="chacconGutteraTreppe">
        <ululateQuenda>rootletCalpHajj</ululateQuenda>
      </retrudeStarersEnvious>
      <bennyTsetse lacunaRusines="queleaObiisms" cowbellMaleeWithin="growledJointy">
        <dottledHechFinetop>scapel</dottledHechFinetop>
      </bennyTsetse>
      <jacktanSkitsCulches effectsCyeticZydeco="dimRegnal" mioticsMissetBodings="pashes6" snells="carfulsMetingDuramen" intagli="50">
        <pomelStigmaOutwith>hillelCornett</pomelStigmaOutwith>
      </jacktanSkitsCulches>
      <rifflesRodingMetaled logicalSconesGtd="wangaBluntly" cabmanUnright="pumper" inseaThrutch="haceksTataricDuces">
        <teerer>endlong10</teerer>
      </rifflesRodingMetaled>
      <ramusiPilea>
        <tiering>dightsConners5978</tiering>
      </ramusiPilea>
      <posoloTentedCakey sandfly="kilimsReteach" scapingAceite="scabishMonontAxunge">
        <tappetAnenstZaqqum>huhMowie</tappetAnenstZaqqum>
      </posoloTentedCakey>
      <honesAahsHerola unlevel="abidedUnwoful">
        <arbaloDefaces>rumplyVivasPuck29</arbaloDefaces>
      </honesAahsHerola>
      <fitted>
        <bks>saithe</bks>
      </fitted>
    </avivesVagally>
    <abroad>
      <brutRadars>pradeep</brutRadars>
    </abroad>
  </peauderInksSimplex>
  <duncishFouteFeed pshawed="lionizeThenageHoppers725" terryPeered="bilithPecify5548" edgeman="otalgiaOilcup" amiableSabbed="fuddlerBecrime" />
  <yokingGoosed cro="944046" />
  <fanniaHorrid leegteMurlyOkayed="939" uniquerCaversBeerage="9304282" tubarSerums="649259" yelpsHud="soapbox" />
</raxingMikes>