<?xml version="1.0"?>
<medic>
  <pternaGloveyLimbu clovenLaddock="tournelAflat" thickenPtilota="84330905" koft="44" thooSahukarInagile="paoloCampilyCeleste87">
    <cider pompion="moveTouBetoken">
      <feet>2</feet>
    </cider>
    <ansaeConged size="humpier">
      <foochow>aescClavy</foochow>
      <farrageEeyuch seguingRiveretConcise="truerSinsiga223" luggarMotific="paddaBinkWoeness" purvoeSighful="pedaloEgad">
        <merits>gnabbleLoggishModicum</merits>
      </farrageEeyuch>
    </ansaeConged>
    <cramboSolidumAkaroa beautsAcoreaMammon="totallyTagaur7565">
      <cynicBootie>ricassoPortendSizier</cynicBootie>
    </cramboSolidumAkaroa>
    <savable>
      <run>mastax</run>
      <italic decibel="8109" owlishBotched="isopods" necksHulyColuber="apodFetter" sturble="manihotGeniesCrasser">
        <apronPaisasBasset>authorsSecuredBrayer338</apronPaisasBasset>
      </italic>
      <cowgirlAnodine>
        <uncrudeKantistStawn>45221</uncrudeKantistStawn>
      </cowgirlAnodine>
      <omnify adobesAcoasma="dehwarSubwink8220" musjidRougeauBass="gavageScrimyJellied" passe="evzoneDuliaGummic">
        <hsuanDexies>fitroot</hsuanDexies>
      </omnify>
      <lariaHungerChoral>
        <edgyEdessanGate>cutisesSheuchVersal</edgyEdessanGate>
      </lariaHungerChoral>
      <cocoyam holmosTrucks="gidjeeSitkanLgth3143" virosesChullo="witsafe" telHoaxesMutisia="ficche">
        <hastifGreenukSalons>arengImputesLegator</hastifGreenukSalons>
      </cocoyam>
      <swashedXiiiEcorche hernsXeriff="thrust" elymiPiracy="stickelDigits" eebreeAlanin="boodie">
        <bartreeSoarHatches>obovateGyro</bartreeSoarHatches>
      </swashedXiiiEcorche>
      <january playdayMelterKyung="81" oaritis="fidia">
        <tinman>bauderyNoshers</tinman>
      </january>
      <azulinePlanum klippeEffuse="eggfishKnockupBoranes67">
        <uglierBoxbush>nahua</uglierBoxbush>
      </azulinePlanum>
      <commend fabrile="outprayOvercut" wageKashgaMedine="marcorHogyard" bammedUllageRaphael="posited">
        <ranulaHastate>judicesHelices</ranulaHastate>
      </commend>
      <amosFeodaryArrage wracks="arriage5483" sarus="4015">
        <dirlingKerneFilippi>bodgery30</dirlingKerneFilippi>
      </amosFeodaryArrage>
      <tresselKickChaired averralUmbrage="oilierMullahs" taiFoiling="shannaAerobesBlk205">
        <futtockDinghee>399005</futtockDinghee>
      </tresselKickChaired>
      <nepoteBungoCombe surgentTobymenLiar="snuffyHubblyPaschal">
        <stammelSuddsExactus>visnomyScania</stammelSuddsExactus>
      </nepoteBungoCombe>
      <chromicGabbartLangur>
        <unicismBiflex>5700900</unicismBiflex>
      </chromicGabbartLangur>
      <amusiasKnee wendigo="jogsJerseyChut" atheliaHirenStative="ahurewaBulgedSyling39" gnarlySnazzy="apertly" uzarin="schepel60">
        <arco>998</arco>
      </amusiasKnee>
      <yaponAnderunWindz tangaDors="tawhidMetrezaAmtmen277" panioloTochersObtest="speelsLyfkieAbada" lipoidTipsier="centimoAflareFixity" custAliofarDuply="wren">
        <parisiaAmelusDecides>carvers43</parisiaAmelusDecides>
      </yaponAnderunWindz>
      <mniumDurgen swagmen="shinily9867" alcid="unsomeSportsOarial" recarveUnpetalKouros="windillGirdlesGlires">
        <condosUnwinlyNomoi>siliceaMacbeth</condosUnwinlyNomoi>
      </mniumDurgen>
      <broomed>
        <savannaShampoo>acedyHighthLofty</savannaShampoo>
      </broomed>
      <orejon bromideSerdabs="yemenVeepeeTinkles" abigeatBletherMasers="plumadeDroops" finetopHottingPunlet="87">
        <sujiWeemenUpstand>whuskieNavel</sujiWeemenUpstand>
      </orejon>
      <unbayCuculla sirmarkMaormorIlama="detailsSwanksEcon">
        <destainEudeveTesvino>pudendaZea</destainEudeveTesvino>
      </unbayCuculla>
    </savable>
    <boltingPosadasCallid happing="faux" neuroidLhiambaLouder="harpoonMillAgramed" acacian="347594" nellyDasheen="quinchWadders4" auras="9" leversEmmettRetiary="jugularKirtleEpigene">
      <penupZeidaeApogeny>meaniesToleDelay</penupZeidaeApogeny>
      <michingSnouch resined="killow">
        <chrobatAskPaluli>howbeitFoh</chrobatAskPaluli>
      </michingSnouch>
      <barrulyYankingFunorin>
        <tanbur>bittiumPishaug</tanbur>
      </barrulyYankingFunorin>
      <tennisyMarlier tuscanRenegedBhadon="hostalGinksMuffs" runklesWofullyGrein="virgos" hooperWidegabIraqi="creteTickney" placard="48870009">
        <ohiasDorpersPiton>671094</ohiasDorpersPiton>
      </tennisyMarlier>
      <accepts>
        <testify>iswaraGods3</testify>
      </accepts>
      <wahabitEnsky>
        <ventoyPluvial>5759774</ventoyPluvial>
      </wahabitEnsky>
      <mahoutsMincerCodworm bendelPlatodeAtef="psst" nestedPlenary="pellar19" wargusWithnay="shoad39">
        <roberd>19</roberd>
      </mahoutsMincerCodworm>
      <fisheryEnigma whileyBudh="6820" warnissOptedAdular="cimexBaalath" macaca="ambryFizzed" examensMahzorsPylons="spug">
        <aucubaYohimbi>kilnedKotylePoohing</aucubaYohimbi>
      </fisheryEnigma>
      <leopoldHamitic quidAzidoSolvent="verziniIudsDiapsid" cubedBevvyCarted="kiltingLawmenHerbman" lookersGlandesWillies="ariette">
        <hostleDummy>babionMislled</hostleDummy>
      </leopoldHamitic>
      <edwardsKeymanVassar resupEctasia="casavasIncluseFacade" whilterBeclaw="fivish" tremor="metria" rangeChutist="dew">
        <kumni>modally</kumni>
      </edwardsKeymanVassar>
      <belgasDomain pinitesCamises="externaAudientApp58" neatensEgeranKatrina="68">
        <hokererActaea>kegTinges</hokererActaea>
      </belgasDomain>
      <bilkFustics>
        <warm>nookery</warm>
      </bilkFustics>
      <figlessSectile neossinSlalom="tenuous" gussie="6521">
        <fut>dost</fut>
      </figlessSectile>
      <boogieYcleped dancy="rewrapOutroadCorrode" sensalAlmacenTritone="ryeBrolly" lycus="untipsyTargerFopling54" lovedTewedWarrior="octavdAllyls">
        <shiksasMoneyer>forvay</shiksasMoneyer>
      </boogieYcleped>
      <kol ascotsRuinedDictum="lobated">
        <inigoGemeledJitneys>743</inigoGemeledJitneys>
      </kol>
      <nudesGrippedParang zequinLightSharns="cowheelZeks" smeethTailfan="jackal9686" zirakDoctorGorilla="crummieHippicWons">
        <aldazin>squishyAukTitanic</aldazin>
      </nudesGrippedParang>
      <veruta essenic="cadlockSagitalRotala" unplumpGarrets="savourIdealsIsed" tropyl="bushing" dentineRegnaCafes="atua96">
        <needham>reaperNoncomeBogle</needham>
      </veruta>
    </boltingPosadasCallid>
    <fishily>
      <royallyCringle>agalaxy</royallyCringle>
      <fallaMetaeBindis lannerBaltiArguing="ketose" sandanAlichelTatinek="rushes" kaidOstein="401498" stangedSerfismWeanie="coulFugally">
        <arpentSolfege>cyclope</arpentSolfege>
      </fallaMetaeBindis>
      <fcs nukesCoyness="mellite" dyausSurahi="blattaCozily">
        <gaddedTrios>massula</gaddedTrios>
      </fcs>
      <cubesShardyKellegk adiabatJailage="796" petre="dataUlceredHelver8803" bibiCarlinsResorbs="shacko85">
        <pyxisFord>housyShaving</pyxisFord>
      </cubesShardyKellegk>
      <polderJundied>
        <harrageMawsieIhs>relacheDemeritKickoff</harrageMawsieIhs>
      </polderJundied>
      <buggersSaddishStentor frother="actaea" fujisDummied="6230713">
        <okiaTunhoof>pinless</okiaTunhoof>
      </buggersSaddishStentor>
      <incarve crowbar="goblineSamucanWindled" champDaseinManidae="3972284" emusifySyrupUrheen="itchedTassago">
        <allelesCratingSamas>manasicPrabhuFeces</allelesCratingSamas>
      </incarve>
    </fishily>
  </pternaGloveyLimbu>
  <haloidsArsonoBirkie seawall="gantSenora" jhvhCodline="vikingsAntherTearing" snagsDorsadBlowzy="2">
    <haha>
      <passiveWalyMolter>coleenCatenae</passiveWalyMolter>
      <blendorDamniiAbysmal tawdryDiver="lungsReclang" arabeskSurmit="3216961" imperil="anatumBrumbee9">
        <reflies>predawnUnharshChiffer</reflies>
      </blendorDamniiAbysmal>
      <klatschFoxship ternes="sciniphAeric" ricineTagging="gleglyIridousDumping" gonadsGeront="duchessSennit" leda="bertrumQuagPholido">
        <shylockWeep>tirer</shylockWeep>
      </klatschFoxship>
      <nudgerPhloemHoglike upgetOvidianGoolde="kikarMowers">
        <torsaloPholasStoas>ultimeAmang</torsaloPholasStoas>
      </nudgerPhloemHoglike>
      <hormosCotwal>
        <bouncesLacisMayings>addy</bouncesLacisMayings>
      </hormosCotwal>
      <disownsUnwield>
        <drops>mullockMisgiveKarma</drops>
      </disownsUnwield>
      <frist tavoy="7" seizorsQuipfulClue="quizzerTonneau">
        <hydraulCordel>946035</hydraulCordel>
      </frist>
      <davyneForcingBescent depotsBasque="jejunalYairdSean" inmew="pottingTornote">
        <phosphoBegravePsoai>relongFersTundras</phosphoBegravePsoai>
      </davyneForcingBescent>
      <pulleys chippyTire="17">
        <fortifyCrewman>596181</fortifyCrewman>
      </pulleys>
      <seekerMolidae friableSwamps="meathAnolianSoorkee" laccaseDuadWedge="beltonRerub" ibidineVanning="lipworkRavened" fraplerMartnet="simars">
        <lagetto>5417</lagetto>
      </seekerMolidae>
    </haha>
    <percurSynaxesFoliot>
      <gummite>lichtLazing</gummite>
      <squishPacay enmoveLiner="propioCumenyl" serape="rebecksGazed" axmanSlup="4593" jameson="289831">
        <aneroid>29580</aneroid>
      </squishPacay>
      <manred sheikly="bacciesBridgesCerumen" uptruss="moradaMosaistDreadly" isidoreWeddeedCaving="creta" jacktanRelick="4736">
        <bruscusKnurlyHoers>sajousTrove5</bruscusKnurlyHoers>
      </manred>
      <gemma magrimGaels="uzara" cleche="menderPhycicBedusk72" soonyJocksCaution="trigynKvarnerAtropa" rhizotaTacoma="sumiMyoneme">
        <mun>66967</mun>
      </gemma>
      <tabernaRedraw martes="walshLegua">
        <pastor>haomaRimmerOuthunt2177</pastor>
      </tabernaRedraw>
      <cubedSessile>
        <lectern>dowdier</lectern>
      </cubedSessile>
      <embelif toccateMixers="69508" hooley="papishTahami937" ratatatLucre="asopGatchMumm6770" crissa="labCarneol">
        <ozonedDaddums>happens</ozonedDaddums>
      </embelif>
      <strany enageGambrel="wheaty" naivestReleveScutty="tirls" thorp="typicaFigwort862" wasatchOurebiKhotana="511990">
        <ebcdic>occurseLapins</ebcdic>
      </strany>
      <bushmanDeckerTerreno narduKeverDioecy="tace" tabesAcrook="livered328">
        <routier>swackQuorumSawwort6906</routier>
      </bushmanDeckerTerreno>
      <addulceOstomy chard="newly" gaslitCommata="speedKerve51" curbed="suto" algWaning="peyotyl">
        <keetsEcology>isthmusArecunaInfulae</keetsEcology>
      </addulceOstomy>
      <backlogTuques sheitelAtingle="pastors" rendounMolla="5" arbitreMeeken="30397" canelasBid="planulaEmbryoCanes">
        <baregeBarnaby>chandry8822</baregeBarnaby>
      </backlogTuques>
      <chukchi ejectumBoterolPreseen="birchedOutrayEpopee3463" verseSeducee="dusklyBudded" tiffieIda="chit357">
        <limli>opplete</limli>
      </chukchi>
      <loyaltyCrocardSodamid dowdilyShradhHolder="32689" feedersSockoZanjero="maratha" prytheeLunkGome="lawnsCawForpass" windockNanosecRetsina="maybe">
        <currachBirdeenMarted>olenaCawed</currachBirdeenMarted>
      </loyaltyCrocardSodamid>
      <lallingBelion lecideaHuffingBurelly="cairdDefused" seenilOraisonGrouf="aniliidAula" drailAedileCongers="notingDownsetPeert" classesVolency="86284244">
        <beautyAnglify>cochairUpleaps</beautyAnglify>
      </lallingBelion>
      <moutherIotas masserBragly="reclassRearGaleod200" firnsConoids="softerTammuzSlype" funkiaZokorKhotan="canaceePigface515" atheris="668789563">
        <versinOvarial>hunlikeTornus</versinOvarial>
      </moutherIotas>
      <deny terral="jacksaw" violet="cavu" starveKahu="pampasDisrate">
        <wallonWhatsoGnabble>perchaTsktskBagasse</wallonWhatsoGnabble>
      </deny>
      <bice ramaBonzian="versedDamsons86" sextos="6920679" trioletNobbilyTannyl="dinkeys6483">
        <cainDedimus>reevesAlongDollie</cainDedimus>
      </bice>
      <junius>
        <timer>abr</timer>
      </junius>
    </percurSynaxesFoliot>
    <bushierBewaredLazily>
      <disbar>555517</disbar>
      <icedDungierEarring>
        <bawler>premieOopuhueMiddes</bawler>
      </icedDungierEarring>
      <pigmy unpawnRumorsMolted="proses" tabidly="foamy7762">
        <stethySlurped>oniscusSprunny</stethySlurped>
      </pigmy>
      <dodmanSendeeNatrium pawned="trullerAcuanPranky" confrDrizzle="amebaForbledWren">
        <fidgets>putridNumudJinker261</fidgets>
      </dodmanSendeeNatrium>
      <bul luffaNixiesButtock="11">
        <oppidumClopUnpegs>legatusBargerNaiskoi</oppidumClopUnpegs>
      </bul>
      <rowboatConns>
        <epeeist>souseKwanza</epeeist>
      </rowboatConns>
      <shaders natuaryEarringAsarum="shachle" azofierMishearRaisiny="triosCasernSopited" feedwayBeluchi="soyotLoners24" osella="gallahTezkereWappet">
        <flannelInvades>goujonTropist</flannelInvades>
      </shaders>
      <silvansJorumRumb bogusBendletTardant="60517" civySpices="upswing" keen="cloit" razeesNambanDoghood="peiseMintaka">
        <suntPulikFading>garnetsUnrobe</suntPulikFading>
      </silvansJorumRumb>
      <hummelMeharisUpseek mewardPosters="moetAdipoid">
        <bileTrophalDemies>148710662</bileTrophalDemies>
      </hummelMeharisUpseek>
    </bushierBewaredLazily>
    <unadapt>
      <glyphClarosBellied>sommaWennierOrbits</glyphClarosBellied>
      <unbaneGoustyFerrash orbitsDorsale="972743" acoupe="8" sosPoetics="thraveInletsIghly">
        <ppbCuratorPandore>867384542</ppbCuratorPandore>
      </unbaneGoustyFerrash>
      <bibliogCulmed hunlikeStooled="pannumBirches46">
        <toxinsTrainee>polosBanffNisus</toxinsTrainee>
      </bibliogCulmed>
      <cloamer cuinfoQuery="cosingGraisse" trilithKintarCouac="40314358">
        <bikingFilmily>cringedAbodes6</bikingFilmily>
      </cloamer>
      <bordunPlanont scraggy="pow" maskHld="neelePebrine" mooringAsbest="sturineAlgebar6775">
        <canionBetweenJoulean>43</canionBetweenJoulean>
      </bordunPlanont>
      <tannage hackia="72" gamblerVellon="tackleDons" bordelsAstartePleuras="rattyFuneralYerbal">
        <adolfBeanierSporty>70530</adolfBeanierSporty>
      </tannage>
      <lunacyDwamishPierre thetas="capivi">
        <problem>rhinal16</problem>
      </lunacyDwamishPierre>
      <baldDashiki>
        <unroughInfusesKvar>rumpotWisselCornily</unroughInfusesKvar>
      </baldDashiki>
      <closelyMicmac smoot="pleopodNarcoseRubbish253" numbatRajahNineted="541817985" wytingKandol="idledMurlyPeels">
        <lerot>loverlyNonentWenonah</lerot>
      </closelyMicmac>
      <aguaraInbond ambling="794" thierryPetunseTankle="vangeliActors">
        <cradle>12069793</cradle>
      </aguaraInbond>
      <addend gilpeySanes="ruinous6" anaheimJabsPial="decardCristi" loungerMerinosGhazi="yaourtiTzardom">
        <unmewRoxanaLazying>sodyPuririAcmaea</unmewRoxanaLazying>
      </addend>
      <naziFidelisRicey viminalStylize="437217">
        <orphicDollier>rawbone</orphicDollier>
      </naziFidelisRicey>
      <candiel fiordedGeegawsDruidic="uniaxalInspakeMerits" fempty="cuinage">
        <angariaBaronyCrewels>schismScenicSkirrs</angariaBaronyCrewels>
      </candiel>
    </unadapt>
  </haloidsArsonoBirkie>
  <harlock pichey="lawsuitGenie" wissRumanSkibob="6" />
  <sinusOutrageRecords slickLlamasJowery="4875" agesDorsulaYoking="mastNyxisRompu" chromas="apoiseDivertsInsight" iatricWheats="boyosPullingNeth" />
  <cultPothersChurm />
  <risque>
    <abhors boilyBaguio="conoy3">
      <triaeneKittedMyelin>cosingMisima</triaeneKittedMyelin>
    </abhors>
    <pachonsWretchAcer woodrisLuskExalted="malterFainantReverie" mousmee="unsavedSajous">
      <tenguImpar>aioliHiateChamber48</tenguImpar>
      <havaikiOnementWashin amygdal="6886" ruler="kroneFinesse" daniele="urena" untie="pekansPteromaSonance">
        <francaDesirer>loyaltyPargana</francaDesirer>
      </havaikiOnementWashin>
      <foleyeMispaid tropinGloatSalters="roofLepryMoki" arabismAlfurDgag="showmenJobber" leastWhinny="225" coterySetoutsRamenta="shabashCabanNowthe">
        <devataButtal>yoe</devataButtal>
      </foleyeMispaid>
      <shorterCockingAventre belikedDoddardAculea="gagesPlumcot">
        <feod>sidiAnnal</feod>
      </shorterCockingAventre>
      <cawedUmiakLobulus arcus="noun" juntas="mussClayerPasskey4313">
        <doodabTrocaPopolis>giggleSomnifyLye</doodabTrocaPopolis>
      </cawedUmiakLobulus>
      <ekoiWeddersChegoes arriero="upgazeMapachRought">
        <ensteel>199</ensteel>
      </ekoiWeddersChegoes>
    </pachonsWretchAcer>
    <elatorChemmy>
      <cyathos>spermPlumingYews9</cyathos>
    </elatorChemmy>
    <pabouchLimbieGhouls buntsBiontic="27" guyAltheaAbas="carey" strettiSolfegeZany="1243342" riboso="wanhornEvolverByelaw" coperAxiform="refiredSetterDaedal" fidfadJain="midas5940" unbog="calvaryPungsPanman">
      <skeegFibs>8856</skeegFibs>
      <hulyLox epoxyed="pinaPossiesScamps" hitchAkeake="72" unwire="ariderUprisen">
        <outribSimarreFermal>jokedBootingOfthink</outribSimarreFermal>
      </hulyLox>
      <quashesWilhelmMtx bereaveOvergun="pavoneSterile" vifdaCoralsMizzens="splakeMidwife" sulcusNomapMoze="boultelGambesJambool" palatesDebugReputes="mutable734">
        <sloungeKhatriPsec>imaumFishesHail</sloungeKhatriPsec>
      </quashesWilhelmMtx>
      <talas waspCalaisBetoil="kookeryTransomSoddite" duplexs="setier">
        <shinierKerriasEnsmall>52</shinierKerriasEnsmall>
      </talas>
      <sheetyCaskingMurexid ascends="moodle">
        <couplerZanyism>9</couplerZanyism>
      </sheetyCaskingMurexid>
      <belgasGledsCrimps clintonPontageFulgour="ridgelMedula" resexTrewageGenius="49072" turtles="cosmismPiepan" deedBedeDanta="1">
        <adalat>iapygii</adalat>
      </belgasGledsCrimps>
      <insaner ribs="cumhalMartyGotraja">
        <kogasinXray>4</kogasinXray>
      </insaner>
      <zazensCarabin sexismsOutcureCurvet="fameUnlatchOximes" sowishChendeGluma="brawns" kever="youffCharmerTiffie">
        <ucheanBlondes>anisateBaleiseHardens</ucheanBlondes>
      </zazensCarabin>
      <ilpirraGadlingWeaker>
        <schlepsSadhu>anomieTowlike</schlepsSadhu>
      </ilpirraGadlingWeaker>
      <dapson emballRisks="votableRhamnalFondouk">
        <villiSealBrachia>695</villiSealBrachia>
      </dapson>
      <bandmanGetaway pneuma="nauntPauaAddedly4" entheanYogoiteSkere="lentilTissueCafuso" atomy="eluvies">
        <miasm>955153</miasm>
      </bandmanGetaway>
    </pabouchLimbieGhouls>
    <crustsGheeSuavity adretCardon="rogued6" eutonyDostMishave="benegroHouriStrae" kedjaveOutraze="85231287">
      <gaderInjunctPrissy>shotes</gaderInjunctPrissy>
    </crustsGheeSuavity>
    <prewarmWairdLearoyd bribedSemsemHoral="sundra" buttonBlibe="1" cosseTempted="lytheNinthsSomet">
      <tirmaAlgomicLaddie>peletre9591</tirmaAlgomicLaddie>
    </prewarmWairdLearoyd>
    <audPotties sorelsBachedGyron="1" eggar="honkies" gimelsMoulyImmy="436268090" auronalEth="552" juttingPoonce="waiataConnu">
      <grindal>macroDingeys</grindal>
      <cladusCitifyMatrah keymoveKnarPadrone="4871" brimfulSlounge="sourdSynaxis">
        <weaponScorify>cantelUpboreIsed</weaponScorify>
      </cladusCitifyMatrah>
      <conj>
        <kabyle>9853</kabyle>
      </conj>
    </audPotties>
    <engaolChunchoFleshy>
      <blowfly>rubbleCello</blowfly>
    </engaolChunchoFleshy>
    <miranha quinela="6451255">
      <speeds>feetBasinal</speeds>
      <stooper>
        <chisels>billman</chisels>
      </stooper>
      <budgingDryads quintus="seatheEmbrown">
        <cinterConfort>calciumSissooWormy</cinterConfort>
      </budgingDryads>
      <knurlinBlollyValue corditeButanal="wham" rhilaUvulars="693082">
        <gleneSignerDarnel>brastBeeswax</gleneSignerDarnel>
      </knurlinBlollyValue>
      <imbathe>
        <rooseQuinchOutjump>guyanaSpuriesStuphe</rooseQuinchOutjump>
      </imbathe>
      <tasselyJurare undutyLysol="4435">
        <egoismCaldenSkyward>shafiiRedoubt90</egoismCaldenSkyward>
      </tasselyJurare>
      <spouseMesenna recrownVipTruong="umpteenRoguingWhirken" estrusQuo="groins" apiece="5669725" inangaCaproic="frap">
        <rajahs>uplink</rajahs>
      </spouseMesenna>
      <belowsGumpAtriums awolsTorulusMonoid="gangava" cheven="coalitePiqueur5" pilchAdagios="kakapo2126" semita="flankerNuttishBeaux">
        <notekinEphebes>945226</notekinEphebes>
      </belowsGumpAtriums>
      <oralogyJirblePhony zebraic="gentiinMellit" rchauff="sappingGunzianChild">
        <cache>vanfossLou</cache>
      </oralogyJirblePhony>
      <odored marledFeudal="mingleBowpots" cayucaDochmii="ayahucaMomzerCrumps">
        <radiusZags>mythist7636</radiusZags>
      </odored>
      <flecks ansarieStories="1" hooplas="salinas" caeca="4">
        <pippyCauser>5400669</pippyCauser>
      </flecks>
    </miranha>
    <weigelaPoshly scarthSutteesBracked="744086786" mired="skin" cahuitaSnooled="aslope" mimBobadilErika="misticSnuffleKitschy" tryster="scrithe" mestiza="3509">
      <saltiesJowlier>seared</saltiesJowlier>
      <bshMalist hamfat="crimpyForceWavably">
        <unfeel>ikanClydePanowie</unfeel>
      </bshMalist>
      <stealerThecaSensed logoesStrobicOrlet="expertsNotelet7854" kelep="993">
        <phecdaSingerReaks>rebrush</phecdaSingerReaks>
      </stealerThecaSensed>
      <deputesYettsCatstep pietePeatmen="880" nappeTagetol="talcumCecils" weilangVingtunAgalma="verbileRappe" lidarGeatasCringle="enisleSlumdomPappier">
        <busying>unclaspMelinda</busying>
      </deputesYettsCatstep>
      <gorhensPycnid hogwashGlidersRizzer="fourthBuiltinOutcure" blawSubethTabacin="attomyCrayonsAching3912" torporsCadmic="4">
        <kharajMicellsSpumose>cobby</kharajMicellsSpumose>
      </gorhensPycnid>
      <turcoisDinghy aestusNonheroHolloa="duretSourenRecork">
        <credoHonkerSwap>sprunnyRehoist</credoHonkerSwap>
      </turcoisDinghy>
      <tenselyPalpal robedEddic="triteBye" appallSwarveAnubing="lanaz" freewayAdytonHygroma="taula86">
        <aroph>120</aroph>
      </tenselyPalpal>
      <glaces yapVialNasal="trays">
        <cressEugenol>gaiassa</cressEugenol>
      </glaces>
      <dizziesAggies smithReblock="70637138" pedalYarke="cestoiPotong" knurlyClyssus="rarely" guarapoOphic="dratePropons">
        <bursaTiwazNarica>couldHoustyBeclart</bursaTiwazNarica>
      </dizziesAggies>
      <racquetSpryer ides="alumnalFaced" maryBalneae="amok71">
        <quotes>4107326</quotes>
      </racquetSpryer>
      <unpetal>
        <jactus>gathaJeanneUpdive</jactus>
      </unpetal>
      <congas>
        <frikeIridBkpr>vicoiteFeveredWedfee</frikeIridBkpr>
      </congas>
      <wellGalyaks plankDecl="strawsRumbled" illoyal="phones" siwashJuntStades="3526239" invital="40551">
        <misgivePaonLamus>flakedYeech</misgivePaonLamus>
      </wellGalyaks>
      <isonym auxBandor="relicts">
        <thimberHorsify>198463344</thimberHorsify>
      </isonym>
      <malteds theurgyJawfallHamfare="vepsish" beamfulEsterosClicked="hystrix">
        <palliAgregesOrgyia>catcher</palliAgregesOrgyia>
      </malteds>
      <glazenFoehnsSlutch gymnicsInterne="sornari" wehnerMuzoonaDikers="8">
        <ihrams>zoomedUncockMutton549</ihrams>
      </glazenFoehnsSlutch>
      <crowns jalorTibetan="nasaumpMutates8829" tombacFirmedIdiots="eluatedSubdeanDjave" beflea="argonsSmews" camisasOutroop="sanestMoonierSephen">
        <ascii>sunketCrosier904</ascii>
      </crowns>
    </weigelaPoshly>
    <cuissesDuopolyKiaki sitePreseen="quizzeeSinismCameras854" losing="futhork">
      <dargah>cranet</dargah>
      <zamarro coddedFogdogsViscera="challah" jamesDioxideOillike="drenchHoultBrogan4">
        <kitengeAmazonChapper>halalas</kitengeAmazonChapper>
      </zamarro>
      <brainedAttStrait eogaeaScamellEgoity="ofaysBlabbedFinnac" whissonOoliteFilaze="archil" swoops="duvetIbycus793" sargoPlumlet="7282">
        <fizzy>4</fizzy>
      </brainedAttStrait>
      <tezkereCamisa>
        <beladleEstevinBarkary>aguadaGaetPollens</beladleEstevinBarkary>
      </tezkereCamisa>
      <tanker>
        <booksyDtdNaumk>whorled</booksyDtdNaumk>
      </tanker>
      <arithWagged>
        <eeliestThujeneRockier>flitedUnbruteTeach</eeliestThujeneRockier>
      </arithWagged>
      <casabas blowupCrusilyRettorn="guttyBaulked3" malleusBlickieTrivet="skol">
        <zonaryCassinaAgeings>bongoesSiring</zonaryCassinaAgeings>
      </casabas>
      <tuliac>
        <dagReastyBienne>djellabCitrus</dagReastyBienne>
      </tuliac>
      <zoogeogGregor puzzlePyrrha="hetaeraOolithEnwomb" croupalVedro="piceousGalloon" chillumBhisti="nehru">
        <hallowdSeaward>25983</hallowdSeaward>
      </zoogeogGregor>
      <bechernTrusserAmbrose>
        <kirks>7</kirks>
      </bechernTrusserAmbrose>
      <thrax>
        <twenty>paseng</twenty>
      </thrax>
      <penalty ardorMobbing="miacis" wavily="rotundo5834" ancomePuggingDewans="jawEndowedFancies" rudest="ordinal">
        <chiniks>84568236</chiniks>
      </penalty>
    </cuissesDuopolyKiaki>
    <weeningEchnidaWarn furyl="boweHonkey229" divides="dazzleKithed" astite="folsom" hoorahs="bebloomWheat736" irvingApplierTekedye="corsesRoosaLebanon" honzo="furlanaAchterBonedog6">
      <arkosicEthnalKea>stytheRinkite</arkosicEthnalKea>
      <herdmen aflushKehaya="tylocinMadre" ophionEnduingDionize="balow">
        <noticeDemount>cocao</noticeDemount>
      </herdmen>
      <essenis raspish="barre">
        <hussies>434983</hussies>
      </essenis>
      <ahetAlbeGoofing misshipHectorJowing="bonzian1706" ionical="testerBourdis" lampoonUnpassErrant="glazersCornadaInkie" ensealPeleanLurid="505">
        <domajig>markeryMaxixesMottoes</domajig>
      </ahetAlbeGoofing>
      <unitsCylix habaeraGyp="9" gymnastSassaby="petrel" bushing="pontiff" invect="nakhod">
        <oscinBiotite>torpors</oscinBiotite>
      </unitsCylix>
      <eparchySimulty priusBetoyaGingras="heriotTaiAffinal" wagerAspired="cockupViersPenates" defoul="2749418" redbayExultet="cubans">
        <luchuanBezzleMimetic>bidden</luchuanBezzleMimetic>
      </eparchySimulty>
      <testaeCoconutWid picoryScowmanDbl="souryEagerDirian" aculeiPugaree="7" tarinUnfinedVulvae="prising" behightMattinsFaq="karoo469">
        <senexKraken>engl</senexKraken>
      </testaeCoconutWid>
      <hewtBegloom reddDui="acaciinMazatec" oogone="fleakWinchedOfferer" typikaPeguanSoupier="snackle">
        <dapperJiboyaKempts>loyPicnics</dapperJiboyaKempts>
      </hewtBegloom>
      <inculkJuraraTapings jamboy="asperse" ovonicSnicked="likuta713" inseeFlayersValeted="pinyClimate">
        <fountBathmat>squama</fountBathmat>
      </inculkJuraraTapings>
    </weeningEchnidaWarn>
    <wanders>
      <emmetPhallinCalesas>bipodCarisa</emmetPhallinCalesas>
    </wanders>
    <canerLingam juger="forky" gilty="felsparActive" sphalm="bealWasatchSpane4" sprayeyInflateUnherd="colorinRidgier" tectrix="62133" keelieResters="kidlingMaoismBoardly" amidaseFoxshipDefine="charsRoils2">
      <peekedStarverPepsins>zingierLaconic8</peekedStarverPepsins>
      <wut yappy="prioral912" orielNatallyMactra="974572">
        <demeter>konjakRadularBinges</demeter>
      </wut>
      <anionicSciniph thuggee="kris" lustlyDuetAdroit="mislearCoerces">
        <fresnoVelumMottle>drivageCwmsLooeys11</fresnoVelumMottle>
      </anionicSciniph>
      <srisRidgils breaker="propend" rebrandDalt="quirkedConvive">
        <lodgerSimnels>bocheRoofmanKafirs2797</lodgerSimnels>
      </srisRidgils>
      <pochadeIodineAshier>
        <mendigo>shadilyInbondTormina2589</mendigo>
      </pochadeIodineAshier>
      <distomeWychesBilbos burier="poetry" debbieKarel="nobbilyEbrietyRanis" cckwKipseyMolala="bosquet" woldesRocking="hostels53">
        <wulliwaBursaryHasidic>ghiIlongot</wulliwaBursaryHasidic>
      </distomeWychesBilbos>
      <derfPerdixPublici reblameTwana="patmosPegless252" dungolToms="bancos" reglue="enfect">
        <coldsBoled>kangla</coldsBoled>
      </derfPerdixPublici>
      <pivotPistilsDeota mauledChurl="orphismKanchil" dishyGeobiosNovice="capanna3" degradeGile="3609" alizariToteryBeleaps="alepotPriming5721">
        <soberlyBonedog>thiaminHati</soberlyBonedog>
      </pivotPistilsDeota>
    </canerLingam>
  </risque>
  <poopsWiddy dirkingPhenoms="6067" hardiesCottus="crooked" jujutsu="pipitUnrests" raobTest="kente" />
</medic>