<?xml version="1.0"?>
<reshapePalilia>
  <seined>
    <nomadesGanguesHevi>
      <martuSudorThrob>sudsmenGursh</martuSudorThrob>
    </nomadesGanguesHevi>
    <hailingNatally slurbAerialCatbird="degommeTurquet">
      <corvoidGanev>tucunaRelearnEmusive</corvoidGanev>
    </hailingNatally>
    <mapBurblesBowlike>
      <posteenDeke>istlesLocusts</posteenDeke>
    </mapBurblesBowlike>
    <bindi>
      <susanee>sephen</susanee>
      <burlapBasilarShure viers="bilabe" jayhawkIncubeHedger="eyebarPaidlePutts">
        <rorid>ladanumWoody</rorid>
      </burlapBasilarShure>
      <taxonsPiaculaMarls taintsPargingBasalts="sedan" yeggmanDamnosaGali="thrang">
        <aweary>336006</aweary>
      </taxonsPiaculaMarls>
      <jachtCaradoc mawseed="378209" doucinFesters="shortlyUndflow38">
        <poussie>8639241</poussie>
      </jachtCaradoc>
      <vannai pipyTatu="retlingFrowzyAlbinic" balkOriformRancid="gerahsWaikWaiver" stoat="dedalEliBenny">
        <traject>1</traject>
      </vannai>
      <clothRibe teguriaWagh="seamostKammeu" refacedUnwet="sneeSpying" unhealGnammaBranky="gonerPenesDrayman">
        <razedMechirCovine>furiantWisemanReheels</razedMechirCovine>
      </clothRibe>
      <hougherBosch puddled="tribbleRedcaps3" scavelTweeg="unidlePunctus">
        <gaunchCirquesYeaoman>pupsRelaxesCaird</gaunchCirquesYeaoman>
      </hougherBosch>
      <nappiesDinos unfaked="machan">
        <mindersRappeesRedocks>43763539</mindersRappeesRedocks>
      </nappiesDinos>
    </bindi>
    <korwa promiseLitteryAtrial="jerrySouperFula">
      <angrilyPetrogSwure>colure</angrilyPetrogSwure>
    </korwa>
    <fuseUndevilCarport carshopLocale="sheva" inhere="excitonAnconas" enwombsEmeried="impasse" gwagTeraticPeratae="9697" subfuskQuist="heartUnlieSusi">
      <ibid>486</ibid>
      <beelbow yttriaSaft="679686" teletex="29" borneoKileys="ruthsLcaLimner162" deicing="fannersHubbedCruds5">
        <wrawShinney>78220149</wrawShinney>
      </beelbow>
      <oliveanClear wichTimbale="weewee" nontanEutocia="ahead" pecunia="sanandFonlyCasus" vishnuBulboseBilling="turnoff">
        <bacileRopiestMundari>492317741</bacileRopiestMundari>
      </oliveanClear>
      <ninutPilaued dehornDrat="believe" triacid="hairierUndure" wratack="steddle">
        <urusesSepsine>flywaysShaup</urusesSepsine>
      </ninutPilaued>
      <rekhtiHookedSoupfin lions="provandTestril" pectinsSpaces="unsackGrallic9850">
        <latosol>mappersPesadeVintage</latosol>
      </rekhtiHookedSoupfin>
      <lysins>
        <motion>mylodei970</motion>
      </lysins>
      <frozenGurgleRox ursae="tanalaGaffeWastme">
        <stannerFellingMikvah>mauser</stannerFellingMikvah>
      </frozenGurgleRox>
      <versineTurquet sibbensRupert="hymensHushoUncouth6" tookenSavorBursera="zoetic" hosierBuckety="761156941">
        <tresses>equoidJowlish</tresses>
      </versineTurquet>
      <outcaseFangaTetum>
        <alamosFetis>raines</alamosFetis>
      </outcaseFangaTetum>
      <terebicKines macedRehashColmars="1532" spanemy="45762083">
        <strong>8</strong>
      </terebicKines>
    </fuseUndevilCarport>
    <wraithy weenie="refloorMiler" ogiveShogun="hyacineGill" sergiusHowdie="279114" goodishSmaikToppers="66" vibices="pucheroBaby">
      <bilith>750</bilith>
      <louster kitschLoathesCrammel="1" primer="methineNawt3520" khmerUnimped="12833232" tirl="40868">
        <redeemUnhookBalsa>acaridaSlaggy</redeemUnhookBalsa>
      </louster>
      <supplyHae>
        <ounces>aufaitCaroliGrids6</ounces>
      </supplyHae>
      <echuca koombarAnagram="63735129" pothookGridsPelew="rhusTantrasUpwring">
        <steal>1897192</steal>
      </echuca>
      <butyn piqure="tatter" pacotaChefsHordein="loppedButeoAmbush27" wept="damieGast">
        <engluteKinfolk>golpe5058</engluteKinfolk>
      </butyn>
      <upflingHosen>
        <dalleChilteVendors>772958920</dalleChilteVendors>
      </upflingHosen>
      <encolor hedgierRaglanMappist="parlays" minniesJuliottEarthen="lupeolTether" idyllicHalachaEnbrave="jaddedVedaism">
        <whimmedAraujia>liasonFrabbit</whimmedAraujia>
      </encolor>
      <remendKittle>
        <camelsPeponidSwags>evadeWatapEstevin95</camelsPeponidSwags>
      </remendKittle>
      <snoredSimplum dunkledTeensy="93" neatlyHausensHelldog="reddyDampishRemue">
        <coinySandy>2736302</coinySandy>
      </snoredSimplum>
      <sticta resene="tildenBirledParents">
        <faufel>genian</faufel>
      </sticta>
      <trauma fullersBroomed="sungarAminBubas" bakuClonersLinens="907">
        <coolthBiolJinxed>anoraksCryable</coolthBiolJinxed>
      </trauma>
      <turndun huffilySellout="813234" saxhornAnuryFade="sedarimSei">
        <odorousDuality>spirtleSimurgSoonest2</odorousDuality>
      </turndun>
      <talukTricks fusesAntics="5949113" imines="607335" wencherBhoots="jed" windsorMammees="macucaShowdomEats36">
        <bike>nahum1</bike>
      </talukTricks>
      <turkeryHaventUnstung>
        <curtsey>ergotinBladyCirce</curtsey>
      </turkeryHaventUnstung>
      <voluptIrater paleal="goutilyEclairWarehou" fractus="7732" collow="chousedBipod">
        <sammelScrewyEliza>pleionHallmanFolic</sammelScrewyEliza>
      </voluptIrater>
      <troatJoshua creteUrinose="jumbuckVetoing" adoorsKwaznkuChimars="530776227" streetFlymanBlaoner="laminar" erseMurza="facultyLeftism">
        <sodworkHpitalValance>refoldsArion7</sodworkHpitalValance>
      </troatJoshua>
      <poloist shyHygrin="smudderJudcockOverrim" peonsStanks="402" bashed="bluelegTropics" tabog="3594017">
        <syntomy>rangle</syntomy>
      </poloist>
      <meriahCaudaeBowses bubby="mercies" fidelHecksToelike="regracy" hotpotJerboasEven="keasOutspedIgnited">
        <insteep>gazabosHematicMoran</insteep>
      </meriahCaudaeBowses>
    </wraithy>
    <quorum>
      <zoriWhalersNazard>teucer8</zoriWhalersNazard>
      <curupeyHasntUnslow>
        <durnFrisks>slumsFraught</durnFrisks>
      </curupeyHasntUnslow>
      <whiffs maanaFussersIdiocy="tonic" oxysomeSkidway="dippierIsthmi729" albynBothria="spoofedPacks" testeesDhaiDesume="brownerEdges">
        <boyaus>tendrac5526</boyaus>
      </whiffs>
      <pinnock maniconCarshopKillas="eugenia" shitherCorriveBitless="porture" luket="kevalin485">
        <revisesSauSever>unpassRaversTishiya</revisesSauSever>
      </pinnock>
      <nivalDanism hoaxers="emeses1037" inwraps="hodad" lamsterFlickerEngloom="opaciteLacery">
        <broggerPiquets>randingAuberge</broggerPiquets>
      </nivalDanism>
    </quorum>
    <sissing>
      <vidimusCowshutEasies>788568</vidimusCowshutEasies>
    </sissing>
    <braizes>
      <yuchi>besoilTolls</yuchi>
      <spookedTyphoonAvys teatsGrankSpicks="erstFitchew">
        <ecod>finny</ecod>
      </spookedTyphoonAvys>
      <brethelDoblonGag comalsOverfix="chams4120" priss="runaway" gubboAminity="purdyWizPollard" kamika="entrept">
        <fuglesHuelessEarls>selsynMingleDuddy557</fuglesHuelessEarls>
      </brethelDoblonGag>
    </braizes>
    <fannelAmicousSprings>
      <nudgedYawlKoulan>6</nudgedYawlKoulan>
    </fannelAmicousSprings>
    <cocher>
      <rimlandMispenMuleman>8435044</rimlandMispenMuleman>
      <tawie eatFayence="kafaMizeLiquet1134">
        <decarchDried>caterer</decarchDried>
      </tawie>
      <coart>
        <messinFossil>pukaMonoidAffects</messinFossil>
      </coart>
      <redrew sorbin="bariums">
        <paineOrphanBenzein>sabotedDildosStriola</paineOrphanBenzein>
      </redrew>
      <stiflerAssoc>
        <murres>embacleCursersPity</murres>
      </stiflerAssoc>
      <golpeCambiaNepman busser="slacken2" gypsies="monarda">
        <bradawlSaclike>549578650</bradawlSaclike>
      </golpeCambiaNepman>
      <boobily>
        <twillJanuaForches>flaneKryptol</twillJanuaForches>
      </boobily>
      <fibbingCussPhillip kail="cutdown" footboyPennonCaps="hafnia">
        <offerorToddickLousy>arisen</offerorToddickLousy>
      </fibbingCussPhillip>
      <floodsSpinsDoggers>
        <serviceLimping>2150</serviceLimping>
      </floodsSpinsDoggers>
      <tournee napaeaArtize="4" sterideAciurgy="shureOutbye5" saple="carpetFiredog" siccant="unwax">
        <sappy>furivaeThringTachyon</sappy>
      </tournee>
      <russudAngkhakSphyrna runnierPokomamSwevens="asianDoyliesQiviuts" clachanRootery="8" dairtApneaOctose="bulbous" founteForrad="9">
        <armrestWoolsawMuscle>lidosAnanias</armrestWoolsawMuscle>
      </russudAngkhakSphyrna>
      <jettons slipperSnooks="piaffedChoriso" mohel="snarl" inwovenEttarre="6826" bloomerAirmass="proachJiti966">
        <puckerVeils>sackerTyt</puckerVeils>
      </jettons>
      <fescuesMelasmaAwadhi bengalsJazzilyEntice="dentataSwiftThooid" souters="40036103" orarion="nasoVanish">
        <methoxyRapierSprunny>laibachMakale</methoxyRapierSprunny>
      </fescuesMelasmaAwadhi>
      <flamenTrionyxBranks kahawai="byrl" rookiesAttristMerkhet="beknitOngoing" buttledRibhus="rhizomaKikuelGyrene8838">
        <tolselTurnor>86751</tolselTurnor>
      </flamenTrionyxBranks>
      <camusesAroint blend="ensureLibs" dizziesLacers="bomiGimletySlumgum">
        <mermen>touristReplead9170</mermen>
      </camusesAroint>
    </cocher>
    <itsSporedPicamar>
      <baisakhAmidoneBury>indictBombousEdison</baisakhAmidoneBury>
      <sinewPedlary leakilyAsearchHoniton="yokageCitolerReleap" akaliTaskedLocn="relumed">
        <addioEars>scepsisLagerMycosin</addioEars>
      </sinewPedlary>
      <cornuaArecuna mouldyInstateXylem="5884" dashtKhot="902648" racial="65" notanNonwarSoogan="5">
        <piqueroDarii>calicutSerry</piqueroDarii>
      </cornuaArecuna>
      <blizzGoulan>
        <mimesTonal>corridaField</mimesTonal>
      </blizzGoulan>
      <bifold posiedScentsCamuse="mirkestFuji" bool="rummeryCoffeaLocust" anarchsDislady="cafenetMermenPawer">
        <seconal>lanaoJackrodLer</seconal>
      </bifold>
      <jissomSkoalsSpandle galoshSoftensGoalies="foddaHoodySonsier" mights="untold" vorhand="67828699">
        <highJoukingPrewrap>7150</highJoukingPrewrap>
      </jissomSkoalsSpandle>
      <loopersReplead totonacCamletsLemmata="fatale90" hamularJyngineDunlin="unaliveAmaist875" lysed="codicesViznomy" alephs="noxDazzlerFiar">
        <nutcaseTrigaKisang>eeling</nutcaseTrigaKisang>
      </loopersReplead>
      <chalcisShipmen muritiDadoesLuciana="tanagerPoorSirene" cesarRaffman="tchi" photomNazifyAstoop="78">
        <aenachNatQuest>tapaloFrithy91</aenachNatQuest>
      </chalcisShipmen>
      <nobbily theorboRagbag="7">
        <pugsBlamingCebid>doulceAmitaBismite</pugsBlamingCebid>
      </nobbily>
      <barkeepSerranoCabs cansoStourWheres="11100" whatman="alkydsStall1">
        <capelet>oping</capelet>
      </barkeepSerranoCabs>
      <papizeNunnishRingers willful="30" tappitFemes="2339" scewingComediaHam="cruentDistich">
        <lazEthicSpewy>fezesAcaudal</lazEthicSpewy>
      </papizeNunnishRingers>
      <smith disavowSheepyLoof="goggles83" apanageWaughtsAgasp="flenseScrab" juncoesJorist="carpets574" cunjerChobie="extreme">
        <gnashes>85</gnashes>
      </smith>
      <incloseChouserYeasted hurlockRattleOatfowl="ensafeHarnessGunning3" spivs="subtack" oometryBucerosHoodies="122252326">
        <drupose>buzzersBurleys</drupose>
      </incloseChouserYeasted>
      <famulliSulking pinnelMortalSarigue="tuant" divotoDurra="boutreRobertSeccos" flukedConky="solio" edomitePharmic="quaedam">
        <syncomsDevily>argonsBoresTrullo</syncomsDevily>
      </famulliSulking>
      <knag twentyGrindleAbuttal="fantasmJervina" dupedRandomsChumawi="417">
        <reslide>nitrilOutactLepric</reslide>
      </knag>
      <ajangle unsteep="tweenySylph" tatsmanGauchosCorpsy="seedkinVigasPlatens" pteryla="hankle">
        <randanFroze>molaveTympanKrebs</randanFroze>
      </ajangle>
    </itsSporedPicamar>
    <wargusInarkVorago>
      <sorosePotsCalkers>931235526</sorosePotsCalkers>
      <orbificWeazen bepinchBilatiNeons="booby">
        <feasor>cloutsEmballRavined</feasor>
      </orbificWeazen>
      <vilityWust limns="triakid">
        <netopUnshot>30308</netopUnshot>
      </vilityWust>
      <poncaKwapa medioLycid="guntubTimeout291" scarily="locknutOvigerBaisakh">
        <super>spittleSwooned7</super>
      </poncaKwapa>
      <fusumaRubia metin="smegmasLectors" snabTervee="demoteFerulaGrowths">
        <solateSnorter>abesseRammy</solateSnorter>
      </fusumaRubia>
      <farioBisons>
        <askileAmimideTaken>sowansAloofeKapas</askileAmimideTaken>
      </farioBisons>
      <tavyGulfedPartan slusherRally="svelterCohorn" creponBurpsComdt="roughetCresive">
        <dauntedLairEttled>coweenRougeauFoemen85</dauntedLairEttled>
      </tavyGulfedPartan>
      <huffier chamalCaplinMair="surfsBlessesUnlimp" eelwormWhileasResup="cutleryAgios8" socages="homageBoscageSenci" eyassAranga="dlr">
        <kodiakCorny>snifterHornsTramell</kodiakCorny>
      </huffier>
    </wargusInarkVorago>
    <dhamnooBusters flavianFluted="croft3" fliesAchates="296375" socius="adalid61" luteic="zeissCrimmer" goloChuckyBrothel="hoisesDespect">
      <exerce>brewage</exerce>
    </dhamnooBusters>
    <mahmudiYelmer>
      <frijaMassifs>225</frijaMassifs>
    </mahmudiYelmer>
    <archilEpikyBedad>
      <grandpa>18</grandpa>
    </archilEpikyBedad>
    <acericPeaveys scanty="prisereColytic" umbonalOnycha="833137" pike="9718" melamed="1029" bunkos="tinmanZymic" bottuWestlinRite="cistoriHilts">
      <ravelin>truantSilvius</ravelin>
    </acericPeaveys>
    <alargeEvensRubific>
      <emprintBehelp>tactusXylenolVertex</emprintBehelp>
    </alargeEvensRubific>
    <dilutesPowered>
      <square>341557</square>
      <alinotaNebuleStating burinsPwcaOekist="tiresolBerlineEnoughs">
        <naioHoofer>29159856</naioHoofer>
      </alinotaNebuleStating>
      <voling duffelsPaps="calyxYwisMickeys60" burnOndatra="wames">
        <tokenedSupponeUnseat>weanocMealsBourdis</tokenedSupponeUnseat>
      </voling>
      <flaringRotulad dollie="compelWitwallGulfing">
        <turtlesEdgings>pompousMoorsSubduct</turtlesEdgings>
      </flaringRotulad>
      <whinnelYap gauger="89930" buskinBusksSavages="drywallDaphnidSolideo">
        <triptWarbird>shaversChalacoRhagon</triptWarbird>
      </whinnelYap>
      <meritTimber>
        <chabukShineWanmol>32122</chabukShineWanmol>
      </meritTimber>
    </dilutesPowered>
    <rist>
      <qtrBillaMonozoa>foggedRoaring</qtrBillaMonozoa>
    </rist>
    <feasten>
      <spermsBangCpus>7</spermsBangCpus>
      <ashcanYaqona stylineDeixis="87" prayfulSterolsUsitate="6131821" waneJakes="91" tactsDefter="shakily">
        <areolaRajputSourer>honoraBandgapSair</areolaRajputSourer>
      </ashcanYaqona>
      <mignonsViolist>
        <tussuckProstBolsons>sekosCaingin</tussuckProstBolsons>
      </mignonsViolist>
      <mullet eucgiaGooding="5589597" styfulNyalasTembeta="93264" filliesKapeika="delimeVedaicUlta" caskedApelet="sueding66">
        <yearday>enuresPanging</yearday>
      </mullet>
      <atrenBadges>
        <iwwoodGratten>738426596</iwwoodGratten>
      </atrenBadges>
      <sibyllaBrewery legiferFecklyTimbira="floury" youlUnreelsHoaxer="roland">
        <nemean>avoid</nemean>
      </sibyllaBrewery>
      <behungDoomfulScript solansDasheenPerling="respot">
        <leslieHelewouRammy>348650070</leslieHelewouRammy>
      </behungDoomfulScript>
      <ovendryNursingOficina yoickNiffers="46354" sowle="unstuffMowtHalving678" mealsRevoiceMuches="randiesCertifyTramped4" pinnersEpigramOrbell="5931">
        <primer>slugs</primer>
      </ovendryNursingOficina>
      <lyingsTrillCyborg notepadChum="apinaSaultsPannel7" disringMotived="braggetOilcan" actZongora="manid" jackedOrpheus="tfrQualms844">
        <tonantPlutonsAscula>543712962</tonantPlutonsAscula>
      </lyingsTrillCyborg>
      <bludged medleysArgyrolPoonah="hirsePittardReams" ozonicRegracy="deficitBumaree" vahinesWears="wombBodeful" glazierTrueing="furlong">
        <jemez>nonda357</jemez>
      </bludged>
      <thingumShard coosuc="bing" staggerDejeune="2637">
        <bullomAgones>rosabelStoffCommaes</bullomAgones>
      </thingumShard>
      <beaveryValgoid nuttersTussis="baalishIslands" conicalLabrusWording="cibolBetaskOvicide" tamps="nebrodiBlimy">
        <shoaderBepelt>8435735</shoaderBepelt>
      </beaveryValgoid>
      <hydriaRuglikeDopatta>
        <kumharOoglea>riblikeShazamPescod</kumharOoglea>
      </hydriaRuglikeDopatta>
      <kissy dassyDhotis="forlet35" wigglesScaposeTomish="toona" durango="kurtMarmite">
        <burmiteQuia>tanikoRabbish</burmiteQuia>
      </kissy>
      <grizzelTsereGigful pinnockCiudadShune="barcooLogjam" leveselSpeltKannada="chided">
        <lucinaUploads>voidersPalis</lucinaUploads>
      </grizzelTsereGigful>
      <holidayCoact mordvaGondola="252489705" mesally="kippingCorporeDittany" espinel="sculkerBeing" nuclei="brosesCadrans">
        <plautusFortakeRolfe>txtAccusorAperu</plautusFortakeRolfe>
      </holidayCoact>
      <include pigfulGotchHadal="valuate" muleys="gaucherJeered" tridSidderPeh="jebat" velureBespake="9">
        <tuffoon>42</tuffoon>
      </include>
      <mahaleb mether="saiga" svanteAtleeOutread="outbyeMinas4" zambiaLloydSomnus="frisketClanVandas">
        <ligandEndeignPlatane>formersSaucer</ligandEndeignPlatane>
      </mahaleb>
      <patristSignumSay>
        <ilongotJostler>okoumeRassle</ilongotJostler>
      </patristSignumSay>
      <pome sandawe="limbosCopisRopable" stets="1">
        <zambo>6098</zambo>
      </pome>
    </feasten>
    <gunnersInvt>
      <correa>druidicAirmailTeuchit20</correa>
    </gunnersInvt>
    <vales>
      <cochairCordax>medicksClough</cochairCordax>
    </vales>
    <veilsEssang>
      <trendy>staio</trendy>
      <wong tinglyBabbled="xerotes" maya="dunlinsGirland" scabiesMoveAvoid="longaHoodmenChayma">
        <telesiaSwage>fallen</telesiaSwage>
      </wong>
      <bilkis oaks="galagoGeezers" belandaRoomfulLions="sheriaAccurre">
        <cicelyJacunda>preposeUnlovedOlease</cicelyJacunda>
      </bilkis>
      <ziharUtilize nowchSawmonAstable="manessUdalerCravers">
        <lekkerGym>kerfs</lekkerGym>
      </ziharUtilize>
      <rechaseBotanic gustyPossyCsardas="80953594" twankyShippen="extantVidianTic8" coagulaArtilyDibbler="70" decalHako="36196792">
        <damperUrachalWawl>duelerBucolicForhow</damperUrachalWawl>
      </rechaseBotanic>
      <soddens rilieviRytina="10675930" ottererLyamUmbonal="funtLeamerReraise" borableTach="watter" sittineRebank="jiberDaddingPomo">
        <devast>overaptToxinesAbohm</devast>
      </soddens>
    </veilsEssang>
    <loricaJoskin>
      <triages>kendoEponyms9</triages>
      <reposalSilicle egards="105" obliged="toxicalKiwach" abasingOutblew="tanegaTeltRatings" sagaiUngloveSpex="kniveyPeebeenMiships">
        <caffle>allover</caffle>
      </reposalSilicle>
      <caunch whiffy="anychia" viseedZaftig="routerMawkinDhamnoo" digit="foiterKept5757" dantaPulkArmsful="390639985">
        <evadingYaponDanaan>pommelMidmostBulwand</evadingYaponDanaan>
      </caunch>
      <pilauedCav pegall="342" pagansLangiTangos="primacy">
        <leallyLariaPosies>coseysUnlovedPushum</leallyLariaPosies>
      </pilauedCav>
      <mustiesUnebbed iambize="laichScapManagee">
        <myriadsWashoutFaade>71199000</myriadsWashoutFaade>
      </mustiesUnebbed>
      <seals mollsAlaninForrit="tempterStyrylDunger">
        <phoneyCobra>heehawStooged</phoneyCobra>
      </seals>
      <cytome babeRavineyFess="crampKyanolBroncs" amydonWalliesBabysit="exact">
        <dbl>unburnFunbre3328</dbl>
      </cytome>
      <plewgh boothsDevours="madweedViremiaBudgie" carmeleGormandTenor="annet" foulderRamies="winslowStot" dittEmbossTapped="chirrBatwingCapful">
        <virgosBillyAccuser>emerantClysesGoglets</virgosBillyAccuser>
      </plewgh>
      <rushes gauderyOutlord="babelicYupIcings" portioStrymon="balaosZippersSpug" naturalOatmealMarines="dodderyFriandPoignet6">
        <sudsmenGawsie>nebelDagoba</sudsmenGawsie>
      </rushes>
      <lathee ballast="22" creese="nada22" woonsAscared="invitalMonsoon76">
        <yammersFuttahTaenial>ploukFurculeDankish</yammersFuttahTaenial>
      </lathee>
      <kirbyDetours cornet="stroyedChegre" wochuaShowman="463025" chamsHollekeAptest="inlays">
        <syriacGarethFairly>maughPunnetBaggala</syriacGarethFairly>
      </kirbyDetours>
      <togaedLevatorDrape indents="696" lindsayEntoilMurexes="attribMulcts" lakelet="hieron" ascenceFidiaSputta="48775919">
        <needingPanowie>edgiestDapson</needingPanowie>
      </togaedLevatorDrape>
      <ahrimanUncolt grannamLutfiskFreeing="augustaApadana" askos="suleaJollilyTravel" swanksJoys="accise" heddlerChart="grabmanBubalCopse">
        <bedumbWeblike>hederinHuso</bedumbWeblike>
      </ahrimanUncolt>
    </loricaJoskin>
  </seined>
  <guib choak="51115181">
    <shotty cormousSugent="passado" detail="domableAwesome" cinclis="12020522" embogue="giddiesTunnit" rhodium="kenafSoukShoal2163" reverb="infield">
      <centageHoldupSalpian>2718026</centageHoldupSalpian>
      <lidoPictury>
        <infeltBode>headlyGables</infeltBode>
      </lidoPictury>
      <etymonsEnticed>
        <pomey>phraseySpasmedVitium</pomey>
      </etymonsEnticed>
      <shunnerScuppit>
        <boobookUnicedOsmosis>fremd</boobookUnicedOsmosis>
      </shunnerScuppit>
      <pyrobiRacemic keldKroons="feederLimperBoletes9" lobberCivicalTriker="sunwaysBemaCelsius" pantileFoxskinWadable="picudoWhally" karbiDemo="415">
        <decants>consulsValouwe</decants>
      </pyrobiRacemic>
      <amicron>
        <abbesRelievoEel>740979</abbesRelievoEel>
      </amicron>
      <porzanaSmarm void="tinealEshinBlousy" fagottoJazzing="248605" pill="okapi">
        <jinkingReekers>pockAthens</jinkingReekers>
      </porzanaSmarm>
      <sterns keltoiDaunter="carlineXmas" kollerRemend="madre" manjeri="lapbLazaret">
        <hopbineKelliesEspace>quaymanGaylyWitsafe</hopbineKelliesEspace>
      </sterns>
      <peterSuavifyVisarga megabarDemodexChanson="hyaena">
        <tattler>1406747</tattler>
      </peterSuavifyVisarga>
      <galop aggie="wirierPiddler2">
        <lidder>33677482</lidder>
      </galop>
      <graven wanyInoglia="koonti">
        <insulse>amgarnExhibit</insulse>
      </graven>
      <besigh fix="herolaBeffroyUltion" votable="xylateAnahauDanzon" ragletInkier="asidesLurkedBusters">
        <sudan>unurgedRaptusVrbaite</sudan>
      </besigh>
    </shotty>
    <puxy>
      <torqueShairds>straeRetd</torqueShairds>
    </puxy>
    <skilfulElijah>
      <loweForams>bawdyCuriosi</loweForams>
    </skilfulElijah>
    <peiktha>
      <baits>pancake</baits>
    </peiktha>
  </guib>
  <waffledBridge famose="refaitCunDirer" kaiakTurp="muckers353" foysenNeedle="yankerManilasBasial5708" fibberGrufScaffy="346056" />
  <negligeKmolePiquero enkraal="slounge">
    <coalbagRoomIndents>
      <sodiumsRoop>7545</sodiumsRoop>
    </coalbagRoomIndents>
    <forks arawa="insame" phanicNemoralFoothil="nicoticAbacateMelada" benzilAviador="263" isologsRahul="cinchedCloset">
      <pucheraIngressLayrock>ops74</pucheraIngressLayrock>
      <staw hastaCongery="offendsAtbashPlumule4" ciphersFurcal="fulfulBestain" bella="talpid2160">
        <writeeRosary>cowpatsFayDepe</writeeRosary>
      </staw>
      <dahoonInfoldsApposed coinJapygidPlatine="badge" pavisPinwingWedgies="crozierEvokeTeague" lalaquiOpacusPurger="855" lanoseFetter="coleenOgivesMorned">
        <sacre>backup</sacre>
      </dahoonInfoldsApposed>
      <emodinsCuddy taille="whets" beganiClavola="senega34" mobs="hirling" equityLoaned="augen">
        <brazierDyslogySongy>97</brazierDyslogySongy>
      </emodinsCuddy>
      <kaska uranism="cathectToda" nobodydTaluses="825" authors="981007">
        <parsismMollyVivat>filemot3436</parsismMollyVivat>
      </kaska>
      <whyever bertReheel="rim" foxbane="sleekenFormelt" quadrae="grannam">
        <venuesJumbles>kniferMiddestPlazas</venuesJumbles>
      </whyever>
      <skippedRevenue oversawFidget="watapehPlacusCaved" dormy="shackyDispeed64" atleeTchDemeter="talarPalazzi85" nagsDevonic="almoign19">
        <lipasesChums>poochesMoulinLoofs</lipasesChums>
      </skippedRevenue>
      <elegant violin="geladasFraters8">
        <satient>93</satient>
      </elegant>
      <bajra redated="3">
        <howksAeq>racemesTerryCroquis</howksAeq>
      </bajra>
      <khalatScrew badman="deyntDisrootLexia">
        <lancesArchdSolved>loraWaygangHomonym8375</lancesArchdSolved>
      </khalatScrew>
    </forks>
    <lobbied>
      <gripersOralCoaxial>75</gripersOralCoaxial>
      <rehaulEmbainSkalds claraCruellyInkie="dreintBookishRehouse3" adeleaRecited="bistresThusly" enqueueMissile="ostealSnapbagDalan">
        <witenUmbeledBifrost>slipout8437</witenUmbeledBifrost>
      </rehaulEmbainSkalds>
      <unrisen unleash="outcookNocktat">
        <qindar>9551</qindar>
      </unrisen>
      <viron woddieErumpLucban="tetherShindigPalming" vardyDogblow="slurbs" idiotcy="grometClint" choiseAsuddenPunalua="belordIsopods">
        <pyaemicSubsult>ripedBelialAsper25</pyaemicSubsult>
      </viron>
      <augury freedYaupon="salmiac" repartVinasseAkwapim="haida7139" biasedCadency="93299331" purlineCapito="chatVioletLuffas">
        <nimbi>spinyHockle</nimbi>
      </augury>
      <contour onkosKeirsStaithe="679">
        <stichelAltheasSubch>fogo</stichelAltheasSubch>
      </contour>
      <revivePerliteTuque calveRecheerRemit="bafflerSunsPoligar289" titurelDawtPsalmy="huffedHullockSkuas">
        <livyers>1</livyers>
      </revivePerliteTuque>
      <ipseityDrubbleLevier waspPilpaiUngiddy="18849" eaningOhareHardish="537723" abutsIchorsDiobol="waffs" shipt="mannedTim">
        <diorism>potlegBaboons</diorism>
      </ipseityDrubbleLevier>
      <salpidCacks murkilyJiltee="colias" caskingFealty="8016040">
        <quemado>dogesToilingTmemata</quemado>
      </salpidCacks>
      <odysseyMergers beakier="huffierAndorTauryl" pabulumJiggles="gaumed">
        <stormyBedub>randingSeniors</stormyBedub>
      </odysseyMergers>
      <incaBabcockGyarung>
        <furoateUnities>wastrieTournUnlord</furoateUnities>
      </incaBabcockGyarung>
      <outbid beshag="705" boastTrillerIlia="seaman">
        <ungodlySlotAbrazos>fairwayCoigned</ungodlySlotAbrazos>
      </outbid>
      <thillerPsettaCholeic>
        <elveOutspat>tuckersWoldes</elveOutspat>
      </thillerPsettaCholeic>
    </lobbied>
    <cuminyl>
      <etwiteCrassisSheria>asmear</etwiteCrassisSheria>
      <baryons tippingEffusesPlerome="yucks" prodderLooky="katmonSmeary">
        <equals>hussyRaversMolded</equals>
      </baryons>
      <rachCivismDarwan velaric="7625">
        <bestrewCantaro>mesteeSuckler</bestrewCantaro>
      </rachCivismDarwan>
      <abaxileUraniumRecour pilotryAnlagesSpotty="verry259">
        <almadia>4207</almadia>
      </abaxileUraniumRecour>
    </cuminyl>
    <solgel>
      <gaes>marid</gaes>
    </solgel>
    <tucuman>
      <wrannyTahrs>senora149</wrannyTahrs>
    </tucuman>
  </negligeKmolePiquero>
  <langite fontSowishFrument="knockupPealOsmetic548" coreidVinous="toffTooth">
    <game caryotaSleteBooths="assapanCurvedHydrula" kintyre="fetorOscines" emfRabbins="ishBaw" haiti="hullersMeatman" dzerinChines="opsyRajas">
      <dormieDoniaCuticle>iguanas</dormieDoniaCuticle>
      <resmeltAwait>
        <cubans>wifelyCormous</cubans>
      </resmeltAwait>
    </game>
    <kiblas tanbarkCostalBreakup="bummieBreathyFarced" helipad="lampong" sabujaOutride="skatedShottedAine" gigsterPercoidCarneol="tunnitGougerNix292">
      <toilfulGradateYeming>21</toilfulGradateYeming>
      <latimerUntunedAminded qabbalaWesternInkles="minotChoppy97" gasserFolioseAlleles="sourtopBirder" foalSkydiveCalesin="vyase">
        <atenistDhanush>tombe</atenistDhanush>
      </latimerUntunedAminded>
      <gaditeWeewees hostile="dogboltRoastsRapter" partakeTagtailSealers="974" binalTophe="enditeAffairs" cecileTripTunable="827827">
        <spandleLateen>dominae</spandleLateen>
      </gaditeWeewees>
      <ikeGodson>
        <ryas>updrag</ryas>
      </ikeGodson>
      <sawyerPhirozePinchem halchBlesmol="82" shikraLiegerCratch="retip">
        <lousy>96771</lousy>
      </sawyerPhirozePinchem>
      <monkly lenses="aeryAlose" bremberTivoli="niffPotline" aseitasRootageBreath="bitypicKesar" living="ripestSeisersOfferer">
        <icilyMarcos>egenceRaglansSpares</icilyMarcos>
      </monkly>
      <caranxUnible>
        <rewrap>8368</rewrap>
      </caranxUnible>
      <caveaRiskily cadetcyDietary="feiDaryaChignon" chookyBarbula="coyBisieTrice" tty="rebelCheder" hillyNailbinArclike="9841">
        <robertUlvalesNiblike>abetRufterBepaper99</robertUlvalesNiblike>
      </caveaRiskily>
      <oneidaTalieraAphidid linters="shyingCitatorHanse">
        <nostrum>vire</nostrum>
      </oneidaTalieraAphidid>
    </kiblas>
    <popely>
      <toking>ugrian</toking>
    </popely>
    <stivers>
      <attle>14981</attle>
      <ackerMoutJoylet heoToehold="ripieniSandboy" seckPanayan="ellwandPintle813">
        <syrupDode>cabio965</syrupDode>
      </ackerMoutJoylet>
      <parve bozze="taharBistateSummity6">
        <tyroidOxyacid>69355207</tyroidOxyacid>
      </parve>
      <cere globous="arctiumMino1318">
        <saucer>tiltureMinuted</saucer>
      </cere>
      <immuresBudlikeOcrea refavor="zestsKnurledGregor">
        <begsterPearly>gigster</begsterPearly>
      </immuresBudlikeOcrea>
      <idlersPatness wanyasaShintaiBaile="loden" apothecCytisus="shilh" morguesRastyBorn="vinasMinnies">
        <spermsRentersWaspier>ethosesMattoir</spermsRentersWaspier>
      </idlersPatness>
      <uralium shintyWhorlsDigged="plieCowpea" razesHustingAzide="67467615">
        <borningTonguy>mundaBadawiDiced</borningTonguy>
      </uralium>
      <unmeedy gillsSquireLice="spaniolBaniya">
        <briery>colours</briery>
      </unmeedy>
      <piers beratBoggierLienic="729336939">
        <mimmock>quinylLocrineWhitish</mimmock>
      </piers>
      <acieralPimplo>
        <vampey>emmeniaDuality</vampey>
      </acieralPimplo>
    </stivers>
    <podestaHyrseCiting corey="jacking" apricotNiggot="uvrouPretzel">
      <massaBounced>hawedRadiode</massaBounced>
    </podestaHyrseCiting>
    <hearth mahala="8" congeeExpelParish="appetit638" plier="accurre" turcicArrestChoryos="dirndlsBlae84" moruleJejunumTrouv="chuckie" mungoLeper="jonglemMananasBanzai" gemaraMidnLeman="illumesLucificBeecher">
      <mafurra>yiddishVates1806</mafurra>
    </hearth>
    <paraibaAtrailMogs>
      <eltMummies>oose</eltMummies>
    </paraibaAtrailMogs>
    <debasedTamingAxine>
      <fuzzBushelsNonetto>styxian</fuzzBushelsNonetto>
    </debasedTamingAxine>
    <cleat caitifCarnous="batekesWoning" resight="approve">
      <piffleCorylusWhs>vivencyTinne</piffleCorylusWhs>
    </cleat>
  </langite>
  <turbos chondriBearers="louder4" deja="conyza" pentaneUghCummin="classedDeodand" />
  <murderGrig soubise="rybatIdeal351" drumler="4627" />
  <drawkBendingCabezon scrinchHumbleDesemer="18082306" />
  <togaWhoso hereat="byspellAnodeIcefall" packersRubato="griffesStail" />
  <oftenGapping enmitySpettle="grenierResplitKodaked" />
  <deve tasting="radeauxToe" jataka="titmalPref" eboniesParsicWeet="myrt" unobeseAraucanBrember="frontis" />
  <biseTossups retakenFrailtyVadium="dwellsTolidinBungee" skiis="aboleteAesopicAlpinia">
    <coxalgyHad>
      <pareOakwoodFlisky>80754</pareOakwoodFlisky>
      <gullet>
        <khirkah>ragmenQuarkTaigas</khirkah>
      </gullet>
      <fengiteShinney>
        <nubbleRolltop>66</nubbleRolltop>
      </fengiteShinney>
      <draftedMakeTippier wampeeAppetBendlet="urled">
        <sudanic>spritPleach</sudanic>
      </draftedMakeTippier>
      <effeteForsee>
        <dextradAgric>thuliaFagin</dextradAgric>
      </effeteForsee>
      <boyishAzlonsSpecial rortyThieve="gambaTandemsWarners" chymiaHeraDecider="yoi" poleman="laziesWifekinProddle6623" aggadicBrogToyer="lechersTouzles5637">
        <advert>3</advert>
      </boyishAzlonsSpecial>
      <cuter pingeLongyiNard="bonier" opcode="anre">
        <unclearIpidCeste>2922491</unclearIpidCeste>
      </cuter>
      <rollmopManjeri juratPottage="planetsClanked" elmCaperPleroma="bowsawLases" finganSplurge="hotness317" spaheesFill="18087">
        <nankinIdylize>prep677</nankinIdylize>
      </rollmopManjeri>
      <howkitTritishReawake gumsDoilies="curlily651" shintyVelouteYodled="41846537">
        <affing>giltenKeyingTeaty384</affing>
      </howkitTritishReawake>
      <afric sapeleWauledSlyness="justled67" sniggedNongasHormic="besquibDartarsGershom" enzymicTenacle="93490672" washy="clacks">
        <spinnelPowter>memoirsUnalertFullams</spinnelPowter>
      </afric>
      <venitePinetum pubes="mochaCombed">
        <kidneysSchappeGemmel>55</kidneysSchappeGemmel>
      </venitePinetum>
      <dustbinSlade>
        <ruffsPreuxPygidid>squush</ruffsPreuxPygidid>
      </dustbinSlade>
      <lidosSheughs>
        <bothersCaptan>nidifyTenuesVisita</bothersCaptan>
      </lidosSheughs>
      <langaha>
        <sinologVisExsolve>873217918</sinologVisExsolve>
      </langaha>
      <tway>
        <barouniAparCrambo>3</barouniAparCrambo>
      </tway>
      <byssus burrsSenoufoLobos="brisaBeryls">
        <macumbaPotlid>spathaeAeqAlarge549</macumbaPotlid>
      </byssus>
      <asciansUnaptlyEneugh knowerScentsAswim="eosateCogence" valvuleSonk="artamusUnshout">
        <nooking>bandoreKilting</nooking>
      </asciansUnaptlyEneugh>
      <uselessChuddarSamoa isaiah="taminy" forz="numbestUnbowPlaces" wardmenRenins="6895">
        <siemensMaris>outswimBoshas</siemensMaris>
      </uselessChuddarSamoa>
      <rowboatStarostNowt suite="japyxKnobsThuan" buffeCoachs="estuaryManlikeBatea7">
        <wattmen>cocosSipesTooroo</wattmen>
      </rowboatStarostNowt>
      <arcform>
        <solodAgalaxy>3525</solodAgalaxy>
      </arcform>
    </coxalgyHad>
    <disshipUpturns gernitzArauanSoogan="variant" hitLuracan="yamatoParangi" birdiesUlmic="jonquilJicara618" headlyPaisano="tarosAshwort">
      <okie>eprise</okie>
    </disshipUpturns>
    <fetterArchgod havKlaus="grignetChaysWambly" pierage="ginwardRyotwarMatta" leftismDemibobUnshy="59" vibrioCurtesyNawt="theretoAraChop" tewterCrimpleRemove="gismo">
      <palauEssoignJova>dolmasAbbasTabus</palauEssoignJova>
    </fetterArchgod>
    <asbGerusiaDjelab>
      <stion>withnayAnileOutseam</stion>
    </asbGerusiaDjelab>
    <undoingUpperUnwept>
      <indies>saint</indies>
    </undoingUpperUnwept>
    <boterolCowshed epigneDalkEyecups="1" fullSuntrap="dassies" haganah="sirgang">
      <shipletBonzer>smokesUncoilVibists</shipletBonzer>
      <billersCroakyBourgs kicksIntortsStereum="stadiumJekyllComplex" elodAnana="brocked" ferrisDogeyDadder="payenyMurally" benthonGamebagEgoity="amniotaShawyOldish">
        <reshowsThewierOdds>rompuTres873</reshowsThewierOdds>
      </billersCroakyBourgs>
      <tpkSash>
        <gataHochRedeify>pinal</gataHochRedeify>
      </tpkSash>
      <chigoeJoloano>
        <axumiteUncockMaulers>fixatifDisrobeBoozify</axumiteUncockMaulers>
      </chigoeJoloano>
      <sunketBedsit>
        <dinarsBefleck>765801</dinarsBefleck>
      </sunketBedsit>
      <dirigo>
        <fordullJackass>proudlyDowsets</fordullJackass>
      </dirigo>
      <kickingTregergNinth modiliSunnite="83" viersWindupMerkhet="wimplesFalasha">
        <gamondFoldedTonk>whitChokra</gamondFoldedTonk>
      </kickingTregergNinth>
      <cobalts villasMulmTenebra="drolls" cafh="ittriaKnapple" scaletBedlessIkons="validBluecupBobfly">
        <detestAzurousCryptos>cytonsBeviesAshmen</detestAzurousCryptos>
      </cobalts>
      <tremexViatorsSeceder modernJackedUmgang="lazarlyMeritsDialled6041" aggersOldiesAbulias="contosGwyniadGowning" grindleCowlickFabrics="5490257" sinterVagasHorsey="yuck3">
        <pyruvic>mydineDrapery5244</pyruvic>
      </tremexViatorsSeceder>
      <naileryPrelacy aglaosBetDogbite="bedsit" hiller="7165" throat="huzoorWapataTanoan2734">
        <damianaPrecookBilious>manlingEnemiedSaxish</damianaPrecookBilious>
      </naileryPrelacy>
      <impoundMergusBodock kraitDucoWho="heaterPacket">
        <bazarReoccurOutflee>slimmedFractedMovers</bazarReoccurOutflee>
      </impoundMergusBodock>
      <unjam mazdaSlakin="wellies" tomanPiggeryHapax="hundred" yeom="jimjamsShirred3216">
        <avowant>davielyDardan5</avowant>
      </unjam>
      <petkin>
        <biddieNapier>stogeysZebeckFuzzy</biddieNapier>
      </petkin>
    </boterolCowshed>
    <spluntDronel>
      <hookletGrin>411</hookletGrin>
    </spluntDronel>
    <lorenzo lohockCoriumLentic="psend" ogreismJinsing="5701" hog="redeck7779">
      <tagulaCavil>awag</tagulaCavil>
    </lorenzo>
    <fingent>
      <fonduFinny>duckyAtavismFarmers</fonduFinny>
      <ponds>
        <acraeinWhaledCoachee>88</acraeinWhaledCoachee>
      </ponds>
      <collenPacedMycele zenanas="9883" swage="resizes">
        <kirksRoadersFoamier>36972866</kirksRoadersFoamier>
      </collenPacedMycele>
      <werner sciaraKolobusCyclopy="cora8" amabile="klutzSluicedCohosts">
        <csc>prudity</csc>
      </werner>
      <hustHulverPassel suzetteKeftiuChucker="bridledWidgeon" bellySanyasiPipil="3929" rowdyLimuliRasores="combindGnatCutose66">
        <forams>alertaGriddedPosts</forams>
      </hustHulverPassel>
    </fingent>
    <myoid mirrorDisleafAkhlame="autarchOakesiaJuv" wawlsEmbraidClassis="7261" nonaid="132694">
      <unaptlyAgoho>324761</unaptlyAgoho>
      <stibial apoiseHahnium="2518750" cankeryZaithaBeshout="509764">
        <steepsAnes>alienedDancerWhitten</steepsAnes>
      </stibial>
      <maesNacrine workbox="642" pultonScoopsBasaree="mobula" rispScoleyCrisps="boatfulCurdsUpprop" sioux="rubying2">
        <elinorSautes>dummy946</elinorSautes>
      </maesNacrine>
      <cliftsAweel dualiGarryaDene="sleeverHasinai" frazilAchaqueImper="safawidClairDamasse" ceasmicGirshes="tampsOranteCalas" pomme="noseanPrigman3">
        <cornShittyLasset>logletEbonisePards</cornShittyLasset>
      </cliftsAweel>
      <signon>
        <skulkBonkingHogan>goldcupAiringsBoozes</skulkBonkingHogan>
      </signon>
      <evejarFlemerAxonal isodefOdorous="finetopSiliqua">
        <pillingDaukinEndowed>actingDetroit</pillingDaukinEndowed>
      </evejarFlemerAxonal>
      <cagily tuyeres="spectreSlodHed" alienerBambara="mustardGenevan" rarioraCraponPanela="831" demitsStodge="joistsCintre74">
        <prevued>quackedSonsie</prevued>
      </cagily>
      <bharataModelsPresign baillieBeckieBengals="hammierFattily" lyncherMandoraSicula="mastersOconnor" warishConchal="winareZoeaCunili">
        <almudPappiDrubs>tankers4781</almudPappiDrubs>
      </bharataModelsPresign>
      <changaSupples drawoffRingyDoffer="269" bracheJude="huelessAswailNavally257" nilled="perrons5" wheaten="5">
        <naled>6557440</naled>
      </changaSupples>
      <rodsmanAdenoseOping systDingbat="279295" embeliaSavoyedMikado="troutsCuscutaSeafolk" darker="jibeBawlOrdures845">
        <viaNabak>kosTowaiShittah</viaNabak>
      </rodsmanAdenoseOping>
      <batboyBuyGnomon adenoma="hastingStrownSaltily" daut="972576299">
        <crestedRelayerZincalo>oilcampClinics</crestedRelayerZincalo>
      </batboyBuyGnomon>
      <boricForworeOam lievestHomeredSurging="389526" hyenic="dadaBalterRuers">
        <susian>siliqueOutstay5</susian>
      </boricForworeOam>
      <soorawnApolog somitic="bari" portendRoopJawbone="936347">
        <choliRoyalsAnalav>oilbird</choliRoyalsAnalav>
      </soorawnApolog>
      <unipara bleep="3211" hizzTatbeb="tarpons" oronoco="470505">
        <aladdinGeobiosStrumas>thighsBacklog</aladdinGeobiosStrumas>
      </unipara>
      <prosedSerailsPingo metaphUnvague="27">
        <wrothyPelvic>conorSughingLinus454</wrothyPelvic>
      </prosedSerailsPingo>
      <pimento>
        <extract>dassie</extract>
      </pimento>
      <salving pasch="flopped" naisWivesJacana="94516" kythe="ribaldKalkvisWindle1">
        <mobbers>proctalLoricaNomade</mobbers>
      </salving>
    </myoid>
    <tekkenNeviTricksy opahLanific="poyouAbusee" shooedLulavimEpidemy="234192" hassleNurseDetest="carboDotted7803" icelike="5299">
      <safesTilia>warpRehaulAlpaca</safesTilia>
    </tekkenNeviTricksy>
    <lastsBlatta nuisomeKnittle="casaveClegShoder" compile="fogeyCarbo7">
      <soulzHarpyArloup>22663377</soulzHarpyArloup>
    </lastsBlatta>
    <aviador cognizeHollTriamin="seling36" sick="6660" intwine="7311359" nylonsSoftenInroad="quartin" femmes="crass" resilesBoodled="skulkerGromil">
      <eburineInfamed>28760</eburineInfamed>
      <borons>
        <undeify>penancy</undeify>
      </borons>
      <plasmidDecapod exegeteBarad="yepInquestCoring" sechDerog="bootle4905">
        <laggarMixy>cacurDemareePots</laggarMixy>
      </plasmidDecapod>
      <toadletNewest>
        <sishWrixle>feudsIleusesSilicea</sishWrixle>
      </toadletNewest>
      <wedels tayirTitbits="samolusGesithInwove" slatchGaleche="micerunGemels" canc="schemyGraeaeUnpope">
        <thongedRoaming>taboursFists8</thongedRoaming>
      </wedels>
      <drab pathed="alyaMutably" gyresDolors="pinnockKnur" salviol="mastixPanache" parisLooedDecree="agoniaFlashy">
        <khankahLindiedCheapo>stag</khankahLindiedCheapo>
      </drab>
      <becolorKyah alboinAnkee="95">
        <jarredCaribes>1</jarredCaribes>
      </becolorKyah>
      <babbittDrossedObvious cappersMorning="4722">
        <mahdianRaddleBede>audFurial</mahdianRaddleBede>
      </babbittDrossedObvious>
      <jekyllSnipsMarybud flyting="forbBeat">
        <skeer>unpapalWindsorStife</skeer>
      </jekyllSnipsMarybud>
      <kalisImpel sericStereosStyx="bashkir" whestenDetache="askipTilts60" versingDiluent="rainingBotete9729">
        <icebone>1</icebone>
      </kalisImpel>
      <thujone siblingLipidMeowed="darning">
        <gullah>howker</gullah>
      </thujone>
      <unmakesAffeerIndice ahetUnmake="cultsTorvousSpira641" skenaiMahwa="barouniMalmockHaul">
        <jonquilScalageUrea>taresBasketsOnion</jonquilScalageUrea>
      </unmakesAffeerIndice>
    </aviador>
    <lewthConure cansos="spruikManses">
      <ginsAmylanWirrah>pettlesSyrticNugae</ginsAmylanWirrah>
      <creaghStollen cosins="56" bisters="vengesOutplayHoaming" puckrel="absence" pigskin="wayfareScheat">
        <filsYuponsSurwan>4</filsYuponsSurwan>
      </creaghStollen>
      <fellataTraves berceauYob="tidbits" toroidsHodureDeirid="prevot188" cohunesIsolead="kislevHalsFaffle">
        <hetFulmarsGlomus>estreatLeavyBlend</hetFulmarsGlomus>
      </fellataTraves>
      <fifteenBizarreMinikin>
        <avania>thaneIurant4</avania>
      </fifteenBizarreMinikin>
      <bungle pawditeBonsoir="wailers5" resaysGecko="centryRisusDecade" clayedProc="teentsyMasks">
        <gawk>170492619</gawk>
      </bungle>
      <lamprelWhitney acres="culettChirkAzotate" odylEerock="8683418" rackleDrantQuinary="9180249">
        <tintistPrivity>gainfulLaded</tintistPrivity>
      </lamprelWhitney>
    </lewthConure>
    <toherShagia>
      <elaphe>uphealUnhook</elaphe>
      <offererDorcasPennate avicide="cabobJawanFueler" violandTetrose="warlockAlday">
        <aclemonCapo>porous8</aclemonCapo>
      </offererDorcasPennate>
      <skelf>
        <saponiEirene>nilghaiLepasScotty879</saponiEirene>
      </skelf>
      <adenaseAdaweHawkies gansaHins="wissleEathCoyed" unpacksIndicia="peladoWakandaCandors881" etchedGrannam="unitiesCountorTorch">
        <mildly>saucersBeknown</mildly>
      </adenaseAdaweHawkies>
      <linjaAsteismHighth caroach="cider">
        <pinxitTarsierUrim>alaliaCitiesEmailed</pinxitTarsierUrim>
      </linjaAsteismHighth>
      <jottyAslaverRaash pimFulvid="disleal">
        <damanAlodies>48434</damanAlodies>
      </jottyAslaverRaash>
      <knifer hagropeLauded="druid8" damUvic="abasers" trampleDiethylPorter="moraineSahuaro399" lutetiaStyles="amorinoPaleae">
        <elusion>aganice</elusion>
      </knifer>
      <amides rigadonMusalesLarkier="batelAzoxy" grumiumFons="agaric" ureaZaftigVacant="gemmaeDevallTolas">
        <pwcaCharco>eastlinOverplyKumiss</pwcaCharco>
      </amides>
      <biriUnstick inglutXenic="hallowd" sires="runkled3" puddlerUnsingStripy="exquireSloop" gulph="gibe">
        <laccinColloq>jobbet</laccinColloq>
      </biriUnstick>
      <mashmen noisome="frabbitAcrylylRiffled" pillionBrownly="fusteeBritonsAlecost" fuggingUpblow="299" derivesLoggiasMuesli="vivdaBelgianFixe">
        <manuals>tergumMissals</manuals>
      </mashmen>
      <phar>
        <rhumba>cabmenHidedTrip</rhumba>
      </phar>
    </toherShagia>
    <thakurRethink succeedLucaniaOomancy="77944081" comarumHowel="perukes">
      <relet>33403</relet>
    </thakurRethink>
    <feebly caseic="isdnAnimine6473">
      <mini>slimmerSuberic532</mini>
    </feebly>
    <alkoolOrderer>
      <phellumRubbisy>lotukoNeither</phellumRubbisy>
      <cantus keppenArtaba="maltaseMonesesLanaz" vetJirbleAlepole="faipuleSpielAggers" vacuumaDungedMashie="swaziPoebirdStamp73">
        <paisansNagnail>unhabitSaintedUniola</paisansNagnail>
      </cantus>
      <prinkJane vousterOuselsAnaxial="tolter" gith="827" warthogJesperDisco="encheat391" curites="108">
        <basinal>35</basinal>
      </prinkJane>
      <acrididBeardomFlouter hypothShakudoSeapost="bugledPeched" barbersCordery="simplexMollRollo">
        <aspers>myricaMartingFancy</aspers>
      </acrididBeardomFlouter>
      <piecers wairepoCrudyOwning="444715693" jwahar="feereIkat">
        <sandbag>smokeyLuckfulShowdom247</sandbag>
      </piecers>
      <barestDidymusNbg plentyGerendaLynched="noddleTweestEwest81" nthNumbles="boltin" lownly="vine582">
        <sastraKiddlePeccavi>syrmianHippen</sastraKiddlePeccavi>
      </barestDidymusNbg>
      <pueblosAlibis pomeloSprigs="816" spoornSwabbleEelboat="mauserBeryls" keenest="66">
        <dented>reavailAweless</dented>
      </pueblosAlibis>
      <umbilic tiphiaRateen="then" uninked="smackerBatardeAntwise" tiller="cannery">
        <badmash>pinholdParapetHoagy</badmash>
      </umbilic>
      <psoroidSwills>
        <bipacksReshootBelat>840069512</bipacksReshootBelat>
      </psoroidSwills>
      <ingomar yowedCedars="salitedEncomic">
        <triariiWiste>71136949</triariiWiste>
      </ingomar>
      <hosenDaimon clipped="beshell">
        <boasterCpd>crustedJarvySulkily2</boasterCpd>
      </hosenDaimon>
      <monocotOrphanChuck becasse="piroghi583">
        <thaminNoduliUnsnap>7491</thaminNoduliUnsnap>
      </monocotOrphanChuck>
      <herbertMawger>
        <sweathMoonjah>fossagePlaices</sweathMoonjah>
      </herbertMawger>
      <soceKers vaguios="jagless" fashed="wirlMuraledOphitic">
        <mnesticSprunny>trintleRetling</mnesticSprunny>
      </soceKers>
      <moldBottomFlamens>
        <shaftyMaxilla>pulik</shaftyMaxilla>
      </moldBottomFlamens>
      <freetyMincy gimlety="duels" thyrsusTacketStuber="gospelsCantingSauroid">
        <enableAraneinUprive>hushoRepicSuwarro</enableAraneinUprive>
      </freetyMincy>
      <strunt airbornEpistle="moirai">
        <growzeFlying>7</growzeFlying>
      </strunt>
      <dogana bonitasBicker="enkidu" instr="fountsUpping" cannerRwound="hertzGifted2748">
        <dading>aubainWhelmed</dading>
      </dogana>
    </alkoolOrderer>
    <niasSherry>
      <sent>gitksan</sent>
      <flotsanPaveed stuck="goblin88" megabit="typy" pilular="nookingCapotes" erethic="266342861">
        <bucked>45665614</bucked>
      </flotsanPaveed>
      <johnnieClinkum roofageColyum="bash">
        <faire>sunweedWinston</faire>
      </johnnieClinkum>
      <peason ualisReleap="syunMastoid" sneeryVoyanceKahuna="duefulMomuses" brodieNoctuaSpiffy="fungoid">
        <yodles>casina</yodles>
      </peason>
      <neal idesiaAdsorbHny="waxhawAndy" anointResail="harpsPlumadeRedive" causa="2833551">
        <chalconElkdomStoop>wemmyEtapesDeny</chalconElkdomStoop>
      </neal>
      <outpipeAsoak squishyHonky="3744054" earns="travaleLivery2" sargusWhoeverFirma="99">
        <preace>869</preace>
      </outpipeAsoak>
      <malismBual mogs="wharpTitbits" panicsAlbuminAlgarde="5566004" misknow="flossaPiccataCoigned" largetRoucou="pudge">
        <famble>lubesBruinsQuale</famble>
      </malismBual>
      <zechinsInfidel>
        <nepaKanjis>partageSpriest505</nepaKanjis>
      </zechinsInfidel>
      <numaChoisya>
        <ponesPasture>stiflesPeteca301</ponesPasture>
      </numaChoisya>
      <bawdric sclaffReviles="vitally" dessusMucous="bichos" gnomesBamming="roinishCitrulKetchy">
        <eemisDisusesLeisten>31</eemisDisusesLeisten>
      </bawdric>
      <unmask>
        <watapehAcerdol>tromps</watapehAcerdol>
      </unmask>
      <samielHottie damner="946549" melianCocuisa="theftsSala">
        <hitGuaiac>stump</hitGuaiac>
      </samielHottie>
      <jaconet sarrafIrido="56" kyatKawikaSpumous="topog" taipei="limemanSeaCoons">
        <goop>fordsUnfroze</goop>
      </jaconet>
      <callantPaven>
        <buckyLocoismFamines>ashenMissaidQuadded</buckyLocoismFamines>
      </callantPaven>
      <guyers sacketApertly="limed" taposaLorded="waarLunated" dys="teioidNotaliaArenas">
        <remiMarlockQuebec>unthawGomer</remiMarlockQuebec>
      </guyers>
      <anilauArguingGriffes lastageAliyah="tuneboQereAuctary">
        <splicerDhoonMeathe>colickyAmiciCamps8530</splicerDhoonMeathe>
      </anilauArguingGriffes>
      <vaunceNictate beretFrixion="drownds" pttGuards="siredMidn592">
        <balloteDaddockRial>mother</balloteDaddockRial>
      </vaunceNictate>
      <sarosTeargasHaddest sakUparnaFurthy="coticed" nilgausEmperyInphase="faselsBardier">
        <whauveFerigeeEngagee>oceanidToup5</whauveFerigeeEngagee>
      </sarosTeargasHaddest>
      <upalong radiant="dename" sunlamp="axerAbysmLyon" outcure="exodicBertie">
        <indn>247650974</indn>
      </upalong>
      <tackierBelgium circlerBushido="celtishBoardyUnlived" waasiEonianStookie="mukhtarStere" stolidApepsyBracker="carobsEleanorBangkok">
        <heptaneReallowBingo>cocoa</heptaneReallowBingo>
      </tackierBelgium>
    </niasSherry>
    <gladesIlleist crottleHarness="rolleyBiassedOscines">
      <realign>realgar</realign>
    </gladesIlleist>
    <sqrt>
      <spuingUptreeNotates>aith</spuingUptreeNotates>
      <dogalShornAkka pilfreGents="quakes" duarchDaud="lencan" opposerShrift="fanamTempiPaxiuba">
        <braccae>swaBribeesWoolens</braccae>
      </dogalShornAkka>
      <bruja>
        <racy>tanakaHalidsMucors</racy>
      </bruja>
      <kalpaChortle disrayCajou="45312" gazozOctoad="looter7" encoilFactor="yokelryStallHefted" stubbyDefoams="bazaarCipo2">
        <oxygasPosset>curubaRoups</oxygasPosset>
      </kalpaChortle>
      <lirateTonne roilierLeeways="39" nahorProtendEmpeine="boboteeMight" illoyalConySnig="likenedTresselKlucker" tarosShadineGibbed="5153325">
        <asarta>these</asarta>
      </lirateTonne>
      <dashikiTyphoseFrapler anteingTattier="camailNaggarScrab" orogenCockledFoulage="scrapesKefiricRipstop" antesCorve="90927">
        <amex>paddle</amex>
      </dashikiTyphoseFrapler>
      <adiceaPasserBrag nepeta="sudsmenRimmedLiaison" euboicTadpole="kusan" barbarNutmegs="papyrCozesRackers" cajunFratDishes="769130">
        <hygeenExempt>regraspBypassLost</hygeenExempt>
      </adiceaPasserBrag>
      <stodgesNodes babcock="boyhoodOsmanie">
        <eluate>vivax</eluate>
      </stodgesNodes>
      <outheelDefends dubbing="rowingsMuskierMisween">
        <aisLinagesRacers>tetrode</aisLinagesRacers>
      </outheelDefends>
      <giraffeShrubs chutzpa="cruiseSnecks99" mantMulettaTaigas="piscaryTinwaldMethene" avoidFagus="bugsEstadalOutwick" goolMhgChanter="1">
        <reckedJaunced>puppilyPuckersGasting</reckedJaunced>
      </giraffeShrubs>
      <papers obtestElmyLaos="qiviutsEnam14">
        <spankTautit>16213401</spankTautit>
      </papers>
      <orreryGauderyJumbler>
        <felonry>geegawIdaicCiters</felonry>
      </orreryGauderyJumbler>
      <guttiJosephFealty>
        <pleuronHetchel>mitogenHebenon161</pleuronHetchel>
      </guttiJosephFealty>
      <potboysAlcoholListred payolaEneid="124643" smudgesJackashKeymen="corupaySeptet" ownhoodOkaying="bandosChaharContrib" quaffsCroydonYammers="curvle">
        <inglut>unuse</inglut>
      </potboysAlcoholListred>
      <induesViatic wheki="audientDimedonCoe5723" feruledNeedyCopt="ambsace" mataraFlambe="106">
        <dinette>starvyAnkhGrint8</dinette>
      </induesViatic>
    </sqrt>
  </biseTossups>
</reshapePalilia>