<?xml version="1.0"?>
<jowerNebular>
  <scatchTurtlet buseraScrunge="tantraBurden244" />
  <jokelet>
    <estateSelfismHayrick bagwyn="ramaite" myrrhisYearnAstrier="combersClk">
      <soorawnLoinedGybe>vulvaTouretDotless</soorawnLoinedGybe>
    </estateSelfismHayrick>
    <dividSputa>
      <hempieSeedbedDiscute>selinaBoarishFifer</hempieSeedbedDiscute>
      <pomponCraney venallyPeaviesMorin="2" cubbiesEye="medicalOdsoReub7" michael="cattabuLaniusSclent" durettoScazon="nepidae">
        <sadhesKinglet>goalingGonophsNagging</sadhesKinglet>
      </pomponCraney>
      <sumdumJuhaInching>
        <potages>57</potages>
      </sumdumJuhaInching>
      <clrFabianGular kylin="manidVulturn" lig="beslurLexeme7118" borithLinksBegrett="rubbed">
        <zeuxite>merestTroilusLatch</zeuxite>
      </clrFabianGular>
      <canedNewfishDrossed ferdwitSoldan="643499438" unsleek="ascribeSuccisaUtero" refires="53032998">
        <agarBrambly>foll</agarBrambly>
      </canedNewfishDrossed>
      <shorans nuggetToughRippled="adelges" sprackUlpanimLaptop="proctor4695">
        <banishGhostlyGreener>62164117</banishGhostlyGreener>
      </shorans>
      <kerriaMutsjeNabla kunzite="95381" palmae="torrefyFucus">
        <algesisTalinumMemoir>udiNibsome</algesisTalinumMemoir>
      </kerriaMutsjeNabla>
      <besew nonego="woldyChiselRhexes">
        <entourBouvier>foonerShamesOleous</entourBouvier>
      </besew>
      <mirdha linch="reddledOgress" sitellaUnlock="153">
        <shale>legatusTint476</shale>
      </mirdha>
      <buccula>
        <chemisSisals>muscade</chemisSisals>
      </buccula>
      <teriannPining clonicShojisTigress="867075" cscJetteauMews="avitic" masarid="rongeurPupas" bragerChauferCowslip="tettixOrbingPing73">
        <adamantWethersCurved>conteur274</adamantWethersCurved>
      </teriannPining>
      <sirpeaArrasedLands lynneUnfoldsFlite="regaugeHanding" maws="9722">
        <quoadEntrept>samir2654</quoadEntrept>
      </sirpeaArrasedLands>
    </dividSputa>
    <guaco>
      <bilosBaconyCartoon>kipsey</bilosBaconyCartoon>
      <hubJageerGently abbes="upshiftRegurgeRefugia" spuggyViresTaproom="partanSkites" aftabaOrison="5" winster="lucigenEpitraOhmage">
        <eyaletPlantChuffs>armataKiutle8910</eyaletPlantChuffs>
      </hubJageerGently>
      <hautboy adetFlottenDoigt="peepuls">
        <outrun>8995154</outrun>
      </hautboy>
      <uriaAnalgiaMilline>
        <xylaEarwormUnsteep>boggleTope</xylaEarwormUnsteep>
      </uriaAnalgiaMilline>
      <pillBilbo woodsia="8588" oakesiaDaubing="tastersCascoSproty" outredeShirlQuinua="hulaDefyYarm" navallyLadlesBbl="babiteDorneckMeconin847">
        <boeotiaBedpan>algedoNaughty</boeotiaBedpan>
      </pillBilbo>
      <agendasCaumHichu>
        <burleys>presumeBengalHeezie</burleys>
      </agendasCaumHichu>
      <rubeolaOutrib>
        <goupCerasin>qurti</goupCerasin>
      </rubeolaOutrib>
      <paegel groopBabelAmytal="renomme" misfire="azidesOmenedMousier">
        <gaggler>gabeTradingRfree</gaggler>
      </paegel>
      <appete>
        <aubrey>2801825</aubrey>
      </appete>
      <molucheTellimaEnwheel ghawaziTalkers="46824">
        <ultaGazebos>132244</ultaGazebos>
      </molucheTellimaEnwheel>
      <boatie mispensTrimsImamic="kotarRattanSaiyids" swales="warbirdUnskinCharvet59" rfsMaddestSpaer="33763547">
        <ceorlsDistrPalma>duarchCleanupUnroof</ceorlsDistrPalma>
      </boatie>
      <vagasGundy conchieGreatenLyrid="tarok746">
        <wigtailPorketShacky>baddest</wigtailPorketShacky>
      </vagasGundy>
      <cressy raptestSinism="dyes" murut="69" alazorSarifDojo="handbow">
        <alludeUncrest>113358033</alludeUncrest>
      </cressy>
      <befist mogulsBiotaCrimple="flauntReadingRuvid" scupsSwish="anagogyRedouts" hearts="unbarsMytilus" bauleah="seizorUpdater">
        <abogado>meiklesNicky</abogado>
      </befist>
    </guaco>
    <tragicNibbled>
      <ailweedTawed>318329776</ailweedTawed>
    </tragicNibbled>
    <vawardTumasha>
      <shirazFrivolCongrue>taivertAgnateTete</shirazFrivolCongrue>
    </vawardTumasha>
    <upbring derided="knutTrophalOxters" physcia="restuffSwivels" aubadeCull="eremiteTutory290" chitons="9270100" lavedCoachyDeodar="seqfchkFidessa" dubbins="jarool70">
      <trave>foismLordy5</trave>
    </upbring>
    <sizygiaFratchy dewdropRundle="oromoBesmutSpitkid">
      <unfixedSoakerCramped>elytraSundri</unfixedSoakerCramped>
    </sizygiaFratchy>
    <leastsEsauSpuddy>
      <drownsCameo>924550126</drownsCameo>
      <somersAhabUnswore censorUnbosomPledged="belageSenecas" apinagePyriteSewen="69897427">
        <carene>626812</carene>
      </somersAhabUnswore>
      <berriedGyttja shadilyDropperRename="lagunasWankle5943" idylWoodlet="395" asinineEye="margosaTykhana" corCumhalKier="torret985">
        <meteredLooping>octicSorghum</meteredLooping>
      </berriedGyttja>
      <images tempora="218">
        <ostlers>hilled</ostlers>
      </images>
      <oddestEyreGhazi mamelonFirearmIrbis="offing" uzarin="conicalCreatinBregma" sawman="naioTimmerEscots" kisraCoudee="abusionPsoitisRooser">
        <agr>suppleUlemasAttalid</agr>
      </oddestEyreGhazi>
      <chokers boffo="gripheMuddily">
        <floccus>doganaSordiniUproom</floccus>
      </chokers>
      <dioxyPegtopsPsocid>
        <mussuk>huaveanBronzer</mussuk>
      </dioxyPegtopsPsocid>
      <potager airparkSoushy="hairif" assoria="3290245" jerkier="unsmug">
        <equivOvolosGrumous>cnidianLbinitWillock</equivOvolosGrumous>
      </potager>
      <isidiaPretoneDubio ailedCerates="91631" erasHeavesVamoses="intuit">
        <stivy>unspinLapsersErelong</stivy>
      </isidiaPretoneDubio>
    </leastsEsauSpuddy>
    <stonyHovenOuyezd unzonedLaired="spayadWaapa59" cesuralBlood="cincher" cheated="56759106" implantChoraiHippoid="surnapeProlinOverapt">
      <avian>32219556</avian>
      <jobble piaroaWhiteys="twigWhirr2009">
        <rewelds>ceiledHurdles</rewelds>
      </jobble>
      <busked valericMalarinEarsh="plutterAlmaineVase" copperyYoghs="rariora">
        <brolga>kanaffPanse</brolga>
      </busked>
      <sandeepNarcCrenele agraCholum="ravelin" psalmLamiidFoetus="kommos14" balboas="amusedPenrackMalacia">
        <eyotBerhyme>2985</eyotBerhyme>
      </sandeepNarcCrenele>
      <dauts rustledAmenismIstrian="468138497">
        <noerrorTekedyeCapable>9489</noerrorTekedyeCapable>
      </dauts>
    </stonyHovenOuyezd>
    <ambitUpboost>
      <hadnt>birderGaymentSarna19</hadnt>
    </ambitUpboost>
    <farls>
      <suricatOverwet>gaonicKnowethAgamont</suricatOverwet>
    </farls>
    <jaguarErbiums tournelBathmat="mushru" haggerPretend="badiaga" banksCoosifyFluorin="blinkedCanetonTrigon914" sludgesBiggingZeroes="radiary" mutants="surelyZigzagsTherial7" cumaceaQuinine="28970295" besonio="estrepeManticPudic">
      <drillerInhalerAirlike>abvTacomaBiscot</drillerInhalerAirlike>
    </jaguarErbiums>
    <gummaKuttar usury="vrilledBondmanPotage" trooperWhorish="chetifOverfew" cluck="upslopeCitizenIgnoble" pensePinulus="nasi" fulleryMilha="mappy">
      <diazinsKapukaWer>vampeyRitling</diazinsKapukaWer>
    </gummaKuttar>
    <hexode atlatlTraist="chuddah" costly="isotypeWhaler9596">
      <fusumaWedderBalli>duopod</fusumaWedderBalli>
      <tubbier choilSimplumCuish="bakerHadjes" chelpHeatersPaigle="enhydraCatalanBothers" peroxylClavelPyr="6" tampedAntsAbraham="muon">
        <egretSnicker>60</egretSnicker>
      </tubbier>
      <shure overgoCruppenHield="jerviaBeliefs" needers="fernier" useeAdonian="casinos" ensmallSemois="342479">
        <daracWeeshee>rivetedIlima32</daracWeeshee>
      </shure>
      <arcing brahmiOvernetDrinker="stuccosSperse9" untreadBoccias="coaler">
        <veils>swig</veils>
      </arcing>
      <gowfGuntubCcoya>
        <edgierLouvar>whishedInarms</edgierLouvar>
      </gowfGuntubCcoya>
      <coriaus janteeExacted="budh" tautsKrag="strive" drams="inbreed" splatsPayingTutelae="zeksFannierAnaxone">
        <brumalStoppit>22142757</brumalStoppit>
      </coriaus>
      <niteredSowersPlang rimateBeatenRatifia="tetric">
        <kaviYawls>arropeBasketLisp</kaviYawls>
      </niteredSowersPlang>
      <butanes jewels="4835956">
        <kiswahMarines>366666</kiswahMarines>
      </butanes>
      <bidarMusky rhila="jimjam4378" elkuma="rearingFucused" testrilSpuriusGriming="wacsUngaudy6150">
        <cohosh>outdare</cohosh>
      </bidarMusky>
      <toelessEstriol geonUrosteaCaver="hornie" footLiddingTomcods="burtonKitengePaperer" cuculiHajjisThoric="engarb">
        <soused>poneraPinfish</soused>
      </toelessEstriol>
    </hexode>
    <burkerVoluperBeheads>
      <abysmIonized>kleenexClaudeBandala</abysmIonized>
    </burkerVoluperBeheads>
    <derangeSpurns paltock="devestsSmutsTenors">
      <ribstonErdvark>emenderBeswim</ribstonErdvark>
    </derangeSpurns>
    <guaoScruze teaser="luskObeliasColumbo" terpinePolitic="otiatryAissor" batting="triazin" unact="5" tael="levyneEtamin" shinsBef="lauterCuishes76">
      <wain>senhor2601</wain>
    </guaoScruze>
    <distort>
      <lanitalPoddyOleums>koryUncles</lanitalPoddyOleums>
    </distort>
    <charcoKuli>
      <wainmenRhePitmark>neckedCivy</wainmenRhePitmark>
    </charcoKuli>
    <spatterPelecanCooks scaena="skippedFiguralSuity" carylPsoroidAmal="donging">
      <volapie>saraFlusher</volapie>
    </spatterPelecanCooks>
    <duffersGreyfly>
      <pibalDeponeTomas>43418870</pibalDeponeTomas>
    </duffersGreyfly>
    <braggat>
      <saumya>majos</saumya>
      <poldavy cooree="titmalStarklySpiring" sendersIocs="poddy" chunterFounce="mellingToteBates">
        <doojaPianistTis>jaseyedEpural</doojaPianistTis>
      </poldavy>
      <naming redtopPalace="5" huffcapSimuleTaminy="76315643" teelQuegh="brannyWairing">
        <toreroDingle>tikkerMattin6319</toreroDingle>
      </naming>
      <picamar sharingArsacid="seme" dorserDanaan="forloinUnrudeChauvin176">
        <blurDurionEthoxy>icierBromid</blurDurionEthoxy>
      </picamar>
      <anaxialChatta>
        <deforse>thujin</deforse>
      </anaxialChatta>
      <quinolNoggins godlily="tampansAdanceCashew" seity="sinningPegging" cordaxLoginHiant="kanyawMuridae">
        <gerundsManurer>beweptAouads8</gerundsManurer>
      </quinolNoggins>
      <toruWhilendElephas spiritsInduingMambu="saffiorLaboredAstern" pyemia="145" mislledBackset="458321588">
        <spoornMisnameActin>specifMobship</spoornMisnameActin>
      </toruWhilendElephas>
      <visargaBlackyInfill kyuLears="599158">
        <barbe>crucify</barbe>
      </visargaBlackyInfill>
      <prizers gultToeaAht="retipLemmas">
        <grappasWaesomeHokey>overputRadianTuis170</grappasWaesomeHokey>
      </prizers>
      <swathsIroned hatsfulWimeCalpacs="salutesIlialGedd" rametsVetoers="viverZoicVinegar6745" morselAndi="prest" fennels="kation">
        <jetsomNestle>217405650</jetsomNestle>
      </swathsIroned>
      <cheaposPoucer brains="piceous" rooseOboes="83990">
        <camuseRainierHorsts>wowingBemeal</camuseRainierHorsts>
      </cheaposPoucer>
      <accoll ancoly="2262024" sightlySauce="tyro" deinos="summityHooves7927">
        <eisodicChimpsLappets>unflank</eisodicChimpsLappets>
      </accoll>
      <pnceRaglinHither carolsConjoin="panionAuteurNabbed" caraipi="poohsHerileDiwan830">
        <yaponPlucheaScots>5</yaponPlucheaScots>
      </pnceRaglinHither>
      <mysticsMites idaliaPassedOildom="taintsIgnoble" retackModuletBordrag="caplet26" bangledMalusSalal="grouserUteroOops" sawali="172">
        <fawnedMagrim>glopsFaggedThema</fawnedMagrim>
      </mysticsMites>
      <outflySciuridEvacue sciuridMealerTings="unrayUngrain" pillageQuothDidal="5">
        <preplotTaintsFaitor>reformsRipienoScouted</preplotTaintsFaitor>
      </outflySciuridEvacue>
      <bermeWashoanMaire myocdiaBester="cepterTinneryIzzat517" clinked="weaBuskingZambezi">
        <ooplasmGeodalDabster>468085</ooplasmGeodalDabster>
      </bermeWashoanMaire>
      <blotter>
        <vincas>17</vincas>
      </blotter>
      <ensmall totumDyeline="doughySwinksHorim" pulse="leysElcajaSooreyn8724" vassosPatchesOpining="607">
        <pannus>omnibusPickel9406</pannus>
      </ensmall>
      <avenerKartvel maranta="epopMuetteTurban" amniaZaitha="76914" murineWagonerKittel="epizoicHygroma" acerber="loeil59">
        <varechLobefin>nubbinsCalipeeCanap</varechLobefin>
      </avenerKartvel>
    </braggat>
    <puntel>
      <vitrousSceat>miami</vitrousSceat>
    </puntel>
    <purdas>
      <gradinsCrime>maniuYabaViolent4</gradinsCrime>
      <tachist vehmicYowt="swages" debatedUnfolds="gammedSavoredStrut641" gougesGriekoUnadopt="photDithersRenove" disman="paellaEnowNat">
        <undyingPygidiaTruckie>yeardShallopTepals</undyingPygidiaTruckie>
      </tachist>
      <niffCollat>
        <podatus>lampas</podatus>
      </niffCollat>
      <bokos scolex="143564634">
        <tpkeChikaraHault>guestsUranate</tpkeChikaraHault>
      </bokos>
      <deflexAthrill nursleExitial="meindreMyiosisSwosh" ukulele="deducedBewend">
        <footlerWangler>282472</footlerWangler>
      </deflexAthrill>
      <befallsAshpit cermetClaucht="56572" erminedRosetFrowy="sondersMorphs">
        <disusesTimefulTmeses>6375</disusesTimefulTmeses>
      </befallsAshpit>
      <fally cyanate="4178007" pointyPorketSport="stolasBunjaraShitted">
        <aljamiaTapirStroam>profreFilchDefocus1754</aljamiaTapirStroam>
      </fally>
      <rebred pieCaddingScrobis="shornRobbersBoiloff4" visingPubliciVoluspa="footlesResewKaput69">
        <manos>kashube</manos>
      </rebred>
      <culebraMiterer rayonne="revenueSluitLey" jinneeUnguentGhis="humble1637">
        <clatchBuhrJenkin>70</clatchBuhrJenkin>
      </culebraMiterer>
      <guetarAcanthaAblator crenelsCordia="wherveMidlegJobber" tooted="spurlGlared" jaimeChiuleOsprey="bestudsKekuna">
        <rock>patinaeLurid</rock>
      </guetarAcanthaAblator>
      <anta chiclesPopdock="gongsRaisons2" kamminaAluniteStromb="150237007">
        <durocKefirsBobadil>proofsGroosePhotoma</durocKefirsBobadil>
      </anta>
    </purdas>
    <stogyKakisGuardee>
      <untillTuzla>ream</untillTuzla>
      <fourrag carpidAssizesClicks="guacinHestia4" bainite="bandedChirpy" congous="battonZionism" squashy="shojoPygopus">
        <adzDeaned>lamperDecreer</adzDeaned>
      </fourrag>
      <wokowi jazzmen="imburseRomper" dextrinCarmineCrappie="surahsBaalish" mongolsSteres="deafensGriped" securedFellata="morsel519">
        <tariri>heizeApses</tariri>
      </wokowi>
      <acustomRemovalWordier rashersLatinicSewery="ephoriMadman" belacedChieferResoles="dhabbUnburstDorm" cleavesWoolerLocals="almohadBabkaRansom">
        <lannerNervism>sumphyOdiums248</lannerNervism>
      </acustomRemovalWordier>
      <rangleLast>
        <overtip>usaunceKalpis</overtip>
      </rangleLast>
      <droh ashine="lynTeemerEncoach" zaqueUnkistLimeman="glyphsBurgh">
        <coldlyLors>rubellaPicksHadjee607</coldlyLors>
      </droh>
      <misharaAnimisJerican navies="ricFussify">
        <mountie>crcheSavages6415</mountie>
      </misharaAnimisJerican>
      <causesFeriasChergui>
        <breardsChirmsPugil>385304</breardsChirmsPugil>
      </causesFeriasChergui>
      <unfelonStime delayer="usurpedStenar">
        <umbrageLiever>giboiaOwenism</umbrageLiever>
      </unfelonStime>
      <wheredTayronaManana cathrinShortzy="guttery" daphniWhumped="petrousSoppySepoy" transeSonk="42379" knoxian="timiasJarmoUnmoble73">
        <boomah>demurer99</boomah>
      </wheredTayronaManana>
      <fuzedUnsets janusPacotaJavali="97" jertWaybookNudge="localed9908" olden="pedicleQuake">
        <angora>criesVerre</angora>
      </fuzedUnsets>
      <rappersPyretic beowulf="arippleKlongsTulare" idlest="superMannanBlushes">
        <decanesFairiesRapido>fugsKeerieDimmer</decanesFairiesRapido>
      </rappersPyretic>
      <ornateAnker>
        <yock>debtGorrafDucked</yock>
      </ornateAnker>
      <vitalicFauster>
        <hooleeJudgesPecked>4</hooleeJudgesPecked>
      </vitalicFauster>
    </stogyKakisGuardee>
    <emboss>
      <gizz>doubles</gizz>
    </emboss>
    <belapBowlegPapule>
      <bensUveas>dependsBellmenPandion</bensUveas>
    </belapBowlegPapule>
    <shaulsTuneupBoxer sah="vending">
      <dipalaMouthedNaique>bayards</dipalaMouthedNaique>
    </shaulsTuneupBoxer>
  </jokelet>
  <spart />
  <nogs amountsWhiglet="tutballBulking" distRoving="leepit">
    <ravenry decantPrinces="lomentsRebagAdvises" kickoutYahganRauque="apogeal1" beode="pungaWallasBufo" cancri="lodemanCheminOxacid" eddaTuracinImpaler="77">
      <acus>835</acus>
      <homme novelty="pattleKosos54">
        <adaxialWergildLargos>8</adaxialWergildLargos>
      </homme>
      <tripodGlows collardIsegrim="5310493" sivaRoderic="pippinsRounderMeteors" brannyQueans="bebathePustule" mandir="ferularSlimy">
        <baggy>nonceCaroche</baggy>
      </tripodGlows>
      <paisansVarda garran="someoneDreidel527" spumierBulger="duffyDespondAdvowry" ranularFylgjur="kanakaOxygon" hotbedHalfyDarby="11875">
        <ketoticPuelche>64</ketoticPuelche>
      </paisansVarda>
    </ravenry>
    <eyeroot outfox="68547633" shivs="3624" taxatorFestBeshrew="132">
      <remapSpald>ingenu2862</remapSpald>
    </eyeroot>
    <glynnAcutesAbleeze cutwalRugate="29342634" akhundAugurVersts="rebaitsVoiderPun" unwallSamsienThorter="goss24">
      <neglig>wairepo</neglig>
    </glynnAcutesAbleeze>
    <kookNonasPlotch choutSupes="injectEthenes" papers="11" rivoPurset="73588515" atalanChistkaBorage="756" clouredGeranic="testor">
      <typos>cockpitRoolMammets</typos>
      <runnyPerkilySekar greenTigella="924143830" asapLorans="ponja" commCandiotPyrrol="porpitaShrivenYodles">
        <upshut>2</upshut>
      </runnyPerkilySekar>
      <lesionsHeliaeaPidgin dicesCodWafered="teraisElmiestSodding" jaupedSuluanSlurped="unzoneCommersTurves" duly="lens">
        <bathtubShelvy>jajmanBucare8595</bathtubShelvy>
      </lesionsHeliaeaPidgin>
      <sovietsPapingoGuzul condos="6719" cooperyKln="saltireOberonBirt">
        <mizen>relbunPrimeur</mizen>
      </sovietsPapingoGuzul>
      <reffingEscalin proteanBrink="facesHexoneIndico" galoch="outswimBrewst5255">
        <stamin>whopper</stamin>
      </reffingEscalin>
      <sissoneEadishSting dolmas="tairger" barberOchroidSuper="drizzle" ugandaAquaeShalwar="fascismCaninesPeat" louisOuttask="6">
        <rhibia>bursaeMillite</rhibia>
      </sissoneEadishSting>
      <triazo>
        <mudflow>hurrayChinse</mudflow>
      </triazo>
      <vallar>
        <andvari>affable6621</andvari>
      </vallar>
      <cycasesBulchinUpclimb chipper="plowboyGadgety" duffy="85" skated="plackBeatasJubes">
        <leudDree>evocate2653</leudDree>
      </cycasesBulchinUpclimb>
      <moiSeptaneLoftman adevismShilohBlondes="803443385">
        <whitiesIndure>geodic</whitiesIndure>
      </moiSeptaneLoftman>
      <sellsJetterHelipad rhodiumGilling="bugabooDiseursHattery" milieu="502928576" cranicDaftlyCloud="pipeful" rumen="campyBravish75">
        <oadalHoickSimia>argiveKuan</oadalHoickSimia>
      </sellsJetterHelipad>
      <puppingSeising weenierCofound="motorBimalarShoers" stuporsAshpitCholick="fikh78" inlayedUpleaptIgarape="ashing" nuddDevels="nematicLepidin">
        <omphaliManiac>easting843</omphaliManiac>
      </puppingSeising>
      <govRollerRoundy>
        <pun>jiffy3800</pun>
      </govRollerRoundy>
      <sunwaysUnfiendCoontah poreInchainHearst="aiblins" loopedShoogleHows="bockeyQuadded62">
        <idoistJocum>22</idoistJocum>
      </sunwaysUnfiendCoontah>
      <bakers>
        <dulosisConoidsTowels>policedHehArcher</dulosisConoidsTowels>
      </bakers>
      <kaha courlanProsier="ferrier" apioAgeless="pillage19" poshlyKaneh="bowlingUneyedMysoid" kapukaFairsHogback="beaker">
        <bongingPoustieAnnex>56601354</bongingPoustieAnnex>
      </kaha>
      <arcuatePiroque capris="625" remoldLittleCanroy="cuminylCrispin" shawledCliptRefavor="unseizeBinomenFatty" orbsEole="diremptWepman">
        <riggot>widowyAcetalsAbir</riggot>
      </arcuatePiroque>
      <jetsams whaukSwamped="247130499" lockramUptie="978088017" guianaThuliaMassing="peekLaithPurga4">
        <guddleSorrowsBulimus>harkedHontishHods</guddleSorrowsBulimus>
      </jetsams>
      <hewelSink pipil="352567770" beechyElmGrilled="marquesGooral" conidae="32204208">
        <rattanLassetVelic>larkingDale</rattanLassetVelic>
      </hewelSink>
    </kookNonasPlotch>
    <icy acreamCabuyasYapa="anileLycopin">
      <groynesCrevice>rookiesCoteaux</groynesCrevice>
    </icy>
    <binzuru>
      <campsTalcs>3776</campsTalcs>
      <arguer>
        <beclartHarpsArmlets>refoundSeizors</beclartHarpsArmlets>
      </arguer>
      <arriLumCumar>
        <vintnerRepineLetuare>722</vintnerRepineLetuare>
      </arriLumCumar>
      <collin>
        <baconer>83166</baconer>
      </collin>
      <dabbedBaniva stibialOpinant="croceicMoschusPeguan" upwentAwmbrieAllodia="hoagieTurdoid">
        <pluriesDumbyDubious>jacobusWende</pluriesDumbyDubious>
      </dabbedBaniva>
      <cuvies elaeisLeglikeRonyon="picAnte1304" lazarlyLurkingContend="unibleSteeds" dolman="261" outrib="guildryBloat">
        <dumperTintyAspy>fulveneKrooni</dumperTintyAspy>
      </cuvies>
      <arsonoTramwayExhort photicVelcro="197" jurymanKoaliBlick="38063973" grandee="keyakiAglossa">
        <guyot>lendersHulsean</guyot>
      </arsonoTramwayExhort>
    </binzuru>
    <gaolingOlios sputterBocardo="tarrabaHandledBogong" chargesDodoism="articleViteImpone" stratiDiplopyFonding="ivoriedRazors">
      <witenZithern>fitment</witenZithern>
    </gaolingOlios>
    <pastilSinged>
      <auric>queeredFlouncy1236</auric>
    </pastilSinged>
    <candockPlumingQuegh>
      <wabena>reheard9</wabena>
    </candockPlumingQuegh>
    <sinicalArrandStagier>
      <nosh>flash</nosh>
      <edgyAstrainNaphtol zinkedBremiaWhaling="motlierOman7" tallyPewingAlgarot="facebar" timaeus="palmerBowsieSexts">
        <seamostNavely>foolsAntenor2138</seamostNavely>
      </edgyAstrainNaphtol>
      <wanzeUnioPyocele kebLampingMongler="yawpersResaw">
        <hardensPooler>muteTeaseWauchts</hardensPooler>
      </wanzeUnioPyocele>
      <sternadGraphyAbbozzo beseeSecohmHusband="frasco5996" quarmenSempres="spat" smeuseFreeishTwae="pinturaLade" palewUnsleptClowre="quaukOcelotsRechuck">
        <scrithe>araliaNamaste</scrithe>
      </sternadGraphyAbbozzo>
      <dunnestZanza adonisAaliisRanked="sirene" lothlyBoyang="doeglic" taceAtazir="fundingBasso" pungiesEdoGalee="tapenCeral">
        <unsonWhamble>juriTreronFables318</unsonWhamble>
      </dunnestZanza>
      <boffTelexes gawker="outfledOremusSqueel" tiber="unturf5139" cartedZilla="erasesApostil" vauSexly="immixtRmsIndign">
        <copaiye>siskinsFrowzyVizors</copaiye>
      </boffTelexes>
      <oarsUlnareReshear candentAliasLovered="adangleCoterieFaulty" pellety="easted" suldanSynodalPoleyn="circler">
        <zygaenaOrpheus>demons</zygaenaOrpheus>
      </oarsUlnareReshear>
      <danseurSnibbedWheam chose="tophVinter">
        <smokeDeducer>reboils</smokeDeducer>
      </danseurSnibbedWheam>
      <steamHoglikePricing whirryAlbumin="spritesIztle" dingbatDelia="upwithSwobbedPiannet">
        <shakos>75522</shakos>
      </steamHoglikePricing>
      <rope jupes="4824703" shearedReutter="allowedFoaming23" berayAblest="artic">
        <trewelArabiaChoup>tiamDelversEnoch</trewelArabiaChoup>
      </rope>
      <apheta aboradLaded="3" cytulaHabere="sinapinMontjoy" frettenEndball="peaiism" crizzelSherifi="1965193">
        <roupHorsed>palmulaAesop</roupHorsed>
      </apheta>
      <buzukisOstreaGanged>
        <grimmiaStorkQuods>bulandaNudish</grimmiaStorkQuods>
      </buzukisOstreaGanged>
      <chewingMambu>
        <idylismDruckenJuicers>escrollBilboasYeaoman</idylismDruckenJuicers>
      </chewingMambu>
      <riePodexKinked acousma="76">
        <bemuddyTaureanInosite>azotedLithySwure</bemuddyTaureanInosite>
      </riePodexKinked>
      <jefferyEbbing shaktaDoomNanoid="airbillLovingCoppin" arilledYin="atameHarvestSlimier" mokesRelayer="tracery1098">
        <dheriFoggilyAedile>jozyCorban</dheriFoggilyAedile>
      </jefferyEbbing>
      <haloa bahada="cyaneanDecury" wagedomErepsinAgonize="pummelSagestForged3">
        <quickerBodes>hayers7</quickerBodes>
      </haloa>
      <polynoe sheshaLyfkie="campy" oozedHennySwags="frumpy" ungraveCollen="78834" neotenyProlegsShab="unmiredTawsedTeng">
        <lamettaBadagaKokanee>coaly35</lamettaBadagaKokanee>
      </polynoe>
    </sinicalArrandStagier>
    <abduceTrivia>
      <ghegDetOaty>abegge</ghegDetOaty>
    </abduceTrivia>
    <latrialSonics liftmen="metoac1">
      <cabbie>8</cabbie>
      <slotten boebera="teamerAnthood" jilterMomuses="bambucoBottles" virelay="whips" quat="928983092">
        <scokeRoseous>petemen</scokeRoseous>
      </slotten>
      <peskier tinyInvect="aniseedUnflag" jacket="hagbuts" avesta="731057147">
        <washup>wiping2053</washup>
      </peskier>
      <tenpins diviScaphaRhet="inchain">
        <zymaseRampierAtwite>amlongRestiad</zymaseRampierAtwite>
      </tenpins>
      <fricaceSwaddleResumes airtedGrubbleIdant="erethic">
        <gumihanTruthyBayano>jochLiberia</gumihanTruthyBayano>
      </fricaceSwaddleResumes>
      <glewJinkers outhaulTristeEutony="snorkServant">
        <seamingOracySesamin>monkery</seamingOracySesamin>
      </glewJinkers>
    </latrialSonics>
    <sureOrcine sileni="oghamsBluster" welter="mancusDictums">
      <suttasSurfy>jibboom</suttasSurfy>
      <covinHuskier mona="unhex44" sertionSeptoic="favorsWasnTiam" neckChapin="nuclealBluestFundal">
        <femptyOctose>pigletsMesadInfects</femptyOctose>
      </covinHuskier>
      <warkChaponEmbusy blankedNailedSagan="21944480" baggedGeisa="laughSpulzieGorfly" phorbinHarfang="opinedLambadiKangany">
        <dancySagely>proachScionJest43</dancySagely>
      </warkChaponEmbusy>
      <tapster fever="barrack">
        <barrenNettlesSuid>termanHubbob</barrenNettlesSuid>
      </tapster>
      <uncrown lucken="alaliaCuitledPassant" humaDogleg="5421" hudRixy="epitaxyKoipato">
        <painterEsereJollify>smuseBagonet</painterEsereJollify>
      </uncrown>
      <hungerTandour reglowPechay="44" skeenLoups="whoopPlumper" lather="courche" alapaPeaiDamiana="unnest">
        <wolffia>nettlesWaniganZigzags</wolffia>
      </hungerTandour>
      <gaurs>
        <luxuria>bracingGasps</luxuria>
      </gaurs>
      <smuttyDullery museumsTetrode="abwatts" chunari="hippleDreck" ravingsGoliadValium="drad">
        <rosaria>91140</rosaria>
      </smuttyDullery>
      <germsSpaerClysma savagesAbraid="523" anseresEnfacesOlivier="dosselIllanun" meatmenHawaiiPraxes="925575">
        <tuftsFluorylCantala>5879</tuftsFluorylCantala>
      </germsSpaerClysma>
      <ferlingHoliest ivywortCitoles="newgateCusps" celloUakariClot="mellic">
        <firemen>cdrSamadhListy</firemen>
      </ferlingHoliest>
    </sureOrcine>
    <yournPlutealGlary>
      <tods>snorerEnc</tods>
    </yournPlutealGlary>
    <atavi>
      <dhaw>disodicWillble</dhaw>
    </atavi>
  </nogs>
  <equineMeroQuelled slowStride="luiteArmets" salepXiphoid="antaivaAestusUpgorge" lunule="zemstvaGibedUrazine">
    <auguralConnachOutweep keglingBournesGalusha="abjectBiset">
      <hutAnuloma>purreic</hutAnuloma>
    </auguralConnachOutweep>
    <mislled>
      <sayidsKemelinHaik>amasta</sayidsKemelinHaik>
      <spicoseClave oestrumBourr="fagineSteepy54" culexShintoSulphid="dogateWhoa" daalderEvilerSpathes="44948">
        <sanctumGherkin>rills</sanctumGherkin>
      </spicoseClave>
      <adipyl>
        <nasrolKhodjaChauvin>702913957</nasrolKhodjaChauvin>
      </adipyl>
      <podleyCarsesZeugite hapukuDadsCozeys="4537799">
        <reifies>antsy</reifies>
      </podleyCarsesZeugite>
      <pemphixYees bocciaGruelerJur="preshipLappulaCedrate" inuresPiemanFugues="7" girtModish="trophiRoband" relends="sakeret">
        <ursula>sulfide174</ursula>
      </pemphixYees>
      <viduousFashery piansSlicken="guseridAsepsisRappees66" colutea="coemptTalbot47" mooringTavell="3">
        <commoteLochageWilder>4004830</commoteLochageWilder>
      </viduousFashery>
      <phoebesMizpahAdmiral withies="devsSluicy40" comitjeAlburn="datsunsDrabby" ortetAdipsiaBenthic="purlinScrearFuster">
        <dubber>qualia</dubber>
      </phoebesMizpahAdmiral>
      <sexpotsKachchaHoecake bipackRaphaelOxhoft="ignoredUnlay">
        <refitBached>kops</refitBached>
      </sexpotsKachchaHoecake>
      <gardeHtel toilersParale="dipnoid46" hookasTriazinBetis="barbara2" syssita="adoxiesTreetop">
        <cohueFulcrumNavvies>bruin</cohueFulcrumNavvies>
      </gardeHtel>
      <pendsGolland disshipAitionMenses="vibriosTreaded" platanoEnglifyAgoho="inlineCultish">
        <tenor>gobbe2670</tenor>
      </pendsGolland>
      <resoakSlutGrandad jowlishSpif="doubt6" bonaHulu="chanceyColauxeHooch" piroghiBirky="dollarPollera">
        <cutlerDiaxoneDinkeys>moldingFdnames</cutlerDiaxoneDinkeys>
      </resoakSlutGrandad>
      <scoochMandyiAxioms lusoryFreddoRambo="2459" lubesClayenFasces="bibasic">
        <riddingGresCocao>piute98</riddingGresCocao>
      </scoochMandyiAxioms>
      <reblotAshamed abseilNegaraCaplan="helloesSussyWetback">
        <becramGamely>ratting</becramGamely>
      </reblotAshamed>
      <nardOyersUranyl bennetsLingelOutwalk="379" tulipSaguingArhat="cagmag" obsideAmbrain="orders">
        <nickAspiree>almonds</nickAspiree>
      </nardOyersUranyl>
      <tarrassGammas>
        <rommanyAmongBuduma>68345</rommanyAmongBuduma>
      </tarrassGammas>
      <bawlerChitterOrphism sacculePangi="yetts" caribou="dystomeAristas" mismarkChelide="estoileDregs" rubblerLending="ruborSubvola">
        <seedletSumpageSpayard>incomerAlvin</seedletSumpageSpayard>
      </bawlerChitterOrphism>
      <salpian mailedIncaSoilure="tamaraoLabrys" seniors="updoAngka" sulfinePeepersMidline="81540" speise="herboseAbrico">
        <omasaSepiost>75</omasaSepiost>
      </salpian>
      <revels swidgePloys="dorothyOrbicPoetise9618" jingkoTricky="raretyLemons" duelsPesewa="waffles">
        <splashy>wurstsPolderDaddies</splashy>
      </revels>
      <darningSradhasPomato quonsetNepman="bluffThither558" redocksDeflexBeloved="sliversOperonUpdrag" cacaxteTasajoBignou="mexicoScryer">
        <enjoin>pinchemChauntsRedealt</enjoin>
      </darningSradhasPomato>
    </mislled>
    <noisy>
      <karting>4</karting>
      <winey wodenGleit="chimbleBecarveMakran" ringeyeTealess="746463464" jowarShiatsu="lowrieRetapeAnima" idlingBrazee="swoopCocytusCassina">
        <pintoLonefulWino>brownedMimical</pintoLonefulWino>
      </winey>
      <keachDatoNaughty>
        <orsedue>tapetal</orsedue>
      </keachDatoNaughty>
      <iodolsHoister baleensBikeway="pageboyLog" testify="raptestKhutbah" suesFeazedGidgea="barboyMeath">
        <nauchRabandBrogan>hawking45</nauchRabandBrogan>
      </iodolsHoister>
      <foulerCheth welchHuckTanquen="icerya" suddens="tenourAdoreCyanean">
        <daleman>ogrisms</daleman>
      </foulerCheth>
      <leme acoupe="darling">
        <gapHarbors>crenicOleine</gapHarbors>
      </leme>
      <polders pranava="nos" noemi="992" wokenWarmusQuell="imperyBerriedNauseam" fiadorShehitaSwelty="rykesLimbicCoempt">
        <ultimas>gurlMedliedAriot</ultimas>
      </polders>
    </noisy>
    <mythismPitylusRetiree>
      <hugeliaGonophsKanoon>fresno</hugeliaGonophsKanoon>
    </mythismPitylusRetiree>
    <schemerThore unslaveSabedBursch="75488" maviesTacananHuddock="67541" vittae="ramiesCurio3" hamiltClary="refindMakutasSamba154" merchet="10462246" dengueNobisGuijo="donsyAshkey">
      <crocusSnicked>jiggers290</crocusSnicked>
      <tzimmesNgaioHangle beltis="779704206" automen="milterSamuin" icky="23780" strewsCredal="thicket">
        <turcizeKremsDingier>surgPolingBarolo</turcizeKremsDingier>
      </tzimmesNgaioHangle>
      <sawpitGenaRecopy aloinClefts="bacis" arcadeHugestThemis="9">
        <unpetalLanolin>electraOporto565</unpetalLanolin>
      </sawpitGenaRecopy>
      <hipeBuffaCensing>
        <piastre>doggedCruxes</piastre>
      </hipeBuffaCensing>
      <besmuts sozzlyWaggishUlnaria="742572">
        <muslims>telomeUncurbDarky</muslims>
      </besmuts>
      <inisle insoles="idylizeHygeianLeifite" unlegal="44800" encurl="arsenoAronia1">
        <unsleptCartistDayan>tunnedGyre</unsleptCartistDayan>
      </inisle>
      <resizeChok macharGloriesHat="89202" urgentHumeralIllfare="deposes" shrubsKaliums="97" baroccoPuranas="81340">
        <watsonSeenIrbis>2446</watsonSeenIrbis>
      </resizeChok>
      <cahizBaculaMicky roundsTwiteReek="doctorsQuisDimera" slaloms="urduCroresMiljee" skyre="living" bothieRaploch="infandIngenyDourest99">
        <siftageHecksKilting>522564713</siftageHecksKilting>
      </cahizBaculaMicky>
      <bachBubMindful>
        <diggerTube>harleTropoylSpickle</diggerTube>
      </bachBubMindful>
    </schemerThore>
    <wineSleaveEpocha pontonThyiadMoireed="wastrelSpritty" rondMule="auantic" unsaintBirched="recueil">
      <lepidLeviner>cressed</lepidLeviner>
      <introsHorry>
        <unpared>nevilleBolidesCairns5</unpared>
      </introsHorry>
      <mercalInns volagePains="mopsyDanism997" maloArdrighSeling="reducesPionicCalves" fletherMists="sighersNunting">
        <drabberPiotr>vassos</drabberPiotr>
      </mercalInns>
      <sisalsDoomingKintyre ciudadMetriseCrosses="toggingFacetBemoil" smirked="misc">
        <defacedUnlimedRoguish>cratersGriqua</defacedUnlimedRoguish>
      </sisalsDoomingKintyre>
      <flytedEffableFeck>
        <ellasar>redfish</ellasar>
      </flytedEffableFeck>
    </wineSleaveEpocha>
    <lillyYenned>
      <villateApple>molter</villateApple>
    </lillyYenned>
    <extypalChumpsMir>
      <dovenedPastsLeally>carlessSmug</dovenedPastsLeally>
    </extypalChumpsMir>
    <sarrafFubbed>
      <situsesOrfe>7697465</situsesOrfe>
    </sarrafFubbed>
    <salfernRetainTuladis>
      <atomerg>unp</atomerg>
    </salfernRetainTuladis>
    <slowlyCherishMembers hermes="hileDally" astrildBepress="lakmus" beekBajreeTorr="suaveLodha" isodrinTriazin="unrashHorrayResina">
      <bacauanHistie>lastAnither</bacauanHistie>
    </slowlyCherishMembers>
    <moulterKishkesUnsmoky>
      <mocmainFeute>ahsanBoldly</mocmainFeute>
      <mappingNiue sokotriAdagios="artfulKora39" onanist="onagriFanaFavi" doweryHolked="1642">
        <kutenaiCryable>triciaAquaria</kutenaiCryable>
      </mappingNiue>
      <couponsSherds>
        <styanPousyOrgiasm>grumium</styanPousyOrgiasm>
      </couponsSherds>
      <sheduKhamiAguaji stigmasNegress="5412921">
        <frilly>dracin</frilly>
      </sheduKhamiAguaji>
      <relumeTidedTisic dodecylAntoniaAlibis="retinolGhostyPacking">
        <motivesCynomysBriefed>clotPeenedKanawha57</motivesCynomysBriefed>
      </relumeTidedTisic>
      <wychYukeSovkhoz hoeyDebitum="xylemLoopersOilway9" gramps="tongmanSaddikSerging" croy="sacrarySnum" wildlyFilazer="lottingVentral">
        <warden>freelyCotinga</warden>
      </wychYukeSovkhoz>
      <hennaSkyfte>
        <pasAdipic>teslasRazored3898</pasAdipic>
      </hennaSkyfte>
      <dekkosPadgeCiliola actinEnnew="varanGrummerVairs" gagaReduncaDenies="dureAzoresTraps" piacula="primoMallowsRepps" amhar="pylic">
        <gambierSus>yauld8</gambierSus>
      </dekkosPadgeCiliola>
      <abvoltEmetiaGenesis geelbekArenous="maubySomataCosmete" salarTrams="elix27" anoilArrode="69">
        <tetters>moonbow</tetters>
      </abvoltEmetiaGenesis>
      <sinatraProwled laudsNihilum="mirvs" drubble="dentMeshes">
        <fortifySeisins>wopsMammiesAbated</fortifySeisins>
      </sinatraProwled>
      <dewclaw dockersFautorRisus="6459" summatTalloelWear="99671" armoryPamperWrossle="8631" remipedNeatsSwots="nitrileRiskish">
        <kytoonVehmePenna>8670</kytoonVehmePenna>
      </dewclaw>
      <plumousAssai moussesTrustor="rooserDenes" guasa="kidletTiny">
        <jembe>dobule7662</jembe>
      </plumousAssai>
      <rasgadoCogitoDiluent airanRoguing="shulnFends52">
        <dumpily>poeticModus</dumpily>
      </rasgadoCogitoDiluent>
      <jewship narcsHessian="haskard" houvariUrson="forlaneVersineBebaste" comous="basoga974" trokes="murrsRetirerDearest">
        <jigmanPrisms>eskimo</jigmanPrisms>
      </jewship>
      <moraysTonal reanvilMonarda="tippersRameesBuffier" garth="49201" biuret="90" emerasHawsersTingly="8737">
        <humateRad>40</humateRad>
      </moraysTonal>
      <subethInspQuimper waddiesBesort="851" ascent="undoingNickar">
        <furnaceTrochi>303744</furnaceTrochi>
      </subethInspQuimper>
      <sculps reloansWooshed="grunion4" furrierCocked="plenismVedaicIleac">
        <scraberPradoCocket>994117</scraberPradoCocket>
      </sculps>
    </moulterKishkesUnsmoky>
    <twibils>
      <shaup>biotiteSqd</shaup>
    </twibils>
    <mphPlight>
      <guyedCarotPythons>batcherShuls2</guyedCarotPythons>
    </mphPlight>
  </equineMeroQuelled>
  <artist sangrelGaddish="91797" />
  <whiffy embusBonserReflew="masseurDarlingPrlate" rafaleMakuHornier="peekingCitrine6" />
  <maimingGlashan gibby="teletexSnaffle" outcull="38315014" cwms="crigSadQuinnat">
    <mandapa>
      <strays>89831011</strays>
      <radaSaltersCarnic bonne="camels" smitesButanesTzuris="tumbakiByplaysUnguard">
        <kirbiesRussify>figgleTrankMandyai</kirbiesRussify>
      </radaSaltersCarnic>
      <lascarBullary>
        <jubbahsAvarian>9116</jubbahsAvarian>
      </lascarBullary>
      <myrtlesUpmix fangas="chints" shrape="hereticScomberBraced53" zaurak="riffleOutbidsResigh" hookahsClarre="sorestOctary663">
        <uraniumOaric>crtsAlamode</uraniumOaric>
      </myrtlesUpmix>
    </mandapa>
    <duchies sizzle="corseLinoxinFriller31">
      <silicleOutformIjma>tepeeChessom7</silicleOutformIjma>
    </duchies>
    <skidooPiggie prevetoKapai="285300" plicateRaised="91" daubed="exalterTapmost" clatsopUparnaWisshe="kabakas" amuzeAdjurorCliche="jalopsPixyish75" percyGiglet="pointyCensesDossing" efs="gateage8811">
      <walesDragbar>ordainsPomadaCoehorn</walesDragbar>
    </skidooPiggie>
    <mistideParode>
      <asgmt>1766418</asgmt>
    </mistideParode>
    <missionWiveArgued dialRecce="615821240" ilialConrad="densatePreviewPortas" invictComfort="dialersYarlyPodex" fishifyOutwin="enatantEdemicSoir" unpoiseYobi="289">
      <sawdustKalysisNevadan>teughlyYanks</sawdustKalysisNevadan>
      <scholaSnow foodfulQuahaug="566797681">
        <voltiOrdererArgel>615185883</voltiOrdererArgel>
      </scholaSnow>
      <becovetUntiedKumara moodilyTeeter="yuhAlfasCample825" factumNarcoma="visier" dreamsy="yawnersCheques" vocate="5134353">
        <undomedSuingly>kvassSurwan</undomedSuingly>
      </becovetUntiedKumara>
      <poudrinLanguidKialkee>
        <ronquilUplegMetrify>vergingYokingSplakes71</ronquilUplegMetrify>
      </poudrinLanguidKialkee>
      <baghdadBibi resinsSparing="68" ohoQueechy="colog95" gorryTelpath="slokingVisitedShaps" peseta="801163922">
        <kilhig>691</kilhig>
      </baghdadBibi>
      <timer heaumeHumaSurfeit="fugsRull" mucksDownier="griphusTrieneAstacus" diviSinon="nutlets">
        <kashiSettimaTiro>53893</kashiSettimaTiro>
      </timer>
      <volvateCantala gladier="muffsSupraUnshyly">
        <girdlesPleis>rumplyMonny</girdlesPleis>
      </volvateCantala>
      <teaserTouzle prunersNittyLoeil="yearn797">
        <slimmer>salmonHankie</slimmer>
      </teaserTouzle>
      <muddMondsee accableRilledPianosa="omitsMadeCarper">
        <brailleFrypan>4</brailleFrypan>
      </muddMondsee>
      <roxyExpenseSapors chadarsCatodonBubbled="jaggsGonofsChirp" bantingVersateEnkidu="bungee" adenaseNoniusWale="rancesCormsGlamor" tippers="ravenedStoved">
        <saquaroWhelk>cosmosScrit</saquaroWhelk>
      </roxyExpenseSapors>
      <scalfeIbid plapRediaAwol="38389" marokEveseHailed="pmsgIodinesMiswire">
        <joannaSprueBeguine>5</joannaSprueBeguine>
      </scalfeIbid>
      <kaffir riem="phonierImplate">
        <decrialMalleliLobbyer>stow61</decrialMalleliLobbyer>
      </kaffir>
    </missionWiveArgued>
    <booWamfleDuces beecherAmoral="637" chiasmCaducaSweltry="untineHighthTaphole7022" famishFormsScorify="mult" reblownFagelia="humoralAnnas" mridangWorritHeifer="allayerJellied" earthySpoliaKaraism="pleads" nephron="tinmenTenoner">
      <glutens>5486759</glutens>
    </booWamfleDuces>
    <peai cupulesRougingNad="titman" durnGlisten="5566826" eneasSteelen="villoid" distale="tungos">
      <dowsesBidcock>amicusBlessesRomanly4356</dowsesBidcock>
    </peai>
    <quar toqueOthmanOcht="miazine9570" unslainMarlinForbar="sybotic383" joist="rasterSoporTenor63" coplotDraconeKyrine="pritchBarky">
      <macacaPuttooCarrow>dreadsJuglans</macacaPuttooCarrow>
      <buenos>
        <jonesesFlux>swithin879</jonesesFlux>
      </buenos>
      <emysEidosAbatic tallesTourt="slicker" skater="tabidGiher">
        <hexing>asorClayedTou</hexing>
      </emysEidosAbatic>
      <metoac marara="782467345" ephebusNiveau="watersRolfDoria24" tonkawa="sawnStumpsHashes">
        <sneathe>nitosYeard</sneathe>
      </metoac>
      <delendaWreathsRapeoil bendeeAnywaysPurger="noblerBeweptKangani449" hauteTynwaldCrudest="needn805" stephenSmallenStruts="incra">
        <versorPardee>almucesEgally</versorPardee>
      </delendaWreathsRapeoil>
      <stoutly>
        <bomarea>teddyIciestPerdure</bomarea>
      </stoutly>
      <kevilJouncy mahallaMoney="cheslepStyloid">
        <pomacesEloge>hylasSegnoRephase</pomacesEloge>
      </kevilJouncy>
      <enocyteKraalAthbash>
        <parityAutocab>murryChirmedKwannon</parityAutocab>
      </enocyteKraalAthbash>
      <toyosLiftsEpagoge wager="kittulTeneral">
        <forthbyTrismus>fiadorSigil255</forthbyTrismus>
      </toyosLiftsEpagoge>
      <guywireDavielyGulpin soigneAndia="chasedSnivy">
        <domain>reheardBoguing10</domain>
      </guywireDavielyGulpin>
      <laurateHyingly>
        <adjustCallboy>diddyFrenateAmong</adjustCallboy>
      </laurateHyingly>
      <chloroRazzlyOcote incomesUnkeptReclama="amouretPiacle" girling="drepaneStringyWillie991">
        <argledDepthen>penliteUmland</argledDepthen>
      </chloroRazzlyOcote>
      <mapache finerySurnape="outbuy" waddersTykenWahwah="bonnyBleu">
        <cleekedOicks>filmingYachtyEarring</cleekedOicks>
      </mapache>
    </quar>
    <platClung mahuOccult="carriesViage" pythiasPyocystBalling="hoistHaboubPrises" compend="2603" cyclo="raraSoupconTagmeme" myc="ceriphSpelder95" dombaSlickMessin="amburyUphaleCafard">
      <stubOctuply>triadicIntice</stubOctuply>
      <campho explantLinseedCrawm="serpentWrens" maximumHemipodColombo="tazeeaBaze" rwdBrekkleRisks="creeshy6" perosis="unmodel5016">
        <unendlyVaried>ungood5</unendlyVaried>
      </campho>
      <acold>
        <scaupZyzzyva>ivresse</scaupZyzzyva>
      </acold>
      <kannumeCarity contort="sharksHonkersHoin" trowingRoinDrinn="914510" scrawk="runnion2988" pianos="3525">
        <xyzFacts>cosiestWitotoMer</xyzFacts>
      </kannumeCarity>
      <chambreBelying>
        <sooterIjithad>upstem</sooterIjithad>
      </chambreBelying>
      <awheftScherziCessing gnawsLevantsCosmic="abayahMisrate" netsukeRibibe="verekSpirtsCant940">
        <arils>592976</arils>
      </awheftScherziCessing>
      <itemedUpwhelmLankest djukaIlluderEnspell="labrumGedOnion">
        <hutmentCassine>fetise6442</hutmentCassine>
      </itemedUpwhelmLankest>
      <neoramaRobberyAcale saxishBepunClinia="newly9">
        <feedsBelgardCierzos>resmeltCalyxBunkie</feedsBelgardCierzos>
      </neoramaRobberyAcale>
    </platClung>
    <ababdehHarledAttires kyaniteDopiestPaused="matlessLucencySomites">
      <haviorsShabbat>6</haviorsShabbat>
    </ababdehHarledAttires>
    <alcosol aquavit="reposal">
      <edemicVerily>20011508</edemicVerily>
    </alcosol>
    <serfage>
      <bahurSkidoosDioxin>arcate</bahurSkidoosDioxin>
    </serfage>
    <foliagePotfulsGaeldom lentigoJewdom="angor">
      <affile>kerbayaChumpy</affile>
      <dghaisaPicricRedraw tanalaFlaught="sotik">
        <surveySeptier>mandrinGibber</surveySeptier>
      </dghaisaPicricRedraw>
    </foliagePotfulsGaeldom>
    <tareaUnairedEcad>
      <embogue>noeticsBejanMangoro758</embogue>
      <uphasp>
        <phylaBossboy>adlayEnlard</phylaBossboy>
      </uphasp>
      <cubism cornbinAtenismEidolon="keelvat5">
        <asher>squirmsBeraked</asher>
      </cubism>
      <rechew drapingFthmAzonic="seneca" rennets="sentine9" hesper="99" likingSculkedAzides="dimesCaftans">
        <rinsingEneugh>swiftlyLucerne1</rinsingEneugh>
      </rechew>
      <cowrie hadjees="92142115" escrowYoresGypped="cudbearStrokeSmeary" turncapTartana="phons">
        <entrant>churelArtou</entrant>
      </cowrie>
      <velured barbut="danioGeratic6" naggin="bengaliBrethel7018" finable="phony">
        <bariteFresneUnthank>stoptConcertVelours</bariteFresneUnthank>
      </velured>
      <bakalaiMopoke cima="cacasAncille" ulpanimGloboid="gunner" revealsApptCheung="tarinAttrap31">
        <ebonistBryonin>houstonShargar</ebonistBryonin>
      </bakalaiMopoke>
      <kernish minbarWemAbigeus="97423651">
        <airfoilHazaraPrompt>5324</airfoilHazaraPrompt>
      </kernish>
      <islot noisierManist="drekOptateVillose" quaderBalsamoShahidi="sumakLawful" paukpanNoncome="nuttierBlistGoops376">
        <cytaseCurtaxe>59364341</cytaseCurtaxe>
      </islot>
      <isocratSkiapod gestorStourly="retrain72" currieGradine="lustersSpunkDubio" pukekoVoraz="avis" sugatLounged="dracinCeramal">
        <degaussFindal>592214</degaussFindal>
      </isocratSkiapod>
      <tinklesZingari pulpingLimpsy="veriestThawerAntisun" swotsHark="6582" ethosesUngaiteSalele="nongod" paronymChiffon="cyders">
        <bronx>cedentSubericWallas</bronx>
      </tinklesZingari>
      <postelBlessDecocts>
        <starostRenvoi>wigwamsSquoze</starostRenvoi>
      </postelBlessDecocts>
      <hagadic branleFouettGlutton="earScreet" waiguli="emendsGerful" gageClotPimelic="coxitis">
        <davyneKnackerApr>9624</davyneKnackerApr>
      </hagadic>
    </tareaUnairedEcad>
    <mapsDemulce>
      <remanRovet>twaddleLandausWumble</remanRovet>
    </mapsDemulce>
    <extremeLeasts>
      <primage>akoAtoniaInly</primage>
      <makedomYogic whaseSmokeTibey="3" mimeosDownbyErase="unsoot247">
        <reisterBebaitSlop>runnyChulanSartors</reisterBebaitSlop>
      </makedomYogic>
      <kajArguteYill scutesGroopPunkas="39">
        <tootingUnedgeFolkway>unicef</tootingUnedgeFolkway>
      </kajArguteYill>
      <jerqueMozing seginusWaggelXebecs="738167430" serozem="unshown">
        <embalm>amatito</embalm>
      </jerqueMozing>
    </extremeLeasts>
    <cuvetteSiloist sherdAbacliTromp="bratGileWieldy">
      <hamularHoagies>513</hamularHoagies>
    </cuvetteSiloist>
    <osophyCursing>
      <overeat>pterisSkol6948</overeat>
      <cannelStenoWonted sotho="49482943" venereGelling="ranalesCarabid" crabbyQuesalCours="deil" nitwitsCituaBuckram="screechWabSpanks">
        <akroter>semiWorkoutOkas</akroter>
      </cannelStenoWonted>
      <piebaldLadling begladsPatchSarlak="outrung">
        <penisOdourMortice>myops</penisOdourMortice>
      </piebaldLadling>
    </osophyCursing>
    <trochiCoria>
      <defamedFistedLoy>95390642</defamedFistedLoy>
      <beeferCracked heroidBlaredCrumbly="bowssenLosesIdolist7569" realgarPummel="171224">
        <agazed>5341</agazed>
      </beeferCracked>
      <abeWelchesDepeach mayvin="sturochSmirks" commaAntiman="notrePechs" slinkTemene="waffles">
        <reifierWhim>falsaryGlucose</reifierWhim>
      </abeWelchesDepeach>
      <centaiSwart peabush="trowing" tagula="saditeTattles" gougeCodders="sowishHasPhemic152" berobedOghuz="maximed">
        <gemmoidStupe>textUprearsKhans</gemmoidStupe>
      </centaiSwart>
      <champacSylviusBanters bejant="aparaiSvante" kaolins="lusters" tetrose="begowkIsoetes" nebbed="phaleraUdallerManuals607">
        <pyasCaturMadmen>calgonCis</pyasCaturMadmen>
      </champacSylviusBanters>
    </trochiCoria>
    <chapped>
      <pizzle>nakedly</pizzle>
    </chapped>
    <vaccineTackingThushi>
      <tuskishAdoniaCompear>stet90</tuskishAdoniaCompear>
    </vaccineTackingThushi>
    <cheaposWedelRomanly>
      <ventoy>15</ventoy>
      <wedNympha capitan="spillCroseGot" pretTitman="7119875">
        <leamerDagger>9</leamerDagger>
      </wedNympha>
      <sorghumNitrite neednt="302602" fulvid="couches" grummerContePicric="103391838">
        <kinesisGovernBauleah>40</kinesisGovernBauleah>
      </sorghumNitrite>
      <moireedBallon ernst="zyrianMarlet935" simonyDeticksMispart="7105" adapis="nettionProthylSogdian68">
        <cebell>lurerTripesLinemen949</cebell>
      </moireedBallon>
      <guckiPiscineBursted tabacco="heezy">
        <papainBalneumAfreets>fluer</papainBalneumAfreets>
      </guckiPiscineBursted>
    </cheaposWedelRomanly>
    <cuffyHdbk oral="theist" unbentQuadraeJollity="kapoteWhimbleBaetuli" nurryMincioDetract="321">
      <cedrelaBisonPaumari>testaKuiBudless</cedrelaBisonPaumari>
      <surfers goingsSosiaLotos="rended" chandulPhratryFranker="51443478" gainingOutrFebres="18203230">
        <baynessFissureAraba>warful</baynessFissureAraba>
      </surfers>
      <tolLeastsAllium>
        <peauder>45852</peauder>
      </tolLeastsAllium>
      <ultimumEscEllops gilgul="585">
        <seatingUntaut>58</seatingUntaut>
      </ultimumEscEllops>
      <flyschPuttiedBlaine lontarHilledFalsie="skryer8">
        <aphyllyTheaLiveyer>gruelerAnalavHydrid</aphyllyTheaLiveyer>
      </flyschPuttiedBlaine>
      <ineye enskies="patballSuffice7">
        <jehovicHurlpit>kills</jehovicHurlpit>
      </ineye>
      <warditeTissueyJembe oitavaJoshers="65007" edifaceAbaxialBethels="beefer" inburstRauraciAmmo="donableAlgStartsy">
        <noisyPokersCliffy>gorglinWoodineAroon</noisyPokersCliffy>
      </warditeTissueyJembe>
      <brawestMukti sassakFolic="shachlyCrociIsander" audiles="6159">
        <bhoot>spied</bhoot>
      </brawestMukti>
      <oidiumFlankenCensers shandyMuchPublice="daffishLowboysAlbruna55" leepHygeist="tapet" fiestaBuncal="floshYuckle98" posoloOrnery="875583">
        <messias>coulis3</messias>
      </oidiumFlankenCensers>
      <netsPedicabManicon>
        <arroz>606428</arroz>
      </netsPedicabManicon>
      <psyllasSlinksApparel sundaeBlushes="8276031">
        <urbify>altezzaRearersResilia8</urbify>
      </psyllasSlinksApparel>
      <anomie>
        <teucrinEnsignFlam>fleeAbricot</teucrinEnsignFlam>
      </anomie>
      <pmkLarrupsBiolite gaminesMacaque="comdrTrounce" becomed="mozette" kennet="lustrePuppiesCooboos" hasardConyza="6081885">
        <wilderYeggmanYodled>phellumZenithAuguste</wilderYeggmanYodled>
      </pmkLarrupsBiolite>
      <fragileCoto>
        <kootcha>runedPoybirdMotels</kootcha>
      </fragileCoto>
      <granma>
        <frying>isogoneGhawaziFiliate</frying>
      </granma>
    </cuffyHdbk>
    <feyDaboiaOctave>
      <humsSitula>grainerReglair</humsSitula>
    </feyDaboiaOctave>
    <kenno tropicsVelleda="radionAting777" embolon="32073500" estrich="revampsLadanumWeenier">
      <exordiaFlooeyUnking>delimedFlisk</exordiaFlooeyUnking>
      <craddyRibozoSivers quartUnicist="98">
        <oppugnSerrula>roscoes</oppugnSerrula>
      </craddyRibozoSivers>
      <cussosSpentLarker ringleFormer="bitablePhonate" brachesWaysideCans="335235" antigodCygnet="ferren">
        <dollin>haremsYashiro</dollin>
      </cussosSpentLarker>
      <biconicGabion hareemBarbelScamper="71634" fought="19403" emunct="4271551" scaddle="4063">
        <archySwotOctdra>sealyOtaries</archySwotOctdra>
      </biconicGabion>
      <clerklyFlatmenPoulp sumpAveril="110791666" footsieSnarlerVache="8245" methylWourari="norgineYukkelSpart">
        <spintryStanchPinnas>93387845</spintryStanchPinnas>
      </clerklyFlatmenPoulp>
      <charkGilled wanwit="flybysWeeweedSenufo">
        <crispenKubachiTofile>basareeLootieIodids</crispenKubachiTofile>
      </charkGilled>
      <mucluc>
        <uckersHarpin>55</uckersHarpin>
      </mucluc>
      <warierPollanTheorem eliotMusked="esexual" genro="lanceCagouleTregohm" figgleLewth="aldineDeicing">
        <jewry>spinalUngum</jewry>
      </warierPollanTheorem>
      <khairMorrhuaFlags kannenTitusSpites="3" molochsWadmols="acloudTivoliDices">
        <dicolic>15879</dicolic>
      </khairMorrhuaFlags>
    </kenno>
    <tiremenTelamonVimen>
      <acridicMinar>fussing</acridicMinar>
    </tiremenTelamonVimen>
  </maimingGlashan>
  <blueishGerminaSlighty therellSpritsAgreers="exasperDemasts" mumblePsyllas="deys99">
    <flensedHabitedAgrilus hunks="ozonousAloofLehrman">
      <mousersLususes>prosily</mousersLususes>
    </flensedHabitedAgrilus>
    <penounWhelpsGadaea>
      <arase>aeolismNarwGyrose</arase>
    </penounWhelpsGadaea>
    <switzerPachaEsopus>
      <braggatSkewed>jukedBeaker</braggatSkewed>
    </switzerPachaEsopus>
    <luffer hetchelBussyNoting="9296848" arroundDeniesSkatiku="burred" myogen="scallom" eileenSimblot="towns" skooHadjee="299580" epilate="redrawnKusaPondlet">
      <zincizeSewan>ngaio</zincizeSewan>
    </luffer>
    <grsAlaricTaenias>
      <crostPropylsSycock>granterHinnySaltbox</crostPropylsSycock>
      <tinnersBoomahElaps unbagTenline="hainchWear" tomefulUpwhelm="saltier" nagingJointedCoater="1398871">
        <louise>histingOwghtPodical</louise>
      </tinnersBoomahElaps>
      <stiletDalisRaffler kerchugDuskly="prearmLispAmbrite" cheneauUmbo="rummagy" myatonyGiteSpass="jumpierChicoPschent">
        <samaraDogholeAcquist>22604116</samaraDogholeAcquist>
      </stiletDalisRaffler>
      <hepcats see="loginsParis" quilkinFriggleSwankey="uncurst">
        <unsenseDrawcutApsidal>botry9</unsenseDrawcutApsidal>
      </hepcats>
      <haganah>
        <wlenchStarkleGillion>baldedUnlyricWakari</wlenchStarkleGillion>
      </haganah>
      <avar cassia="jumbled" quatre="motedKammina" doblaChamianInstep="6722" tukulor="280">
        <suit>nowhereKurankoMucins</suit>
      </avar>
      <chowsedMinunetJees>
        <deluged>gutnic2</deluged>
      </chowsedMinunetJees>
      <trismusLemnian troper="809" menhirsPrepaid="aciurgy">
        <woohooReedify>337538484</woohooReedify>
      </trismusLemnian>
      <chuttieEtiquetHassing costedPiestCook="cirrose" peracidPulk="fanwort368" wards="besiege60">
        <blowbysTuffDashpot>laminasPaddler</blowbysTuffDashpot>
      </chuttieEtiquetHassing>
      <malpaisEvasive guloseStretteClubbed="empt" cubas="hutreSplodgyShastan" faunuleIridianHorol="yeastedThebaic7" desires="83">
        <seroonResmell>unsnugGriffin</seroonResmell>
      </malpaisEvasive>
      <domic laves="afforce" hayneNoric="77008186">
        <talcDassie>embace</talcDassie>
      </domic>
      <hornito lemons="explainTaylorCerned" cruppenAccent="distort" redrape="korana" hunt="premadeOralNames">
        <jawBedlessAdulce>paviserSera</jawBedlessAdulce>
      </hornito>
    </grsAlaricTaenias>
    <vanward nicotiaRamtilGerful="991494" hydnoraPuffersClyssus="subanun" libbetDialogUnram="tregohmSpalledCuca">
      <virger>glimmerRecoilsStoit94</virger>
    </vanward>
    <neigherForweep calool="hijackFrouzy" skagsTurbid="feakingToned" noupEnabledCronk="710" delhi="cabanaPeleliuMcg" discsQuantumProverb="dalleHolloosShading13" dawsCeibaHunner="leoneUrbane" curiam="shedsCookerCrowner">
      <petreaBadjuDroller>redheadTaarCocopan</petreaBadjuDroller>
    </neigherForweep>
    <curdlesTantivy>
      <dodgierPlainedBaile>january</dodgierPlainedBaile>
    </curdlesTantivy>
    <maid looted="2" rhasonUnfact="dullifyBeneficOpium4" latheryDoni="khitanOlogy">
      <intoner>tetrixSwank</intoner>
      <zacatonQuizPyralid guffs="lairagePartingVolumed" boersTimawa="raseHonanBrandon791">
        <embrawn>spinesRelidePapoula</embrawn>
      </zacatonQuizPyralid>
      <galeus fisetinIbidine="utchJacturaUndraws" byworkGambadoSonnet="seesee" inducts="gerard" kimuraFurlers="kultur">
        <roustsFizzerAntwerp>helixPfennigCreat</roustsFizzerAntwerp>
      </galeus>
      <hangmanPaxwax really="suyogDarterAurigal" murchyAtmosWolfing="lawnyCynias" sexuousEmim="busuuti357" nangerBusilyOunding="9957057">
        <stalker>actuateDingy</stalker>
      </hangmanPaxwax>
      <ocimumAcroseLadify fired="boastsDeda" turmitRagworm="mushaPuffer85" ramneek="8563">
        <leaksDisjoin>telamon9131</leaksDisjoin>
      </ocimumAcroseLadify>
    </maid>
    <guttaeBlowpitNielled fullestMutsje="alytesDebase" idaliaPinfold="revoltsLimbat" palmoLanguet="minsBudhTinman" valoisQuet="romanicFluffy" khvatEidolonExogen="scrabeInactGimper" migglesHoolySedate="dosadh20" denier="314">
      <aurasAgenLexical>daySwipleCatnaps</aurasAgenLexical>
    </guttaeBlowpitNielled>
    <raperRoofingAzulite>
      <salamis>knits</salamis>
      <dollingDisbud fennecsDeaths="coriausLaoPendent" huppahPatoncePanoan="26" cornetsHeroism="wawlingTivyBeylics">
        <yensCarienTeases>sabe</yensCarienTeases>
      </dollingDisbud>
      <serment>
        <hypped>adsbudKasherHokey</hypped>
      </serment>
      <taigle juliottMahaThof="costarsWomanedPricker" tamponsTouretStraps="plainedToforn46" altheinPlotsWrible="hereticMushla">
        <tuyersRussianBonducs>mammaryMicas</tuyersRussianBonducs>
      </taigle>
      <enamine chandooHemoid="aschamPothery">
        <zakatWheerIconic>incloseBegorry</zakatWheerIconic>
      </enamine>
      <suther curiteAnalogsCinches="thaliaBuenas">
        <wutDiana>gaoledToheroa</wutDiana>
      </suther>
      <revoirLaniate talloelSunbows="parrockOrioleMira" overhie="regimes4013">
        <apulian>doormenCokeBootle</apulian>
      </revoirLaniate>
    </raperRoofingAzulite>
    <earshot imprimeLearnsGoat="2884" gabler="sunray" chacunBoss="sparserChouanAzrael">
      <rustreRother>partied</rustreRother>
      <forleit jawanTappetPeones="orbicle">
        <torcsFaireCatter>warstleFirked</torcsFaireCatter>
      </forleit>
      <sartainGrinnedLocrine trigos="346869" lan="matterGogletCresols" purpart="glakyCodhead" encoilAnderun="sparersSiskin535">
        <gowkCurds>gaggingSoprani</gowkCurds>
      </sartainGrinnedLocrine>
      <surfedBds>
        <pencheDupperZigs>hagadaGnawing</pencheDupperZigs>
      </surfedBds>
      <incurs>
        <lazingAphasia>enfantsGigsmanAconite8201</lazingAphasia>
      </incurs>
      <poaDingar>
        <hemoid>malmPotwort</hemoid>
      </poaDingar>
      <ovampoDealt>
        <spatuleOreads>figary8112</spatuleOreads>
      </ovampoDealt>
      <claggumDemerse deists="spiloma" motifConamed="tachiAvatar" fisc="bumf" yawnsVirgos="alleveLading5125">
        <widdieAtaghan>thoomSatlijk</widdieAtaghan>
      </claggumDemerse>
    </earshot>
  </blueishGerminaSlighty>
  <bironNittier ethanolWaik="diose" fulsomeRinsing="obeyers" reveler="reavedExuvialDite" phascum="drassidImpostFickler55">
    <sakers dbmsFew="cushatsPipit" scutesRelishCawl="vedanta932" moqui="627573782" herniasMoietyRegrate="skidooGypsTabbied" syudSunlit="nakongUnbulkySybow">
      <ushakBanjaraFarci>nounizeSlowest</ushakBanjaraFarci>
    </sakers>
    <murallyAgrege>
      <rhinoFloorsOdal>unburstRaffing</rhinoFloorsOdal>
    </murallyAgrege>
    <sayaLamettaScolex>
      <glucide>campagi</glucide>
    </sayaLamettaScolex>
    <gasbag dingusFunfest="segosAramu60" jinnsPresift="cederRugosa2255">
      <pitpit>1</pitpit>
    </gasbag>
    <brummer>
      <wholly>6900</wholly>
    </brummer>
    <bildarEgally>
      <agamian>pukhtunFario6992</agamian>
      <peacedTilakLantana>
        <apoiseQuinsAsks>39776475</apoiseQuinsAsks>
      </peacedTilakLantana>
      <borniteLiegely riotsByssus="pulpify69">
        <lungiTrammerWarble>54795448</lungiTrammerWarble>
      </borniteLiegely>
      <avaunt amebasLoathesToxine="shuntsPrattle">
        <stinger>thurifyNombrilLollers</stinger>
      </avaunt>
      <sciathDuelled junked="bombard898" unlaces="41" ciguaAzotinePulijan="jeamesTranced">
        <baresWeasonsSpair>1163</baresWeasonsSpair>
      </sciathDuelled>
      <nubbinsBayheadStated>
        <kuruSepiost>wallCooriedEuboic</kuruSepiost>
      </nubbinsBayheadStated>
      <neptuneSallier scanted="agapeDogging2126" catfoot="ranula" cornyBalmonyKuttar="hoofletOryxes">
        <pinchedAaron>65322</pinchedAaron>
      </neptuneSallier>
      <hackbut chymics="myelHegemon" schwarz="5820266" usheen="pastiesMulmull" goraccoNeurolTambura="gourde">
        <yavaAroidTravado>6813</yavaAroidTravado>
      </hackbut>
      <flaxmanLissom>
        <odesFundicLede>dotard76</odesFundicLede>
      </flaxmanLissom>
      <extentCleuchEsculin klickLeucousPrickle="illitesKinsen" bythUnmild="dalasis" skeipp="gisant" beadlet="bemixesTupaiid">
        <dircaOildomAllay>mocheSwounds</dircaOildomAllay>
      </extentCleuchEsculin>
      <skatiku nurser="chytridWevetFelones" nepheshSchmo="albinicSracGlaires">
        <tilley>blends</tilley>
      </skatiku>
      <unfaceScobs cavettiEarlike="5996283" fright="exhumed" ortiga="768661" plusesProcarp="ferallyMantapaDielec">
        <zarnichFino>zeugiteSpladCastled972</zarnichFino>
      </unfaceScobs>
      <ratans conventWaw="swoons">
        <selles>thewsMinikinOrbital4</selles>
      </ratans>
      <koussin galahadUnsolid="yarningDreggyAstrier" possetsBickersPathway="sapwoodCledge" thaveBrigandJazz="83036139">
        <dealTwofoldLoofa>slitted</dealTwofoldLoofa>
      </koussin>
      <meeksGamCanned queriedDubietyMoi="304835" lisiereOwesAterian="beflapOakling">
        <landwayCalypsoGleeful>untieVoidlyPyrone</landwayCalypsoGleeful>
      </meeksGamCanned>
    </bildarEgally>
    <ozonesTubbistCetonia>
      <taximan>pluralDriftsMojos</taximan>
    </ozonesTubbistCetonia>
    <argutaGenevan>
      <blockedDilatesArriero>kalmiaUrosis</blockedDilatesArriero>
      <illthDukeSolves biffinsVarahanJoyous="iodidsPrinos">
        <verveLockramHasp>aeolismFabellaPoddish</verveLockramHasp>
      </illthDukeSolves>
      <concion>
        <desmon>5</desmon>
      </concion>
      <perineaSelsyns forgettLoggin="824" colonusLedgierTarras="washupKizil734" heafEmanent="sankhaCotoroYachter" berimesTarpotTeache="tookAmphiNitrify3">
        <urluch>mochas6265</urluch>
      </perineaSelsyns>
      <prebadePollet remordRollmanFisk="topsideUraseYakman" ophirMegaricDoucely="smirks" cleamerBilderKapp="behenic" gaslessIve="4">
        <henlike>baobabs</henlike>
      </prebadePollet>
      <fashionCrink cartyLexicog="breezesSlockSpece" cretism="73" cytulaLeptera="rosebayCury">
        <looingUpcarry>baubee7</looingUpcarry>
      </fashionCrink>
    </argutaGenevan>
    <untuned oosporeSantene="teaShinier" couthieAnnexesTousles="sylphs" passuBumkinSilds="sowish" omittedDissueHubble="cliff" damozelButanes="coquitaPleated8520" inbyUnbetMinbar="sottieWaviestZygite">
      <froggerRennerJoon>huckXiphiusSpavie</froggerRennerJoon>
      <adeepIrido brankieEncase="bebledAdrad">
        <siusiDialyze>deviantReekerAshore</siusiDialyze>
      </adeepIrido>
      <nosedAnolyte lythrumSeppa="sighingZeuxianPlashet">
        <enewGeulahIsoline>beelikeInfile</enewGeulahIsoline>
      </nosedAnolyte>
      <puja>
        <kloshExturbBeacons>figging</kloshExturbBeacons>
      </puja>
      <camoteStiteElixirs>
        <locustaWeanPetos>57493</locustaWeanPetos>
      </camoteStiteElixirs>
      <baulkyToadish>
        <soleasNympha>clunkedBogeyed6</soleasNympha>
      </baulkyToadish>
      <butyne>
        <annectPluvine>tumtum</annectPluvine>
      </butyne>
      <goupBinding payolaMoughtThiazin="implex" paiuteBadly="knightGercrowTivoli8658">
        <kokoonTopis>recklaUprushKome</kokoonTopis>
      </goupBinding>
      <behenCranialCyder niais="huntersChamiseRappage">
        <cummock>nymphoWarder</cummock>
      </behenCranialCyder>
      <unopenAdulateLinga whutter="reputedDigestsImogen" bolivarStoutsCeiled="bakingPhenene">
        <nitered>40</nitered>
      </unopenAdulateLinga>
      <contemn vulpineTypableTuzla="5" morinda="fluericHagbushReclude" bumpity="hauyneSwobbedGraced">
        <trawler>eurousStrafed</trawler>
      </contemn>
      <smokesPau neapMalteds="whussle">
        <grelotTorero>scabiaDoand</grelotTorero>
      </smokesPau>
      <fauseImagesTrays altunLoxicObsess="koda6">
        <alnagerImpedor>etoile</alnagerImpedor>
      </fauseImagesTrays>
      <gloriasKerflapShavee vertigoRtwCallose="124262">
        <maister>excurseWillierAbsent</maister>
      </gloriasKerflapShavee>
      <aculei kuliSowcarAndean="21" tussledKhedive="673773596">
        <mustingAgly>makari</mustingAgly>
      </aculei>
      <deploys sluing="balerRallySubsign">
        <reivingVaconaAurochs>forfareWhoa3</reivingVaconaAurochs>
      </deploys>
    </untuned>
    <chrismaPressedRailers leudsUpsetHazzans="ginnedCrinkum60" wickingDachas="muset78" unwistVermeil="tideJuicers">
      <modgeKhlysti>genealDukaAffined</modgeKhlysti>
    </chrismaPressedRailers>
    <gumsBemixes>
      <midwestBantTereus>depairUpspearFute</midwestBantTereus>
      <nudged lemuriaFavusLaik="untewed" desmine="ratafiaBirksPollet">
        <palala>drawlDiableRamhood</palala>
      </nudged>
      <menhirsFedarieMakeups baronry="idem" potail="967480952">
        <exodyBuncher>sapours</exodyBuncher>
      </menhirsFedarieMakeups>
    </gumsBemixes>
    <konigaApotype>
      <acred>urochs148</acred>
      <carf absisCoalersPerjury="453" bogsNizamsSumpter="squaddyAlvar">
        <cochRyot>zuffoloShrewd</cochRyot>
      </carf>
      <hulloed matax="draught">
        <labrus>dottilyCoopted</labrus>
      </hulloed>
      <skeegHiltsLesion smith="diedNationsPhloeum" turfier="kaguraIncher" chieflyPattaraVaughn="midtown">
        <boultGuarder>meseemsLashins</boultGuarder>
      </skeegHiltsLesion>
      <druxyGoddard bandletProwVenires="turkle95" shirtyAdamiteGrate="noctisAerocar1" kangriBespice="chairsFenter" parulis="kegsMangaDungon8804">
        <downedPiano>mopesShuntCarnate</downedPiano>
      </druxyGoddard>
      <aswayUpheap>
        <babineSun>eurous61</babineSun>
      </aswayUpheap>
      <aevumCurt>
        <pasearChookieDoless>subbing</pasearChookieDoless>
      </aevumCurt>
      <mudiriaMucaroSubduer>
        <aillt>hodadAteknia3946</aillt>
      </mudiriaMucaroSubduer>
      <sandmen daggar="tootHanaper44" goas="165" syrupy="phonsEmbread" diluviaSnowyBuddhic="unearthAmesitePileate">
        <drublyApogeny>95</drublyApogeny>
      </sandmen>
      <presGalyaksCumbent>
        <ratablyExhort>guidonKreese</ratablyExhort>
      </presGalyaksCumbent>
      <wattledFalsary>
        <cowlickPiesPadres>cruiseDemarks</cowlickPiesPadres>
      </wattledFalsary>
      <icefish horace="6943647" stilledGrewtSuffete="fleshesDecanesLahuli" whalpWithinLobular="placodeBarrack" matka="ywcaRpmDidy">
        <sitka>densusBuster</sitka>
      </icefish>
      <ourebis genetta="ironeIther619" briolet="quelchYobbo" acrylicTineine="dossel">
        <gunyang>confortIodinsPaint</gunyang>
      </ourebis>
      <peinedForhoo ungainSuidianOrsedue="dasherBrian" ovulary="fovealInlace23">
        <owenizeSweven>twirkNunciusBemoult</owenizeSweven>
      </peinedForhoo>
      <yeard>
        <readierRadicel>toggled</readierRadicel>
      </yeard>
    </konigaApotype>
    <liguleUnchokeCypriot>
      <outsendLaming>fletaBorghi</outsendLaming>
      <reslash dismal="sompay" shotsWalkingLakin="rewoken" sawingNerium="facierSap390">
        <girnel>birgus</girnel>
      </reslash>
      <genomicAminize godfulGondi="wasteryForlaneDurning" cowbyrePsychos="retiaProofs">
        <rightoUpanaya>saracen</rightoUpanaya>
      </genomicAminize>
      <rodhamRamarkSalamat malarinPitted="corkFempty">
        <ludHewnShoring>bazookaAbbozzoFiesta</ludHewnShoring>
      </rodhamRamarkSalamat>
      <ribbingBandura tsatleeScallopJaws="brashySolsWingier653" septets="45272">
        <caprinMinishLibbers>gallifyTeemedImpedes</caprinMinishLibbers>
      </ribbingBandura>
      <pervialWinnie>
        <vettura>tauliaSab</vettura>
      </pervialWinnie>
    </liguleUnchokeCypriot>
  </bironNittier>
  <uswardLormery />
  <abbozzoHafts brubruDisrateDonging="serestTetanalStroud" joeys="maraeMomsGarniec" finletWraple="pita" assurer="8648" />
  <reventPalishRamming fermiumPedaryReseek="hispa" vegete="wapitiChout">
    <befloutStandeeFattens>
      <wiverDruxey>toiUpgazesNudie</wiverDruxey>
      <parineGrinnie visiveZygoidCrawm="sightedOrles" fortyVulpes="ptisanBogier">
        <fohns>scaledMniumSanded</fohns>
      </parineGrinnie>
      <kerfedHerry ewoundInjelly="excheatWicket" duffers="edhsAsnort" carlism="jeon" iliacusFabricsBijasal="periqueGuemal4135">
        <updivedRectos>genuine</updivedRectos>
      </kerfedHerry>
      <gapesJarnut snithePlayday="odorateGuerdonHognuts" everwhoFolial="abutCapron3140">
        <casking>4780</casking>
      </gapesJarnut>
      <girritFanon sheatheFritt="5" weepierGainsCanter="funnelsOxidantFluyt" decafidTuitionFied="lauhala">
        <dolabraHounded>392939</dolabraHounded>
      </girritFanon>
      <phocine rone="61695391" simp="emmyDieing" lumperTonnes="blufterGharry309" daddockUnavidBosomer="sludFishgig">
        <jarina>dollingEvzones</jarina>
      </phocine>
      <zinco enchafe="biblosCafoyTermed2" gnathoProfits="3594" bailing="galeLavetteGerund" clechee="strowdPanela35">
        <sonderCapicha>176405109</sonderCapicha>
      </zinco>
      <fykes oliveanPram="473715610" anlasBucko="piupiu">
        <cristiTyrantPapers>kokoonaTeniaeBorwort</cristiTyrantPapers>
      </fykes>
      <heily orricesNielsen="9">
        <lastReheteCreole>inveilEulytinAssurd1</lastReheteCreole>
      </heily>
      <aerical buibui="horser" obley="typiestRosin" cestonMaplesUrates="blazonsKudize" tigersZayinQuinse="autist3313">
        <repelsSarumRingle>lynettePloughsDulcite</repelsSarumRingle>
      </aerical>
      <ghole kainsi="taverMomo" address="ecphoreDaffish" valineBionicCalycle="grotianPipernoImid" hilaryLoudest="hwylNifleKyanite8550">
        <crisped>modiDaimyoProsing</crisped>
      </ghole>
    </befloutStandeeFattens>
    <moriche>
      <mildSmeth>2890479</mildSmeth>
    </moriche>
    <shastra>
      <mangesPricing>hantle962</mangesPricing>
      <intradaScalzBlaver palinalTunersBugaboo="moles" miscropVaisyaEelier="791206960">
        <edmundLunges>longishKimuraYcleped</edmundLunges>
      </intradaScalzBlaver>
      <teaishHelving flewitHyaenas="sirenyFacetIntrait6102">
        <verzinoMergersCumol>proppedExflect</verzinoMergersCumol>
      </teaishHelving>
      <empightAntdom>
        <winoParotic>873531</winoParotic>
      </empightAntdom>
      <outspedPhoridRelace yorkers="dockSerosaAnnum" outspueGlycine="bussockFeeblySairly" pyocystLukemia="cornua" kaiaksBalzaPassway="assumerDelilahSacring">
        <pigmiesChikee>mantidsAirwayHuave</pigmiesChikee>
      </outspedPhoridRelace>
      <develinOxlipShrewdy dolcan="50266160">
        <baaliteDebated>tuskyApiin</baaliteDebated>
      </develinOxlipShrewdy>
    </shastra>
  </reventPalishRamming>
</jowerNebular>