<?xml version="1.0"?>
<sardoin>
  <envinePoilus griotteCystal="agynaryWheezed" maxixesFroust="diaseneWokenCourier" />
  <stareBarbute mump="harshlyElflikeRiffed151" />
  <bigInvokeAst inbits="encasedTeched8" moorishCachexySkeigh="tamsLipic88" coitusPhaet="abattueHexyneBasses" gish="arousesUnder" />
  <borasUnornly speenInde="quannet3941" barreraMananas="72" revetsMispage="pompomStepwayDicer" slimierNudity="chiding91">
    <rooti tublike="refetch" gladwin="88812512">
      <brekkleGulaPectora>hurting</brekkleGulaPectora>
    </rooti>
    <ewestSundangEjidos feastCadbote="camelDeserts" ketineAngarepOssal="guff" honilyBaricYarrows="ataCycler" sayids="beats71" petherCesserNumdah="unreadWhamEnlife">
      <piscoKuri>neves</piscoKuri>
      <godsons>
        <dizzilyWhampeeTench>iaoFiascosQuatres</dizzilyWhampeeTench>
      </godsons>
      <bullaceIsntPurses vitrumTokay="athensPoured">
        <arvel>rentedPlumeteDavyum</arvel>
      </bullaceIsntPurses>
      <screar turquetPaukpanPropos="fiancesEgolVinos5" coonsFullGingham="8584110">
        <sonder>nofileCilices6</sonder>
      </screar>
      <duplonInflood tosilyAlloverFuroate="periost1" trail="linseys35" auxesesKyangAugite="prouderLongaGess">
        <firca>7682282</firca>
      </duplonInflood>
    </ewestSundangEjidos>
    <queingPreposePataria reanvilUneyeTornal="hawkeryZoaea">
      <frazzleMotifsMacrli>982</frazzleMotifsMacrli>
    </queingPreposePataria>
    <mantGleysPhorbin daysApoidea="gonnaHarpist" ramonaSleeky="zebecksPanamicPhases" sighersGarblerThicks="544476206" tsarsIodolsGools="ayelpArrases" loanHaslet="cabombaLagersCuplike" luxuriaHogskin="sacateZingari">
      <hyndeRandle>317490</hyndeRandle>
      <whuskieQuelmeSucrier mollieTumuliArtic="ply" dicemanFack="ufologyCloying" unlargeGuaraAvenin="buzzies">
        <waledLyratedWrists>bewrayHearer</waledLyratedWrists>
      </whuskieQuelmeSucrier>
      <goldtitDegustsHittite speckly="cheaplyPortletRoosers">
        <irishyVatfulsScride>motiles</irishyVatfulsScride>
      </goldtitDegustsHittite>
      <manterAnthdia garboConched="durantShilfaAssam" ira="55979" langsetHornierRelater="deary">
        <bilbi>granita</bilbi>
      </manterAnthdia>
      <alonelyDindledCocama>
        <wifishArgyrolRailway>gussetBumpity</wifishArgyrolRailway>
      </alonelyDindledCocama>
      <bombleCapletToter ejectedElaine="dorr29" aulasDrowse="bowwoodSummits" sniffer="humousHogton">
        <pulvil>gaulshJurispChumpy</pulvil>
      </bombleCapletToter>
      <telical piqueur="muskyPoonceDements" echimysMammon="briguerPedro" eellikeRetchesTomines="gidyea">
        <drowUnaptlyBarat>ruinousCheererBemixed346</drowUnaptlyBarat>
      </telical>
      <bevyRepruneOpera batesEdeitisPeones="itaves" tendonPeapodHops="havStupent">
        <cuadraPeyotylMikes>nockerlChieveGarrote</cuadraPeyotylMikes>
      </bevyRepruneOpera>
      <basalia fugles="406" muridsLife="134735" uaraycu="relyingZayin6">
        <posthocHamated>rumoursSufficeSteady7</posthocHamated>
      </basalia>
      <dustilyChomperQueal>
        <sjoukeLankly>6039016</sjoukeLankly>
      </dustilyChomperQueal>
    </mantGleysPhorbin>
    <spyboatSliver readiesEngarb="aramis95" banselaSwoose="napkinNeater" fliffus="piecerAthensRoscid" enhuskRecuts="spouted" cornuaGaeaPithier="dinningEspiesNorms">
      <doubt>fytte</doubt>
    </spyboatSliver>
  </borasUnornly>
  <nonaTancel peepy="exaltsKniveEphraim230" poddia="anilicBasoidIbm85" />
  <edits giojoso="kharwar" scenicWhorlyWitchet="28446" wharfs="pokeoutEnrageBrangle53" />
  <pupatedStreng />
  <cloqueBadging fow="639149616" />
  <fannyUglyArenig fridilaMonnionBelched="bojiteSpoiledBatlon" heezedQueerlySpattle="asimina" lithousObelion="speil" cardiacSetoutSomma="rauriki" />
  <nudgersPrawnerOsmite />
  <crocAnagogeCoadmit sdlcCymrite="neckarPsend3" exposalSheeve="aridgeOusteeChico">
    <satiresTraikRut texanAngekokOxymel="hollowTawiteInept" sextansPyropesGrego="brawlieLaguna84" dismastBearishOkaying="blunter" mirzaPocketSakes="waving">
      <filariaGalik>gelCoaxSplenia</filariaGalik>
      <thiasusSayneteIncorp fixtUnlured="641">
        <scoticReyield>allylsHalideErme</scoticReyield>
      </thiasusSayneteIncorp>
      <gatlingPiscine bezantyTernesDisturb="448914024" crunklePawner="liturgy" madnep="burgoutBleederVeery">
        <aboard>wiring</aboard>
      </gatlingPiscine>
      <jobbish asoniaShardsBreasts="sunfishSupt" unladed="ranis">
        <pyocyteEnfelon>bawdIcecapBaggers</pyocyteEnfelon>
      </jobbish>
      <tellyTemptedVersion drofRhombicSokulk="behn" vedist="babsNogai" refugia="14">
        <squalls>skatesEphor</squalls>
      </tellyTemptedVersion>
      <matar stech="warmups72">
        <tamsLapling>metumpsJeeing</tamsLapling>
      </matar>
      <sobbing>
        <cephala>engraveSarodeIonized</cephala>
      </sobbing>
      <pavoneTarseLou noerrorMuckiteMaysin="deityPedetesCut" divedRicerFishify="45402" teamed="angili" orpheon="clopLatchWillowy">
        <osseousPyreninPartim>95</osseousPyreninPartim>
      </pavoneTarseLou>
      <dagobaMagHorla cathectVillan="gapping879" agistsIbota="millierMurderInwale" aghaSecreteGristle="fatihaEadishApnoeas47" proton="debitorAseitas">
        <maniocsMashal>bosnCapling</maniocsMashal>
      </dagobaMagHorla>
      <curios henadSilureBinmen="yakmanCamelus" erePowderMuffish="57427">
        <strikerDenyer>naggedWagtailRopery</strikerDenyer>
      </curios>
      <friezesGowpinVol arpentsAsbolin="algine" riptide="anusimMecumsNauset">
        <remandsPigmeatRemi>distilsWorral</remandsPigmeatRemi>
      </friezesGowpinVol>
      <amildarKissy mashySchrankAvestan="6657798" unmowedSnored="mantelGenin9" osteal="foveola" hapticIlysiaDroopt="quelite">
        <sapeleReenge>molaGyrous</sapeleReenge>
      </amildarKissy>
      <unaimedGuts addendsAcrodusWiggler="invAlainKishon" lundaPiciEnounce="wakiupBeratedArabis" helen="924217">
        <picRosarioDucaton>661</picRosarioDucaton>
      </unaimedGuts>
      <ossetDecessJoyant culmyTecta="soriticHulked">
        <shaiBearletEfface>680737031</shaiBearletEfface>
      </ossetDecessJoyant>
      <ditone>
        <woyTruish>corderLobolo</woyTruish>
      </ditone>
      <mislaysUnlawAgelong maxixeCommute="coolerCoatsRepart" disray="simblumSensum" sucker="gaffChinche264" shads="531744">
        <neap>pewsMiranda</neap>
      </mislaysUnlawAgelong>
      <waviraMistleNidana patinasVipersSubdial="griseLidderBeatify277">
        <hangoutSkellat>sulfitePinto</hangoutSkellat>
      </waviraMistleNidana>
      <peasyQat workboxHuavean="mirledNigrineEcstasy">
        <nogakuOthakeEldern>blockerDinged</nogakuOthakeEldern>
      </peasyQat>
    </satiresTraikRut>
    <vogul cavaeProsistObli="shuting" tomjonMelenaAgogics="rebelKorean5" chunniaRubes="estudy">
      <nucal>ligates</nucal>
      <lemuriaAnemicAlerion tournaiGamelan="rat" expededLabaraBehung="2166" skelpSwaps="8" mudirScorserInmeats="nomad">
        <sejeant>podunkLobataeSewage</sejeant>
      </lemuriaAnemicAlerion>
      <bougar sarongsCraw="deemerKitabisFanny" litterBurlaps="tunish819">
        <friar>upgird9</friar>
      </bougar>
      <jingle pretend="proheimArrachMythist" assurorBeeping="azygoteDumasRedcap367" entwine="thrutchBedralLehmer8848">
        <firringLooing>yarner</firringLooing>
      </jingle>
      <ouvertKiowayAvertin cachrysAmyloseAlcaaba="peltRouging" frazzleUnsevenEtuve="742" drowseFibrin="dbrnPounded">
        <railerPaletzSauba>21</railerPaletzSauba>
      </ouvertKiowayAvertin>
      <reshowTsuma alrunaImpuneImputes="rebuild7" tealImproveBio="28223079">
        <catpipe>gelofer</catpipe>
      </reshowTsuma>
      <tjenkal crewFugle="jaseyOkaDuncify9081" isidae="unwiveCledgy" mouchFlyblow="dudeensFinedYokelry" tutoyerHoer="36">
        <ariole>woefareTsine</ariole>
      </tjenkal>
      <altered washakiOddsmanOrdered="arbitreBravoes">
        <misactsIceniElne>fresherEthiops9</misactsIceniElne>
      </altered>
      <crappinChests>
        <hibito>azine</hibito>
      </crappinChests>
      <laxatePitpan shroff="fadlikeEpicureSoaping469" saddler="iberiRedboneCoheres3">
        <emerseVerbenaRegia>56722422</emerseVerbenaRegia>
      </laxatePitpan>
      <bradsFeodsNictate almacenCoaidNopalea="karaismMasdeu6" salad="586037" beloveFramea="buttonLangret">
        <lamiidSoaps>beira</lamiidSoaps>
      </bradsFeodsNictate>
      <sumacMisedit canariIndow="boerIncipitMarrows904" salivasDurionEpigram="2745" bodeNoblesHeo="okruzi" hopheadReplaysCostage="307">
        <mosaismShowily>grometTongues685</mosaismShowily>
      </sumacMisedit>
      <millersGisantsMajored>
        <bigginsAwryDreed>rawFactsRentes</bigginsAwryDreed>
      </millersGisantsMajored>
      <leaky pogeyAlumsFobs="peroxyl7222" boikoNauticsGarveys="gratinAlfredBoget">
        <presawLadyish>libre</presawLadyish>
      </leaky>
      <vatsPuntilArkosic hineyReseamGleyde="dextranPannes1146">
        <quoterHapale>vicaryStonk</quoterHapale>
      </vatsPuntilArkosic>
      <faithsCrankly kemptsCeasedDeia="389691754" cappy="pondmanPinker" punnageBaymenPlunge="corridaCyathus" titferSquare="idalianMoronLoggier60">
        <katar>lavy</katar>
      </faithsCrankly>
      <wonnersGnathal pithily="thurlDirtier">
        <bahaismSemiproFlow>varnaTorchy3533</bahaismSemiproFlow>
      </wonnersGnathal>
      <suentCalmly deponerGobio="begirdFeculae" propper="teecallLoopersEsp">
        <haemic>antigayMarring6390</haemic>
      </suentCalmly>
      <barakaNauntle crepine="5078285" argufySilva="187792">
        <iapetus>pavePooftahWinkled</iapetus>
      </barakaNauntle>
    </vogul>
    <booksy>
      <getfdCtimo>viliaco18</getfdCtimo>
      <axon huvelykVainful="unsaltMiliceBrocard" rotesBakaleiAvahi="655">
        <court>shank37</court>
      </axon>
      <mopeierUnliked restAlumnal="acadieMyotic" gellantArcusesExerts="gotInerm">
        <coniaBrick>remotedAbileneMaltine</coniaBrick>
      </mopeierUnliked>
      <heard ejulateAurei="kathal6" risala="notself">
        <potmenLapis>stereRaunMiae</potmenLapis>
      </heard>
      <recurveLeguanBowkail>
        <piccoloQuart>farseClocksLisbon</piccoloQuart>
      </recurveLeguanBowkail>
      <soupledBetitleGoliard>
        <beholds>fainterGlomeraLuce3</beholds>
      </soupledBetitleGoliard>
      <labrumZacate>
        <livened>testisAnattosDoubter</livened>
      </labrumZacate>
      <jokedBion ppaTriadsRukh="olympiaSawanSucrose">
        <touzles>129867390</touzles>
      </jokedBion>
      <fancyTawiteMexical gyrosKouzaBoot="sergingSlavNapping">
        <bebrineStrew>rumpadAaniDouras</bebrineStrew>
      </fancyTawiteMexical>
      <goldangEddaFastest patmosZilchAcronal="303918918" censerTuebor="989113">
        <ectopyUptrackRecuse>groanerDillingEnatant</ectopyUptrackRecuse>
      </goldangEddaFastest>
      <evadeJemble dunitic="staupCarvistMuseums" accite="manilaUnhopeThrepe">
        <equinesStashie>cupolar</equinesStashie>
      </evadeJemble>
      <guaricoUmbraid faultedSymbol="ladenTrogueCkw">
        <tokened>paroli</tokened>
      </guaricoUmbraid>
      <franks reimVoc="machsMelange6" jacamarCandyPrebade="conuzee" goxesTariqatChasmy="paqueCoyish">
        <guerebaLeeserGurjara>washersExtypal25</guerebaLeeserGurjara>
      </franks>
      <ejidosHooch mohock="clipperWishly" abaserWivesDemaree="gonidiaMussuck">
        <abigailGowlan>postbox</abigailGowlan>
      </ejidosHooch>
      <duftite>
        <waheheBeleft>yaqonaCompts247</waheheBeleft>
      </duftite>
    </booksy>
    <abwattBowyer shuntsSnowman="deturn" armsful="tractsLeg" feignedMurexid="gerkinMut524" bilgedFilletRanid="kennedy" engrossSeedbed="thetin" poutUpsetsFunnel="ideallySaddhusTrillil">
      <baftGaumingBrr>jogglyHolloos145</baftGaumingBrr>
      <hagein>
        <elevonCorkier>38</elevonCorkier>
      </hagein>
      <menhirPorettSextain ropeyCavinWade="beefierRubin" dammeRealistUsurps="elodeasPerron" sturkWeaved="4580" turnsRebathe="useableForbowScutate">
        <fasels>golillaTwaddle</fasels>
      </menhirPorettSextain>
      <halidomPeckishChapah tramperSkewing="curvle92" filialNunhoodBlaring="resumer">
        <mabelaBejewelSecess>bibby</mabelaBejewelSecess>
      </halidomPeckishChapah>
      <hordedBaulky>
        <gordius>16161243</gordius>
      </hordedBaulky>
      <daisies aperuHoagiePuist="guaranaUpsringEnse3" pulping="dismanMarbled37" coseyGila="ripsawFabric991" sergeiPesteOstlers="lyridOutbark">
        <useTorsesTedge>codgersNippily</useTorsesTedge>
      </daisies>
      <rippitPokomTruller idlerSwipper="551993257" ladinoSpeilsSeisin="appaleSuave" pontageLithest="isobareEruditYore710" raseRantBogway="impaint5">
        <milesFourre>habbubWindilyVouster</milesFourre>
      </rippitPokomTruller>
    </abwattBowyer>
    <toptailOaredTycoons>
      <itsyXeroxedFiques>ideo</itsyXeroxedFiques>
      <cestUnwived aegis="trankaSakeber" pauaSurance="pengoBocces" holdenCovadoOxydase="913039" seech="withhieAbbotcy">
        <woozyAmide>ajowan9</woozyAmide>
      </cestUnwived>
      <tepefyDeluce soberer="3" kritonHeardIncher="basesRamtil" healthyPlumbed="ephods">
        <logshipLehrman>abacateRomicEmporia1</logshipLehrman>
      </tepefyDeluce>
      <quotasFogbankEncover>
        <goasHemselfBroncho>bougetRebeckSornare</goasHemselfBroncho>
      </quotasFogbankEncover>
      <glueyBlattidFustet>
        <sheols>acrodusFluters</sheols>
      </glueyBlattidFustet>
      <dittayTocsin>
        <kips>upbendCivisms</kips>
      </dittayTocsin>
    </toptailOaredTycoons>
    <tramels>
      <egghot>liniestSworder</egghot>
      <queuedBifoliaDandled mezuzotAmoebid="proofedMerlionLepton" shrinksAmraArchaic="upsent" tipcat="cluffCaldronAsprawl" demodeSprightConjon="6374940">
        <luggingOscnode>10854651</luggingOscnode>
      </queuedBifoliaDandled>
      <spelman>
        <peelWhestenOrles>garredDsri</peelWhestenOrles>
      </spelman>
      <briqueAmongst surety="ababuaFeralSpeckle" orpinTabbing="shapeupStooges">
        <targePleopod>druse</targePleopod>
      </briqueAmongst>
      <mider tabule="blushyCowtownReptant" waringApply="tattle" epinard="ahemKickyFusulas">
        <brings>6</brings>
      </mider>
      <kedgyCupidsYode thurnia="roupy6" wunsomeRefreitDudman="bukatUnspied" carawayBurlesk="mesons" hopplesDerbendReeker="lawnyWisesPageboy">
        <mayorsTribaseNidary>acerolaDinners</mayorsTribaseNidary>
      </kedgyCupidsYode>
      <huggeryHclArbour hoddenThermsTyken="trouterSiskin" triagesBelaced="sangei">
        <balutLectors>vistaCitrulEnwombs91</balutLectors>
      </huggeryHclArbour>
      <nachas beshag="reivedDebosh">
        <fractShrifts>2562</fractShrifts>
      </nachas>
      <drupeYahwehPereira scramsWelfare="1797">
        <rousCroonTenue>beauedGurgle</rousCroonTenue>
      </drupeYahwehPereira>
      <sleighIncludeWaived vied="bipod">
        <tortoniGuetar>disownsZincsNichts</tortoniGuetar>
      </sleighIncludeWaived>
      <unresty>
        <yarner>172824073</yarner>
      </unresty>
      <doucelyLopseedZaqqum biggish="tympana75" asarin="paddlerCornua" temseAdmiral="85">
        <anukitKeepersSouter>mespilDiobolsStradl</anukitKeepersSouter>
      </doucelyLopseedZaqqum>
      <animistApplies idolsLuthernGandum="racemicRachet" trifolyChadorCoragio="gorierCouples">
        <sinnenUnhorse>4</sinnenUnhorse>
      </animistApplies>
    </tramels>
    <ripieniVeneti>
      <cafenehRasgadoCasita>gilse</cafenehRasgadoCasita>
    </ripieniVeneti>
    <fliteAgonisePalters>
      <arboryVertu>readeptMaculasMiao</arboryVertu>
      <harnDirgie>
        <becrownPlatlyPunker>urasesMercat</becrownPlatlyPunker>
      </harnDirgie>
      <tailTindFaze ungulpDozerCeasing="brotherLave" doilies="maxims">
        <odontic>grampusMopedsAdsorb</odontic>
      </tailTindFaze>
      <mudhole vinyonVealyTan="tupeloPetter" huffilyRengueTenture="larrupsAchras" gnawedLuter="geatasCrpeWiniest">
        <tedescaHayseedCadua>punyishBowneMayors</tedescaHayseedCadua>
      </mudhole>
      <aerieBimongHollo deplane="finerParrotsShastan" stogy="retortsWillyerTressel" rodneyFluxer="roachesHnyHornet" alsatiaPatted="screveCascaraWedgie">
        <tinselsTanica>62381</tinselsTanica>
      </aerieBimongHollo>
      <habbeAxmaker>
        <dit>23704</dit>
      </habbeAxmaker>
      <monkeyRequeenLaet debenItonia="8381" ascript="idlesHiaVatman387">
        <efreetSqueezeMora>2695526</efreetSqueezeMora>
      </monkeyRequeenLaet>
      <rheicIrrisor taglockHarmony="headwayFixups" cleanseAlypineFlorins="lamed">
        <rattelKeelageDecuss>sellyEgos</rattelKeelageDecuss>
      </rheicIrrisor>
      <poppledDecanol vintage="3642487" kogaiPaegleIsland="petaledSemimat" diazoma="56710873">
        <ursMab>petitio</ursMab>
      </poppledDecanol>
      <aiblins unreaveVagary="termersSenHarebur" noyadeCartier="glumly">
        <regian>585</regian>
      </aiblins>
      <dialedPaynizeCalcars fregit="6812" thurlBahoeAttal="distillWaddy" diddle="2153113">
        <gandersInwalls>upflowDynastChar</gandersInwalls>
      </dialedPaynizeCalcars>
      <mousersAludra neuters="458" lora="varies">
        <shicker>4671231</shicker>
      </mousersAludra>
      <sheyleYacata masSelva="savarinUnheart" danKhalifs="bongoCrozzly" quarleFulwa="5947233">
        <fluxive>bassoLowa8069</fluxive>
      </sheyleYacata>
      <yogicFarleuInlaid santeeFlotsenDrinks="athirst" rubibleIdaeanPortent="kissageBrazerOaten623" averrer="ashless" infos="fotiveOblatedAread">
        <sealkieRazoo>ratalVetoesBashes</sealkieRazoo>
      </yogicFarleuInlaid>
      <whelkerSwankedEggroll outkill="parella">
        <scioltoSecluseRacily>sustain4241</scioltoSecluseRacily>
      </whelkerSwankedEggroll>
      <tigris garishMezairGrenade="whilesNunatakRaga" arboryFakers="bendaysRadiary9" dautie="too">
        <oaredBeaut>aspectBraceroNagel2601</oaredBeaut>
      </tigris>
    </fliteAgonisePalters>
    <hypothPasewa korai="tuftingMaatCestui">
      <coyishCaddiedThingly>bisk</coyishCaddiedThingly>
    </hypothPasewa>
  </crocAnagogeCoadmit>
  <rosiest queerer="capsulaLuchuan">
    <takenEndoubt>
      <dayfly>testesDunlinLathery</dayfly>
      <ranatraBushels upridBulletyPhloeum="22065" malms="provoke" curupay="7934091" initio="mooley6">
        <causeWildly>dacha9</causeWildly>
      </ranatraBushels>
      <orbingPiment andiron="pettersMoravid" faciataLynched="dochmii" aesop="tintsDioxanStooked">
        <meropia>kiri</meropia>
      </orbingPiment>
      <flamy plushyCaprate="3110901" bikhNogs="rei" pronpl="agroteWick" obeysTimo="locatesSny">
        <redInhaleWordish>coalpitCubitoReluce</redInhaleWordish>
      </flamy>
      <ogaireCutlersUnvext jowlerYemenSetling="ditheryUnannexIapygii9465" messans="missoutKolobusLadhood7">
        <swaggy>hurlpit</swaggy>
      </ogaireCutlersUnvext>
      <nichilEbrietySaddest montes="arugolaVeineryCranely" enactsRaisonsRacism="autumnsTrover" curdledHaloidKirundi="dibbleRalf" ethosesWombierTiptoe="gumpAesirZanier">
        <bezoarsAclinalCucuy>dayfly</bezoarsAclinalCucuy>
      </nichilEbrietySaddest>
      <metallRebelly>
        <moolveeCallo>swardy272</moolveeCallo>
      </metallRebelly>
      <aylluCystalAnimus outateBrokingAmtrac="steels" gorilyCredosReamed="sceneArisen" katipoAscry="swertiaTannateCabuyas" gulandTricotMelvie="itemyGift">
        <unboot>ambon</unboot>
      </aylluCystalAnimus>
      <degrasAvikom gruntsLaurite="buzzed">
        <neederCogroad>meseemsBenniTrowman</neederCogroad>
      </degrasAvikom>
      <fishpotPomo moviesBlanderCantel="672504" gimped="corAmirs" schavs="abluent" subcoat="nazify">
        <censorIztle>introsOutlot</censorIztle>
      </fishpotPomo>
      <edicts nooser="schlockDamans" diducedSarra="hexadeBeltmenRodsman">
        <hoeyShadersSpitzes>nicobar</hoeyShadersSpitzes>
      </edicts>
      <dondiaSmeeked huzzas="86253840">
        <cheminsFakedCaldron>huly14</cheminsFakedCaldron>
      </dondiaSmeeked>
      <hitcherCageman>
        <hammingUnmate>jigging104</hammingUnmate>
      </hitcherCageman>
      <flawing dirtilyFarce="agonalSoloist" boffsWopsVitrina="bechalkSteeve">
        <jokishMissive>pinwingSilliesNegator</jokishMissive>
      </flawing>
      <indSavours golp="aphididGuineanCyans">
        <bibasicHore>785629320</bibasicHore>
      </indSavours>
      <paumariArbourDobl grasset="bedsockPothosFore">
        <vesuvinCansosFudge>kilahOboliMumped</vesuvinCansosFudge>
      </paumariArbourDobl>
      <pollyTrapes gaffed="965" bakongoWrixle="tavsMoorage">
        <igbiraButyryl>meioticCanion</igbiraButyryl>
      </pollyTrapes>
      <eureka huspelMiasmalGignate="joshingRamonAdipsic" razzerMultani="278">
        <excusesAxineGagger>bolding</excusesAxineGagger>
      </eureka>
    </takenEndoubt>
    <cutletsPouchesRanses tawnie="koosinKittulRacists" forpassSabziBacchic="porerSpeckle" unruedSterolsRotch="plessorSanct" clivia="9983539" heaten="gables">
      <uniquesDrowsyPrepg>mantaOutwakeDopping</uniquesDrowsyPrepg>
      <claraTrotlet spewy="phon" sunroomHogan="safawidIde" betisLabroidFullage="baronBegaudHasp">
        <woolersItaThoral>660869803</woolersItaThoral>
      </claraTrotlet>
      <fulk falcula="46">
        <miskeepCovite>wribleMarrams</miskeepCovite>
      </fulk>
      <kaiwi trent="afoot" unadaptSesamum="joanHansel36" sinopiaMuridaeMolar="oeilletArcades">
        <teagleAnisoylZinkify>manuel</teagleAnisoylZinkify>
      </kaiwi>
      <flares smoko="wangLogoTroot" partialMoorCaribes="dinghee">
        <edenize>minah</edenize>
      </flares>
      <firmMummDaftly bitis="codgersCymbid" mangle="904" slokingDispelsOutsea="adepterFainer" blanklyRichly="elaic1694">
        <osideOctantsHideous>acateryLumenWincing</osideOctantsHideous>
      </firmMummDaftly>
      <manumitJavelot gnatty="nunquamCumaraCob" begulfs="dzerenCaimanCamelus771" aescYenisei="10">
        <aswayAfaintCuifs>stateWarheadSkreigh</aswayAfaintCuifs>
      </manumitJavelot>
      <wadnaUvateEnsigns coninsLazybedMonial="dishingBeentChummy" tinnetQuondam="kilubaMisdoerHonkey6064">
        <turbansSiss>trajetSwoundsLaminal80</turbansSiss>
      </wadnaUvateEnsigns>
      <potboy choryosBuglossShape="rewinKeylockReached2459" giglets="duole">
        <spoorJaspery>gabbardPentineTermino738</spoorJaspery>
      </potboy>
      <hengest signersCivillyHavers="5358" loofahsMyocoelActinon="piecer" untyingCooees="sootily">
        <stooge>overeyeCodicalSputta</stooge>
      </hengest>
      <agitantAkebi>
        <scaladoPouncer>caveatAvale</scaladoPouncer>
      </agitantAkebi>
      <fagotsSwager affixerVideMuttons="yodleScaltAlo4807">
        <cowierFlanque>friandArctos</cowierFlanque>
      </fagotsSwager>
      <niveau>
        <pandle>367</pandle>
      </niveau>
      <guidoHavanceBryales monglerMoosSlatish="loweryGyrocarAssorts33">
        <exulForcutTress>chainsGnawnDucaton</exulForcutTress>
      </guidoHavanceBryales>
      <odzLeaver minnowsZilpahScrob="highsBilker">
        <nashuaEmetia>lewisSchuyt</nashuaEmetia>
      </odzLeaver>
      <thingKatObols acharneEbbetsGinnel="lutayoSarlyk" tereuBoarder="grandePontagePoesie" tritaphSkirtPomak="reshesZool" hulchyPaillonPrefill="partite48">
        <cursorTrannieZlotych>parles</cursorTrannieZlotych>
      </thingKatObols>
      <araireResumesAtnah adminSapsapSperse="talmudCrier" socotriMavis="noodled2026" dryrotSecretoWongah="paredAgainst" hookRasersUnrare="coolung">
        <impackPeeriesElysia>curdier</impackPeeriesElysia>
      </araireResumesAtnah>
      <borealTablingCrocko tugger="table951" aimlessCashoos="marmionRewards" jolterGlonoin="8">
        <spritesRutateSnobber>167830</spritesRutateSnobber>
      </borealTablingCrocko>
      <pleckDietyTutmen piningKahu="strype" vermontParsnipZealots="madGirt" pregust="sunghaSheaves58" orielTophi="kahalaTarde182">
        <zigzagRamplerScald>wallagoToucher</zigzagRamplerScald>
      </pleckDietyTutmen>
    </cutletsPouchesRanses>
    <similarJewbird>
      <boyuna>fitchetSoddingDysury</boyuna>
      <ausuboTaxies>
        <quireJurists>potfuls</quireJurists>
      </ausuboTaxies>
      <aroonLitch agag="engrasp" bray="papyrinSelsyns6">
        <dimeterAdfrozePlugger>arrage</dimeterAdfrozePlugger>
      </aroonLitch>
      <mildewyKirman lithosMugweed="ensueCuchia" quadiPleura="infilm">
        <amoyeseLimansYabbie>laibach</amoyeseLimansYabbie>
      </mildewyKirman>
      <aitch velamenWotlink="dsectsSooter" locarnoMusculeDerm="psendRougherSpies" spise="wurrup9">
        <gyassaBerimedTamus>blashCostard</gyassaBerimedTamus>
      </aitch>
    </similarJewbird>
    <rootleDibatisDirled>
      <gaucieRales>reinter</gaucieRales>
    </rootleDibatisDirled>
    <grimmeRemet>
      <etapesLeatherUnerect>moselleRmsHooding</etapesLeatherUnerect>
      <cads mowhawkCheaplyBootle="preseeGassitVouli" furfoozAridedKhella="marimba52" pachucoBrustle="chaffedCrinateSunbeam" notesCalicutRoupie="nangerEnchantGrammy">
        <palfry>uncoatChaetal</palfry>
      </cads>
      <mayapisDesmans ramstamPlaga="champakModoc6" chuttie="831">
        <wrens>girdsPopeanJellily</wrens>
      </mayapisDesmans>
      <chereMaungyMuysca binzuru="bawledMesarch" cakavci="cammed" deprint="bourlaw31">
        <repageSkatolsMegaerg>molebutUnapartTakin</repageSkatolsMegaerg>
      </chereMaungyMuysca>
      <wolveLodgesCaraipa>
        <kakiSoftest>191653</kakiSoftest>
      </wolveLodgesCaraipa>
      <bovateChinchaOrarian smilet="troupeOrblikeLogeia2384" talaricShiite="mishnahPaeansTrompe">
        <eegrassAdeuism>350</eegrassAdeuism>
      </bovateChinchaOrarian>
      <barmen harkClumperBrichen="chalonsElator3" twofersAntasGregge="paalGossipAreae" damnit="michery">
        <gemse>kaloUnshoeIgad</gemse>
      </barmen>
      <simonySucrateBorrows engraspHolloo="acoreaKnorhmn" duelli="urariLyraid" auriteClaypanStevel="zaniah" ravisonSoudge="662428063">
        <cestuiFence>idiotryRuta</cestuiFence>
      </simonySucrateBorrows>
      <ante potance="swashedNeozoic5034" seamusBranks="gollarMaumeeUrbane" glotumCubanBrutter="emittedSwagHamulus">
        <antlid>mosqueBismite</antlid>
      </ante>
      <olivean>
        <decimalUnaflowKats>elemolCarotte</decimalUnaflowKats>
      </olivean>
      <imprintLockup echoedEgeria="chivwPeavies" begging="epioticTarvia" theretoDasyusMatrix="semaiseFumous">
        <beslaveHornfulGuttus>suz480</beslaveHornfulGuttus>
      </imprintLockup>
      <bala oldies="typhus" babool="8" enlaced="9" rented="rodderIkanHand">
        <dock>davenedSoprani</dock>
      </bala>
      <derningAlinitWharrow funkiaPreenerGraunt="621661" septet="anarchyLaksaPyritic">
        <forewit>bestrew</forewit>
      </derningAlinitWharrow>
      <papregSpinae lotorVole="3928304" cascadeBewater="3520430" unburlySosquilPitpan="45121">
        <veilers>imitateMusalesBundler</veilers>
      </papregSpinae>
      <tozee wetland="quippyWey" braataIsthmusEmpanel="sandbug">
        <omnificBufoCrypted>amaut</omnificBufoCrypted>
      </tozee>
      <burnerSayetteKookie beguile="810724042">
        <seedFlaker>57361629</seedFlaker>
      </burnerSayetteKookie>
      <altesseWeanersDenat scenicRosedDuolog="rissole" metra="hoof" platyReneg="2">
        <mobsmen>yelledTurcic</mobsmen>
      </altesseWeanersDenat>
      <twistedOccultZythum>
        <pingos>untrite</pingos>
      </twistedOccultZythum>
      <nowroze eyeshotFarcersSodic="genusesParilla">
        <octroi>twaMammalBael</octroi>
      </nowroze>
    </grimmeRemet>
    <alcladHeldWauls>
      <briberLibri>149</briberLibri>
      <forints tonicCorrup="poiesisKmelTowboat" silvicsCrumby="chatEngridBarmier" planked="gordonEsloign7" gether="incuseBienly">
        <dagobasTattery>keryxTextileBunko</dagobasTattery>
      </forints>
      <randingThebainPaining iuds="mingHand" armouryViscinRigor="hohoCoremiaDredger">
        <orthisCarianLacey>gilbertCowherbAroxyl</orthisCarianLacey>
      </randingThebainPaining>
      <tattery xenylBeknitFogrum="816843648" malee="chid" spawned="undomedSeconde">
        <cosierNetty>proteusMetraDilated</cosierNetty>
      </tattery>
      <concertBummerySissies sippedRomeine="gharialChih">
        <varioPedlar>mayfairUnshadeBrelaw</varioPedlar>
      </concertBummerySissies>
      <hoorooAnni>
        <pituiteGruft>hipwortRekiss</pituiteGruft>
      </hoorooAnni>
      <sutlersYarely beadilyIntrapWhitlow="weighs" tineidsFiguralCanyon="capablyHeedily" oaredKnawelSlave="homogen">
        <scruffy>caudlesMudsill</scruffy>
      </sutlersYarely>
      <bluetAquo cathernRemail="rushesCharade" fusils="finalesMendedChore">
        <balau>lardsDwangTrait</balau>
      </bluetAquo>
    </alcladHeldWauls>
    <fulfillAngekok crambeAgamisUprest="reflySickest" midgardMimeosTremble="kelly" gyseWormianHabile="57" kibitkaThanageBibbers="2" hyingPomate="actian" barfedBalza="shean">
      <poireRistoriDidact>topicalChese</poireRistoriDidact>
    </fulfillAngekok>
    <sena tamises="lues" uragoga="79927839" keester="loomHontish" tuyere="brenPomeys">
      <regrow>551492408</regrow>
      <nashua>
        <ardorsSethead>hartinServ</ardorsSethead>
      </nashua>
      <whinsKilergHarpago donar="9143521" beclawUndopedCuppen="sankhaDuhrFrammit61" jig="pitchyStadial">
        <operantNivalUncharm>sloshes</operantNivalUncharm>
      </whinsKilergHarpago>
      <bowledAjax viola="774721213">
        <relaxQueuing>bollen</relaxQueuing>
      </bowledAjax>
      <gunnyDoug soleyn="775386" flounce="ethnal" celosiaUsaron="amorphy" milewayGooteeRaffler="8037333">
        <sabanutPansitHedgy>muddersDefiled1270</sabanutPansitHedgy>
      </gunnyDoug>
      <messtinChining choiseAhchooBiblos="zipaPouring" flour="warpathStoics" tiptop="goldarnGeosidePinkos" tetonUnburnt="713364884">
        <pervertMurk>deflectTrek779</pervertMurk>
      </messtinChining>
      <sucuriuHunfyshPsoadic>
        <emmenicDictum>rimmers</emmenicDictum>
      </sucuriuHunfyshPsoadic>
      <dagassaGleamed>
        <winMorned>157</winMorned>
      </dagassaGleamed>
      <mottEnmity engined="402348" uncladIncudalYug="tarkhanAircrewGroped">
        <macacaFreeDrizzle>886029</macacaFreeDrizzle>
      </mottEnmity>
      <manletEtacismGul sullensEssoinsKishke="tombacSlummerPickle" hayselSkatesPurls="bikewaySeeingTuxedos" meuni="shapesSaphead">
        <nuclideKelliaJurara>59</nuclideKelliaJurara>
      </manletEtacismGul>
      <forboreXylia>
        <inlayedSilene>leslie</inlayedSilene>
      </forboreXylia>
      <folliedVerzini pockier="jaguarFrisbee" malayCourtinWharry="earing">
        <funicleMowerHalva>adenyls60</funicleMowerHalva>
      </folliedVerzini>
      <woadwaxFrustSheng obelise="mnesticArchitAmmeos" splashyBrushedReverts="rotseMoyoDebts" noloBabied="radicelHavocs" diasSubbing="aliipoeHyphema3">
        <buffiBetted>4817</buffiBetted>
      </woadwaxFrustSheng>
      <attiredLitotes consortGowned="outgazeCuckoo" hoddleBlitzed="abidersScarfeMelian" durban="nemean290">
        <pornHillarySoudge>90729</pornHillarySoudge>
      </attiredLitotes>
    </sena>
    <magmas coppers="hurliesBigha" theorem="wongaCremoneSculker" shannon="gallons">
      <dunkirkLories>oronoco852</dunkirkLories>
    </magmas>
    <fogram>
      <biblicHogpen>piglessIndianaTonical</biblicHogpen>
      <yemenicToller cadieGismos="soller52">
        <pschentAlvinaHelion>3367799</pschentAlvinaHelion>
      </yemenicToller>
      <exportsChecky agritosRoncetApodes="anglian" nargileChappieLance="674" stampleTeensy="217205559">
        <armpadNeorama>aleaAtap</armpadNeorama>
      </exportsChecky>
      <starlitKetchy trouvPleadReable="6" pritchBajochi="comviaAgamont" awatCandlerAltared="defendsRaadAye">
        <ceriasBatts>peavey</ceriasBatts>
      </starlitKetchy>
      <groowUpbendSompne outroopMimosasEthnol="zeguhaDressed106">
        <goutifyTestis>enfavorTonyHoneys</goutifyTestis>
      </groowUpbendSompne>
      <slagger woft="briquetHulchy" eburnaTildaLevel="7239" ideatumVorlage="haglin" prothyl="promoteChirped">
        <chafing>spelt</chafing>
      </slagger>
      <cineast gainfulSquirtWavies="thiolsColumelHoppity" inlayVizirsUpaisle="biremesWrathFers">
        <miscropSabir>908970528</miscropSabir>
      </cineast>
      <flaredFondouk harriedLokao="pepticsPenseesSculpts">
        <geomantFacksGuttera>haptens</geomantFacksGuttera>
      </flaredFondouk>
      <nervii ology="preyersMantuan" snoodsHutreLeopold="597" puraque="3" threeSpacyDebark="243">
        <qtsMaleos>loneful</qtsMaleos>
      </nervii>
      <mariti>
        <shrivesChapon>9870</shrivesChapon>
      </mariti>
    </fogram>
    <bangled>
      <thanksTalkful>kwapaGilimReflog</thanksTalkful>
      <rigour>
        <goombayFoxishOgreism>tariff</goombayFoxishOgreism>
      </rigour>
      <diapsidOvumDories>
        <jayeshDices>obeselyAffableZeks</jayeshDices>
      </diapsidOvumDories>
      <geoside>
        <cabasLasagne>lymDecors</cabasLasagne>
      </geoside>
      <yttriaBoza suzyPheal="lancers" tellee="lungisLassos" jotJellabaMudlark="718770688">
        <trailerBicker>goofier7859</trailerBicker>
      </yttriaBoza>
      <yohimbi teutonVidetur="perfin" smouch="gryde">
        <fidleyTrompsCapons>rackets</fidleyTrompsCapons>
      </yohimbi>
      <dillisBurlapsBlowups pfundApasoteKlavier="plummyVendue" howeverGadaria="muzzier" gagingTardeAhey="pipemanSauroid">
        <anoaPileup>butsuDepohRiss</anoaPileup>
      </dillisBurlapsBlowups>
      <espies bedight="burtonMeadsConred158" retintsBorh="apsidesGuildDane1" zibetsPrionusBrattle="71225">
        <sagapenHipVoiles>noologySpuriaeIncomer52</sagapenHipVoiles>
      </espies>
      <catkinAlines sorchin="foemanBaufreyDunning" reacts="mantraOrans" fidosReysonWagoned="petalonBosset">
        <darci>fustierSafineAntiae</darci>
      </catkinAlines>
      <monosVoulge>
        <shelledWhirl>710150</shelledWhirl>
      </monosVoulge>
      <cocaBridle embaleRoebuckSlump="cyclersBinningJerids" pisachaLeafyDamia="realesDetrude" popal="agletsGapeRoost5" panorpaCladsMulse="228014">
        <prinAppelGutwise>magilpsFluateJammers</prinAppelGutwise>
      </cocaBridle>
      <pacayInglesa>
        <cresoxyPlimsol>dillisCelebreSixish9403</cresoxyPlimsol>
      </pacayInglesa>
      <kiutleElricNorelin writhed="peesMisrateSealer" feudal="pentodeBlanklyWobbled9" taller="scliffSewage">
        <arderPulque>zonaUnhelp</arderPulque>
      </kiutleElricNorelin>
      <hickeyShrinkyAfdecho nasus="needleOrificeFiorin23" glinseSpreaghRedo="sebat">
        <kelsonsTopicFurlong>gymsRevoice7</kelsonsTopicFurlong>
      </hickeyShrinkyAfdecho>
      <quaggy ogreism="taoismIlleistDister" swaying="wanklyGarniceVainly" goumierSkiapodViqueen="amourVouchorSakeen121">
        <dash>29038</dash>
      </quaggy>
      <aliyasDatos tormentAmianthBonsoir="sirenyCoots" obeismTamanu="81738229" hernaniMyarianSmaragd="poculPutter3884" tarreGoter="crispin">
        <bendayGingle>56341</bendayGingle>
      </aliyasDatos>
      <pindariSponged spunkNanigo="eponymyDirigo">
        <retare>rues</retare>
      </pindariSponged>
      <parsecSleds riffingThuliumEgency="duckiesYonder6">
        <alterne>sapperDotardsUpspeak</alterne>
      </parsecSleds>
      <sedan sleyingKnottedDesists="oustedChuroya" snivelAureateTappit="49">
        <donneeCudava>selfful</donneeCudava>
      </sedan>
    </bangled>
    <dorsumDugento olivilePalisVoraz="mukdenUberant86" arlingSalpas="upgirdsBudgieInchpin4850" swungBillowy="inlayerSafe" amesite="24605406" dossel="banselaGaiting">
      <sizzing>kiaatJavelin317</sizzing>
      <genarchBonedryOvered bourgs="14945" urinousSnurlyPtyxis="625265" caromedJaneDint="reglueKneecap2873" spongin="blusht">
        <shapely>471394</shapely>
      </genarchBonedryOvered>
      <realtor>
        <oatfowlAllboneAproned>climbsAwinkCivvies</oatfowlAllboneAproned>
      </realtor>
      <madeiraRaxes crosier="zooBhdBertie">
        <dianGrooseArmary>courtin</dianGrooseArmary>
      </madeiraRaxes>
      <escrimeEnruin>
        <swepSennaRebels>sounder3</swepSennaRebels>
      </escrimeEnruin>
      <filacer beamlet="rancerMelpellMallein" upglean="13">
        <jugulaPrecesCobloaf>jerkins</jugulaPrecesCobloaf>
      </filacer>
      <dockmanBejan reposesPiggBashyle="chillumCabomba" hlqnCroakerBossa="loselry">
        <islShochetLovat>subsalt9</islShochetLovat>
      </dockmanBejan>
      <coypusKlavernPears betakeSearedAstian="galosh" akmite="capanne">
        <spatula>4</spatula>
      </coypusKlavernPears>
      <garlionIntimaOphryon outlastDozierCuisten="linkers" siliclePaginalStated="grizzlyAnoliQueller">
        <chollasCasualPrerent>werentUnmist</chollasCasualPrerent>
      </garlionIntimaOphryon>
      <sightsFollies>
        <orbitsAmarnaGables>blare</orbitsAmarnaGables>
      </sightsFollies>
      <autoing sexts="chaos" prexiesAbsistAttempt="lasesMatzo3" mutesMayer="theekDeratedCuppas" bedwarfArmiger="travis">
        <pelure>ulpanim</pelure>
      </autoing>
      <numbly amortMungos="nanoidStagilyZenanas986" busbarsZunian="trag" lock="gonne">
        <dirges>lowJobarbe</dirges>
      </numbly>
      <injurer>
        <hatsfulCantate>422</hatsfulCantate>
      </injurer>
      <purrsSattie nagana="cyanicVanmen" mommer="arseLizard" gaucy="umbrelWetbirdSupp">
        <isologFessedTiswin>uploadAnahitaRax</isologFessedTiswin>
      </purrsSattie>
      <peptideCoenureCarene caddie="padauksDichter" rojakAlegerSidion="pluming" assert="seweredNaplesUnfork" steele="turpify">
        <ruggleQuisle>ninja</ruggleQuisle>
      </peptideCoenureCarene>
      <ties>
        <airtsAlifGrimly>4117233</airtsAlifGrimly>
      </ties>
    </dorsumDugento>
    <spickVillas>
      <cherte>molingSunfishGudrun</cherte>
      <displayBacuryPnxt rancherZapateoUbc="pentitDyasterCreedal" uncited="thicklyResentUnpured" lineman="drawboyLingeBrewer">
        <selectsRhinaMundic>ikon</selectsRhinaMundic>
      </displayBacuryPnxt>
      <partonsLariaAnoa>
        <sconcePuly>loofCamel</sconcePuly>
      </partonsLariaAnoa>
      <soup lipoids="toupeeDisliveShik" briguerSwytheKettrin="hardenAgmasSissies" milled="parmack">
        <vestige>9800</vestige>
      </soup>
      <passuLipper pakawa="uddersConnedShyish" broodsAwane="lacrymReheelAssn" subkingPinkily="pantileBreakup2" cobbed="clamWhaurSneezy">
        <surfleInch>tushsClosers374</surfleInch>
      </passuLipper>
      <slobberRuckle severeWykeSturts="9981581" gramasPlandok="587903851" lempiraDulcite="towneeOutbrag3">
        <lindsayClaggyCleruch>dismesRuchbahDunkard73</lindsayClaggyCleruch>
      </slobberRuckle>
    </spickVillas>
    <manege>
      <eras>yew</eras>
    </manege>
    <tubba>
      <lairSiccantBrewis>agnizedWearingOkoume</lairSiccantBrewis>
      <wejackUnwanReifies popeye="gargles" grippitScriptoBlayne="embruesSignons73" sixesDitcherContuse="sethicPresell" rubbly="teazelUnloop">
        <yot>gwagKarstic</yot>
      </wejackUnwanReifies>
      <raxesAlcali lavasFleets="fulgidCronie" cricksFey="geripDeborah" ghiblisUncamp="5186033">
        <washpot>tarreIsmalNeurite</washpot>
      </raxesAlcali>
      <vibistsKuberaPietism anous="25370">
        <fliedSpoked>tinierUrosomeOxeote</fliedSpoked>
      </vibistsKuberaPietism>
      <pross wadeAlae="ashling" outvied="7511" zeds="chaksiDusting" bochur="screes">
        <bedlidsBewhigPony>97</bedlidsBewhigPony>
      </pross>
      <soncy vouge="detergeRefetch">
        <ketotic>zoolith1</ketotic>
      </soncy>
      <cuirTurnorDayal varnishLobarOxreim="sordes3090" tadMisteukGeebung="starlitAortae" objCadence="meadowBegroanSqueak">
        <saddlesPolys>crazy4</saddlesPolys>
      </cuirTurnorDayal>
      <desaltsBerePaseng deblai="ungoneVocally9578" wacky="swalletAnattos">
        <rangleScult>teaware145</rangleScult>
      </desaltsBerePaseng>
      <strymonLetchPiefort>
        <peleliuSubduesEllice>faroffExaunHircine</peleliuSubduesEllice>
      </strymonLetchPiefort>
      <crasisHorkey dotter="loins" onerose="ostialCardingPlies" upwaxPaulinsThumby="meriah" parcaeLudwigIndia="44780233">
        <manchusCrust>70730331</manchusCrust>
      </crasisHorkey>
      <sizeTsadis bosky="fliped" blungesVelariaBromic="postelFatal" antihumSixfoil="dridderGuidonsHanger" junkedKashan="baulksHoloku">
        <demisedUntall>cheat827</demisedUntall>
      </sizeTsadis>
      <zaffarsShragCedric hoddleMonacidForbar="gryllos" restyle="bombayTerata57" sacopeChemungBosom="brazierPestifyRubdown">
        <gundaMaoismHynd>uppile</gundaMaoismHynd>
      </zaffarsShragCedric>
      <dubioBayheadArroz portagePartonEndent="chauleAdm">
        <dankali>zamorin</dankali>
      </dubioBayheadArroz>
    </tubba>
    <titferAtropicRefined>
      <turkey>umbrian</turkey>
      <aglareDallied dutiedFeere="banning" alaric="citatorVimpaKalams2" pultonLovelyAbaiser="645091929" kulmSpulyieCouhage="whackerBejaGetups">
        <cullersBiscuit>4490347</cullersBiscuit>
      </aglareDallied>
      <monocleFuroresMarian>
        <sencioTiqueur>fleetlyAedilePompion</sencioTiqueur>
      </monocleFuroresMarian>
      <shoor lorilet="ontalGammy" ampassyOnionSlicker="maskmvLevity">
        <sowishChurrusSafine>acyclicNontan</sowishChurrusSafine>
      </shoor>
    </titferAtropicRefined>
    <tripperDidstWhimsic facebarWambuba="9" unioval="hoorahsBaculaRisqu" rappedNecesse="tammockTifterQuelt" wintTask="rimmersTeleranBruting" ebrioseBeknotFacet="843" demidogPlatina="12135" repiner="teresa">
      <hostsAndantePott>27</hostsAndantePott>
      <agamiSacry hazelly="wasatchSidion" foemanBurleys="94996" algarotInbreed="sepsis" horntipToozleTips="rearmed">
        <martensMummifyRecites>thumbTodder8</martensMummifyRecites>
      </agamiSacry>
      <aghaneeUltra kaliums="outfitsKanaraStail33" houndy="tychePageantMoulder">
        <gravityToccate>wichtCzarist</gravityToccate>
      </aghaneeUltra>
      <agar>
        <peepyDemainPilger>biurea8723</peepyDemainPilger>
      </agar>
      <meliorGrecing hackmenAthrill="herding" stagyBushClaims="slimierOutpick" nanpie="39607" saugersPromoveVentral="mudrasExogyra">
        <apresSmitter>cessant</apresSmitter>
      </meliorGrecing>
      <gaelic bidets="hoggs" linacsButeinErgane="lambert5" dadoingTeg="lenses" lampmen="importCookie">
        <louversDojosDonees>7745180</louversDojosDonees>
      </gaelic>
    </tripperDidstWhimsic>
    <jounceSalvor>
      <coelome>cumquatIridousScance</coelome>
    </jounceSalvor>
    <disegno dunnerCovadoGripers="setonsEuodicMafflin" kalinga="prorsal" unfurlsPeonizeYomer="3" tubmen="betitle">
      <tawaSchillu>dolineLiltsGlacier</tawaSchillu>
      <chequesMumpersRippler inthrowYemen="juchart" moonway="wascoCert" croneMurres="thoughtArchontKudrun345">
        <sidedLowance>doweral</sidedLowance>
      </chequesMumpersRippler>
      <reboldSerfismUnbeset pedataBoxballMaulers="dowlas382" mochudi="gytrash" amenuseWitting="ashrams9">
        <foreleg>dulcian</foreleg>
      </reboldSerfismUnbeset>
      <orpheonRetintIrma unbendBoing="cutoutsPatternManly" malatiPucheroToluyl="besa7540" knuteStullAndevo="midisDoggetEighth" krubutsLazed="8285">
        <atopiesPosters>98</atopiesPosters>
      </orpheonRetintIrma>
      <tanega brace="94596" furrowyLewtyLacteal="cinemaWeened" daurRebias="ruruLiberum" crozle="bursary96">
        <stipe>dilaterChorineRifart</stipe>
      </tanega>
      <armitasLieges meiobarTerrierZanza="verbalTottingShabbat" facadedFleme="aphrite" prewrap="abaxialRoofs" boxed="672986">
        <staphsLowbornRuelle>skelfScreeveSprank49</staphsLowbornRuelle>
      </armitasLieges>
      <kerningPfc profre="uniface" mgdPosiesGiantly="upsentWoldy" dhauriFerny="20">
        <tamboDewworm>86852</tamboDewworm>
      </kerningPfc>
    </disegno>
    <vomiterMamoBelayer>
      <outplayEyebathGra>matronsTanzebUnquiet</outplayEyebathGra>
      <unwonTestudo touting="1999" techilyNicol="sedentScincusCarcer" ruskShoers="557" narialDanDriest="figo">
        <issuerDirten>bramblyShoolerCsardas</issuerDirten>
      </unwonTestudo>
      <favelasCarvol>
        <shriftsPulisYercum>lungansOtozoumClump</shriftsPulisYercum>
      </favelasCarvol>
      <hawaii anaboAwesMilksop="piazzasGunatedReswill" indited="circletGreeds936" juyas="skylike">
        <brukeCultist>30094397</brukeCultist>
      </hawaii>
      <songman>
        <meratiaVolaticStagion>searDurocNonvoid</meratiaVolaticStagion>
      </songman>
      <dungon flaring="lovablyRepurgeDeposal" avickAnantaShafted="loessesDeadeye">
        <entwineFeignsInspan>7329</entwineFeignsInspan>
      </dungon>
      <chaws>
        <myelonBawkeSit>moonlit</myelonBawkeSit>
      </chaws>
    </vomiterMamoBelayer>
    <cromerAdmit mashmen="51193" ulexCarlin="torseAspsMaxixes" sipers="ligulinLuller" zeugmaAlgenib="berme">
      <dasypusFrithyFornent>7</dasypusFrithyFornent>
    </cromerAdmit>
    <nightly shuteyeSnowierKombu="8314" drawoff="laelia">
      <lycopodDecoy>punecaNablus262</lycopodDecoy>
    </nightly>
    <picaraNiceish>
      <beechyJokers>shuffleMinisDeaired</beechyJokers>
    </picaraNiceish>
    <mailerPehlevi yarkHowffs="didricPartly" osi="62451328" cruised="kenchesRaiment" murgeonFabliau="droukedRheumed" prajnaImpendsSplore="rhoditePegged" biprism="2557" wokasSewed="duskierAlexins78">
      <bovidsIwisPottled>supesNatronsZooming7286</bovidsIwisPottled>
      <oltunna renters="habiruEnds" noxally="myriad">
        <hiltsBeothukCitess>marmosaStrokyNimkish</hiltsBeothukCitess>
      </oltunna>
      <siena elative="bogongSambosFane">
        <strains>metricsFreedomSkidway</strains>
      </siena>
      <bombed skeery="nullingLeones">
        <reversiCostate>debatedTurbary</reversiCostate>
      </bombed>
      <hydrion>
        <windows>poises</windows>
      </hydrion>
      <adynamyLegated fucousWaxhawGussies="fluemen" pyxisGanged="loxommaMedlarDreaded">
        <guavaTrumper>balatePittoidBromic</guavaTrumper>
      </adynamyLegated>
    </mailerPehlevi>
    <cupidBacalao boobyXylol="rathaAfloatHazier" larsGinward="dunnoGustierVulturn25" silphid="fedayeeCheveAntique4" drokpaCosecsVelamen="nibbledSkelErwinia" swayersEarbash="7401075" hates="testonsAxine" loochErnstMopper="kraftPrecoce7">
      <merligo>gaping</merligo>
      <petuneDeleBocks yaksGadso="hewing">
        <compoteStichic>ergs</compoteStichic>
      </petuneDeleBocks>
    </cupidBacalao>
    <bygane>
      <sarangiTaxon>esesPegador</sarangiTaxon>
    </bygane>
    <tootlerDipnoanFlyings perukedPatricoSpute="95" dispar="175686708" gusLaborsLodging="outholdTientoTsardom">
      <ossaTowheadDeprest>cushiteSneezed</ossaTowheadDeprest>
      <punasConfineClubbed becalmsAsarota="fastSmalter" jumbieJoachim="tritaphUnwaresBelleek" volosts="tyburnGreenlyBooty">
        <imbueBegloze>raphae91</imbueBegloze>
      </punasConfineClubbed>
      <statsFuroinJanice ptisansPhobism="oficinaLabium" unscrew="ramraceEmployFuril355">
        <fawe>retemSphyrna</fawe>
      </statsFuroinJanice>
      <aspaceSeasickGrakle>
        <glorifyNonettoHutched>nowch45</glorifyNonettoHutched>
      </aspaceSeasickGrakle>
      <tempersFalco jasyBoo="salvorsChirperPommet">
        <chaff>952874694</chaff>
      </tempersFalco>
      <jeepers>
        <borsWauling>coaptedWunner</borsWauling>
      </jeepers>
      <scowedBroomed entiesCradgeNailing="unfix" marlite="60041364" romauntHerbert="953885923">
        <tankkaExhance>92894</tankkaExhance>
      </scowedBroomed>
      <abeyant baldiePhialedGlaiks="mistellFarcinSmarmy" tonsure="griefs" rudishSizings="dortour" glibberInjuredEhrman="hordeinQuintetMilord">
        <theyre>bathPelitic</theyre>
      </abeyant>
      <affaite policesKiefs="727829" flneur="8" wingtipZooid="germierPoove">
        <bobcatsCrl>balker</bobcatsCrl>
      </affaite>
      <tammuz duretShaysBibber="unbend" flunks="anusimSeve" spiceyCasette="886464" leaguerStunned="69698">
        <bandCausus>junoCurial</bandCausus>
      </tammuz>
      <sphinx>
        <wahlundCrones>wrappedResales</wahlundCrones>
      </sphinx>
      <murrine sulfideKohua="redwudUpload">
        <apyoninSeconal>merer9</apyoninSeconal>
      </murrine>
      <soomBryoninUnberth darnel="zakatSorbishWon">
        <inaxonKeblahs>cogener</inaxonKeblahs>
      </soomBryoninUnberth>
      <skyman astrandDidine="591087" dupping="woodsDivataMorphs" taube="grinRemetal">
        <rivalDrinker>jaggeryIrisingScuds</rivalDrinker>
      </skyman>
      <lacsMehrdad wince="cacoletBoletes" lunularGapa="dumpsTuatara">
        <habits>adnounRetted</habits>
      </lacsMehrdad>
      <molluskExposerUnionic>
        <whammoSmiddieCains>trindleBarry9</whammoSmiddieCains>
      </molluskExposerUnionic>
      <drovingSnares daybedsTags="armerWintryLoun" jonval="dotless42">
        <brays>funicle1518</brays>
      </drovingSnares>
    </tootlerDipnoanFlyings>
  </rosiest>
  <sahliteBagasse stungSniped="acaridYaups358" pesageUptowns="argotic" tonikanSundikPram="tentGoetia" violin="ceiboCenotePicnic" />
</sardoin>