<?xml version="1.0"?>
<neeborGingili>
  <bangkok nettie="docquetLaccicXylenes">
    <slokeReninEugene twibils="452" daisyNiseiSpurge="bowlegs" ximeniaBegoneStonish="80635" prevene="2671" darbs="73738884" snurt="castletTurban" bummleInciseDalle="untriteDicot">
      <rescousWarbled>hokku</rescousWarbled>
      <breamForteLugsome btu="2671375" dispelEjacula="outcaseSnorter">
        <slawSalamat>gozellConter</slawSalamat>
      </breamForteLugsome>
      <yenite mandraPupsUppop="chards">
        <croodCozies>magnetCheneau64</croodCozies>
      </yenite>
    </slokeReninEugene>
    <autecyBaalish florae="ozoenaGaloots" perdit="zamia" haftUntenty="boasMuchAdarme2" emenderCeps="tortsClonal" curares="smoosEuvrouEyecups" cyborgsLabiteAlii="sunckeSuling" onymyBoursesIberism="303189">
      <chivvy>inrailNoziSpitkid</chivvy>
    </autecyBaalish>
    <unshipRheinicUpsilon>
      <eidosMoarian>vingolfRices</eidosMoarian>
    </unshipRheinicUpsilon>
    <corbansJeeringQed>
      <cyprina>dikastScotch</cyprina>
    </corbansJeeringQed>
    <dryasSharada>
      <lilackySundri>embody</lilackySundri>
      <gluonCarfourPostwar gramsTrainel="wrapper" sumbalFooter="fielded" defangVictory="clasherDispulpCircean">
        <goli>2</goli>
      </gluonCarfourPostwar>
      <orricesNiters anubisCures="43124720" lundaAlkoran="merlonSuccula" paper="steptStrettaLocoman" optsEhrman="wenlockSiva">
        <balantCloves>tethersSnowkAdmired</balantCloves>
      </orricesNiters>
      <nilMerozoaAmeers>
        <creeky>unwaresDeepsBestrew170</creeky>
      </nilMerozoaAmeers>
    </dryasSharada>
    <chokierRavingOthin>
      <tried>phrasesBurmite2</tried>
      <scorser minious="yamatoNodders">
        <qtsBishop>halala</qtsBishop>
      </scorser>
      <untruss zappingIsohels="diastemJoanRamanas" hunyakUndonScrank="crabitVickieFourier" bubbledAttuned="168343" akepiro="ducksChurelElapids">
        <apatela>geoformPosticPapule</apatela>
      </untruss>
      <udalerMoile ardebBasally="eudaColletTaxite" puntilCapone="pilaffs" krypsisAblyJingal="nonPadouk98">
        <paynizeRunesUncinal>71527746</paynizeRunesUncinal>
      </udalerMoile>
      <jounces revved="pomposoTulchinSeriola" billard="nurls" gleyde="krubut" chobPbx="tearers">
        <soonSimiles>kidang</soonSimiles>
      </jounces>
      <soukKills versateRusin="99098" delPleromeCoders="supponeOlivet16">
        <tinaIacchosPrink>acryl</tinaIacchosPrink>
      </soukKills>
      <dosselsAdonite flavoryDryad="roonHorralCeromez" lulled="4294490" ouselScreet="bedbugs6">
        <weighinSlidingOtozoum>7</weighinSlidingOtozoum>
      </dosselsAdonite>
      <etiam cutworkTamarixPyxies="endew808" jessantInfinAbiotic="cassadaNaivetyShivoos">
        <crile>dawkinSpliteStriken</crile>
      </etiam>
      <messiahGods fadgeSapinMagneta="suratHilariaEnder" pesageBarruly="84">
        <chokra>moralerAmbaris</chokra>
      </messiahGods>
      <chalazaIulidan pileiHirmosIntimae="liveredMalaga">
        <ancoralHelves>unfull906</ancoralHelves>
      </chalazaIulidan>
      <fouterLintel meetenCoitalSurma="arverniCholersRivage" baba="expdtBisexed1" durned="bailies4255">
        <tathataHumidYook>diemBrieflyOchavo462</tathataHumidYook>
      </fouterLintel>
      <waxbirdSubcellWristed omander="612496306">
        <sadisFilters>96893</sadisFilters>
      </waxbirdSubcellWristed>
      <octavoTice mucid="lanateEkhimiDomes">
        <snoolPusesOrphic>3520</snoolPusesOrphic>
      </octavoTice>
      <kanaimaPageInfume>
        <science>bowpot</science>
      </kanaimaPageInfume>
      <antitaxIcilyPod gemeledGawish="utterFroise" grippes="otalgic" caidSultan="davidic" exionMorned="roustsKorsHackees">
        <chamletUnshortTappers>albite</chamletUnshortTappers>
      </antitaxIcilyPod>
      <brahmic decrierGailyStagily="unwritReneged" gottaArkieDrub="cevianAmharSlour32" tumashaSliving="stagion">
        <lykenBeauism>decdClerisyDarks</lykenBeauism>
      </brahmic>
      <heedHectare payaguaLocustSalvos="tirrlieCattily" brumalAcisGars="jailageNike" romanosSubah="etrenneYondLate">
        <spiltLowlifeMonkey>homeoidSeit</spiltLowlifeMonkey>
      </heedHectare>
      <merman prisal="lisiereMixitePhage567" gentlerPiscaryDeed="sorchinWisherTwills" moira="8308935">
        <banchaAwny>miauled</banchaAwny>
      </merman>
      <kibei eloigns="leveedMaximed" carkedGudok="booteryPians53" ianTiffishThesis="prowlBengals">
        <beaker>phocaRatters</beaker>
      </kibei>
    </chokierRavingOthin>
  </bangkok>
  <sam ecteneNewport="259115" episode="griming" cronianKnetSipers="redoingSeamew" />
  <swardedHeadsBoweled tymbalClackerSoorkee="pithead79" formeneYorkistWhangs="811519">
    <jaroolDecrierUnhele>
      <fledgy>916624792</fledgy>
      <monacanHerberBlipped brawny="mixtecOveraptVests4">
        <offlapMirbane>gaining</offlapMirbane>
      </monacanHerberBlipped>
      <atmoTelesm insol="sherani">
        <gitksanBeflagsPagodas>63</gitksanBeflagsPagodas>
      </atmoTelesm>
      <tabstopLeftistDucked megaaraWeinersWinker="trendPhyses38" hoelikeUranideCaked="recheat" solidsBravelyOscine="sidleKumara">
        <pitchyLedges>celloScroopsMooch</pitchyLedges>
      </tabstopLeftistDucked>
      <paiseSignori neilah="314860641" monitorAcomia="506896285">
        <purveysBolitaBiglot>comediaUndeep</purveysBolitaBiglot>
      </paiseSignori>
      <soyledSheathy repkieUnsteekOunds="maulers400" look="manumeaTrainer" drieghZaberma="6968">
        <chemmyOutspin>tipple995</chemmyOutspin>
      </soyledSheathy>
      <amphide ormolusCokeman="dabbedCooley" inbdTussah="cesserLugmarkUndyed" bumblesLavanga="dysuric">
        <unroyal>choleeIuus</unroyal>
      </amphide>
      <novelet yoursLyn="jaggBritPinguin3">
        <foambowFissileDecries>346680</foambowFissileDecries>
      </novelet>
      <outrush>
        <buddersEngrail>alchemAcheerSubduct33</buddersEngrail>
      </outrush>
      <ervilCoryl namCostlew="120783279">
        <misesBenumbHombres>debyeKirveButeo</misesBenumbHombres>
      </ervilCoryl>
      <ejectaAvestaLamb nitwit="9150" pensionOrihonLondony="sayids" roachesDiwanDoffing="53">
        <guisard>swagesKoboldsFesapo</guisard>
      </ejectaAvestaLamb>
      <noveletUnpope villas="refightMalawiCathead" pikakeRubbingLeepit="fonsTirage" fussed="porn" gingalsHostCecums="ragwort">
        <enarborSayyids>crosierMyacea</enarborSayyids>
      </noveletUnpope>
      <asaph fummleAnemiaHomey="algin" sebateElegise="gluedDayboy907" smidgen="volumesTapes7">
        <guilyEquites>byrnie</guilyEquites>
      </asaph>
    </jaroolDecrierUnhele>
    <floorer dibbuksMesons="7489" collisTypesofBaka="puggierMike" paisa="croquisCavey" gadgetsMonera="66796" tofterAttrist="64691375" hauseLabores="sweeten" cedreValeralLichtly="tacananShroff">
      <gossipsAbatis>upbreed</gossipsAbatis>
    </floorer>
    <distilsKajeput reamedLcdSerapis="venuesWelcherVersets" isagon="558" socht="spathesDactylsCertis" chakariBlinterRebring="teazled" eranist="1">
      <naigLantumPhizes>hivingProfert</naigLantumPhizes>
      <ennoicLazulisNorland karreeCooledPrecel="martesDoddart" leninOutbySifts="chevon" upturns="atomicPoults">
        <brastMarco>aiblinsYamensHealers</brastMarco>
      </ennoicLazulisNorland>
      <organicPatinas shmoes="dashel" biotopePerfumy="outpage" didacheRamrods="saveloy">
        <enviersRanging>inlyOutform841</enviersRanging>
      </organicPatinas>
      <figwormBukatHaku>
        <fastenLambsTharm>afric</fastenLambsTharm>
      </figwormBukatHaku>
      <aimersFormBatz managerCulms="massy" guric="plattedDolours9689" vejocesSalver="925378">
        <surculiRoscian>odinistWalkedCoif</surculiRoscian>
      </aimersFormBatz>
      <chebecsTonada octoate="doughsMellowPiotr" lacunaRained="recooksGypsinePeaker" korunUnhelmsMusal="illumer">
        <frate>clivisKamikCopaiva8</frate>
      </chebecsTonada>
      <moyenneFoxly>
        <outtalk>googolsProssSpurred6</outtalk>
      </moyenneFoxly>
      <bielidSare incask="485" pommels="leprid">
        <behenEnsober>kimonosBretYearned5</behenEnsober>
      </bielidSare>
      <cawedSalversRang douma="strung" paregal="360914006" scalmaLocaterCantion="392" demibobUnoiled="tarkaniCoventVetture">
        <neanic>dispartBoilingUplinks</neanic>
      </cawedSalversRang>
      <mochrasWelting abutFowledBefrill="collineOnlessSlaked428">
        <dobies>carnets</dobies>
      </mochrasWelting>
      <skiechFrostsPossy crabut="travelsHosels2" chaitya="limitHanderGirts2">
        <trefaAbduct>stanes</trefaAbduct>
      </skiechFrostsPossy>
      <assapanRatting tornadaMengwe="glimesDelfs">
        <cebidae>17467</cebidae>
      </assapanRatting>
      <acubens hormicBoiteSaclike="muktear" verdetThoued="71" eatingsGoncalo="reetam2" twaddly="jockos">
        <dole>besingBowpot</dole>
      </acubens>
      <domiteParingDidym laddishDispel="unpaled6757" abradePremake="oresHaars99" fiversRedameAtoners="7296612" seirenBaggerKrishna="haleTrustle">
        <adobePaludalScrumpy>gilet</adobePaludalScrumpy>
      </domiteParingDidym>
      <afflux>
        <simityPamHake>danuriKubbaTotems</simityPamHake>
      </afflux>
      <caukedDunlins>
        <rewraptKeensDhoon>833485</rewraptKeensDhoon>
      </caukedDunlins>
      <bewhite nookingRazingSoler="rouge">
        <tucknerEnhalos>fallaceRequote</tucknerEnhalos>
      </bewhite>
    </distilsKajeput>
    <velleda benastyMystaxGriffon="brazilShittleCuspid" festa="chibrit">
      <outkeepRason>frontad</outkeepRason>
    </velleda>
    <whaleCueca>
      <toric>shacksArgyrol5</toric>
    </whaleCueca>
    <shoringSmokerDacus>
      <pumpman>nosingsHoodcapJunkers</pumpman>
      <sklentErwinSplosh caisseTeacheUnsense="24" carverRachetsTakahe="333020662" fockle="aspicJynxRescan" snupCol="cumbentPointalFeeders357">
        <alliumPimpClause>afric</alliumPimpClause>
      </sklentErwinSplosh>
      <pinalesTrophis ramexZubr="snitchyDarkle" kopekDere="384" scentsErosely="tossy" malms="opsinsBaulk">
        <mullClaps>erucConkersCovine9</mullClaps>
      </pinalesTrophis>
      <abb tourers="sommaRaisins" chicanoSunletSaxtie="irohaEmpalerSpills" rettory="teucrin">
        <lankerSavery>stummy4</lankerSavery>
      </abb>
      <englifyPorail warpageTriadicCarest="mazur94">
        <snoga>893963467</snoga>
      </englifyPorail>
      <lacworkRaffish breachyNabisFallacy="8319582" peiserCringedBoychik="najaMacle955" mattoid="regivesHarianaGeat" dofferDeepestOvately="pulsingLamiaTricot">
        <amrelleThulr>56274</amrelleThulr>
      </lacworkRaffish>
    </shoringSmokerDacus>
    <lumpenDiiodo>
      <vaumure>afearGrizzly</vaumure>
      <pemphixAminize>
        <rerow>npfxAidful</rerow>
      </pemphixAminize>
      <issedoi tilaksChopsEmeline="enmassMoxaEpoxied">
        <samaniGoeduckIciest>15</samaniGoeduckIciest>
      </issedoi>
      <vetoesBarbarHornito cabackTraysTaenite="bariaAstilbe">
        <bilimbiSnug>betroth</bilimbiSnug>
      </vetoesBarbarHornito>
      <dozingKineses drad="tailageHumbird57" humousScags="gamond5" agnize="whetsTibbySwish">
        <vocableLumens>649996</vocableLumens>
      </dozingKineses>
      <geggeeJoltsRambong vulned="50" dalaga="madridStod">
        <zootaxyPetitesVesicle>39341</zootaxyPetitesVesicle>
      </geggeeJoltsRambong>
      <tubsHexadesTcawi volumen="912" kathodeGentles="hoofersSender">
        <painingHabbubAubrey>5</painingHabbubAubrey>
      </tubsHexadesTcawi>
      <crownetCarmela misstay="mannify" sant="23290" craftly="libbard">
        <hyperDioximePewits>netsEntail</hyperDioximePewits>
      </crownetCarmela>
      <benabHumhumEggcups>
        <kae>municDaikersDamped74</kae>
      </benabHumhumEggcups>
      <huts>
        <tomblet>kasbekeBootid</tomblet>
      </huts>
      <oxazoleAfearedGeir refightLocrian="bhavani" redyingUntinTuglike="funkiasTetel">
        <tattierHumphs>salpGadi</tattierHumphs>
      </oxazoleAfearedGeir>
      <vulpic>
        <epizoonColosso>halsTownieRecusf</epizoonColosso>
      </vulpic>
      <pdnIllErratic reharmHairletMatatua="75" headyPrelude="rouseWhaseMowse">
        <ajava>rasion</ajava>
      </pdnIllErratic>
      <tambour>
        <feuderNesokiaExopod>paizingBeacher9</feuderNesokiaExopod>
      </tambour>
      <tycoonSanctae goxesNoupWowser="scuteCummerLasi" theinRiflers="lordsNames5" meanishSuwe="longjawCteneFomento" djibbah="blollyAlypine">
        <cookingSubrootIndeedy>luteinsTurrel</cookingSubrootIndeedy>
      </tycoonSanctae>
      <serbdom whew="23153036" soapsudEggs="stalkStoppelSwad" arcite="keltic3">
        <foliar>glarilyCallan</foliar>
      </serbdom>
      <wabbyPrestosChignon>
        <liangsWholeSartain>goodbyBrickle</liangsWholeSartain>
      </wabbyPrestosChignon>
      <bidsKempas upplow="lathe" wifed="weekendMiked7">
        <loungePeiningClower>uniolaHoarsNosher</loungePeiningClower>
      </bidsKempas>
    </lumpenDiiodo>
    <tiffanySpawler>
      <yamensDecide>2</yamensDecide>
      <varusPapaya>
        <soe>asbolan</soe>
      </varusPapaya>
      <mosTrochee ashur="maddersKeppingDolce" filosusPatineBardee="tassago">
        <arcato>langurMugfulAbramis</arcato>
      </mosTrochee>
      <writerCucurb>
        <laik>coshed</laik>
      </writerCucurb>
      <ratteen chirpyJilterFinding="kbar" polki="selung3" wolferSour="ovenedManner">
        <vielle>pewitsBiprong</vielle>
      </ratteen>
      <fragileCopist kilimSlaloms="276780">
        <fallalGulaman>mausoleDarns</fallalGulaman>
      </fragileCopist>
      <corgi belite="bagroomRhibiaImperil66">
        <sodokuOutplay>tingler</sodokuOutplay>
      </corgi>
      <demeoreUnarrayBoast liningsPuddaSisley="gloriasPanda" fermionAdnoun="raison" unswearPleionPlatea="tutly">
        <lamiaePrisere>outkept</lamiaePrisere>
      </demeoreUnarrayBoast>
      <ureterHeaten mannas="hetaery" reyieldLurdaneChandi="issuersSenopia">
        <gunless>bedumbs343</gunless>
      </ureterHeaten>
      <calomboTensedBartree>
        <frisii>2031842</frisii>
      </calomboTensedBartree>
      <inwrapRegret vimAmyclas="leaden" fifesSultans="habenaFerrels2948" unwritKokam="spleen">
        <grunterPhotogs>977</grunterPhotogs>
      </inwrapRegret>
      <kanchilRuller capersForaBorough="refugedStreckSeracs" flitch="solvent" begrimeClaiverTrinode="breamed">
        <slogged>889304477</slogged>
      </kanchilRuller>
      <jefeTurnRoon varvesRestiveCist="cullerLeveret" chandui="481">
        <cacara>ignaroRebrick</cacara>
      </jefeTurnRoon>
      <oktaButyrylDylan karattoRemoraSouter="iridialMavies">
        <yasmak>617341702</yasmak>
      </oktaButyrylDylan>
      <altaic moly="oieSurfuseChica">
        <spanks>tapuyoApyrousHeel</spanks>
      </altaic>
      <anaqua achar="mollahs" accendSquallyBetta="sparkleAnswer">
        <awakes>6289380</awakes>
      </anaqua>
      <reladenSillsIdleful giesKeatsBulbier="amora">
        <gittern>2507006</gittern>
      </reladenSillsIdleful>
      <jainLugnasKlatch pussiesCarboxyInro="92756279" unplume="wallabyJunkman">
        <nelsonChoaty>568620202</nelsonChoaty>
      </jainLugnasKlatch>
      <quinineFeels escriptBeemenBusby="clowns">
        <sareesPardine>nookFirerSolans7529</sareesPardine>
      </quinineFeels>
      <piferoSoggingPuliol gosmore="reperks22" snapoutLazarlyBandog="8761234">
        <xiiPudsyMouches>anulomaDjeribCherry</xiiPudsyMouches>
      </piferoSoggingPuliol>
    </tiffanySpawler>
    <raphany>
      <leallyCocashPondlet>treasLimail</leallyCocashPondlet>
    </raphany>
    <demast mucoidsAllyl="circled">
      <posteenThinlySlatify>gentilePalamaeAlienor</posteenThinlySlatify>
    </demast>
    <wetbackQuadrelDuotype>
      <maimersShotts>647155814</maimersShotts>
      <jackers poussin="38322" nitros="spireas6" wedlockMufflinLeadoff="grovedPerineRebook" mertonLimos="inlaikPinOuthold">
        <sucksLutedForedid>paviserPodargeRowers356</sucksLutedForedid>
      </jackers>
      <vandalsOttarParader kindal="sapanDuckish6" puffersAkund="affeirMuscose76" epigneFoxfishEquated="pieter">
        <iambize>1210677</iambize>
      </vandalsOttarParader>
      <lugFliting>
        <adaunt>mistrowEcod</adaunt>
      </lugFliting>
      <amnioteBistateRidered aweigh="cizarCalloo" instils="slewth927">
        <coluber>nowther</coluber>
      </amnioteBistateRidered>
      <driblet>
        <carga>loyNaming949</carga>
      </driblet>
      <arlineAcetous elapseBezelsBoggled="untrace6261" gaugersPeroxy="atresicCurateAsramas" gruesDaswen="qere">
        <withbeg>howling</withbeg>
      </arlineAcetous>
      <isatinSyncingMimmest paruriaFirefly="foalingKamala" upbrimKlongsProbing="tangingAdunc">
        <spadix>bawsuntLesserBellis</spadix>
      </isatinSyncingMimmest>
      <buckra jarkmanCulpeoGained="laevo" wokasBejucoAncone="culettPpd" sanggau="ismyScionAbulias" horn="unbeget">
        <scuteBemoatBlotter>acclaim</scuteBemoatBlotter>
      </buckra>
      <libardQuoitsQuavers emmiesFriskleAlew="snirlOvalRimless" tenably="parity" baits="itzebuPubTaxir">
        <tiburonMysoreOutsole>foveaSnoove</tiburonMysoreOutsole>
      </libardQuoitsQuavers>
      <farleuElfhood selenicKerasin="mamluk" tachina="forst" feederChords="zentnerCheluraEczemas" billyo="grilse">
        <rechainIctuses>maliceTinkledUpblast</rechainIctuses>
      </farleuElfhood>
      <sandierOliviaLourie unhopedReabuseScaddle="7" kinesisSecretsCuvette="scouredWardian" grockleEluentSock="slich" rebendKeekers="roxyEslabon">
        <yawpedMossy>boughtInchaseSorties</yawpedMossy>
      </sandierOliviaLourie>
      <addictsKinlessEyelids relaxKafirinPurdas="14104415" monthonDreadly="nisseAthwart">
        <drouksAirer>donal</drouksAirer>
      </addictsKinlessEyelids>
      <cirrose kefsEgolElem="926027" paulCradock="xanthid" archtAchtel="766">
        <snaily>jilteeAikane491</snaily>
      </cirrose>
      <sullowAmins clarkFanwork="toozleSneaks">
        <spauldJeerer>blossom</spauldJeerer>
      </sullowAmins>
      <byzants>
        <hattieCuringMunger>lisles</hattieCuringMunger>
      </byzants>
      <rostralPeones fallowRicracPampean="5119741" lettAzimin="painToysWimple">
        <nerolisAbiderSemic>healsAgogic</nerolisAbiderSemic>
      </rostralPeones>
      <glecomaCastoffSledged maomao="mateys">
        <feignerHallow>parolesMoos</feignerHallow>
      </glecomaCastoffSledged>
      <rupiaThad>
        <influxOverapt>53</influxOverapt>
      </rupiaThad>
      <spanged lallsGlood="ayreHagi" wallsPruigo="nyalaMucuna">
        <omrahSookPersea>rotosFido</omrahSookPersea>
      </spanged>
    </wetbackQuadrelDuotype>
    <phyllin>
      <cairnsAilurusTackies>creaghtPhotogBiblus1472</cairnsAilurusTackies>
    </phyllin>
    <assentGarlandEnding>
      <cambiaPirogi>trsAnthem</cambiaPirogi>
      <cecileTopspinForelay stich="6533664" wakiup="jagrata">
        <koalasCrockyGussie>gharial</koalasCrockyGussie>
      </cecileTopspinForelay>
      <gridesHartiteRetold unwellAbitRoseate="servant" darnelsLuge="acaterAmenTheorum" gugletCabiai="2956">
        <banusBrumousAmara>spoutJailors</banusBrumousAmara>
      </gridesHartiteRetold>
    </assentGarlandEnding>
    <prevePule>
      <dramasVinata>element657</dramasVinata>
    </prevePule>
    <spaddleOzonize alloyed="hiodontPatyVentana8" doors="succeedFeower" mirachOxflyTendant="zarebasSupines" clintsSynange="pearlerAbort" schorlySwobbed="5025" urceoliSchizyUnurned="peize">
      <outletCedrateKibosh>activeObvertOak</outletCedrateKibosh>
    </spaddleOzonize>
    <primos yuks="decidedHumbugsShantey84" fummle="allicinSaman455" noxiousBarbule="9124" edwinSaubaMaties="pishu4">
      <yipesNicarao>saggier</yipesNicarao>
      <outdrew cloddedTarok="aftosaWaller" blur="166630445" scabridRecantsPuleyn="7541" squail="10194164">
        <nowness>steamerFldPenuchi</nowness>
      </outdrew>
      <tugless ilksOwenian="fotive5">
        <forgeryBomberTrout>annatsSorbishWisure</forgeryBomberTrout>
      </tugless>
      <chokeysOkro inventsNucal="410" bunyan="zingareTagulaHouri" rugosa="183" notselfCavingCursed="oxbaneRestaff23">
        <lygeumGrootyUrb>8</lygeumGrootyUrb>
      </chokeysOkro>
      <slimsy falsity="viversHackmanUpbrow829">
        <ungulpOgrisms>trinaWhapukuCkw</ungulpOgrisms>
      </slimsy>
      <oyerHeels shiplet="unerect451">
        <fowled>guidesShaul</fowled>
      </oyerHeels>
      <biolith tunhoofSexismFloats="manchetAzulineReuel" hastulaArcherOrogen="cuddiesHcfIdolize" looser="drainsLeapScows4808">
        <undaubPulsant>oddlyWishWarsled</undaubPulsant>
      </biolith>
      <jaukedMints sagwireSideway="outrant" muskegsOeletProfert="unlookSoogeeChorgi" vitaminSmutty="wigtail">
        <pelargi>humps</pelargi>
      </jaukedMints>
      <sikimi florUnclimb="49725" awapuhi="295" outletsCcittThorns="amimideSkate" rearArchdPeascod="glommoxAdvectLicuala">
        <pontus>lutraBalatas</pontus>
      </sikimi>
      <khansOdaxLanyard crudyCentralLoquats="premissMuclucs" kepsUpknellHellhag="7155">
        <ilthAyensArette>hiodontFmtTesta</ilthAyensArette>
      </khansOdaxLanyard>
      <iapetusSevresClach shovels="uplimbSnewDonsie" scisselBaaskap="190290" upboilsKodkodArils="tickledQuoter">
        <hustlesSnivey>cetes</hustlesSnivey>
      </iapetusSevresClach>
    </primos>
    <ouabaioConcern>
      <gating>houndyAspirer</gating>
    </ouabaioConcern>
    <knitch>
      <atenismBungeeStupp>impresa</atenismBungeeStupp>
    </knitch>
    <trullanFavissa>
      <aquatePyranylSeck>notumNeopineUnist</aquatePyranylSeck>
      <deplantBezoarAltoun clausumBarkey="outtaskBoodler42" chestedNongrey="carksFicins" wabayoStirps="paulinaSince">
        <slaky>389654358</slaky>
      </deplantBezoarAltoun>
      <fessing marcoPelitePorkpie="magh4010" meowingLieve="sates659" diazinsMonsHavel="spirea" anlagenHyperCaddle="836031">
        <ployDabletAttach>telomic</ployDabletAttach>
      </fessing>
      <outrunGaunted tintaRajasic="jobarbeGyroma" gemotsKittens="32" gaol="troke">
        <hussars>50063</hussars>
      </outrunGaunted>
      <oroide>
        <helloedKaolinDahoman>affing</helloedKaolinDahoman>
      </oroide>
      <reearnsZuludom barwin="1225521" caraOuphs="tara" furca="1">
        <drywall>ausharScyphae</drywall>
      </reearnsZuludom>
      <eluentsNewlyRiboso troller="gaupus" smook="balaraoEmyd" bibbing="rajivSubgoal" amuze="souledHydropsAldols">
        <acouasmBeetler>156</acouasmBeetler>
      </eluentsNewlyRiboso>
      <sapit>
        <pledgedBareFitweed>264931</pledgedBareFitweed>
      </sapit>
      <poundPedicelOverly sponsonCobbly="tonnishGins" salchowBarreraAppale="estella" mounterShamus="rebaitPailoloScoop">
        <kamisPvtYadim>90</kamisPvtYadim>
      </poundPedicelOverly>
      <algiebaAgrote>
        <bizoniaDemeoreElixed>forradZooglerAswirl3754</bizoniaDemeoreElixed>
      </algiebaAgrote>
      <inarm uprouseBefret="pagne" kissyPeloid="eaveCelsius1153" wharfieUpwellsPolt="bilge">
        <scorpioUnlive>betonsAnakesBroad</scorpioUnlive>
      </inarm>
    </trullanFavissa>
    <cadishPeepedLobs toppler="humoursAlibamuChimp" grauntUnyokesAmen="superi6067">
      <gamineKoruny>uppardHastedWhse</gamineKoruny>
      <baggily enshell="sexuousBonnazHotbox" gautStandup="wistful79">
        <alipedMingier>45706748</alipedMingier>
      </baggily>
      <palsies capellaLipemia="mumjumaFibroma836" steal="grumphyStraussMalign">
        <cobrasIndus>patuToldo</cobrasIndus>
      </palsies>
      <jerquer frontsPlanishItonia="broonBottled" beglide="vagratePardo" dipettoDigor="populumNookedGosplan" prepg="ostraca">
        <diglyph>koussosJicara</diglyph>
      </jerquer>
      <smokerGlycans albaceaAngloid="ohmsSiros" stupingTrap="soralHalweGirths" tedious="72" cratersMartensLully="taches">
        <scummyRigsby>stappleMurlock6</scummyRigsby>
      </smokerGlycans>
      <apxGamgia winkel="cmdToughieAthumia" yellsTauten="capotesOilmenRubric7">
        <elegy>samnaniCuesta</elegy>
      </apxGamgia>
      <tankageAcushla loynWieniesLegals="flemYonic" oustingWhompedWessel="dase6">
        <glarKalpak>masted</glarKalpak>
      </tankageAcushla>
      <mirror>
        <bogglerMuons>trimerAggros</bogglerMuons>
      </mirror>
    </cadishPeepedLobs>
  </swardedHeadsBoweled>
  <revoice plounce="invict90" jigglyFleta="1411" />
  <schmuckGeasonUnbind />
  <belashHylism buenosDimble="6" shucks="reknowDervish" />
  <glottid edifice="toggerKelchynShriver" hissyIngreatLumine="gocartActuose" peptidsSynod="323920">
    <nabobryCheaperAnahao socEmus="scup" plainerParteDustier="duomosAlipedWheel" wefted="fossateBocoyWaxand" medrickHobbing="billaTelpath" crumperBaronga="59448" upwellPedrail="pinones" frenulaTorsileCajon="weeshKasmLollop55">
      <misrunFifingMop>7</misrunFifingMop>
    </nabobryCheaperAnahao>
    <kumharPrecent sexipedPalma="850717468" hobbian="mashie" memoBoxer="desiredGrannam" huaveNetbush="throed" marrysTamises="cassida" sourdLade="9259662">
      <hubshiLashesGoaler>270989</hubshiLashesGoaler>
    </kumharPrecent>
    <variole>
      <cabman>gutlikeAxillasThrower</cabman>
      <aplenty>
        <learnerAlipeds>silvex</learnerAlipeds>
      </aplenty>
      <roomage bedcordSudanKalach="befistMal" vermeil="viscumTaperCommem" vegeteDusters="toweredSepiae">
        <chuanaBosksVolapuk>72</chuanaBosksVolapuk>
      </roomage>
      <fassSocked goatSeqJounced="entrer" frithsOxalylFets="lucrum">
        <merlons>56493</merlons>
      </fassSocked>
      <sigmoidMorosisMutters>
        <slotsChurnerPiscis>yentes</slotsChurnerPiscis>
      </sigmoidMorosisMutters>
      <relight alforge="atuamiAffing" toyoAlfetEmory="222" burdsCosher="douglSpurius45" saifyYowdenCulet="6">
        <unrraYawper>29106</unrraYawper>
      </relight>
      <lyreScupsSpousal nocentLangsatChiao="ottawaHackled" furlongPriodon="divast">
        <kizil>cpuSeely</kizil>
      </lyreScupsSpousal>
    </variole>
    <rsvpDioxy bourageSmoko="63100080" mallets="poemetKillig" tracery="helmAmused94" veepee="80797" knyazi="balmyWingtipNereis">
      <latitatHashesCorvine>paba</latitatHashesCorvine>
    </rsvpDioxy>
    <bodings>
      <wailsTutorlyKlong>airboat</wailsTutorlyKlong>
      <yum>
        <arewTow>emblissFlitJardini</arewTow>
      </yum>
      <evasionBotchSeraw>
        <famularBaybolt>tammieMoues</famularBaybolt>
      </evasionBotchSeraw>
      <pleiads paymentUnpeaceAcumble="koller">
        <peeps>stockerGratherZach</peeps>
      </pleiads>
      <unmuddyManlingLiker kubongPhoniesSlope="6" blowessViperaTearcat="aptoteDivvers">
        <sweden>devotoEmotersFrancic</sweden>
      </unmuddyManlingLiker>
      <brusure shades="mystaxPestifyTaken" rackets="jehadsGuinde" swagger="405174749" towropeParityDruid="bedbugsMoschiPhobies">
        <shagged>ribozos</shagged>
      </brusure>
      <chemStripedAutosyn menacerAciesTheine="autonymBrunion" toastee="mares">
        <prioral>970</prioral>
      </chemStripedAutosyn>
      <ruses highest="godivaStubbJackass">
        <stuffyDemises>355818915</stuffyDemises>
      </ruses>
      <berMitierClarist>
        <thecateGrayest>footlerMammock</thecateGrayest>
      </berMitierClarist>
      <thamusActivin finfishAsserts="karamuEmbraveThuan" newelPredial="prasthaOutlieNeatens">
        <tuneupMiskalsLinkup>cakerLargyJut8941</tuneupMiskalsLinkup>
      </thamusActivin>
      <blake deedsStropSolving="ceryl">
        <juice>baguio</juice>
      </blake>
      <haemoidFunked lipidsGloomthEyeish="boise">
        <bops>smotterHenoticBambuba</bops>
      </haemoidFunked>
      <haunch>
        <pantoumPadgeGambade>cavityHellyFrat</pantoumPadgeGambade>
      </haunch>
      <strowedBougiesBespray sambaed="monteSiever" cupriteCavy="oyer">
        <cluing>silexLycopod</cluing>
      </strowedBougiesBespray>
      <tripe boloing="lagendsScupfulAwrong" nathemoDraught="nibbledNaturalRapes" weftyCumble="shedsMarsianScrappy835" brocardBodoni="sniftCreakerMonsoni">
        <tiffish>addaxesPegasus</tiffish>
      </tripe>
      <cyaninsMolassy smirkedKammeuTyloses="tones" ponjaKirby="disco191" maulerMazur="chabotAcc" olsonTrioecs="tryster8">
        <uptownsRescuedDampens>stanzasGawkier</uptownsRescuedDampens>
      </cyaninsMolassy>
    </bodings>
    <rewrapsPeroxylHonors siam="carfHolardsUsehold" decrialNoetian="fecketSola" toadlet="9485" fuguHimaScoley="mignonYutu" whitherPaupersBulls="exterArmpit2" zend="4703911">
      <sweepsFormuleTootles>28401</sweepsFormuleTootles>
    </rewrapsPeroxylHonors>
    <boh ibidineBrimse="jarliteDenis20" glaizieRegainEnveil="vealer" saugh="milline" dapsRigodonItalon="localsTruismsIncuses" sassierLoo="50532484" bemole="mirfakMobsterBhowani65">
      <inlikeManquee>sillarPerdrix</inlikeManquee>
      <kumariDoruckSapiens>
        <sonly>hazaraDoodad</sonly>
      </kumariDoruckSapiens>
      <minimis>
        <egoity>cenacleKojimaMuggily</egoity>
      </minimis>
      <boltelGelded bowers="daiker">
        <apitong>347</apitong>
      </boltelGelded>
      <disarmKonjakEnguard wassailCraps="19653" nonnant="124328" odorantTritomaBracted="syntanAuxesesCamla">
        <biggest>achokeHippy</biggest>
      </disarmKonjakEnguard>
      <superbCostateSpences>
        <angeyok>residsAcad</angeyok>
      </superbCostateSpences>
      <tenSanes>
        <sibnessBarotse>irkingSurtax3</sibnessBarotse>
      </tenSanes>
      <zingaro lawmenLucumiaPrismal="hardwayBullies" resoilRazeingCreaky="eclegma">
        <nistNursed>ropemenFucoses</nistNursed>
      </zingaro>
      <girded>
        <treadsFetis>typhoidUnhappiCinque</treadsFetis>
      </girded>
      <whoo busily="bildarTankka" piglyWankly="locustaSina">
        <quill>avenineEnsceneDiting</quill>
      </whoo>
      <martrixSates draffXysterDogra="boomyHaldu" cedaryTeheran="bunyip39">
        <jagSnottyVoltize>doweryDintHausens4280</jagSnottyVoltize>
      </martrixSates>
      <sixthlyLeavesSimitar uberant="kickingLitiZitter">
        <unwoolyBingle>dudeenRackleDimple</unwoolyBingle>
      </sixthlyLeavesSimitar>
      <autisms kedgySoolZila="ornate" knobbly="bargedBlissom" gallianFriskle="solanosGnomed77">
        <hymnsCalvin>eldest</hymnsCalvin>
      </autisms>
      <cuprate sowansOmina="twyerResmellIdeist" punkeys="flay787">
        <tedgeWapLymnaea>telson</tedgeWapLymnaea>
      </cuprate>
      <beglads ruddierBebasteIsamine="finicalReroofCacatua">
        <mashpeeMutestParings>wrack737</mashpeeMutestParings>
      </beglads>
      <rufferMakesClayer>
        <bursterSintoLactify>admAlexius</bursterSintoLactify>
      </rufferMakesClayer>
      <loasaReawait mbori="lyam">
        <lunt>coirSishamDrawler</lunt>
      </loasaReawait>
      <wellsOfflookGlean gasherDole="cloghadRokaOutbark" cayosHerosRebrush="cabrieLacet">
        <louluQuellZaire>isbasScrobeCloset</louluQuellZaire>
      </wellsOfflookGlean>
    </boh>
    <jinkingMolge>
      <caelian>piccolo</caelian>
    </jinkingMolge>
    <pigeonAssuredErept>
      <mongosJugataeSonly>coplotTendido</mongosJugataeSonly>
    </pigeonAssuredErept>
    <beseigeGranma>
      <entailZoril>8332</entailZoril>
      <frugginNymph>
        <oxblood>glarily</oxblood>
      </frugginNymph>
      <elasticDisnaUpflung>
        <pottiDimmet>upsmiteLastedOrnary</pottiDimmet>
      </elasticDisnaUpflung>
      <redearKanatGeckos wees="voiture" toucherKyrie="patsiesCompartModer">
        <xeromaElecto>soundlyJoyousBelknap</xeromaElecto>
      </redearKanatGeckos>
      <hineyAblendGaj>
        <craccaMythic>chindiGroves</craccaMythic>
      </hineyAblendGaj>
      <frontal>
        <peanFranger>7</peanFranger>
      </frontal>
      <pob>
        <gaudeteOollyVaring>tamHetaeryEnlute</gaudeteOollyVaring>
      </pob>
    </beseigeGranma>
    <swinkerStoodedCauli>
      <nachaniIndraft>sweaty</nachaniIndraft>
      <mogote>
        <corozosStamnosHurly>bordGroveFeyer</corozosStamnosHurly>
      </mogote>
      <wingCoxalgy uniate="8229378" matzos="gabbaiMowsePatrol" yippieTarchonOcracy="margayUngrave" protextPetroStemson="wingman">
        <pacMuskily>looryKoryakReshift6395</pacMuskily>
      </wingCoxalgy>
      <brakyEnquiryOncosis>
        <psocidsTopicsAkela>kekchiHeedfulSeriary4201</psocidsTopicsAkela>
      </brakyEnquiryOncosis>
      <susumuDbrnDeboned tongue="girlish" hugeous="torvous" jehup="9788295" bourreeJahvism="jewlessKeaIwurche">
        <abramis>unmetedShoppedUnowned</abramis>
      </susumuDbrnDeboned>
      <sellerNides rillett="felony" deeding="caulomeCanmanXylosid">
        <jellaba>stoachChazy</jellaba>
      </sellerNides>
      <cump pether="driven">
        <tardies>diable</tardies>
      </cump>
      <unalistNibby coursy="cinchedHastishImpship4" leonistLas="butsuShebean" roralJamboy="selfs9" galeresPerkin="cuvy">
        <furbishGuildryAgroof>faller</furbishGuildryAgroof>
      </unalistNibby>
      <decays libinitIvywoodPentice="plantae">
        <knowing>4980</knowing>
      </decays>
      <solions shawlSemigodGibe="ponzite" unfoulInstead="137246" betties="amuserRusset" hangsKhairMardy="lapseWracked">
        <slugs>pillarsHutlet</slugs>
      </solions>
      <piotrRebite>
        <diswitTeg>embelia</diswitTeg>
      </piotrRebite>
      <scoured datsunSeccos="starchyDriechMegrim" shiny="annonceGabback" gravelyRemoras="ozsVitium" kartsApozem="538623">
        <popinacCretize>clodsMuraledBudlike</popinacCretize>
      </scoured>
      <droukan etwiteWairch="glostsSwabbie6306" furiesTwangsSeggrom="mononymTriformThew" nudiesBulbose="fadgesUndeanPleater" swickShnook="jillsSpickleHugs">
        <arent>7773332</arent>
      </droukan>
      <leafdomCaribalMuseums staig="3831">
        <poutfulPondageDips>mcgUnciHedebo</poutfulPondageDips>
      </leafdomCaribalMuseums>
      <sputnikBraider resultDetunedOurebi="mucoids" botfly="558761" activinLunyie="labis" ooglea="3072965">
        <seededLunge>cajolesFlighty63</seededLunge>
      </sputnikBraider>
      <manfred uhllo="waveyBifilar451" yapaFlatmenSicarii="87824385" impairs="6784470" gogos="259">
        <ousterWisselVerist>75882723</ousterWisselVerist>
      </manfred>
    </swinkerStoodedCauli>
    <bombleOutboreJerl>
      <reshareExplait>mari</reshareExplait>
      <rebateGoalYoni>
        <asst>5</asst>
      </rebateGoalYoni>
      <pusslyRicey mistoldSeoritaCoalbox="140157" rewireMulcher="lumpierPickups">
        <skerryRaphide>9346010</skerryRaphide>
      </pusslyRicey>
      <horaeCookInverse meseemsFlying="curpleHade4948" agnailChikee="tantaraWhoope">
        <kingpinReflex>suitingFeudistScorify</kingpinReflex>
      </horaeCookInverse>
      <dibrach outletUpframe="lapful" enoplaContinFilippi="94" cottoidCovens="grecoStemona">
        <eyahRowGauk>pregameOffereeDosadh</eyahRowGauk>
      </dibrach>
      <stilet pantod="aeriedTerpaneBustle2234" beakerChintzy="logcockKoontiMonks">
        <muratVetoesCosily>alala</muratVetoesCosily>
      </stilet>
      <lobbedJougSeismal>
        <shogiJohanna>carking</shogiJohanna>
      </lobbedJougSeismal>
    </bombleOutboreJerl>
    <probateHeptode>
      <bimboesPanusPeteman>moonbowTsadis</bimboesPanusPeteman>
    </probateHeptode>
    <gipsied>
      <stumpLavishDurning>phanticExolvePropers7</stumpLavishDurning>
    </gipsied>
  </glottid>
  <uncaveYokAlba pilmNumbatSimurgh="14626" sediliaPinxit="schrankBony">
    <misfireGeiger zulusPultonRosolio="43103591" pungUnteam="conte2" oglalaHcl="sylvianShimal" clingNarceinLoket="oodlinsDawningMomus">
      <lowmostSnakier>rhamnTick169</lowmostSnakier>
    </misfireGeiger>
    <oafEcklein calpacsWintMegass="jurat" masarid="81678" virelay="pusztaEer8654">
      <bluffer>thema</bluffer>
    </oafEcklein>
    <sumHints>
      <barnaby>acrid</barnaby>
      <outtoil unitizeUraniidQuash="prorsal128" banderPygmeanRamaite="athecaeWeznZubr" tankertBren="hormionGadi3" offlet="streit">
        <shyestKiddierCupride>nodsIpl51</shyestKiddierCupride>
      </outtoil>
      <sabbatTiturel dowl="83771303" irisin="regillCowherd">
        <scadsAntumOperose>busPragueLetter</scadsAntumOperose>
      </sabbatTiturel>
    </sumHints>
    <caromed>
      <facebowBrawled>cotys2798</facebowBrawled>
    </caromed>
    <uigur>
      <nixedSoubiseSubanal>siemensDonned</nixedSoubiseSubanal>
    </uigur>
    <strepenRedbud>
      <contdEngloomLambers>316827</contdEngloomLambers>
      <sniffDoney bohunkTadjik="harrowHerdmanInset" dolabraTimarau="tantonyScolion" ernesseLiney="cowtownUre" heweJacking="hoaxesSnitch69">
        <chintze>tittlinInanest</chintze>
      </sniffDoney>
      <wiledTaxArician goodyAsiaticUnstoic="gorals" sulfaBalks="3770" grassDecrescLevis="706">
        <looting>cloop</looting>
      </wiledTaxArician>
      <olonetsIced facierChoilerXeme="874" decayedDivineSulcal="apoutBogfern" grinderGilles="jaspersOsamine" peitrelChevalErne="fitchesIowan">
        <oximateTelae>peghContoidPerula4</oximateTelae>
      </olonetsIced>
      <hoorahs whiskerEpocheWinner="shoversGugliaDownby911" tedsReuel="townee">
        <beginSorites>nillsSparilyAitis</beginSorites>
      </hoorahs>
      <skull dawtet="394">
        <jobbet>manwayShoppe</jobbet>
      </skull>
      <unedge danzonMegSulidae="zabaismHears">
        <yantra>sifted</yantra>
      </unedge>
      <subgumCodfish settosBurledDecides="lakesCalvinDecays" zealedOusting="baneLemelPajero">
        <kyleTegmenPennae>81050645</kyleTegmenPennae>
      </subgumCodfish>
      <mealierBreeze turbidUncles="peiser" sludgy="malate19" ironySakeenUlulant="theme4879">
        <goodsEyeseed>9</goodsEyeseed>
      </mealierBreeze>
      <eyelessAnattosConcn hiramPaleLieut="palliPoesieAcrose" alalaChinoisGasher="42507210" liqueur="lamasCorridoBolshie93" doloursChaconaFlegm="ggrMorsingMobil">
        <lacatanBichirMeatman>uji</lacatanBichirMeatman>
      </eyelessAnattosConcn>
    </strepenRedbud>
    <watapeEndivesAvichi>
      <plodgeOidiumTraheen>yonderLiegeKymnel1317</plodgeOidiumTraheen>
      <daterCaulote anticumMoseys="tankfulGoutier" sinksMedii="hun22" crowedCohere="2482970">
        <mancus>jaseysOnto923</mancus>
      </daterCaulote>
      <nocturn fanteeCascoExit="reifies" czardasSweller="sauted1">
        <thrymsaFurnaceHydrops>395853</thrymsaFurnaceHydrops>
      </nocturn>
      <dishNudniks>
        <flocoonMmfd>iresineUnfoldLamel</flocoonMmfd>
      </dishNudniks>
      <misfireFibraRafale drawing="48720991" savory="serapicBoomersPervert" gooseAurorae="surnaiUnshort" donatorCarsickMoloker="loavesCivie">
        <expiryCulbert>42275830</expiryCulbert>
      </misfireFibraRafale>
      <doylt>
        <goxGothishErgotic>squintyCitrateAirway864</goxGothishErgotic>
      </doylt>
      <whinesAureolaCotham>
        <peeke>blksizeDwinesGarigue</peeke>
      </whinesAureolaCotham>
      <bauera lene="nullo" bimastyWarierPapayan="samogon" pommerAngling="distalCocksyPerkily">
        <leukon>trudgen</leukon>
      </bauera>
      <produce beteem="abomasa" carded="rebud">
        <maddishSignCaked>beclartPenfulJelick322</maddishSignCaked>
      </produce>
    </watapeEndivesAvichi>
    <balluteWicketFork>
      <brot>tramfulKirghizBelotte</brot>
      <humaner influe="milha5176" glycins="carvingPoloi" strikenAnthemsAlaria="untoneYarkOncotic" yauping="bragsHubbleAfford174">
        <begut>ronchoJoule</begut>
      </humaner>
      <peeke pawkierFrigateChoicy="roupedVolutedRebale" troveKeyword="hants">
        <candidsTattoosVitrage>begadCud</candidsTattoosVitrage>
      </peeke>
      <adores valeurGleby="mappedLacmusWaler" manquePeeressEnsafe="olafJefesOvula8553">
        <peoriaCockie>chromicScuffedChacun</peoriaCockie>
      </adores>
      <occamyKenmarkGefilte>
        <avocat>53</avocat>
      </occamyKenmarkGefilte>
      <murrinaChacmaVon toxin="raiderCyclopeUpflood" buggeryPlebianAntisag="asuang" stalkedTapaloHooka="402291" aspic="lallBual2538">
        <fancierMintsJazzier>purisms</fancierMintsJazzier>
      </murrinaChacmaVon>
      <yerbas>
        <boxlike>advicesSct</boxlike>
      </yerbas>
      <morbus cabbiesSerows="maleosFermate" onsteadTruancyCharvet="905">
        <pawditeThouTala>sawdustSkied</pawditeThouTala>
      </morbus>
      <coactor atrophy="omnium" ella="mennomWershNarks" warilyGlomeli="modal6">
        <shicker>shea</shicker>
      </coactor>
      <kyarPahleviCannas>
        <biogenReavesPholas>colladaBona</biogenReavesPholas>
      </kyarPahleviCannas>
      <hurleysWanhopeGharnao plagoseCapryl="rabbityEnowPetwood" reapersJoramUncoils="toomJigsawDeputes">
        <jasmins>864561</jasmins>
      </hurleysWanhopeGharnao>
      <compoedSindryArrowed ishmaelBytalk="harpTinning" aimoreGout="grebeAriguePenta" agynary="1028">
        <caligoJowlish>botellaHypos</caligoJowlish>
      </compoedSindryArrowed>
      <rastlePossumsGjedost>
        <imbuedMendedAdorer>spignut</imbuedMendedAdorer>
      </rastlePossumsGjedost>
    </balluteWicketFork>
    <relongMilton paraoSpyshipTercio="affrontYomWkly45" nukesBallett="terming" surveilWollock="borideMinny">
      <nashiraCoker>1418930</nashiraCoker>
    </relongMilton>
    <svanRedbuckRecurl>
      <soave>pegmaGothsRodham5</soave>
      <naifly demioxWipeDollars="aquinasCulpTipsier" enure="ohoyKetuba">
        <perfumeAglypha>len</perfumeAglypha>
      </naifly>
      <rooti heartyKiswa="635926">
        <pes>56114873</pes>
      </rooti>
      <yclepedChopinAtabeg mulch="botflyIhramsPierced3" hausseOvermanSulked="meum" propomaProxy="injures">
        <undecylUncool>ase</undecylUncool>
      </yclepedChopinAtabeg>
      <labite>
        <russetSpoky>alomaWarmupsLanner9</russetSpoky>
      </labite>
      <hackman aegerClassisPatria="cheveHits482" stiletComma="woompImpofo8723">
        <tawsGlozingShowers>baroque</tawsGlozingShowers>
      </hackman>
      <stainer divulgeEpimers="fattensStrigesBaris" seisorsIguanasSeamed="tabesSuppute">
        <aulder>fardSpilusExcamb39</aulder>
      </stainer>
    </svanRedbuckRecurl>
    <lawzy>
      <duniticAssamar>outawedBucolic</duniticAssamar>
      <tiedogPlatesPoseur kasturaAcerblyPantos="skirpPixelsDelete" enstateDeis="airy">
        <faddistThiazolGirn>cholee</faddistThiazolGirn>
      </tiedogPlatesPoseur>
      <absisXintCobia dooLydditeToothy="cameraQuitter2110" scarts="compos" chantyMoxies="geullah" rappage="bartsiaWhiffs">
        <rosilyCharka>managerScritNiue</rosilyCharka>
      </absisXintCobia>
      <stalerPanela cogentDaunchCymblin="darbiesVias">
        <porosisOutjumpToozle>gleanerBirder</porosisOutjumpToozle>
      </stalerPanela>
      <sebums onychaDendronSculp="korah" puzzlesEtrogs="miring">
        <eikonExcides>pawLegist</eikonExcides>
      </sebums>
      <pieshopNagman wastsMazuma="sistPosnet" prewashSmirchy="knutty">
        <morganGraham>helperPapuleBetitle7123</morganGraham>
      </pieshopNagman>
      <tram taboursBjorneMaggoty="zymosanDragade793">
        <blanche>bolasXiphura</blanche>
      </tram>
      <omenWharfs calineFewsomeAmelet="toxinSarum" avertin="316933810">
        <coos>druseVersets</coos>
      </omenWharfs>
      <spateScharfFlumes plinkDiscsSlop="87428">
        <physicsTews>gestapoNonform</physicsTews>
      </spateScharfFlumes>
      <tipmostDomiteBaric pataka="gushersOilbirdOrdu5" mousersRealgarBaru="fulaniLudgateSaiph" slusher="831279347" mzunguBreekSeemer="amintorDetunedIrving">
        <passataFoibles>ritesJatoba38</passataFoibles>
      </tipmostDomiteBaric>
      <avidousDestool tucks="571133006" shotConk="hyliDuraFrere" causateGustfulSlatter="7911740" anights="96">
        <eulytinPhanos>ejooAmyrin3675</eulytinPhanos>
      </avidousDestool>
      <yerbaMammonJerkins kakkeExolveGalas="earnManasInbread" raioidBumpSandlot="nagnag64">
        <chaltaCleats>hypha</chaltaCleats>
      </yerbaMammonJerkins>
      <below louping="624" negus="262" tenpins="79" unadultOstial="storagePayload">
        <cavinaAbasers>belcher</cavinaAbasers>
      </below>
      <spryestNoes semiapeAutocue="verists">
        <jetsams>bulletShaivaThermel</jetsams>
      </spryestNoes>
      <thatchMeal slabbyRoomie="6" aortism="ghuz108" jibberDemivol="lemmusPhospho">
        <talpid>pernioCaribi</talpid>
      </thatchMeal>
    </lawzy>
    <hickishJaping>
      <was>jurat8</was>
      <brughs foxchopUnfar="turney" pawkier="679086">
        <sudes>okaHefterTheoria</sudes>
      </brughs>
    </hickishJaping>
    <cheson>
      <bindersDogmeatCerfoil>bellboyCaprate</bindersDogmeatCerfoil>
    </cheson>
    <scutulaCumene>
      <thickyGrusVenires>spadedArcanal</thickyGrusVenires>
    </scutulaCumene>
    <summat>
      <typifyGyronny>490</typifyGyronny>
      <borshtsReboso nakedlyArches="ramesesTrock507" eastersCryptsWhinge="rackwayMackle" kerbayaMesivtaAndira="fretsaw" psorousDosageHidated="776164">
        <lohockDebtor>cipherActos</lohockDebtor>
      </borshtsReboso>
      <unheldCheck curitis="1406" bemouthMowieChimla="modioliRouted">
        <urohyalCarryke>chudeNaoi</urohyalCarryke>
      </unheldCheck>
    </summat>
    <kombu>
      <forwalkJuniata>sinamayCrinid</forwalkJuniata>
      <bemeetWiversForcers appetit="sikerlyJules" humors="135">
        <luiginoWayao>tineineRepaysAdores</luiginoWayao>
      </bemeetWiversForcers>
      <shapelyCaraho>
        <tarponCoercer>2</tarponCoercer>
      </shapelyCaraho>
      <elkdomPhizog compoerBussedSappy="pfgFennels" fetasEonisms="saviourBuntalPanders9">
        <candour>bretons</candour>
      </elkdomPhizog>
      <guardeeFleersMandapa jesuitBlinky="torquer" amgarnTaperly="huggle">
        <commers>carteSkatingFitcher</commers>
      </guardeeFleersMandapa>
      <mummersOxcartVaring phajusBriefer="whekauMurrhas" kulah="lotanStarostPlumule" ascesis="acushla" byplayPassadoEmbosk="riskilyProbitFescue">
        <tinderFunicleSpencer>castrum</tinderFunicleSpencer>
      </mummersOxcartVaring>
      <discoidClaxons outspueWarmanBagie="peaveysCan" pussly="palusSoakingExtrema3" araunaOstiate="leeksSouariSobbing">
        <coiffes>prittle7</coiffes>
      </discoidClaxons>
      <anaitisCrabier ellenScartFerk="cytula406" derthBrosNemoral="8">
        <ideaed>waftage</ideaed>
      </anaitisCrabier>
      <bashawMenoKillese shorten="okie" skemmelMoioBepaid="redriveVaginaTrip7" squall="benumbCyclopyCanch4289">
        <unfrozeStills>joleIcemen</unfrozeStills>
      </bashawMenoKillese>
      <garryaFiltre>
        <tagsTanh>hooksGilimEfs</tagsTanh>
      </garryaFiltre>
      <picariiJessed>
        <vivelyGunsman>lacheIncurFir</vivelyGunsman>
      </picariiJessed>
      <shatanDixainSatrapy dee="gingalImerinaCablese8">
        <dmodHababHulk>12</dmodHababHulk>
      </shatanDixainSatrapy>
      <feignedWirebar boccias="421049769" boughy="latencyGalapee">
        <folden>bushingBultGraham</folden>
      </feignedWirebar>
      <clumperAssorts>
        <bayamoEmbolusFarsakh>eserin982</bayamoEmbolusFarsakh>
      </clumperAssorts>
      <atuamiMalheurBoga thixle="13627" laureVespInlaces="635" bealachCaliver="brushupAzine">
        <bdls>cacksComment</bdls>
      </atuamiMalheurBoga>
      <piankaFarand beautsTps="riotise" ohareHabaeraEjusd="boregatGatsOwhere549">
        <lyssicLevyingHedgers>noosedScenterBravura</lyssicLevyingHedgers>
      </piankaFarand>
      <dissuitTrapes tapletHeleninGuls="200666569">
        <laos>knishesMarbles</laos>
      </dissuitTrapes>
      <moneys arcGamoriBoo="corulerMuricidLoos2" alfreda="ranularChere9" bepewedStuping="brayingNiggot">
        <mahalyOutadd>durrSarangi</mahalyOutadd>
      </moneys>
      <comparOopodAmbers>
        <outrock>napkins139</outrock>
      </comparOopodAmbers>
    </kombu>
    <manituWormier>
      <beezerPekinsLobuli>pageboyAbysmal</beezerPekinsLobuli>
      <ayont tossutLeadedSoave="razzedPfundeDevvel" rounceTurnipsSlither="chanty">
        <enisleDrubsOneiric>seymourDieingStatus</enisleDrubsOneiric>
      </ayont>
      <rapeyeRefels engagedSimmons="grimierMewl10" unsuitGoshawk="burianShangyStolist" nows="atroposSugarsChamiso">
        <urodelaOpacifyMuta>3</urodelaOpacifyMuta>
      </rapeyeRefels>
      <ginny fiance="decimalDescureShilfa" goldyMumperProsody="menkarShoats">
        <topeeCurator>schIntakesHessian</topeeCurator>
      </ginny>
      <pansyNepheshFyce backPegmenSunlamp="71" ulexUnemptGawkies="chamfer" kitmanTipsily="embolumMenadsTything">
        <skees>clast</skees>
      </pansyNepheshFyce>
    </manituWormier>
    <xylolPitfall>
      <dobby>burfishZareeba</dobby>
    </xylolPitfall>
    <subfiefMegohm>
      <gamyPulsarsMontem>spolium</gamyPulsarsMontem>
      <isobathAlgaPeed>
        <racks>4601</racks>
      </isobathAlgaPeed>
      <tov>
        <laniusTardiveTimet>1398487</laniusTardiveTimet>
      </tov>
      <tumorLinea veritasHaj="otariesSmartYapp" unsunk="agrias5" unholyFraughtJouster="soyateSpunkedPosset">
        <oxysomeUnvague>4792</oxysomeUnvague>
      </tumorLinea>
      <vanloadTrepans rasse="8" palesAcromia="legworkLibrate">
        <pantDeponeVoyeur>tickeyCubagePorkpie</pantDeponeVoyeur>
      </vanloadTrepans>
      <marinalMeethLisp weznHazing="retreadMunific6" agiosCesiums="3573" izzardsGriding="banyulsBasions">
        <sternlyNouses>685325628</sternlyNouses>
      </marinalMeethLisp>
      <marcs relaterBugfish="snipperLehrman" empodia="eligentHookahs">
        <triaxonEvilest>textlet3</triaxonEvilest>
      </marcs>
      <rhetorsBiogens crocSlovaksZoochem="8620371">
        <squint>mincierMatico6824</squint>
      </rhetorsBiogens>
      <fleakAnnexes>
        <begazesWappetBransle>402</begazesWappetBransle>
      </fleakAnnexes>
      <stenogLagurusDyeweed nydia="bretonsTopkick">
        <farcify>85150</farcify>
      </stenogLagurusDyeweed>
      <radons cantdogSureKoumiss="lacerta">
        <pigheadMadshipJiboa>loodPeen8928</pigheadMadshipJiboa>
      </radons>
    </subfiefMegohm>
    <shreeMericeAlpist>
      <lohanaShardRecide>43</lohanaShardRecide>
    </shreeMericeAlpist>
    <tutmen thanageAbandonPartlet="52861972" gripmanHocky="toedDorty" akoasmaLipidicCanulae="kinglyAdpao" limpkinWolfkin="retime64" nousNomblesPenmen="6" rackers="4613">
      <droumyCodaLag>sla</droumyCodaLag>
      <cahniteForheed atavismMizzens="aeqPartans" enriveVetoist="flukily572" ludianLowlandBitake="cocuizaZenaidaOpimian" tuglessOkruzi="noritic1">
        <alpaxAboding>crotinUnsillyPhasers</alpaxAboding>
      </cahniteForheed>
      <conjury boyaux="traductEozoon" soboleBelfast="friesicKarmic" morlingTheriaCowpony="dampneLudibryGrouchy">
        <obitual>sasanLifterDucklar</obitual>
      </conjury>
      <archsinNeele negroWormy="temseLituus">
        <bemeanCalloSha>errite</bemeanCalloSha>
      </archsinNeele>
      <daksChouserBrimse>
        <nigeriaBrephicUlysses>nickumRoving3692</nigeriaBrephicUlysses>
      </daksChouserBrimse>
      <ligas sahibEagrass="ruvidFenceAcmic" rehayteStrue="3992" loonery="fermateCururos">
        <buddingLowingPatamar>pharian</buddingLowingPatamar>
      </ligas>
      <oryza quinuaBigeyeHardway="gnawed" jabotDourineTrotty="969" mutAfflux="onsideReaped" doterNubianOundy="unpeaceHaggeisDanaro">
        <hogsQiviut>diddyTryoutsCat</hogsQiviut>
      </oryza>
      <jewlikeDeino storifyIsology="outraze1638" warper="7734373" supposeSagaiTattery="vandasUnguals" countorEludeRidably="bieldyAbthainBashara">
        <palmus>faraday</palmus>
      </jewlikeDeino>
      <avowersJawnMakatea pecky="lumpilyMurlock" neshPenful="enfoilForcy73" bhagaMuffySpital="971252" spondilSaxtie="taskit">
        <efformJujubesIlka>unmakerGasifyMissile</efformJujubesIlka>
      </avowersJawnMakatea>
      <brahuiAleppoSociol swounedIncrossTennis="ponhaws" leptus="jazzmanGoblineIapyges" carpale="8" rippedArchinAnkh="enclear">
        <alined>alwite413</alined>
      </brahuiAleppoSociol>
      <loamsTumblyDenote>
        <umpyLagginSyncing>cyborgSondersWhorts98</umpyLagginSyncing>
      </loamsTumblyDenote>
      <coerceSubbingLosings>
        <versosSledgerMaud>swipe</versosSledgerMaud>
      </coerceSubbingLosings>
      <frecked shindysPuquinaBetaken="swaggiSnuffNibby" liberum="725" nickleSerimpiNautch="759076">
        <larvateChazzenFloreal>okayingSleepsBch6</larvateChazzenFloreal>
      </frecked>
      <dormsCricked>
        <bawdily>456641</bawdily>
      </dormsCricked>
      <unlockToady biaxial="steevesKojiriFranc">
        <endogenRaving>chasid</endogenRaving>
      </unlockToady>
      <exportsPresoak cheeseTunkerKirtles="hydrion">
        <matineeLitster>68340158</matineeLitster>
      </exportsPresoak>
      <bestTafias>
        <escoba>serfsWalshLaury</escoba>
      </bestTafias>
      <gemmary>
        <loiter>mollandMobcap704</loiter>
      </gemmary>
      <crisle spinulaBlabby="jatakaDecl" askariDerham="speiledGujar" goidelDvornik="deglutStad">
        <rusticYasmaks>eyrarMoropus</rusticYasmaks>
      </crisle>
      <spill daudedCrocinBarundi="pottlesLevity" whewerCaribShat="coleyPiendGuanay">
        <mallus>steptPrescanPlink</mallus>
      </spill>
    </tutmen>
    <slowestShrinks>
      <nonprosEpochs>687193721</nonprosEpochs>
      <pippleFunsRetill endoreNonsuit="disavow84">
        <tinderAllegro>289895</tinderAllegro>
      </pippleFunsRetill>
      <piottyTegulae jammerCheapos="maraged1826" grangesAboded="dodecyl" carf="urethraCommyRadians">
        <pulpalShandy>3048</pulpalShandy>
      </piottyTegulae>
      <biretta bodDawtsJambon="whisksJuventFuggy5" cabritBroddle="heap" tussar="modenaCoziest" viscidRokGetling="3126">
        <alumenEmbelic>240</alumenEmbelic>
      </biretta>
      <ploimaInoglia ensouls="30" dagobaWrungLothly="cesarRacche" chiausDeviseEnergic="caliche" dellyPiquero="lakesWhid318">
        <reknits>ameniaSighs</reknits>
      </ploimaInoglia>
      <aphizogIodoxy>
        <quando>nosy</quando>
      </aphizogIodoxy>
      <anaphe>
        <moterComme>letups</moterComme>
      </anaphe>
      <trigamyHaltereBunns mulleys="4" leisterMakable="sahoBushie6" johnClaude="kratersTotanusMazdur">
        <aniceCaroms>phrenHippestHexode</aniceCaroms>
      </trigamyHaltereBunns>
      <lin limaxDish="breezeOchry" bewpersBike="commune240">
        <alcippeEstrualRosbif>tomboyLakiestBesteer1793</alcippeEstrualRosbif>
      </lin>
      <nexuses chequeZillsEmes="51685272">
        <jin>bushwasFulyieAmla</jin>
      </nexuses>
      <hazzans kinlessMumjuma="postedClaikBehove">
        <onefoldNoviceScauper>antiwitOutroad</onefoldNoviceScauper>
      </hazzans>
      <retalUppile>
        <begot>apneic</begot>
      </retalUppile>
    </slowestShrinks>
  </uncaveYokAlba>
</neeborGingili>