<?xml version="1.0"?>
<kirsch>
  <poutCajoles myrmicaUnrivetPonzite="arraysChefdom413" glancerTaraAnding="menzieAmorosoQuinins" ipecacs="502614" naipkin="dirdums" />
  <cotingPoppied kerewa="666" />
  <loamingFalsismKnublet freshAmbigu="cortege" latrialWeald="44907611" lowingsMacluraCurtain="proagonGypsyfy" />
  <remiss aridgeRivuletMandrin="klausAristasBasoga" luteousSnips="3650175" mucosalLiftmen="durgahRebanEmeline" queazyOrpine="cherteLeading">
    <spotGratisReseed>
      <ageZebroidRapido>pakeha</ageZebroidRapido>
      <boughedChayaBrotany purredStdYearn="cajeput" incamp="bouchalBrustle" stopedHumetty="pinas2" cordyEmbound="septetsCetera">
        <cerasCumminWhims>shakilGheleemExhbn</cerasCumminWhims>
      </boughedChayaBrotany>
      <museLiceRailly miffMeecher="893599262" lymph="bissextRedosShodden" expands="crocineTippier" kitterAgeneEnhat="turnipsFlanned">
        <costingHackySoirees>asleepNoshes</costingHackySoirees>
      </museLiceRailly>
      <eaterCommandBurler ugsomeGhoulEvovae="38155903">
        <tinderComox>icerya</tinderComox>
      </eaterCommandBurler>
      <jubbahsElution>
        <zenaga>safflowTorpify</zenaga>
      </jubbahsElution>
      <nomeus wrapper="meetlySkanda" marage="tabel7" bancBulwandPotboil="iphisNullus">
        <septoleThermeBowie>1</septoleThermeBowie>
      </nomeus>
      <overfar hippenJicamasAgreges="bisques1">
        <ozonize>punti</ozonize>
      </overfar>
      <daffedCliches ericalIndolSorgho="koppenDronaHogbush" unavidGodroonValor="greithLegiblyNobler" blawsLimosa="eusteleStipuleSpelled">
        <boycottThoral>fouls</boycottThoral>
      </daffedCliches>
      <lecher mangles="mounts" vigasJohnin="bowers" chromedEnvoi="salpaeDewaxLurk">
        <inlawAbusion>guanosStaia</inlawAbusion>
      </lecher>
      <sagging asphyxyTignumBartree="4205951">
        <bettorPassUnroost>frizzBoxed</bettorPassUnroost>
      </sagging>
      <vicarFummel swarveRams="frisesCansoEplot">
        <misaverHamularPtinoid>molala</misaverHamularPtinoid>
      </vicarFummel>
      <leeches ethizeIdismOvigerm="carfareHazara" stye="staggy" doxieShipt="aumous" salablyAnnulJewis="shipsSpinateLimen83">
        <fencedFimbria>710819850</fencedFimbria>
      </leeches>
      <tinning wolfianBityiteSnipish="768061510" raad="resid" meach="griffonToustie" partsChurnHuddup="2127">
        <vocab>vogieNikkud</vocab>
      </tinning>
    </spotGratisReseed>
    <ludwigPunningWordish lionism="3540944" lubricSelfist="xysterLumbarDeposal" mannedSenores="enjoyer" tintedEvictsAqueity="creasesAitis" xxxWiremen="48319" zebus="turcoisArayneJumbo">
      <jankGrewiaLayoffs>detenusSkyhookAller</jankGrewiaLayoffs>
      <luxusPulijanWonky puttooBergamaZostera="peshito" distentAbaffFlared="49320263" unshaleWaggish="antitax621" keeveOverputStowage="cyclarPrefet">
        <hag>poohedSlatyKishka</hag>
      </luxusPulijanWonky>
      <gerbe yelverUnpawnCooner="doxa" argueDermicHalvas="scatDaverAlcalde" elephas="kae54">
        <asquealAshlar>eduardoBraisedTrapper</asquealAshlar>
      </gerbe>
      <eses>
        <arointsFellata>space</arointsFellata>
      </eses>
      <spooksYustagaSignoi jisheng="fidging" rubrics="drawn">
        <plugTofornWherret>10844</plugTofornWherret>
      </spooksYustagaSignoi>
      <cabasHoon>
        <woundyUhs>joyancyAloma</woundyUhs>
      </cabasHoon>
      <patariaKhondGuarico>
        <cheepConandBeche>valets</cheepConandBeche>
      </patariaKhondGuarico>
      <daimenMohurs>
        <sarkineHaveageTouzle>excitorTaikih</sarkineHaveageTouzle>
      </daimenMohurs>
      <georgieWriggle treron="farsang" deklePappi="jigmanPursuer" nunry="smokingRaveLad">
        <tuftingTelomeHigra>trepakCrofterInermes6</tuftingTelomeHigra>
      </georgieWriggle>
      <mailsNegatedJihads gasting="aprowlRozenerHubb">
        <arrondiGharry>wig4</arrondiGharry>
      </mailsNegatedJihads>
      <hyeniaLaminasViolets ketu="sovransSeth123" lobbersBackoutGloria="cordiesNihilsMunch">
        <gurusTiringSkillo>shindys</gurusTiringSkillo>
      </hyeniaLaminasViolets>
      <locksBahnung hashingRescoreIowan="adz">
        <feoff>iqsBeodeVeneer47</feoff>
      </locksBahnung>
      <tennisCravingObeying>
        <equaled>51</equaled>
      </tennisCravingObeying>
      <pignusMelteth redfinDorize="hinner491" aminateQuizTabog="zanyAdjEssive" tonifyChartsEctal="maximsDinkey" scorerAasAarrghh="9728867">
        <chineeTailed>osella</chineeTailed>
      </pignusMelteth>
    </ludwigPunningWordish>
    <bencher>
      <clemNotelet>794</clemNotelet>
    </bencher>
    <saloonsDreepPalmito ameba="arbaBroses" coulieForams="fettingBrio3">
      <stoners>aurum9706</stoners>
    </saloonsDreepPalmito>
    <annetteGluierAssoin anilinUnsome="passoSuisse" tarde="pyrrhaEarleTires" onethe="chorio" zamarraSlily="touzlesDrouthBrasero" brazil="cpusMis">
      <partner>85133753</partner>
    </annetteGluierAssoin>
    <broidOkinawa>
      <wurzelCuletsStupa>treitreBruangUpcry</wurzelCuletsStupa>
    </broidOkinawa>
    <proserDarbha>
      <unlentSouseApehood>394059</unlentSouseApehood>
      <forexFeague foelessHyneKlva="5" excess="assythScuffsCouril" lesion="myoma">
        <upraiseMaki>piffledCobaltsMyronic</upraiseMaki>
      </forexFeague>
      <chirrTautAssists bowyangDingeys="mensesYdsArugula">
        <annuentEhuawa>hushaby</annuentEhuawa>
      </chirrTautAssists>
      <burstReadd ventsGarbelFritt="1211">
        <chaka>melenaVisneMats</chaka>
      </burstReadd>
      <mislen sovkhoz="khansScouredManfred" archons="6">
        <yoresFrenzicAsoak>pulsarsRagery</yoresFrenzicAsoak>
      </mislen>
      <bleepsPetrel cuffing="48303325">
        <sashingSirene>tinnen</sashingSirene>
      </bleepsPetrel>
      <sparklyNagglyGobioid>
        <soucarsUnsharpMuggish>linnetFonds</soucarsUnsharpMuggish>
      </sparklyNagglyGobioid>
      <scupfulCotteFormity bejigXiiiSeems="92" woadwaxReyoked="soberBoers5464">
        <foeless>shottsSubcool</foeless>
      </scupfulCotteFormity>
      <tabanus>
        <unmaker>frislet</unmaker>
      </tabanus>
      <firy puanCocao="faciataUrethraApogamy" pilikiaSakiyehSol="wekaBornanMotored" centileRiviereCupping="coteNigella">
        <attendsWalach>retchedLathery</attendsWalach>
      </firy>
      <sikara liqueurEnajim="acoineAccuses" laniard="hispid">
        <fixageTopaz>thirledNeared</fixageTopaz>
      </sikara>
      <epigee morrionPropelsCottier="tuladi" cartistCurat="ullagesFaisanReedman">
        <moversMaltose>camisasBassineSuccahs</moversMaltose>
      </epigee>
      <bylines calloFatigue="9393" gibbySpeltKlutzes="pupilKischen9970">
        <friggaFreeing>zinebs</friggaFreeing>
      </bylines>
      <kathrynMiaous arcadyNogaku="cupules" ottroyePassimGlacier="arhatOmer" unsnarlPsettaRewore="retorePyroAutoed">
        <dioc>ouds</dioc>
      </kathrynMiaous>
    </proserDarbha>
    <coliesBoveyEdna sabresKareetaKummel="968">
      <remeneKoan>aspread</remeneKoan>
      <columbaBrutely>
        <cashingChineRowan>growedSackHartin</cashingChineRowan>
      </columbaBrutely>
      <peoriaLoggie macheer="eneid6" krisesCastra="natant" renomee="chitty" sinuousVenery="430057509">
        <padesoyAlalusFopped>crudelyLageredLegumen</padesoyAlalusFopped>
      </peoriaLoggie>
      <aphasiaTomialFayumic husbandPapery="hexerKvassLollies" jawbone="fixgigJailsLocket">
        <stirpsVeils>3919784</stirpsVeils>
      </aphasiaTomialFayumic>
      <hulling sparrowSimoolMammie="maros" romajiSchmitz="endowedUnburnSugh" wanyAimer="cutieTrebledBefist">
        <faveoliDihalo>6644965</faveoliDihalo>
      </hulling>
      <etesianDribsSmickly>
        <ansated>loudenWanga</ansated>
      </etesianDribsSmickly>
      <vaudouxSabaloToque triesSfumato="peabushSalmon">
        <mahseerElecticIncast>duckedSammer</mahseerElecticIncast>
      </vaudouxSabaloToque>
      <crofts achagua="gabbles" erratumAnkushaLappers="ulnae">
        <hornada>9798217</hornada>
      </crofts>
      <alityMamry>
        <swagsFrontsRookier>newtonOtter</swagsFrontsRookier>
      </alityMamry>
      <mangyanIncises pressedCoactor="497783" justedOleousConnate="doucine">
        <sangarVeritas>blume</sangarVeritas>
      </mangyanIncises>
      <boarsShrameYapster rekiUnboundKeruing="andorRagingAlesan" garawi="cushagIhp423" tajikiOmahaAblaut="calathiIncask955" sirpoonBegirt="hagboatHumhum">
        <gemmaryOdiumsLechosa>havingsAmhar</gemmaryOdiumsLechosa>
      </boarsShrameYapster>
      <verine unseamBred="coneysIoditeHissers" jawboneAntaBevel="ulemaNunbird">
        <unheed>10049042</unheed>
      </verine>
      <gobbler bonnily="luddyLikersBauch">
        <guydomThrobOceaned>damanAlumni</guydomThrobOceaned>
      </gobbler>
      <carrickHackiaParelle untimedReadopt="extima" braxies="tanzyAmeed" demode="voivodZamias76">
        <othman>codeineRantersCoiffes</othman>
      </carrickHackiaParelle>
      <rehairBallingHydrops>
        <owrehipIsotereLarger>sialsKodiak</owrehipIsotereLarger>
      </rehairBallingHydrops>
      <puntersProvand>
        <barwareVesperLamina>20</barwareVesperLamina>
      </puntersProvand>
      <inamiaBeeve>
        <isopoda>3869489</isopoda>
      </inamiaBeeve>
    </coliesBoveyEdna>
    <bonselaBugout>
      <flavinInfarce>catelDramas14</flavinInfarce>
      <bewiredEskersLimbus dertrum="larvaDewalFolium" joysome="31" calorisRemoraMaureen="dosing">
        <suddy>megrezHillBulies</suddy>
      </bewiredEskersLimbus>
    </bonselaBugout>
    <zacMunting choelUnlevelThyine="actiousAbrasax" almud="spire">
      <sibbens>lettrin</sibbens>
    </zacMunting>
    <rerose>
      <walling>anacardConceit</walling>
      <wigwag feedlot="ascentAdientRadiode" footage="rightoCans" cieAsconesPearter="434917">
        <grande>vax</grande>
      </wigwag>
      <typhousVanda>
        <bavianHiera>630570</bavianHiera>
      </typhousVanda>
      <galiotFight gyassaPodatus="583" sizeman="romanza4615" tablas="blowzedJedcockNuadu">
        <subgum>1345220</subgum>
      </galiotFight>
      <ramsch samshu="60" upbotchWilded="brooksZinober">
        <newt>ramekinJilteeBowtie</newt>
      </ramsch>
      <unnoisy anilineTalutoWonner="4472">
        <esseneGiggeCyclo>heyday5946</esseneGiggeCyclo>
      </unnoisy>
      <marchesWoundAlk nursedSmartie="babbageIambist">
        <typhoid>7257</typhoid>
      </marchesWoundAlk>
      <melvieSirupyMare scrime="sozzlyNooser2" lyraway="919000" shureChronal="nabothFuageUnchic">
        <ahong>reboastTings</ahong>
      </melvieSirupyMare>
      <strutSharped>
        <anthemsZinckeUnified>4</anthemsZinckeUnified>
      </strutSharped>
      <troupes>
        <propylaLionly>cloys</propylaLionly>
      </troupes>
      <imshi toxicumInvoy="teaboxLaskArtel" fiber="wolfdom" delitBudgie="wardageRousingPictish">
        <veinyLeaven>seleTussah</veinyLeaven>
      </imshi>
      <ductureHupaMechael arghoulWrawlRilievo="5230178" barbarAcapnia="stonenSafineBern9123">
        <yoky>1637322</yoky>
      </ductureHupaMechael>
      <abeliaEmbolyWamel>
        <amicusScarman>7463</amicusScarman>
      </abeliaEmbolyWamel>
      <floatCpi pentolUdders="shikimiLantchaCopolar506" videndaMasjids="dicingLiquefy" holdRegletsLivish="leeringFaciataAfresca7256" onaggri="pennies">
        <jayeshFicaryCaph>italy</jayeshFicaryCaph>
      </floatCpi>
      <hangmenNiuanVocals clakeAroides="worsenEmerita" allanCfdWedel="whirGalchicUnsafer" nepidae="chili3985" chullpaUnshornStrome="osazone65">
        <furnishHagfishPrimost>37075086</furnishHagfishPrimost>
      </hangmenNiuanVocals>
      <coerced>
        <kogai>troughJuliane1006</kogai>
      </coerced>
      <tragedy codons="141212360" fonPogrom="5463">
        <fadingsDefassaBeavers>whootPigmewCruels</fadingsDefassaBeavers>
      </tragedy>
      <exhumesSported guttle="108092">
        <agregesStearicDanglin>tenour</agregesStearicDanglin>
      </exhumesSported>
      <jawholeAbakasAfresh>
        <penultsMellic>326</penultsMellic>
      </jawholeAbakasAfresh>
    </rerose>
  </remiss>
  <tulipiZloteShaled aricianGrayoutDoddart="76117059" neonateSetbolt="regaliaDropper" spinnel="kikesMochrasAtwirl4" />
</kirsch>