<?xml version="1.0"?>
<tecaliSymbiot>
  <cantishHydrops />
  <kalmias clocheGebbieBackie="compar" pasulTurnelDaubery="cuartoBoches" deridedUngated="deadpayRumples">
    <mammy novcicMimers="otusBosonsAncre" evincedChirrs="milieuGovt">
      <eristicNunry>rcvrClimesCoact2718</eristicNunry>
    </mammy>
    <topassOnicolo rapheEngem="henterKartos" naceFrase="37" aussieSpyism="27105" coggersFoggedHyenoid="desireDuctedFrypan">
      <boxroom>comberHausaScowed</boxroom>
    </topassOnicolo>
    <stamperInblownGritted>
      <samarraVatesOaths>deer</samarraVatesOaths>
    </stamperInblownGritted>
    <astate>
      <anlasKepiPauxi>leadoffPhilic</anlasKepiPauxi>
    </astate>
    <outwash stibiumCollets="41242" ketFotch="besagueArcadicPiddler7748" thrallsYaupAwoke="gainRacy" rifely="biurateAssedatHathor" becalmsItchToged="berk" fissle="steel">
      <equitesSkiers>scullogTandavaLivor</equitesSkiers>
    </outwash>
    <enfortFriz spacersGrowanPuquina="bascule" tribBusserWasat="38588600" lotasBovistaMontauk="cressesAfoot" hookaClottyMispart="bimong" teatmanTilled="2810323" trioletRenovelMani="2803">
      <drierPareBoyaus>shogSuras</drierPareBoyaus>
      <getspaCracks emirsBeseems="cineole">
        <aetianGiarreUang>lantakaColones</aetianGiarreUang>
      </getspaCracks>
      <scaeanDefluxEluvium wickedMolify="granzaEarnestPholas">
        <stichs>acraze</stichs>
      </scaeanDefluxEluvium>
      <choppy vetus="57">
        <harfang>pikiVatter</harfang>
      </choppy>
      <scintle>
        <ferth>7</ferth>
      </scintle>
      <dossalTamarao>
        <fervourBedownKrigia>bajardo</fervourBedownKrigia>
      </dossalTamarao>
      <gunyang ulemas="screakBozine" papboatMockFisk="568024119" hyenicFneseHowel="guttula" tomjohnRelique="30">
        <bungey>plodsBelliedNibbing</bungey>
      </gunyang>
      <nodoseEmbosksBundook>
        <dixitIcyTine>castlesVomit</dixitIcyTine>
      </nodoseEmbosksBundook>
      <acylaseAngeletVaults usager="klopsPetziteResilia" spoutsManacleDiddle="mugg" silosGreatsFaenas="6953">
        <idiasmClift>gatling</idiasmClift>
      </acylaseAngeletVaults>
      <taigleTzaddik plenumsBayalHygrine="emanate" quiapoDero="flangesXatPendn">
        <beaufet>joubertLoser</beaufet>
      </taigleTzaddik>
      <assisanDimetryYugas kwapa="56537">
        <mooseSplotchComoid>8847019</mooseSplotchComoid>
      </assisanDimetryYugas>
      <atresyUnhentAclys jearChaksi="826" strivy="redateEchardsJarret36">
        <bianchiJuniataMuckna>smoothy</bianchiJuniataMuckna>
      </atresyUnhentAclys>
      <adienceCappieRobinin lophuraAlaunt="typyCohered">
        <deturb>38906754</deturb>
      </adienceCappieRobinin>
    </enfortFriz>
    <jumbalBenumb sakeenFeazed="sitters366" lydditeCowrie="patinesFluffsHakims" risesServals="6758110" pargetsJauksHelix="eikones203">
      <taupePacked>254967</taupePacked>
      <conidiaTorcel embassy="39716711" alphas="polonia" unmeantSds="navvy">
        <ambas>sawers98</ambas>
      </conidiaTorcel>
      <aletris winrace="472" ducker="ganevsWinning191" preomitHolloesUphelm="signoraNewsfulPressed">
        <vamoose>logoffSetiger</vamoose>
      </aletris>
      <rowHarris cura="untacksAerobic" venta="jobsonBifolia313" tranka="epigeeAmorinoAvulse">
        <opticonArcher>furiedGingalRacket88</opticonArcher>
      </rowHarris>
      <metricsWering restab="almoinSkinny" unfatedVejozBioxide="auctorOutbuzzHexylic" honours="shortzyPatios" mulattaCasziel="skycaps">
        <galahs>cruentFlobbyShally</galahs>
      </metricsWering>
      <lushedGonadal jarabe="cavallyYay">
        <lenadRatteryRunnion>randBxsDobbie32</lenadRatteryRunnion>
      </lushedGonadal>
      <hoggeryPlanarBulkier suyogHydroaOkroog="taceTenured">
        <paleman>crose</paleman>
      </hoggeryPlanarBulkier>
      <mannKette sloughyColloq="primingBenzylScopone8957" mungosImpowerEvirate="teamsErma7">
        <gadgerSumphy>shinierBarringShooks</gadgerSumphy>
      </mannKette>
      <throuCoxedAvilion morgaSongBounds="retainsHash" gnawers="materSpyScute">
        <lobelia>pinholdPiestVigias</lobelia>
      </throuCoxedAvilion>
      <parrsSquishMyel>
        <zilchUpbreedFirm>highEnjelly</zilchUpbreedFirm>
      </parrsSquishMyel>
      <mutuateSuckedUnbulky dauntTriazoAerate="866576454" elechiMissiveArias="deny" readerDeus="gruelUnlame">
        <catydidQuica>53058</catydidQuica>
      </mutuateSuckedUnbulky>
      <prontoCoquet spheredBobooti="dottierMakhzen5866" pabaLaxist="adenoid" jatiRuggownCurtest="callerHah" rashestBalms="derbyCedars">
        <pionicFurzedAllbone>cactusJerican</pionicFurzedAllbone>
      </prontoCoquet>
      <broodySlags binesStifle="lactidSanctumFrazed" clouter="540001707">
        <batty>555211</batty>
      </broodySlags>
    </jumbalBenumb>
  </kalmias>
  <fingalBag flowage="amirayArtisan" cymenesDinnersAcanth="traced" />
  <housal cargoes="40109" howlet="voilierAginnerPanman" retreatAnatomy="samlet" />
  <crosby>
    <durums>
      <dewret>vomitosHamboneAmmos</dewret>
    </durums>
    <dithionCleck>
      <milters>gourCamelusSerring</milters>
    </dithionCleck>
    <songo>
      <waister>ripedSkulkedCreply</waister>
    </songo>
    <coninsFlightyBefist>
      <almuryBumelia>8386</almuryBumelia>
      <daces sapours="wallowsSwackenGamash" cheditePaps="carpelRedodid">
        <leuSlagger>whitiesPreoral</leuSlagger>
      </daces>
    </coninsFlightyBefist>
    <puriRuinous pupunhaTrachleGanch="songletInuringWawa" stoperConflow="bensailRimrock" vedanga="rescuesTapuyoPoister">
      <plaiter>3</plaiter>
      <matrassCalade>
        <debyes>lichisHoarier</debyes>
      </matrassCalade>
      <eyeholeGnastFrappe setaridEllenToolers="shoaderCampody" besullyManqueeMensae="credalEtua">
        <serab>seduce</serab>
      </eyeholeGnastFrappe>
      <gibby>
        <wanganDeflateTuber>pickoutRetsSobers</wanganDeflateTuber>
      </gibby>
      <probablAbsvolt holwGaminsTrica="201286529" sjomilaHeftsScrota="finks" piaroanMenageSigher="feodumBrython417">
        <dewlaps>chytroi</dewlaps>
      </probablAbsvolt>
      <chopperChimbe triodesZinebs="mothers" hagadicKaik="2234580" beglueGroovyNaively="seriousSiddhaSpawny" depthLitmusFreaks="4254">
        <cesura>anilla9275</cesura>
      </chopperChimbe>
      <rattle>
        <spekt>beleperPellianSirian26</spekt>
      </rattle>
      <ravinsTheol delateKaimanNunhood="burinBruciaBosons" spiegelClypealBiome="606618952" sialEnrolCaburn="hypha" arseCogMommer="tizziesToxineAtlases">
        <decarchEstocs>becommaTaisho</decarchEstocs>
      </ravinsTheol>
    </puriRuinous>
    <massingPenmen cruised="volupteFolateWaveson" ecotypeUnwon="outpity" terrene="fungia" gookTermerMantes="aramaicEulalia" fris="clicker">
      <lipomas>culliedVersantChibcha</lipomas>
    </massingPenmen>
    <aboughtDori>
      <avensesAwningLions>5</avensesAwningLions>
      <vobisVise zoccoBespinCasaun="swartlyWersh" remaps="value" hopbushEgaliteMyops="levCreticsUnpower" bowtel="famousKinkled">
        <childre>storyIseult</childre>
      </vobisVise>
      <etaminsTreader wastablHerosFavn="fidded" halal="80">
        <bohoraTentersUnstack>6</bohoraTentersUnstack>
      </etaminsTreader>
      <pulvLinleyLibbers cressyCowskinPubal="bearderDanism" karoo="doggieReptDeboss" polder="dozers" rerowSprose="1791">
        <mutageOlivean>sutaioAsaprolTandy</mutageOlivean>
      </pulvLinleyLibbers>
      <loxesArriver turquetCackles="lintersSilicas" operaeEscaped="ergoAmidst463" uphaleTuxedosAchkan="vinum">
        <connWhizzle>6</connWhizzle>
      </loxesArriver>
      <bemocksHushel violinaUntire="cleachBeltisSippets6" oxberrySmuse="9825053">
        <regradeVitrailNonius>udasiWasho</regradeVitrailNonius>
      </bemocksHushel>
      <coolieAmoeban>
        <lobolosCupmateFermata>vacuousRavage</lobolosCupmateFermata>
      </coolieAmoeban>
      <peguanBedelsStob mormaor="9191326" rattlyLooms="juralSusumu" izzard="munt" ablingsBidsJareed="spencieGall">
        <moireBudumaSamekh>snickBklrChaga</moireBudumaSamekh>
      </peguanBedelsStob>
      <pardie>
        <cesurasAvant>oralism</cesurasAvant>
      </pardie>
      <ronquil outingsMalade="pontac" coctile="enfever">
        <unstyCete>pronityLuser</unstyCete>
      </ronquil>
      <insea cauloteTrues="aforePrincox" arabs="tunisPli" falloutCriollaAnorexy="addersSapit">
        <urate>bedunce</urate>
      </insea>
      <guaruanFunderIliacus tite="tingid1609" coignBroggerDoo="cobironTuracouAbatis">
        <guilesKiddersYukata>8826247</guilesKiddersYukata>
      </guaruanFunderIliacus>
      <sepiostHantingSvgs>
        <gorstMoup>chupakBogydom</gorstMoup>
      </sepiostHantingSvgs>
      <monk>
        <quilletBarfOblatio>bougarNitros46</quilletBarfOblatio>
      </monk>
      <breastsNotedMangery coffinCreasolJaunt="pinus" bebopAnorthAirbags="distortPetemanReposer" stereoAbdat="39410563" rondle="openestMomusesCalends">
        <acumble>gurshes</acumble>
      </breastsNotedMangery>
      <broilerAvantGambade depside="7788" sakkos="91498729" golpMakateaDraba="jollifyBare3" kremsPuberal="neistHabnab">
        <shivsKerfed>maartenFanworkYite620</shivsKerfed>
      </broilerAvantGambade>
      <humdrum escolarOrvieto="actinalPottagy570">
        <revigorShawsTurdine>screamsSough42</revigorShawsTurdine>
      </humdrum>
    </aboughtDori>
    <dhobyIchebu nessus="unbeing">
      <ephoricSusianPeckish>mutuelCrwthVisarga9459</ephoricSusianPeckish>
      <humblyWhalerMerlons umiacCobnut="chalahAnxiousWheaten31">
        <torret>pitangaCheviesPollard</torret>
      </humblyWhalerMerlons>
      <maitre aplenty="eviting" heddlerAffrapForthon="33" galuthOutswimRudy="759520762">
        <mispledTornus>compost</mispledTornus>
      </maitre>
      <ancillaUnveil>
        <peavyAcroterUniter>yaxcheMoras</peavyAcroterUniter>
      </ancillaUnveil>
      <accourtBirchenRoo bohorFelloes="896601" entombVetaPlagium="leasNonfactFicoes">
        <adieuBedumb>archaic</adieuBedumb>
      </accourtBirchenRoo>
      <unprayMograbi>
        <tristAlgarotChopped>answers</tristAlgarotChopped>
      </unprayMograbi>
      <skelpinToughraEgba letups="remainsPotail">
        <mulvelSphex>gusFeroniaLoppy</mulvelSphex>
      </skelpinToughraEgba>
      <smartie unrollUnrip="vacoaLimbie7377">
        <reignsYantrasUnspot>witheAdrenalRatafia</reignsYantrasUnspot>
      </smartie>
      <acheron pandionBandgapBeats="11784" apoikiaYentesThyrse="887789852">
        <cered>pigdom</cered>
      </acheron>
      <favissaMaslin malkin="villoteCurrier15" basalTubersRigs="oaring">
        <belightSuppleLithy>aristosSaranTwoes</belightSuppleLithy>
      </favissaMaslin>
      <haughtScrogFlouncy khassAttaskSettle="3957721" mandalaCrashed="531" anywhy="horouta9" adamineTrilisa="gaupusEcderonArbtrn">
        <quitStanner>agreing</quitStanner>
      </haughtScrogFlouncy>
      <anatineSnowsSheer plumplyGaga="416439">
        <quininsPagers>lobularSourly3556</quininsPagers>
      </anatineSnowsSheer>
      <tidbitsFoleye suavelySadr="5644" unrowdy="proggedRisks">
        <injurerBaboons>wambledWaylayTacana</injurerBaboons>
      </tidbitsFoleye>
      <cerasus phanar="lemmas" qasidas="hypnoid" meshStalkerRaughty="97">
        <acarianStylersGunsman>coralHieingPavlov</acarianStylersGunsman>
      </cerasus>
      <reform hipshotSalableGeonic="cooedTucana">
        <layboyNek>rayonColugos3</layboyNek>
      </reform>
      <clunistCrotchTowsy>
        <optimalNuggetyRubin>evolateCsect269</optimalNuggetyRubin>
      </clunistCrotchTowsy>
      <decodesTownedLigula balloteAudibly="2242920" roading="9779">
        <dortBeninBerobed>peroxidFadge</dortBeninBerobed>
      </decodesTownedLigula>
      <creaked knospSpleetRamose="gumdropRepolonTruffes5520" fixion="advisee" uncocks="active3" chouseQuetheMibs="rotosPannum">
        <craving>kimbangTalcs</craving>
      </creaked>
    </dhobyIchebu>
    <formee>
      <muxUncause>trixyAuletic</muxUncause>
      <daimyos pictishAnteact="razees" pinusAbasioMikados="3">
        <summedSkersBeldame>lipping</summedSkersBeldame>
      </daimyos>
      <himawanSabutanGonophs undy="epitaph">
        <calqueFaxesHonily>jacking</calqueFaxesHonily>
      </himawanSabutanGonophs>
      <notselfBabudomFoeship pleionChiefryVulcano="slutch" yay="bausond794" thats="powderMgtTheo" selago="repavesSpasmsFogrum800">
        <papioCheerioPairial>hooray</papioCheerioPairial>
      </notselfBabudomFoeship>
      <sinismCatalpaGorce solving="skeanDiosminCipango" kapelleHopis="apodalBoutreSquushy13" hill="fishMooth" bisulcAdzeDoris="kokobehYorkistPaunchy">
        <dyadsToryismEggroll>acaudalBailee</dyadsToryismEggroll>
      </sinismCatalpaGorce>
      <evovae>
        <befopOffhand>blout</befopOffhand>
      </evovae>
      <caunusXerusesHamular suranal="178585">
        <shucks>lure</shucks>
      </caunusXerusesHamular>
      <snowilyRucked oogleaMushed="bastedRishiFolder" keaweWearsWaster="tarauUnstorePteroma" ameUnholy="tasbihSprawls">
        <compearGordian>741589199</compearGordian>
      </snowilyRucked>
      <galoshe glasgowIncase="7833280" eightsInctri="denotes" richensStandeePilcrow="trpsetBrucine">
        <tchuDyad>cupelsBushwahDenmark</tchuDyad>
      </galoshe>
      <coffingIsozyme tesuqueSluggerBitched="oakmossLodensBobeche">
        <rammyBubaleCowpoke>entifyDumousZoocarp95</rammyBubaleCowpoke>
      </coffingIsozyme>
      <caldron hicksDiuron="talcky" gilTuskarPigmies="dancedSpisulaFletton" empiryHaen="idiots" cermets="carlina">
        <maestraGalileeNavy>3892</maestraGalileeNavy>
      </caldron>
      <stogyPutlogsWashway forhooZinganiCommis="choush" vacuateIambics="tailersDaisWamefou1610" kleigCurdle="126">
        <tobaBlend>3331283</tobaBlend>
      </stogyPutlogsWashway>
    </formee>
    <nefasPuffer>
      <blotterClosureWith>174</blotterClosureWith>
      <creteSiryan oxblood="verbene">
        <oxysomeBroggerHarken>porto</oxysomeBroggerHarken>
      </creteSiryan>
      <impliesAnalogBardes sinnenFloat="bedareSmutterFaunal" hhdCollatNocks="15">
        <teleostPecifyVivat>berseemPots</teleostPecifyVivat>
      </impliesAnalogBardes>
      <thatch makadoo="7664210" impuneYaudsBarmote="koloAurific" farandLeewill="shimal">
        <quinaHarpin>nabberEnwinds6141</quinaHarpin>
      </thatch>
      <rasCannele hitchesBoosWincer="inbreadEgency" yowlerWherve="gloms6820" diswere="sulfineChalina">
        <tweedleSeptanePpi>unsnap</tweedleSeptanePpi>
      </rasCannele>
      <plenumResting ecocide="murexDuarchy" miro="physid">
        <spurrerScopedPasmo>95323506</spurrerScopedPasmo>
      </plenumResting>
      <onliestWhinger>
        <sacchaBouchee>unowedQuaters</sacchaBouchee>
      </onliestWhinger>
      <enticeShrankPepsine euniceMuckily="forkedCroukeSiper83" hardiesSeepy="anepia" oxskinGodwit="gramasSalishGlutei">
        <maries>kenyansBeaZebulun</maries>
      </enticeShrankPepsine>
      <enflame>
        <videturEnnuiedPsst>14</videturEnnuiedPsst>
      </enflame>
      <birlHurlbatChianti fibresBetellImbalms="keftiDorismFilcher">
        <dualRehoist>776449811</dualRehoist>
      </birlHurlbatChianti>
      <depassAgropeKago sessNymphicAgeable="resiantCared" awingIrishGaunter="basidiaVentersYouse" coveShohetTophus="meeksSquash" paroledThairmTovah="wappSmarterPingos">
        <vulvas>tabellaBaldwinMullid</vulvas>
      </depassAgropeKago>
      <numacLekkerMoile withnimReakPawkier="tensorUvulars534" tilyer="salverBillons" stactesPandiesArtize="alphyl" taxablyReefy="784841">
        <knucksWeakenMuffed>frousy</knucksWeakenMuffed>
      </numacLekkerMoile>
      <causeys baguio="chickeeBehaverScarcer">
        <fucoidAdownYarura>batheTympanoChasm</fucoidAdownYarura>
      </causeys>
    </nefasPuffer>
    <tier>
      <seseliWarnageCashaws>harebur41</seseliWarnageCashaws>
    </tier>
    <cardol scoponeArrondi="inturns" proposeSpoke="spinet" jokist="forfeitSeeingDatapac" vaguer="refutal7356" ohoySalinas="8817376" strue="wame" taipi="neurolConacreQuieti">
      <firemenRonniGuan>940</firemenRonniGuan>
    </cardol>
    <hoeshinIngrainLuther>
      <cokeyFaraon>rojak</cokeyFaraon>
    </hoeshinIngrainLuther>
    <dejeuneExiles sightlyInheredWaxers="tendour" airliftLanker="corsosShinneyOrmolu" lifterCaciVoids="snodEmbeam" trucial="fushtIps" syddirRemora="blamsFoumartSure" auxins="cytoma">
      <savoury>udicUphoard</savoury>
    </dejeuneExiles>
    <pintaCorsetHexsub ferularPodargeArdebs="corpore" demeAstartArdor="emboli" pueblosLasses="bunning">
      <raphaelQuandyOord>chandamTergumShicer</raphaelQuandyOord>
    </pintaCorsetHexsub>
    <jiggishHaftsMitu>
      <turnipy>domusAbit</turnipy>
      <balsams>
        <dozentJazzingZabra>vergeryIndaneJynx10</dozentJazzingZabra>
      </balsams>
      <tittupyCorsletRottolo unnameMizzler="glowflyHonours" vivasPaluli="outrungGarveyEprise" lousingAffront="toxemiaLinty">
        <oustedLochLawsone>15436752</oustedLochLawsone>
      </tittupyCorsletRottolo>
      <forletFusilsBowler tyto="abadiaPaplikeMadnep" isologsAxifera="reviseeBirken" lamberStride="sliverNobisBubale">
        <oswegoWoomerWahlund>sickler</oswegoWoomerWahlund>
      </forletFusilsBowler>
      <mairs guzzles="3754">
        <formolsSurgery>frazing</formolsSurgery>
      </mairs>
      <lithiSurvive melpellAmvis="betel" markman="tapmostMorning">
        <jolliesToupeeDiorism>crang38</jolliesToupeeDiorism>
      </lithiSurvive>
      <clomben queridoEnactFencing="whitierEducandBusk">
        <exudeValvingAddita>33895571</exudeValvingAddita>
      </clomben>
      <hysonFissate piaffed="pledgeeHacky" danaideCalusaUnfaint="mahonia" lehi="81701" tilikumPredineAcop="ahwalAfd">
        <flyCymasChummy>whimsicBalian</flyCymasChummy>
      </hysonFissate>
      <dago>
        <vaidicLangue>ajogImbibedBanate</vaidicLangue>
      </dago>
      <adiel sipes="grecismArcherFeral" moy="aquaria" gailyDidicoy="zoons570" kebyar="engrossSafener">
        <koyan>313764174</koyan>
      </adiel>
      <reoilTuxedoUmland endoral="xylene" phenyCycloseSeizor="adviceHonker" nunlikeElwoodBudwood="iritic7937" pockStretteTeiid="beiceShotty">
        <peele>knubAnywhy</peele>
      </reoilTuxedoUmland>
      <ahemsRebels earthenOlycook="6" nidedEloineSlogan="36479593" wranSkiwiesSkiing="soleusIsopor" acedCoursedLaccase="singfoQuoter">
        <irrupts>shipponValure</irrupts>
      </ahemsRebels>
      <gats flukier="erk" marlenaCurvousMampus="rhumbasUnnoblyDealate" pinningAdmixesHyloid="unumUnallow">
        <dimoutPlur>sleeYatter3027</dimoutPlur>
      </gats>
      <badan scypphiRecent="tropoylFossuleTel" valuerHore="stooden75">
        <griotsVolutes>558488840</griotsVolutes>
      </badan>
      <shoosJuntaRaising loutishAnergy="79887186" feelersChupon="resuit9766">
        <verusRooses>linoPerukerBarker</verusRooses>
      </shoosJuntaRaising>
    </jiggishHaftsMitu>
    <stymyOrlop>
      <slacksDredge>802809975</slacksDredge>
    </stymyOrlop>
    <peeryAlc skirrsEnclear="brasqueBranchiAloesol" curacyOtarine="jejunalWhiffedTappet" clerklyCeesUnheard="fadedDustups5" dicyclyJinkersGowns="destineVijaoReined" oboletTraceyErosive="475918045" formateAlgoidOutpomp="74782">
      <smurksKalpis>8801444</smurksKalpis>
    </peeryAlc>
    <deadlyInbond>
      <bucculaCosteenChocho>unreeve5</bucculaCosteenChocho>
      <upbindsKhamsin coadmitImberbeAlismal="53307" dialyseHared="deb" winkletCreekyLanny="kittyKaywardSnivels" sadite="bulk301">
        <bois>elsa</bois>
      </upbindsKhamsin>
      <lobeletPataRayons humulonAtopite="boopis" gnawingRamadanCrudes="avariceCrasser">
        <khatinIron>vertClarkia</khatinIron>
      </lobeletPataRayons>
      <femalesVilerObolos>
        <forceneSkilloUnspoke>tomelet</forceneSkilloUnspoke>
      </femalesVilerObolos>
      <laevoCarty mastixNorelin="oviniaAntrums" bibberyAnomala="79603121">
        <tutlerLelia>outcantHulloasOarfish66</tutlerLelia>
      </laevoCarty>
      <restersHelling wrybill="acoupaSmittle">
        <mayvinsClubby>sacringBeelineEphahs</mayvinsClubby>
      </restersHelling>
      <millardSeggrom uplaneEpisomePlafond="aerosolScungeMangels" newsboy="15110532">
        <serifGibbolBroader>gormanPalmoGeminis</serifGibbolBroader>
      </millardSeggrom>
      <swape wooster="656" gingleJoug="245" biforin="cruck3132" fagott="35822">
        <unplaceRoleo>rouper1298</unplaceRoleo>
      </swape>
      <gastrinRipplet odumJibers="trowman" eaved="71490" smashes="bumbleSpoolerSowle5728">
        <demyLibyaIchors>5</demyLibyaIchors>
      </gastrinRipplet>
      <pappainGloriaSjambok celadonZekAccoast="cranianAcronal199" restyleChoop="inhaledHoker249">
        <duefulPreset>tonger4</duefulPreset>
      </pappainGloriaSjambok>
    </deadlyInbond>
    <thosExodermCroaker>
      <cacklesHemmel>4621648</cacklesHemmel>
    </thosExodermCroaker>
    <silksMincopi>
      <fauve>49577118</fauve>
      <troland>
        <hominemTautogs>whitney</hominemTautogs>
      </troland>
      <trifoly gubbinBetwineBulgari="peckSoapily">
        <aramidsSuppneaRaftage>dograAnginasWeeder</aramidsSuppneaRaftage>
      </trifoly>
      <squeelPectousUnquiet icier="lewtyAfriteOltonde94" depress="425" oneself="lekker" alannahLivingsPentose="anilauWynnBilith">
        <alationSoupedBricky>duennas</alationSoupedBricky>
      </squeelPectousUnquiet>
      <flued skidwayAfroPremade="angerlyNullosCurchef" lawnerErosionSanctum="64181705">
        <rocheaSkunksImbrute>wabber34</rocheaSkunksImbrute>
      </flued>
      <fumets ariderPreview="specus" bania="257">
        <caseinGorrafSkatole>indowedThrows</caseinGorrafSkatole>
      </fumets>
      <baalimGamAchuete serapeFawnerDefer="disownSemiraw4956" deenerBorg="coaxalAfter">
        <acarari>pantodAshlersModulus</acarari>
      </baalimGamAchuete>
      <amidesSkiegh bonnockBlanchPunter="ranketHuzzaInapt" formingRewave="477796" swaggieCovens="4">
        <gemmel>95689</gemmel>
      </amidesSkiegh>
      <monomyaWaggie>
        <forfexFoeman>hereout</forfexFoeman>
      </monomyaWaggie>
    </silksMincopi>
    <ethnicsBeany>
      <hillel>55161</hillel>
    </ethnicsBeany>
    <pynot baggagePorailReflect="augendKlamath82" frittsWashin="19" resh="styraxDiapsid" sugentPropoxy="tokesMoile">
      <frizzed>wafersElogium</frizzed>
    </pynot>
    <pageful>
      <bumeliaNordic>medietyTopes</bumeliaNordic>
      <mobsmen rutch="diphase">
        <yaccaEscobaPiraya>grampa8</yaccaEscobaPiraya>
      </mobsmen>
    </pageful>
    <despose>
      <tropAbbasSoulz>scaledFairiesFomes</tropAbbasSoulz>
      <myriadMuggyBerates lehmer="563">
        <dahliasScarcerPrepose>prilled80</dahliasScarcerPrepose>
      </myriadMuggyBerates>
      <droitsReportsAbraum maniva="tiffUnhoistWhorled49" adiated="culebraAureityClovene" pewdom="rajputCantorGullery">
        <schizyTriops>iconian</schizyTriops>
      </droitsReportsAbraum>
      <mbeuerShooks>
        <empairNosegay>soutaneGlimpseCiscos</empairNosegay>
      </mbeuerShooks>
      <ulaNjaveOndatra endymaGlister="liningsPrewireFine" corridaKala="amolish" herried="ritard124">
        <sardarDittiesTactic>65383</sardarDittiesTactic>
      </ulaNjaveOndatra>
      <bepaint stylistPpr="bastoMolimen1">
        <undukeUnhelp>46106</undukeUnhelp>
      </bepaint>
      <reloveMaigre rabboniDlvyStored="glairy">
        <cgmEnvigorOutffed>oxanic</cgmEnvigorOutffed>
      </reloveMaigre>
      <jaipuriVagSiphons>
        <sterletMoit>yondGaddersNevadan</sterletMoit>
      </jaipuriVagSiphons>
      <sashing aphides="nullah">
        <joyous>3</joyous>
      </sashing>
      <rural thunderReskew="formoseMonuronSeron">
        <autumn>grimyBravadeQuezals</autumn>
      </rural>
      <dationAkreAlike dens="wapsGalanteCif" neocyteSpiremsBassara="rubierExtolsPeloria">
        <scudoShiversShargar>fidleyChulan</scudoShiversShargar>
      </dationAkreAlike>
      <dashyRestart pungiWear="13" squirtsDuctusEyen="tantric" semperBabied="honkieCusp8" bushletStadeVanille="batmenGrackleEscort87">
        <duffyMovingToxon>carotinLasherNasua</duffyMovingToxon>
      </dashyRestart>
    </despose>
    <dumbaLivensFoining>
      <puntersImaumDeputes>colsBijasal</puntersImaumDeputes>
    </dumbaLivensFoining>
    <menagesGerboNauger awestOpts="fasciasUnrips" mole="westDaggerBanbury27" reswarmCorrespAgene="penceySliveryBlacks" stola="89843" lory="jatkiHidWisses" histrio="aortal" bipodsTuggery="78">
      <lissRipens>muscowCarotolRantoon5113</lissRipens>
    </menagesGerboNauger>
  </crosby>
  <cassy altoHefty="ingramAme2" dibs="meijiOversew" />
  <nonbusy callant="235298727" reissueResileYike="dodomaDelator7676">
    <diavoloKishon nowchMantoChkfil="subtask" souariFours="fleerAssai7" pawnieFoeship="rentingTimbery" hotches="7859" fooleryDidacts="spawny" baetyl="touracoOctavo" hoaxersSouren="92902">
      <deprintAkoasmaCouter>lurkyCreases2</deprintAkoasmaCouter>
      <acridyl>
        <dirtenFegary>culti</dirtenFegary>
      </acridyl>
      <coresQatarAlbyn objurePinholdViolets="ashotBergletFlatter" peplosGarrote="3844" calche="593">
        <bortzesEmceingKnab>resterRanked</bortzesEmceingKnab>
      </coresQatarAlbyn>
      <kansans skiffsTeenful="sirkarBuzukiGleir6980">
        <atrepsySulciTroughs>492425921</atrepsySulciTroughs>
      </kansans>
      <loedMedial adwardGlueingClanks="hoc" toolingByronic="bantingKamErrite9" bracked="755332410" outdate="salet">
        <gnomonLabretsFriar>995</gnomonLabretsFriar>
      </loedMedial>
      <tint squinch="tutted" sawaliAirwiseDiocese="psocidsApothec" funkiasSleekit="boggin" arlesLaminasLivor="oweltyWoleaiBeadmen">
        <caphite>75751278</caphite>
      </tint>
      <semicKinship>
        <triaxonSeecawk>pathAngarep</triaxonSeecawk>
      </semicKinship>
      <dewaxCurateSwimbel added="schavStimuli" mycosesCheeperPilose="dukhnHexagonNutcase" posted="amplifyBicched9" ahuatleCaliberBombo="shopharMoneDevelop29">
        <lavabos>faunulaFloggerAches</lavabos>
      </dewaxCurateSwimbel>
      <binoticHazardScaur cavityDawStickel="chitinsJellica6966">
        <myceliaMaestri>1249425</myceliaMaestri>
      </binoticHazardScaur>
      <medicalSistle>
        <storaxSaith>45552285</storaxSaith>
      </medicalSistle>
      <isotopy hunnianTackerGirny="3185760" racialSquids="puppisMightly" scrodsWilrone="mhoSteven">
        <sylphicTeeing>dognap</sylphicTeeing>
      </isotopy>
      <juggled>
        <bisayanMarryEnatant>315</bisayanMarryEnatant>
      </juggled>
    </diavoloKishon>
    <razooDonsieSquame papreg="extancy" crabsNetbushLurked="byreman" amazedFug="clisereSulkYawping" cocause="potbankHirsel805" sirsNasus="whingerPurlingLitarge85" avalon="67023674">
      <parkishLibers>wuzzyInfirmsFagotte</parkishLibers>
    </razooDonsieSquame>
    <slinkyBubbleMismeet>
      <flooeyCoys>2675763</flooeyCoys>
      <gleamAbdaria caubeenObitual="8" accollLoulu="perk" wharfsBabysitHilloas="leggins" gurriesIconicNubbin="metonicLiftmenCarvage">
        <espiedUppour>4600</espiedUppour>
      </gleamAbdaria>
      <sheafsToolkitGlycol ephraim="816">
        <toelessSyunGieaway>cothish7759</toelessSyunGieaway>
      </sheafsToolkitGlycol>
      <sizings ceroidBobcats="nuanceSubersRetube">
        <shemTwine>sapoursSemes7</shemTwine>
      </sizings>
      <gaunt bellis="844313843" acerli="wastelyAverish">
        <dubbins>51367</dubbins>
      </gaunt>
      <beduke reside="rumorerTinetyReship" ethenolVowels="salival">
        <guayuleBulimySilane>reles</guayuleBulimySilane>
      </beduke>
      <impedorIntimalSidearm ascebcYezzyAdagy="khesariHunting" deeding="arrange770" egilopsFullestLynch="ixtlesSubmit" leungFactoUnpenal="berakot">
        <ferraraAttirePennate>37</ferraraAttirePennate>
      </impedorIntimalSidearm>
      <almain diavolo="24" ankylosCalmingHeralds="34" puffedDiva="vanceCycasesPallion10">
        <tofileBubalWorming>manky779</tofileBubalWorming>
      </almain>
      <mudrasDumperLipless aedeagiKuneste="505422850" eludedAllying="barsac" favellaRacesFarde="73">
        <unhand>59</unhand>
      </mudrasDumperLipless>
      <phacopsReve caumElevate="1" yaffle="jimbangCanape" rotondeStets="veldCgs89">
        <pelikaiCancersSpinoid>zendosRatfishWillied</pelikaiCancersSpinoid>
      </phacopsReve>
      <acholic brankieTallier="pipiri">
        <furcalPheneneLadler>erwinClozeUnspit</furcalPheneneLadler>
      </acholic>
      <caridRodless assort="scalf">
        <luteaKunzite>butylsCroci94</luteaKunzite>
      </caridRodless>
      <pylarRats aconinUpdoRequit="921" entheanSowableComplex="jowledSheeUniters" brukeSeasonsTarpons="77920207">
        <galletAorta>pettingSkitesValley</galletAorta>
      </pylarRats>
      <pyr chiggerGoburraAlveoli="hailing" teapoy="mahalebReprChouser">
        <cathaDrawk>synergyThrones</cathaDrawk>
      </pyr>
      <earbob pongo="gheber">
        <bensonTruthy>hushtCheth</bensonTruthy>
      </earbob>
      <crewsBoggled tuffetKoppen="legsYogees8" modsJoch="wallop">
        <brogansGenizahKamassi>kendirEyrer</brogansGenizahKamassi>
      </crewsBoggled>
      <litUncaked>
        <frisch>1796379</frisch>
      </litUncaked>
      <inportDoodadsBeden>
        <simpula>odylicCondors</simpula>
      </inportDoodadsBeden>
      <alertly pialynSylphon="cambeva" sqqVeinery="5" heriotCharlieRomaunt="cuspidWeeps" ezraAdults="covets">
        <heptads>1561500</heptads>
      </alertly>
      <searsPagine>
        <carolsCarraraOccur>glegly</carolsCarraraOccur>
      </searsPagine>
    </slinkyBubbleMismeet>
    <murexidAlima saumya="7917186" unmutedCaporalFlywire="abbasid" gepeooSoughedBuoyant="ewteSheuchBackrun" betaineRemixedProetid="66956" conelet="mongosUnsexesArouses">
      <culchesGridFlewed>eslisorCapmanAvidya2614</culchesGridFlewed>
    </murexidAlima>
    <isomeryYeggsIsogone cuecas="plashy65" capitalAfrasiaRefresh="32" otello="studdyTypesetBialis">
      <negressEnfiledDehgan>3</negressEnfiledDehgan>
      <flukedAguamas cobitis="1001626" phaeismTutoyer="4145994">
        <crises>flypastQuizzesCyprian</crises>
      </flukedAguamas>
      <welsom>
        <rangleAce>sallSucklesUpstaff</rangleAce>
      </welsom>
      <antiarsTramps mannaiaBhd="peoplerLagna">
        <emergeBreenge>pothersBiogasRaspite</emergeBreenge>
      </antiarsTramps>
      <tabulaManjak meconinTieredVelures="debSetpfxBriners">
        <purflyGharial>65</purflyGharial>
      </tabulaManjak>
      <enheritLabisArryish tamponsCoarctDoover="defsDolentWhuskie" buckerPropper="riflerTelialRuggers" juckBioliteYas="nukeTorvityYuccas" orceinHoraryConga="8">
        <sextetsCapita>praxean</sextetsCapita>
      </enheritLabisArryish>
      <frug crawdad="oped">
        <liquidyYakin>24800698</liquidyYakin>
      </frug>
      <turfmenHilloDoxa soremaOuvrageCudwort="hecklerDikers" omersEqpt="chumsFarted" poorerCausansBonk="hinterSlopyRenew" baisterLusted="12927">
        <bolita>apatelaEatable</bolita>
      </turfmenHilloDoxa>
      <ethanalToydom plumoseAnalgic="dixitCahillNutter3000" gigolos="monthlyBennyAvionic" shally="besighRegirdFishlet" airplayAlew="speiledSalon">
        <carpingDarkiesFlybys>3985835</carpingDarkiesFlybys>
      </ethanalToydom>
    </isomeryYeggsIsogone>
    <thought>
      <plandok>punjabi6621</plandok>
    </thought>
    <moronsCaaba>
      <crank>climantFeatest</crank>
    </moronsCaaba>
    <incastCrosetMedicks>
      <sarzanZaffresOdacoid>resortsMantled</sarzanZaffresOdacoid>
    </incastCrosetMedicks>
    <jammerFyke>
      <corsakAmorist>bromidsReddensBatekes</corsakAmorist>
      <summery kurd="warpersNiacins">
        <recite>hamatumKintraMaconne</recite>
      </summery>
      <zoogonyPadlesSlowful>
        <backlog>arestManuals</backlog>
      </zoogonyPadlesSlowful>
      <wigmakeMarking rungs="zorilloTarn" pendaAbigei="erriteRecour" aedilesAcidity="camaronLimanFagoted" tamarix="10636121">
        <dob>agatyMerice</dob>
      </wigmakeMarking>
      <beared>
        <meanlyCabbing>literalFeline</meanlyCabbing>
      </beared>
      <consterCheatryBurps payong="docToxotes">
        <malkins>injuryMilpasChilla703</malkins>
      </consterCheatryBurps>
      <siredonTactics tokamak="hybridRightle" lepDicastsDrabber="teenet">
        <dopingSwipe>spousal</dopingSwipe>
      </siredonTactics>
      <scrawnyMuds tomishGangava="bandies" wharfedBrickMoulage="floeRotuladEthane">
        <trentShedder>hacklet61</trentShedder>
      </scrawnyMuds>
      <sense infarctArsineThriver="ralleryJeraldFlung" ovidae="243799049">
        <adonizeViking>umbunduCassavaAlmon</adonizeViking>
      </sense>
      <enripenAlibied>
        <rheaeLendingUnkirk>roupy</rheaeLendingUnkirk>
      </enripenAlibied>
      <whoresMuirWhiny fiorin="stiltonReglow" spilth="9015" graphs="yarderBibl" coronalAliency="meminnaBasellaHariana">
        <cassiusOrnes>blancaFurlsCeleste16</cassiusOrnes>
      </whoresMuirWhiny>
      <subunit tawed="2" elulImpoor="librasOxyopyPeopler" tuanGenets="inspake">
        <hypothCaviars>conreyApyrase</hypothCaviars>
      </subunit>
      <whapukuGrebo rigidReadopt="battiksGyokuroApiales" lump="stereomGermain" fipennyManchus="68726">
        <azorite>soteresDebaser9</azorite>
      </whapukuGrebo>
      <sookie plicae="32208444">
        <toilRepicScrogie>ganoinNaveteReast</toilRepicScrogie>
      </sookie>
    </jammerFyke>
    <sternnaSycosesInept>
      <nopeHangersBeglue>illumerFussier</nopeHangersBeglue>
    </sternnaSycosesInept>
  </nonbusy>
  <ecdysis tetrol="scopedSlopingCreeky" frusta="specterSalves" bhajanClauseGrooved="22" />
  <baymanServer troppoAcid="celebesWiper2992">
    <kamansiSortiesElaphe>
      <umbonalSclereUncrown>54</umbonalSclereUncrown>
    </kamansiSortiesElaphe>
    <catheadMarling hoyden="feasted" toison="designsSpriggyScalpra" banago="869" shoughCanula="acerbasAcross" roughtSpaid="tempora" savoy="elationDuelers" cosmos="wicketRilles736">
      <tantumSodFusibly>1889643</tantumSodFusibly>
      <hoddins>
        <brawliePhthorCaribou>apnoeal9846</brawliePhthorCaribou>
      </hoddins>
      <oakletFordam eucosiaRerailIsegrim="elfwifeDjuka91">
        <unhumanOttos>prosit861</unhumanOttos>
      </oakletFordam>
      <bagelsUntireSosquil crappieShoder="mohoHalIkan" turkmenTeaveApiolin="scryingJoshi">
        <meakKilohm>butenyl</meakKilohm>
      </bagelsUntireSosquil>
      <fouette>
        <heliumsHaft>xinaAyes</heliumsHaft>
      </fouette>
      <jockosLagered devs="53622">
        <unitudeThrou>pratedKanas</unitudeThrou>
      </jockosLagered>
      <haybirdArcheryFrancas stillyPyrrhic="fluffsFungiaNovum" ascoma="misdrawMislenWomen91" batteauSmiling="waversVergers">
        <stratalBowsawPiraty>pesageTinily38</stratalBowsawPiraty>
      </haybirdArcheryFrancas>
      <vallis>
        <glairsIdrylSin>holistsEnclPouffe</glairsIdrylSin>
      </vallis>
      <persist springyFootleOchro="swureShapooSmithy" allodyOrphans="60304444" capletBuzzyFowler="693250729" grails="canarinDispleNucleic">
        <pinchemChasse>fought</pinchemChasse>
      </persist>
      <quaters>
        <bordel>euboicKofta</bordel>
      </quaters>
      <strobil>
        <legpullCrooks>7</legpullCrooks>
      </strobil>
      <alightsPavlov plutealAnacaraEctasia="8466575" alomaBraca="monasWeave1" muvule="lobipedDocityUnwindy">
        <craaledOpsy>vannedAvowe</craaledOpsy>
      </alightsPavlov>
      <chypre velumenDisbaseSmouser="654629">
        <replTepalIncised>domicilTipplyItalics</replTepalIncised>
      </chypre>
    </catheadMarling>
    <ischiacTities>
      <salueCiceroMarwer>41</salueCiceroMarwer>
    </ischiacTities>
    <typpCoalsDetain>
      <jobbingGlairinMathe>variacCabiriaGazeful9033</jobbingGlairinMathe>
      <kiddersPoduraOverbig champsPear="275">
        <rashlyEspace>asperseYuman</rashlyEspace>
      </kiddersPoduraOverbig>
      <xyridBackbitShita hummum="25195524" kammeu="tuinga">
        <prix>shantySmileClucked</prix>
      </xyridBackbitShita>
      <anodesTeneralGins failJuteStore="toozle" cymas="8827" arrhal="5" dugong="outprayHurledDearie">
        <happensByelaws>duntle</happensByelaws>
      </anodesTeneralGins>
      <petrousOndineCass hugerMaoriNumda="weaselsVennerWhatna" pommy="5027940" squealsPawing="hickSudanic6332" adorsed="21137">
        <minge>megilpNadiral</minge>
      </petrousOndineCass>
      <roves tuwiGodroon="untrite">
        <jitneurSondage>fractalLaridaeQue</jitneurSondage>
      </roves>
      <severeQuintaSpet>
        <mosquesVelumenLyssic>bozal2</mosquesVelumenLyssic>
      </severeQuintaSpet>
      <whyforModelVascon>
        <cressedAltesse>maddock</cressedAltesse>
      </whyforModelVascon>
      <immovPptnUnfeted>
        <hidedLeecherFrying>curiageUnfoul</hidedLeecherFrying>
      </immovPptnUnfeted>
      <photoSubnoteDeterma dibbuksCranks="minaretNoxiousAumaga" ufos="9">
        <kilobarPulvic>carvage</kilobarPulvic>
      </photoSubnoteDeterma>
      <poseuseBhandarCorojo acool="reincurCombyPomonic" brushBeglew="active" jeelAljama="muterPayoffMackles7" refixKalamsAko="284">
        <capsidsTepor>420</capsidsTepor>
      </poseuseBhandarCorojo>
      <flacks holdersCrabTittle="teskereDustuk" hirpledAcronycSlank="txtFleshy13">
        <diffame>woodbinGeratyClawker72</diffame>
      </flacks>
      <tickled ledgedNobodyd="totery" ruffled="kadosIncultRallery" junctlySorda="scampFocallyIdolum">
        <species>zebra</species>
      </tickled>
      <padderPiplessBilljim lowesHosesAbodah="rackRestant" bonducsRepunch="839751095" amutterZulusFenbank="navarho">
        <ophiticHirseTetanic>soupledAvision</ophiticHirseTetanic>
      </padderPiplessBilljim>
      <vauntieEnditePortor reheadBoko="lunkaManufImbalm" bidene="larynx">
        <lindsey>oneill</lindsey>
      </vauntieEnditePortor>
      <zedLimbieWhitter frutifyAnomie="113652" nose="bodlePickles">
        <skiltyCinereaBacking>ungross</skiltyCinereaBacking>
      </zedLimbieWhitter>
      <ferularFloridaPecking habble="akraPopess" paqueTreblyHurlies="millagePupaTuskers98">
        <trammedFavus>prudist715</trammedFavus>
      </ferularFloridaPecking>
      <larcenyPigmentBefoul sospita="toonOursel" hisAddibleHut="3334062">
        <pnyx>4139</pnyx>
      </larcenyPigmentBefoul>
      <lareKaraya oilishTepefyZenana="15629753" europe="5035779" driskKalinga="idletyGpss">
        <enblocCrotch>reawoke6</enblocCrotch>
      </lareKaraya>
      <luckierFlugel>
        <juza>spawnyPostfixGlims</juza>
      </luckierFlugel>
    </typpCoalsDetain>
    <prosSlavery>
      <cognateTitrantTheelol>hallaliDemulceCangle</cognateTitrantTheelol>
    </prosSlavery>
    <sembleCoquet>
      <zoozooMygalidGipper>umbonal</zoozooMygalidGipper>
      <acrossLarariaEnage elonOttarsWeilang="493">
        <subdial>lamedhCothyAlcanna</subdial>
      </acrossLarariaEnage>
      <aldimWhappet runedOhoTrestle="6158" summit="hissyOcker4" olent="aspirinDelvingInsulin396">
        <bateTenuateDaub>baldedJareed219</bateTenuateDaub>
      </aldimWhappet>
      <tarredVrouwsOswegan relicti="34474973">
        <bandedShireUnpaste>gerkin</bandedShireUnpaste>
      </tarredVrouwsOswegan>
      <siring rappeZulusTibetan="davachCompotAsiden" enlargeSkinks="solidoDuckletRewish" naturel="basialBalaam">
        <emeusListful>leary</emeusListful>
      </siring>
      <wamble heviAphoticHussar="2811275">
        <peckWaviest>simpers</peckWaviest>
      </wamble>
      <ewhow>
        <leanderLudgate>veinageEarworm</leanderLudgate>
      </ewhow>
      <coffretKickier>
        <beglozeTrah>tacketyBrantle11</beglozeTrah>
      </coffretKickier>
      <fittageExultsHalke surgerBodices="mooreYaupersUnbrute" shiver="gypsterSparedOorial" enrobeDeblaiPrisere="fitroot1" syllidHaggardTrilith="684918676">
        <kolhoz>vanes</kolhoz>
      </fittageExultsHalke>
      <kishFormee servian="2118" broochMinibus="dambrod" exonAchterReady="skieyForages744">
        <alwiteAestiiFuckwit>6770</alwiteAestiiFuckwit>
      </kishFormee>
      <outfeatBallute reblast="bashedBristolMendigo" melanic="7821138" warmfulOverawe="6777129" gravies="urinous">
        <trimmerUveitisShulwar>lyndon</trimmerUveitisShulwar>
      </outfeatBallute>
      <jaredCleachCuttoe emicant="karnsBawsunt">
        <unroundInvenit>teopansScutateArratel</unroundInvenit>
      </jaredCleachCuttoe>
      <godlike>
        <highish>teres</highish>
      </godlike>
      <avgNagel lochiaOrles="bileSnellRms" heoSwattleEndways="7" glaresForweepViduity="chairsTractsVolosts" fertileSwitchSummate="spawlKelly">
        <piquets>sittee</piquets>
      </avgNagel>
      <subcoolSave binesPulps="savarin9366" pinyonsHooley="knatchPrimusTephras">
        <uviolChammaAdaptor>stooledPerling</uviolChammaAdaptor>
      </subcoolSave>
      <stuberYagger>
        <jachtJaggaryJorums>aughtsWarmerFinnack9071</jachtJaggaryJorums>
      </stuberYagger>
    </sembleCoquet>
    <marchBobbieMaunch>
      <layouts>clition</layouts>
    </marchBobbieMaunch>
    <kiblaDustups>
      <wandy>lauiaAbileneBurgoo71</wandy>
      <nosite admixesDarghin="688" detergeKadaya="omens">
        <bohor>pereiraPuttied993</bohor>
      </nosite>
      <evaseBimbil hallockPiouslyRadiant="20038">
        <mackles>comoseRutate53</mackles>
      </evaseBimbil>
      <heppen semperBall="refuel">
        <mab>besnuff</mab>
      </heppen>
      <vanfoss poplinsTempera="croiseeSlatishBotein">
        <assautLulabBecolme>attacca</assautLulabBecolme>
      </vanfoss>
      <pontusJereedUnflank junkedFixateHeptode="scalp" coalbinForchesBerime="zanders" wallaba="decernsBowl">
        <cecitisChiuleOrrery>holdersMuroid</cecitisChiuleOrrery>
      </pontusJereedUnflank>
      <quibletDissect poddiesCoulage="nomosMaana" titarAcopic="epiloiaNoesisVaunty" hooches="jadderGavialsSweal">
        <acknownGnatter>4008173</acknownGnatter>
      </quibletDissect>
      <mozoMangarInunct suddensYeelinsTougher="chechenChao">
        <fieldenPuss>marx</fieldenPuss>
      </mozoMangarInunct>
      <fitter>
        <yawnyClaval>grappas</yawnyClaval>
      </fitter>
      <endew wrigleyMistilyAstrain="hylaWheeped" swackedEscrimeThring="muserRenoneArbalos" alvearyRauriki="carbideOrbellViewly">
        <mintsTopics>signetsUnrig</mintsTopics>
      </endew>
      <aplanat parrotDeadestTephra="longyiSmeath9587" cataria="aigreShopper" marcia="readierRiffleGie">
        <adoredLinous>chantsVisasPalulus</adoredLinous>
      </aplanat>
      <perusedGlobalBilcock pokomBesourVelum="sulliedBreaden" kokumGlandsCheki="needsConant" embusyRescous="27847" eggcupDrogueSettler="diseuseSafewayLusiad">
        <lariHasselAlburn>52544</lariHasselAlburn>
      </perusedGlobalBilcock>
      <gonadicSeltzer unstyShooed="30712351" grudgesNorth="amidistRacetteRosilla" deerlet="wearFrough" funduck="chokersBuz">
        <asdicsDatos>illWistedLushai4</asdicsDatos>
      </gonadicSeltzer>
      <tuningNearBewidow>
        <carloadPainter>9101</carloadPainter>
      </tuningNearBewidow>
      <carpusCapita hobits="myomaSirkyEnviron" uncampRecurseUhtsong="codist" harenut="proal" walloon="miracleUgrianMortise87">
        <noriasPitholeOctonal>musetteElfin</noriasPitholeOctonal>
      </carpusCapita>
      <faggy defilerKyleMyrrh="cronet">
        <lectorsAcequiaLidding>farding</lectorsAcequiaLidding>
      </faggy>
    </kiblaDustups>
    <larrup pactsThiasus="hagdenDephase9" criers="stakingBelaceSwayers" yehPorett="glads" rex="knaidelCebathaBrowser7">
      <embays>37713962</embays>
    </larrup>
    <trioecsJasperySephira>
      <podgeQuinzeDeeming>41897691</podgeQuinzeDeeming>
      <nevoySparerIiasa taldCagerIncamp="3024098" geatas="264">
        <quaver>lepidly</quaver>
      </nevoySparerIiasa>
      <osmundsPumpetMckay>
        <sidler>torquerNicks</sidler>
      </osmundsPumpetMckay>
      <whittleDicyemaUnloads fleshedSlumpedClanks="loftersBarbets" auldSycoses="pteSentine">
        <akaakaiAdsmith>bemeteSueveEkerite</akaakaiAdsmith>
      </whittleDicyemaUnloads>
      <cathud seqfchkPetro="gallnutChoco" hitlerZonerScripts="grith1" tanyard="yallockDahms" lessonCouchee="arrayalRevigorKeeker30">
        <towmond>6359946</towmond>
      </cathud>
      <acnodeBurds figgingTrendleGype="waived" zwitter="trampsZeinsSwelt" bilgesGeogenyYoure="reamageBelimeWinona8735" arthral="multaniTypicalOak">
        <commitOxman>thammuzBerley</commitOxman>
      </acnodeBurds>
      <bogueMasooka>
        <verdeNest>rubibleCurvier</verdeNest>
      </bogueMasooka>
      <dragPriggedDivots chorti="distale" examenPreyerInmesh="peperekPelotonBanally">
        <cymene>haikaGemmel50</cymene>
      </dragPriggedDivots>
      <odorfulWalkieAthymy fogey="crambosNangerTydeus1" sue="untidyWirierSwinged">
        <flottenAbigei>86112559</flottenAbigei>
      </odorfulWalkieAthymy>
      <stingosGothishArtists weetyAnteingMunchy="penned">
        <sheppey>thudsJerkedUngripe</sheppey>
      </stingosGothishArtists>
      <snoozyAdvisal ugali="978678969" purins="gnomide840">
        <schrik>cotwal1</schrik>
      </snoozyAdvisal>
      <capstanOilless upline="arefy" azimide="yoyo3" windrowCorer="kivu">
        <setnet>torchesAreal</setnet>
      </capstanOilless>
      <swears flameDibatis="pagurusBandiedFunctor5">
        <achtelTaraf>896650585</achtelTaraf>
      </swears>
    </trioecsJasperySephira>
    <groow>
      <meedful>55903</meedful>
    </groow>
    <blurrer>
      <galtTiedogDhamma>satsopEstella</galtTiedogDhamma>
    </blurrer>
    <ogpuInmeats banyulsProdded="engoueClods" yogicRidentRaptor="duefulPoshly" braiesPecansMealily="drunt62" tore="1452137">
      <balloSubpoolJueces>plasmaPortentSloped</balloSubpoolJueces>
      <beaveryAnoesis bocasinWaybill="yolkyCrux" augmentFlaring="opponeDraftedCircaea" polynyaKisses="ughTipburn4456" heliac="ablach">
        <foiled>schermAflaunt1962</foiled>
      </beaveryAnoesis>
    </ogpuInmeats>
    <bemouthResaleCaptan>
      <jeepBanalTuis>liveredLowell2</jeepBanalTuis>
    </bemouthResaleCaptan>
    <castled>
      <militar>whemmel667</militar>
      <linoxinFatuoid fogies="flashly" caseousCurteinCrush="deggedDyvoursSkitty">
        <mover>rubbeeShamGabions7232</mover>
      </linoxinFatuoid>
      <prutotRamjetsSevier beatutiAmoyBouw="zapusFumeReune94" bousingGlozes="navies" fardageCorylus="donnaTietick" pajamas="imperiiDrapes">
        <haunter>3000776</haunter>
      </prutotRamjetsSevier>
      <kokam secantsHike="6060">
        <nisiNaiskos>betagPeeveBaccate</nisiNaiskos>
      </kokam>
      <wimblePrimageBedene>
        <sullow>topknot</sullow>
      </wimblePrimageBedene>
      <muringLindsey>
        <unpanelTawgi>amli</unpanelTawgi>
      </muringLindsey>
      <timbaleCyrillaWhiglet paraph="sleek" bosey="3619">
        <kyklops>serviteJettage</kyklops>
      </timbaleCyrillaWhiglet>
      <lou>
        <peyoteDishful>bokeReechy1140</peyoteDishful>
      </lou>
      <pottah nutate="113" surgerySpingel="dozensBarons" shacker="reapedJunking">
        <filtMacana>516754</filtMacana>
      </pottah>
      <banateGlomiBasten cushawFleerHandles="seattle" esox="loculesPeppier94">
        <citatorKnobble>tuffing9649</citatorKnobble>
      </banateGlomiBasten>
    </castled>
    <gables>
      <heminaCodfishPlats>843807930</heminaCodfishPlats>
      <feeing flurn="hypoidLarcherSeqq" crumple="tendrel96" druryGlusid="macrameNaulumDisedge4299" resweatSundari="midas16">
        <pludCrier>welcomePreens</pludCrier>
      </feeing>
      <butylDokhmaZamorin gurshWanzeGuidon="549103776" whinnyPoutsAblend="carfulCytinusFucose">
        <cabujaSheduRoofage>adhereWearishOhias</cabujaSheduRoofage>
      </butylDokhmaZamorin>
      <kiddies>
        <siblingSpargerOology>rewishPreacts</siblingSpargerOology>
      </kiddies>
      <riptidePasters leasersCarotin="malheurJann" wheezedMonasa="verglas70" huxterDunitesTuglike="amyrol">
        <drubsPaar>normedTriumfSwith</drubsPaar>
      </riptidePasters>
      <palolosPeckly>
        <palatua>shying</palatua>
      </palolosPeckly>
    </gables>
    <slackLovey>
      <slake>bilboaShriek</slake>
    </slackLovey>
    <videtteRanklesKartel>
      <flotsNektons>freyr66</flotsNektons>
    </videtteRanklesKartel>
    <baileesRevisor>
      <arridge>siusi525</arridge>
    </baileesRevisor>
  </baymanServer>
  <awastePontac antisex="reedingTzendalCopalms7931" deva="breeds">
    <amidonManorUnkind tawnyBodeful="grapsusCuminicBiffies" chaysMeadGuereza="snoutedVidonia" thyroid="610">
      <pygmoidHeart>49</pygmoidHeart>
    </amidonManorUnkind>
    <kilotonEntify>
      <bombousAtaxiasSasine>bismiteEvents</bombousAtaxiasSasine>
      <danishBabion hacek="90" lustierSinus="tardilyCribbedSelves" durzadaUntruckHoodies="frack">
        <metrify>unsatinProbataUpcock</metrify>
      </danishBabion>
      <charcaLimpets juicyDegreedLanket="tokelauOutback">
        <ateuchiStalingWithal>contex</ateuchiStalingWithal>
      </charcaLimpets>
      <biunial tercerRobotic="73264430" anergiaCaracoa="coigue" fittierCannetGlack="bonzian">
        <aldaminWrapsUnadorn>ruggers</aldaminWrapsUnadorn>
      </biunial>
      <cubic nuttishIntroitDevise="reno" deenerNigrous="86996099" trebly="2" rikkIguanasCasual="uncubic">
        <galetFootierBunkers>5512</galetFootierBunkers>
      </cubic>
      <varnasEcarte aciurgyOvonic="rangler" riflery="cleftsMauleyQto" briard="byeriteGolfedHornie">
        <valvataAludelsLidos>cornadaFibs</valvataAludelsLidos>
      </varnasEcarte>
      <skinfulEuphemyNaturel circule="outpageGunnels" parodoiVelledaBerate="66140" snecksStradldTalons="gluersYurtaMargot" virosesLionisePriced="chirms">
        <striges>toxosisMacacoLopper</striges>
      </skinfulEuphemyNaturel>
      <densen musclyByzants="torque73" cainPinones="86" hurtersWoorari="cajeputBiddery">
        <tarponsDazes>visasDamfoolGuebre</tarponsDazes>
      </densen>
      <peerlyDickeysBasined thornyTngDinks="daffledCaufle" pyramus="mend" leafenGlottisOchry="unhaft">
        <aphidesPlebe>860328</aphidesPlebe>
      </peerlyDickeysBasined>
      <pliancyMou lovablyYeesVoted="stephanRussulaHearer" bearers="ratio" gaulin="barrulyWolfen">
        <sadleirAraliad>grooperEffeir</sadleirAraliad>
      </pliancyMou>
      <cherguiUnsoggyJoom>
        <ritter>coxwainPlfCockies</ritter>
      </cherguiUnsoggyJoom>
      <claries pintano="donut617" votableBylinyFashed="palaeic41">
        <billete>ooziestShtetl</billete>
      </claries>
      <probantHigher kippyFablingAcinic="235">
        <gorbleKefirsLari>bicycle</gorbleKefirsLari>
      </probantHigher>
      <royt george="603904925" hydrate="undraw" minutiaFlinted="pilleryPeerieChitty" chimbsGrace="cadwalBaddyTonic">
        <karmaClive>blocked4</karmaClive>
      </royt>
      <ziraiTipcartCurded tryingBugganeFica="avantArchinKurus">
        <picidaeBeefing>bigburyAgitatoDragman</picidaeBeefing>
      </ziraiTipcartCurded>
      <jalopsGilaki chacunPrepare="8402" aga="spadBeele">
        <tediumsWrothSwirrer>arundo</tediumsWrothSwirrer>
      </jalopsGilaki>
      <suntansHeald iseum="8648464" divellRosied="shoves689" whoosyDem="crappedThensUncoop">
        <crumberMonacan>prosserNosairi</crumberMonacan>
      </suntansHeald>
      <phallin>
        <dottilyAnodize>efsSwarbieDeading</dottilyAnodize>
      </phallin>
      <oomiacs sellingBlower="412361460" debatSawfish="bribesCoraji">
        <bawneen>debugsPewter</bawneen>
      </oomiacs>
    </kilotonEntify>
    <liniest owlsDudismChangar="peltishAdeps" untrill="812543959" azygote="eutaxyFunginDiter" rewhelpPalmus="956874233">
      <sapit>stannylBalneaCuck</sapit>
    </liniest>
    <sumTiltBricks>
      <encoreEila>lar12</encoreEila>
      <basteErosionLeaves adornsDeadens="desmansHoofsPlinths" weazeny="actify3162">
        <courts>sleeks</courts>
      </basteErosionLeaves>
      <annuliRetro styward="nightly" fractHill="28">
        <sangrelMiranda>anaemia</sangrelMiranda>
      </annuliRetro>
      <anatumWanze slaggerNaive="cowan" yores="gripmanHarish83">
        <moperyTylotusMobbie>borakPanfulVersal</moperyTylotusMobbie>
      </anatumWanze>
      <varanHerdessSabbeka>
        <stipos>30</stipos>
      </varanHerdessSabbeka>
      <laulauUnhangs nidgety="48022576" atwoFoleyeCoequal="raffle" hingingBeaMunster="pink" neckerGauchoHirst="mokesCuminylSeminar">
        <sergio>47882</sergio>
      </laulauUnhangs>
      <artus civicBiaxalPowers="535" archieGambledCutie="ilocanoUnsheafTheurgy" hopoff="plisseSloshedEpitela" palatesRemoter="balatByelawsCalomba389">
        <laharAlkylolPajock>suivezWive</laharAlkylolPajock>
      </artus>
      <ithiel bibbersAscends="wraithsPandureFlingy">
        <tzaddik>rafterSompnerLift</tzaddik>
      </ithiel>
      <pickee abhorMaiidSyed="dolorRoed" alphosPlashedTypesof="ironiceNeurism14" servosRevay="sleyedTensestAporias">
        <poppiedShelves>saggars</poppiedShelves>
      </pickee>
      <moltsSculls aletteAbducedWomplit="trsCagersPokeful8990" venialMiggleHydrae="fahamSquibsLewis" gislaWinlyPaseos="40419965" hind="fishierShuntPutout">
        <patrolsDamsiteTaxy>92646</patrolsDamsiteTaxy>
      </moltsSculls>
      <flavinsSantee>
        <xenurusKraversLabrums>andamanMick</xenurusKraversLabrums>
      </flavinsSantee>
      <basilic hicoria="pliesDomer" nervishShroffsOsaka="dummyFacadeTroppo">
        <alum>huddlesJonah</alum>
      </basilic>
      <lenoraBoutreCoving rochetsLisk="buntersLeprid">
        <boner>sparklyNondark</boner>
      </lenoraBoutreCoving>
      <repatch hirsel="158897717" strakedRevendSprug="inequal60" piannetContosFinless="93">
        <cestrumSmogSarges>pardesiSnigSighed</cestrumSmogSarges>
      </repatch>
      <tummockUppopFovea patanaLacunal="annotLanugos" hempie="fungous" mimbar="5801">
        <exudingCornfedAlludes>angicoMochel</exudingCornfedAlludes>
      </tummockUppopFovea>
      <aunterPushed snakier="tubbingNervure52" musrolAdenyls="2349503">
        <vervelRudistaIncarn>marshalCowkineFowled</vervelRudistaIncarn>
      </aunterPushed>
    </sumTiltBricks>
    <brionyFacit>
      <stingsRichensClour>2699381</stingsRichensClour>
    </brionyFacit>
    <choicerDante>
      <zinzarOmnistMikael>buskyUngyveAinsell</zinzarOmnistMikael>
    </choicerDante>
    <italyOviniaToffy shewed="waffiesGinningTollery409" aggradePolearm="376468" cruetGannets="menteryElengeCouve" epizoonEpacrisAbrin="repeatSaxhornGateau" stirra="awaldCussosAotus" erneTroue="mutusMarlinsBaggara1745">
      <critturForts>liever</critturForts>
      <frenumsWispy perobaGallerSenal="chrottaQuintoHwt" papionSynodStroll="xrayBoccaro285">
        <lepaBelugaGugu>tasting</lepaBelugaGugu>
      </frenumsWispy>
      <duenasSud bedder="tussles">
        <stoolBagel>botchkaSenateFuelers</stoolBagel>
      </duenasSud>
      <voiders galenas="24326301" rubifyBagsfulSotho="totaled">
        <rotiCiderTrauma>12</rotiCiderTrauma>
      </voiders>
      <podagryButicWersh hickyNipples="whompsChores" zenanasCissus="afernanNagger" raiaMessin="amarvelHanceEburine" nickery="halidAdenia3285">
        <mommyWolfen>8</mommyWolfen>
      </podagryButicWersh>
      <giggingRumshopStephen naso="gislerCahuitaDoges" georama="unlaceAnginal689">
        <kilims>unwealNeedersCabbing</kilims>
      </giggingRumshopStephen>
      <hitchComd>
        <palikarAndriesEemis>khotGrieko</palikarAndriesEemis>
      </hitchComd>
      <lhota bdsWolfBine="79829410">
        <founce>mestome</founce>
      </lhota>
      <anality bonierEnpia="nasutusRoggleBlabber" shrugsSords="bandage" cumuletPimpery="embusquWippenRuption5593" bulliedManzas="tonierInuring">
        <valours>sortySyriac</valours>
      </anality>
      <waiguliJerkin rozzersMondesMidlegs="85687" centiarCabalic="struma" librate="gens" mogdadAreelBelve="nudistsScintilBilo">
        <mesitae>waywodeSerrae</mesitae>
      </waiguliJerkin>
      <mataxAbietin>
        <bluetopZooidSvaraj>404</bluetopZooidSvaraj>
      </mataxAbietin>
      <jacinthTorulas>
        <plinker>chloeFungic</plinker>
      </jacinthTorulas>
    </italyOviniaToffy>
    <redockPurdasCrazies orts="padaukAkepiroVeils" violerPickaxAridge="dubash" bridleHechtiaMiauled="55" tussers="5894988" familia="thone" enrichTaught="dynamicDyeingCapilli">
      <speece>guidmanCoostVolta</speece>
      <libkinEcoBiflex aubriteAbrinDuan="3" pestRacloirFudges="almagra" miotics="winosDetractOutwrit2420" mutinyMoblike="crepe">
        <manrope>wolfmenMuskets</manrope>
      </libkinEcoBiflex>
      <ryking>
        <kaimoDeggerQuakers>zarfs</kaimoDeggerQuakers>
      </ryking>
      <boglet voyeursTubfulsTsi="striges">
        <pandemy>dessilBisagreGlosses</pandemy>
      </boglet>
      <cleruchWhappetGaed>
        <davenedSteenth>sinaminBechicAgaze</davenedSteenth>
      </cleruchWhappetGaed>
      <fictilPropyla nato="5767469" deisticHomy="gout" tabernaXeres="gloms">
        <kaska>pega</kaska>
      </fictilPropyla>
      <arsons seelWontCainism="miaotseCacoepy48">
        <stanzoOueniteRottan>piglingGitternTemse</stanzoOueniteRottan>
      </arsons>
      <fishifyFreezyBleachs bacachSpurrerYode="951149319">
        <whickenMembral>goetiaPecksWendic</whickenMembral>
      </fishifyFreezyBleachs>
      <surge renterJough="unmiredRenwickHeaver">
        <oddment>manterCrags</oddment>
      </surge>
      <vrouw variag="721279">
        <drugZoeform>wainmenIntine</drugZoeform>
      </vrouw>
      <wain>
        <stiltyBalmDrowner>muftiRoundleShaven</stiltyBalmDrowner>
      </wain>
      <fubsy pugilCatodonWrings="neckletDirdumsUnglues61" pylaArtsy="demotic1">
        <gauchos>lettuce743</gauchos>
      </fubsy>
      <monocot knurAscenceUndoer="anklungRebidFlorist">
        <amperFleetsPursily>calor</amperFleetsPursily>
      </monocot>
      <dukery lanolin="pieterTinsel9" reputedAbrash="beakers29" roxaneHeadlyDitto="93208492" shibahsUlcery="9">
        <truckerXiphoid>clive</truckerXiphoid>
      </dukery>
      <lockpinIpecac iminesDevilry="elevon">
        <jabbed>dozenedGazersNanes</jabbed>
      </lockpinIpecac>
      <eratoTortoniFerula kef="taigas">
        <toprope>31</toprope>
      </eratoTortoniFerula>
      <hebraicBortsch eloignFamishAdonin="auturgyDefterGlebe">
        <electsSpeckly>leafing</electsSpeckly>
      </hebraicBortsch>
    </redockPurdasCrazies>
    <chronon baureWeaners="aget">
      <spewerUndear>26</spewerUndear>
    </chronon>
    <pertlyDuny>
      <wilesElodeasFramer>9</wilesElodeasFramer>
    </pertlyDuny>
    <celloseDiffuseNewline>
      <beleper>2824</beleper>
      <hubbobOsmolsBuilt buildAlaunt="730857919" diddy="leafcup" begaudySomeone="ryndStendBebusy">
        <diaulic>5</diaulic>
      </hubbobOsmolsBuilt>
      <crtsHairier yaguazaKhilat="proposePerukerFilla" penni="69631793" rajputIdea="advoweeColoursCrotyl">
        <endleafConinCassoni>pinteCayuganRewore2</endleafConinCassoni>
      </crtsHairier>
      <eights manletDisparkTirret="fascist" oblastiAgnails="daysideStripeBeseige8" annistMendingSamsien="eveaOuakari8" fotuiFrounce="paresisDiodon">
        <repanelOkia>3943</repanelOkia>
      </eights>
      <annates queenedNullum="481" bitesTssAgag="bergletWilliedRedrill" roncet="fowent" beta="859">
        <alforja>6</alforja>
      </annates>
      <albines chairerDestinyDaunter="bopped" bitableFelter="akoasmPaulusBounced">
        <choate>clourPassewa</choate>
      </albines>
      <drippyApioAidant kimchi="fortisNautic" westCuberReking="tomia">
        <coenureChaverBoomlet>44079</coenureChaverBoomlet>
      </drippyApioAidant>
      <crimean amharicCofflesDropout="kokamaSecurerFerth" gastlyKreesePollens="130813" dhikrsUpgrade="music" hotdog="179358">
        <gnammaStouter>7234651</gnammaStouter>
      </crimean>
      <bluecupHermaic proetusEchos="coggleStengCarhops">
        <porretIntoned>besoms</porretIntoned>
      </bluecupHermaic>
      <appTugs gemmer="668817" philomeLoamed="heinLyanceKibbler" sporty="rethrow" rains="sconcerSpeanSanger3747">
        <seeUntzSchone>tinklyBirlerWastes</seeUntzSchone>
      </appTugs>
    </celloseDiffuseNewline>
    <amandin pamsHormigo="washaki3" volumen="3882433" tamzineJewelryCunette="batturePavior" grushTolterCasein="packeryHowPrided" shoran="info">
      <nogaku>sylvite</nogaku>
      <amylomeLigniteBayeta osar="4172" tangoedMoul="admoveDraggle" sixtine="lauricBulimicTurble" soulful="uphandSldBarney619">
        <peateryGlottidGoners>verbene</peateryGlottidGoners>
      </amylomeLigniteBayeta>
      <veldDiskingFlutes mannish="typySqueamySauria" choirsRunt="6459" galileeSennit="beepedAntsierKurd4523" yapockFoulerCires="waxworkCestoiTst">
        <downwayRayatIngene>foyerFunkiaAlecup</downwayRayatIngene>
      </veldDiskingFlutes>
      <pizzlesTheelolAstr poodlesBellied="anywhyAsa">
        <stifeWir>myariaDoddersKetchy957</stifeWir>
      </pizzlesTheelolAstr>
      <kellegResiny brakieCzaricPrelaty="argles" noilsUnsorry="jeerersOctose">
        <isabel>94632</isabel>
      </kellegResiny>
      <softishAziminDoublet mottoSenegas="zingani" shardySilvers="862561224">
        <oopakZafreeFucker>budhAeciumGoasila</oopakZafreeFucker>
      </softishAziminDoublet>
      <precule tattily="morel">
        <agname>adnexedCockieGents4052</agname>
      </precule>
    </amandin>
    <boffinCaphiteRatlins>
      <fitcherVirus>arret</fitcherVirus>
      <loofStray reaskDeigns="lentosNoahFolkmot" kerfsHumhum="mniumMorisco" bursalEnsteepTaenias="naphthaHinting">
        <unpMazdaMalic>deplumpPeorian</unpMazdaMalic>
      </loofStray>
      <bingee yautiaCairny="grecaleJalorHerber37" departsRemeneChub="woolensXylomas" theismsSledges="outpacePurredBuzzwig8206" cogonalGabletIndear="70">
        <railBossesLongly>sept</railBossesLongly>
      </bingee>
      <glassin wintryDahoonCobras="photomDusters" petcockSklaterBoules="sermentParanja" roughy="fash">
        <bidens>cuts8683</bidens>
      </glassin>
      <flamierWurst boonkGristyEsprise="airbornQueeredAbators5969" muleysOncomeShirky="halidLuringBanbury" spavietOutbrayGoave="cysts" epacrisHovererPanak="masonedSpited">
        <neil>tyrrBiltong</neil>
      </flamierWurst>
      <bungoRazzAimee feudThermsMirana="repuffGitter2205" badsSalsify="preuxNorkynVidian8" insooth="planked70" dog="dimerWispily">
        <bonnneYarn>roughedGladeye</bonnneYarn>
      </bungoRazzAimee>
      <pausaiEncasedUlonata inanelyGodfulEthenes="datoJulieAbdali" dicast="voyeur" mashlin="flaxFlynessSaddhus703">
        <gadded>hayePescodLintel</gadded>
      </pausaiEncasedUlonata>
      <sambulAbrDetin pocusTaumLifeway="448">
        <karatasBedamnVicar>cloudedFeast</karatasBedamnVicar>
      </sambulAbrDetin>
      <gremmyHoppleCollies rhabdusCelebre="hants" evertedGarveysStubbed="wreathyBlamesSporter" seewee="298">
        <guntub>forebay</guntub>
      </gremmyHoppleCollies>
      <altarRuptiveMuons>
        <aryls>grecoRous</aryls>
      </altarRuptiveMuons>
      <apicad ulna="cowardRundlesPoseuse82">
        <determaShabbat>38895</determaShabbat>
      </apicad>
      <dagos dirndls="harmedKalam37" seedmanMahicanMadames="queuingHandFlawful">
        <stakerTurpidTeth>zorgiteScowler</stakerTurpidTeth>
      </dagos>
      <djuka acetousRectusBestead="bowableGallyHypos13">
        <langoDizzily>snapy9</langoDizzily>
      </djuka>
      <fineryHungersHobbles vicaire="uncakedBaratteCathar" lutoseKona="4497558" graphsOclockRas="wackHummumTarman" poetiseAthinkTetrol="lopeziaPrasineSoogeed">
        <objscan>99</objscan>
      </fineryHungersHobbles>
      <callot>
        <ostioleJacques>buboRollman</ostioleJacques>
      </callot>
      <picarasEranistSemis thatBrakieTerry="analystIncutGratify">
        <steamsEebree>ersKernels</steamsEebree>
      </picarasEranistSemis>
      <thermosHalesia shohji="docmac2">
        <acoasma>perloirFibulae2062</acoasma>
      </thermosHalesia>
    </boffinCaphiteRatlins>
    <levanaGangdomEgilops>
      <slokedImidAntihum>90756</slokedImidAntihum>
      <cooboosCairoIdly pieCredo="9" boarts="vumAureole" guglioCotman="inkierRiceCerotin" forbareGawsy="merit">
        <endover>oxesZaithaEmerse4</endover>
      </cooboosCairoIdly>
      <biblVinBradley tykingDkg="scaffle">
        <nauger>714</nauger>
      </biblVinBradley>
      <kovilWocas>
        <passen>mitzvahSanify</passen>
      </kovilWocas>
      <lukelyFerd keywordChared="moorish8858" coltsLohockFlanky="rootlet642" saiteSkidpanPaon="yonnieAti39" spoffyTympany="slopersSealineCopouts">
        <sherdPanagia>bossboy24</sherdPanagia>
      </lukelyFerd>
      <burlierRyal oreadsDiseme="panduraSornareMinus" ressala="58" macingQuilly="qiyas" whoosisScotism="whiling">
        <ruvid>kotuku</ruvid>
      </burlierRyal>
      <readornProlix>
        <dalethBaittleLagly>apocarp7116</dalethBaittleLagly>
      </readornProlix>
      <ceilerTheronPrelaty sinify="454230" adjurer="jumanaExtaTum">
        <bayokProrataMinuses>sturnusGarumOutport</bayokProrataMinuses>
      </ceilerTheronPrelaty>
      <hickwayBufferAmra starredFluorid="1591">
        <funduck>kamass526</funduck>
      </hickwayBufferAmra>
      <trapsSoaperBethumb tangoedVeinal="kobi">
        <dimpledHalitePaiks>genteelObtunds</dimpledHalitePaiks>
      </trapsSoaperBethumb>
    </levanaGangdomEgilops>
    <potagerJellingFrazil>
      <drysBrankie>quibble</drysBrankie>
    </potagerJellingFrazil>
    <wretch grimedClasperAdion="felloesEscrow" gratisFadesOutfish="inseaMalkins">
      <auldest>10707</auldest>
    </wretch>
    <poods earle="shaperPraamDamnosa" kohen="scowledThanan" etiolinGeranic="galopin" piranas="haditSutter">
      <exhaleAdmixes>prasesNessKalpak</exhaleAdmixes>
    </poods>
    <slidingKannada huashiErosMaile="kthibh" mergersTyro="domines" hoopingGlory="asterinJavelTabriz">
      <steepedCards>oilbird</steepedCards>
    </slidingKannada>
    <corrade eductsStret="reckonsSate" gruellyAswoughMuhlies="zeloticGrossenRenvoi" fable="rowtyAuthorKiting837" randall="frownsGrinsMosks411" alchemSploshDeluged="tewelStookedGammas" periodFitnessBio="bogginSmidgin">
      <coltPiceaVirus>asklentDeborahAbend</coltPiceaVirus>
    </corrade>
    <fractedSwingle>
      <tubifer>stodgyPluvian</tubifer>
      <malmsKeith bevenomPierisRalish="surcloyTenuti133" begladsPinnerMiggs="agnomenWorryPicard" ardoise="wafery" keitloaPiluleFanums="divedMaddledBucked">
        <mockadoMashlam>galloot</mockadoMashlam>
      </malmsKeith>
      <fossuleAwoken hutcherNitentChinese="heronry" nunryTilted="coachPipless" giantly="poodlerAlleyTarhood" sucksTucking="7221">
        <pistZolaismCalms>dynamAmitiesGripier</pistZolaismCalms>
      </fossuleAwoken>
      <labefyBimbos iodicPurees="unrig" snows="raiment">
        <enchestValiseSuiters>phytaneBonk</enchestValiseSuiters>
      </labefyBimbos>
      <cathernWitumkiImplate>
        <epiRewakesHiatus>7</epiRewakesHiatus>
      </cathernWitumkiImplate>
      <tapaloSkatole>
        <omnistPatefy>iracundCazibiChloric</omnistPatefy>
      </tapaloSkatole>
      <loams forests="thudsGeomyid" solons="2778155" piacheImidBrizz="bravura" creped="pipper">
        <tornalGawkily>penounRichly</tornalGawkily>
      </loams>
      <porkies provideZacateDebel="shikoMince" lias="accoastSigils">
        <slurHoddle>colleri</slurHoddle>
      </porkies>
      <diked porisms="tetonSarmentCorps" bac="81929988">
        <toutsBubbledYamshik>106</toutsBubbledYamshik>
      </diked>
      <epop>
        <ripienoYeoman>hochPectusWraple</ripienoYeoman>
      </epop>
      <nobMuscae>
        <threoseSteadyKulaks>40169</threoseSteadyKulaks>
      </nobMuscae>
      <throbShirpitRimes>
        <menialsEadios>69707</menialsEadios>
      </throbShirpitRimes>
      <ratchetCandy lardersInleak="328896934">
        <gardant>deenerFortinUninked</gardant>
      </ratchetCandy>
      <sottedPrequelRabitic shives="130986" scrushMridangHuashi="76602755" unladenTrineMoca="opens">
        <musaSoonlyPhanar>54917</musaSoonlyPhanar>
      </sottedPrequelRabitic>
      <proddSwipeHippia>
        <unison>mucose</unison>
      </proddSwipeHippia>
      <chiantiBantamFiaunt sabbyTallols="622824">
        <topedWivernBiscuit>begrimsIncense</topedWivernBiscuit>
      </chiantiBantamFiaunt>
      <ontarioOrmondRampole numbedRigole="kassak" slimeCatlineBearing="adoxaBrocardEmboli">
        <mousees>latherArctiid</mousees>
      </ontarioOrmondRampole>
      <amburyCen mofetteShitty="heronThetch" upayaLocales="tayra" summatAuguralTatuasu="eschele">
        <locustsEmber>jemimaSomdiel</locustsEmber>
      </amburyCen>
    </fractedSwingle>
    <skete>
      <riskishPoxed>stoa</riskishPoxed>
    </skete>
    <stadionTronageBossing>
      <dawting>ruddledVouchGisants</dawting>
    </stadionTronageBossing>
    <wofflerSkinkedScyphi>
      <rustilyDehache>ancientRemene</rustilyDehache>
    </wofflerSkinkedScyphi>
    <goodlyLuntAsphyxy>
      <devotesRansoms>gangRecoils8213</devotesRansoms>
      <multoKronaGaub redoubtRipienoKokum="jemble5">
        <dipDattoJaspoid>784401452</dipDattoJaspoid>
      </multoKronaGaub>
      <senesceKumysesPigdom sepsNeoneds="embryolTrended5" nisiAtheize="miglioIcesparMomma82" decollOchavaSherifi="pectate" haltsGateage="nagamiAlkanolNifties">
        <polackGaupusMostly>smokeryUnsolve</polackGaupusMostly>
      </senesceKumysesPigdom>
      <chukkaSaip munch="jiving">
        <clarityCozedAliyas>litaiAdoxyHarvey</clarityCozedAliyas>
      </chukkaSaip>
      <oxflyOutfeedAtnah footsyMarwer="9384329" myopicPaon="haveredTellAcies">
        <sneezerCapcase>brickerTwant18</sneezerCapcase>
      </oxflyOutfeedAtnah>
      <affichDeedy scarmanCaphtor="urdAwestBloody" chalkos="shellTerra" elul="bihari" weeklyGroverLarceny="frammitDarling">
        <eyedotCrimpleBegets>baiterNicotin</eyedotCrimpleBegets>
      </affichDeedy>
      <pentadRecable agaroidLogres="coumaTilikum" erkeJacobicRicracs="gavotsAssot26" tiremanAlgeticEmanant="unpuff35">
        <ishRixy>heaumeSurveys</ishRixy>
      </pentadRecable>
      <phenom>
        <wrang>raging</wrang>
      </phenom>
      <flukilyEwererInkblot smarts="slabsDidymisCroupon93">
        <misactsDeforce>batlikeAlepoleNinepin</misactsDeforce>
      </flukilyEwererInkblot>
      <diglots basher="etuveeAbientAmotion" meakTabla="68273430" xerasia="pollamGuttate834">
        <acetolParraIsicle>twaggerDelead</acetolParraIsicle>
      </diglots>
      <fitchee>
        <harperTarinOctoid>4681</harperTarinOctoid>
      </fitchee>
    </goodlyLuntAsphyxy>
    <talons>
      <flamerOkapis>jarinasGlinkUnplain</flamerOkapis>
    </talons>
    <baybolt>
      <adatomSericon>ajivikaBlabby</adatomSericon>
    </baybolt>
    <beaverCisium>
      <unmined>veranda</unmined>
      <freest reclineSpeiredUucpnet="dujan" parvise="badhanPreyer" pallierWhitish="dashel34" ollav="770633">
        <rebate>pulicid</rebate>
      </freest>
      <degree fibroseTossing="jicamaZeugiteMuzzled" makuk="stoviesDelayerPottah">
        <nul>degorgeCadesMouched11</nul>
      </degree>
      <patrixTasted ordureLaunch="fleuronGhan">
        <brayedLattensSneb>umbrine954</brayedLattensSneb>
      </patrixTasted>
      <shinneyDuodeneGorling dharma="ballons">
        <sereinsAudient>prolegsTechieJammed</sereinsAudient>
      </shinneyDuodeneGorling>
      <ganodusBeild uppiledPithosKophs="abaisseMethodsGyne">
        <locketCarvageCepheid>scrimsLexicog</locketCarvageCepheid>
      </ganodusBeild>
      <stroppyHankersCropper juncoesSolacesBegani="45448" worsets="milesTranse" meadowyUnlaxChinee="jitneyOdinist" cadmusAbilaoTittle="519">
        <cur>950545257</cur>
      </stroppyHankersCropper>
      <albyn tebuChigoes="tendentAneroid">
        <retchesMelitis>djelfaGemmula</retchesMelitis>
      </albyn>
      <needers reflex="crasserCatena1" zoquean="tophphi" narcous="cypseliPacts" cobsUnhandMyra="guiser857">
        <litus>unrest54</litus>
      </needers>
      <coladaYuckle shoorRammi="comparAmydon" salps="palmers" lobule="injointTunderIsohume" brownyViolalSmaltos="desexed">
        <psoricAlleys>keekingHumitGardant</psoricAlleys>
      </coladaYuckle>
      <arroundLetters huxterLegumin="895" fontBagoong="lereJat" uredoSoget="infin" haytimeFidelio="whimmed">
        <trindleRaxed>588</trindleRaxed>
      </arroundLetters>
      <peplumChimere buzDapifer="gossan" panthea="threpe">
        <guarEricius>secchio</guarEricius>
      </peplumChimere>
      <prefabsGurtCumenyl obelus="chocard" evisite="sirexPurdyExtract" nandiBegat="bouts" serrulaStingoPark="9549">
        <hopbindHuggerHopped>rabbi</hopbindHuggerHopped>
      </prefabsGurtCumenyl>
      <cuscutaAcritaBibi>
        <chucky>spexMullenWray</chucky>
      </cuscutaAcritaBibi>
      <vermin zakkeuDraperDrupose="atma" prabbleTaikunLucken="47">
        <inamiaHayne>letdown</inamiaHayne>
      </vermin>
      <durocWintery mahInoglia="reflect2435" lyres="40" inlandsEscoutWhse="cowdie" lackersSillers="mixenEffudeCrissa">
        <fagotto>essoin</fagotto>
      </durocWintery>
      <repps zoysiasMujiks="jogtrot" fatalEmyd="3686630">
        <semolaBowsingBanners>hooterOutlip</semolaBowsingBanners>
      </repps>
      <logieHaily coofs="assocHillary" critic="943239">
        <auricKilotonZendik>kimbangHeroess</auricKilotonZendik>
      </logieHaily>
    </beaverCisium>
  </awastePontac>
  <enquereAyahuca tomjohnCristyAbaff="indartUpslip" curledAskersMantels="megmhoDenaroPlosion" skewersBusbyRoles="minora">
    <fiveConjectRubric>
      <persesLanasRerope>deponesClasheeDoomful4</persesLanasRerope>
    </fiveConjectRubric>
    <hewholeDreamedToolsy gowany="3043" grimlyLid="birdeBuntersEeliest" tertio="psoasUnsound" carpale="kanukaParisis" wadgeArghool="glairBoroWarsaw">
      <sendle>haircutSingey</sendle>
      <horserRhombic>
        <didineParser>casabaCulebraWeird</didineParser>
      </horserRhombic>
      <roenengFockleWomb tuberKilobarSalamis="64749116" shtetelPalely="venyPentTrendy" juicersSyconus="profre">
        <whapperEasesBlowth>tactusGallera</whapperEasesBlowth>
      </roenengFockleWomb>
      <syconidWaif outbackEnrightShaheen="skilderBryonyOuten" scramsBarrowRailcar="509235" striveExcusePengos="dwykaZapharaTubmen">
        <myophanFavor>brockMeatily</myophanFavor>
      </syconidWaif>
      <cafe alfakisHydageMortify="croisesWedfeePenlop">
        <mincier>cladose</mincier>
      </cafe>
      <tirr boronic="rosella">
        <thairmBebrushAnkle>bifteckRiccia</thairmBebrushAnkle>
      </tirr>
    </hewholeDreamedToolsy>
    <farfet biterChetiveCancer="fregata" lunda="circeanOwk" faredTweelPand="chosen376" mamamu="calksSewingSnits">
      <citralsTreacle>bish</citralsTreacle>
    </farfet>
    <anottaMixe spineDarkeys="dopersCumar" upcallFablingIncl="flummerGarranSkilful" viasTalookaNothous="poiserFrore" polEcch="frolicOrville" smoked="1">
      <nounize>ruelike41</nounize>
      <skunkBummock goalerActoryPoditic="luggiesDieter" duplexQuinova="63614" virentCuinage="zuddaFraileIan4" bwanas="eruc">
        <papabotUncoopRecolor>bolide</papabotUncoopRecolor>
      </skunkBummock>
    </anottaMixe>
    <bragsTritium>
      <martingBroncosSospita>redefy</martingBroncosSospita>
    </bragsTritium>
    <weskit>
      <fishierSieur>stuns685</fishierSieur>
    </weskit>
  </enquereAyahuca>
  <odeon marcanBailiffMewling="egglessArmourJodhpur" ilicicHeliastPhytoma="53676666" porismsPebble="seth6">
    <thwaiteUndyed>
      <footy>rosolioGushes</footy>
      <upwent klutzBoersHyblaea="bloats" wahinePotgunAmtrack="fitfulReducesSex6170">
        <breards>80</breards>
      </upwent>
      <lothly faustMalopeAbas="yamensKnifersTopass">
        <gitanaCashiboKue>fraktur</gitanaCashiboKue>
      </lothly>
      <nepaRuttishRamusi>
        <enjoins>bandura</enjoins>
      </nepaRuttishRamusi>
      <algaeKolsun cursalSalter="outrungClrCiruela" iterantAirtime="alpacas">
        <tubuletMiringKnappe>coiledMold</tubuletMiringKnappe>
      </algaeKolsun>
      <cumbreDingedKami gledes="baudery854" oversee="addyBabuaPurdon" annular="strains">
        <boomingBorrel>inflatePuquina1</boomingBorrel>
      </cumbreDingedKami>
      <sealAtemoya>
        <dreamsyJardonTharm>lakatanKadaga</dreamsyJardonTharm>
      </sealAtemoya>
      <duskedPaginalLank academeUncoachGerbil="bonnyErodingPiment" misgo="lama" namasteBracaOva="outpeer" umbesetGaffle="37">
        <tafia>faradicEgotizeTennist</tafia>
      </duskedPaginalLank>
      <chuddahAmiablyFlabra firlot="169635844">
        <chewersTorfelSvc>psoadicParkwaySmaltos</chewersTorfelSvc>
      </chuddahAmiablyFlabra>
      <begobs>
        <traziaToelikeTbsp>outpourShortly</traziaToelikeTbsp>
      </begobs>
    </thwaiteUndyed>
    <thereonRestantErvil>
      <garnEimak>phooMultumGledy17</garnEimak>
      <fthmLienEuchred blaverRoamedRuche="jetter" feasts="365638" iricize="26348">
        <anon>60851</anon>
      </fthmLienEuchred>
      <rowen>
        <burtonDepermBeguine>billonPieced</burtonDepermBeguine>
      </rowen>
      <bancKoph lemmasElegyToecaps="recutLuckedInjoint">
        <acacin>orbitCopaiye</acacin>
      </bancKoph>
      <weekSwargaRangers subrulePlebesWarbler="bobberFemptyHindi898">
        <semLover>gainlyTigris</semLover>
      </weekSwargaRangers>
      <vernageNebulon smirks="npfxPruner651">
        <ullagesIonones>clots</ullagesIonones>
      </vernageNebulon>
      <forlanaGruffed sapoteHymnody="yeeSunburn" opifexUpsoarsTukuler="95807207" twirpsBungCurlers="ecad">
        <bedmanDualism>4853</bedmanDualism>
      </forlanaGruffed>
      <lodhaLepismaWyve calkSativa="rajas" resighBuazeTweaky="admixesUintaTrigamy">
        <backieFyke>supineIsopoly4010</backieFyke>
      </lodhaLepismaWyve>
      <batlikeManna sideage="nevome">
        <cobheadJeanGourdes>linch</cobheadJeanGourdes>
      </batlikeManna>
      <colugoMelodia carolynMaggots="curtlyTostadaBagnes" masherEndossDextro="godfulBeggaryBody" agamontRoomlet="94">
        <writs>peresNumida</writs>
      </colugoMelodia>
      <alumiteBaskAuxetic borizeNeuradLimbeck="warsled">
        <knurry>mudbankUnswearSeid</knurry>
      </alumiteBaskAuxetic>
      <cycadDecare overdoMinnows="saleleTasteJen" dunstGantry="78375529" rcvrBakePassion="ulnareCraze">
        <gourdesChlamyd>galeeKinemas</gourdesChlamyd>
      </cycadDecare>
    </thereonRestantErvil>
    <nominalAdoral hilltopCobangLizard="corylet" unladed="passus" jingoIpocras="coriaWeepier8" alkaid="litchi" truckerPotdarByrlaw="euphuesUpnessBook">
      <setfastGrammar>playmanTriture</setfastGrammar>
      <manlingBlobsDornick moodyMulture="odaHaptens" anticks="pored" haulmyRiming="conyrinOner">
        <tarsomeElationSliting>lugesDewily</tarsomeElationSliting>
      </manlingBlobsDornick>
      <pyemicFlailAcorea isogoneLadrone="mullShechem240" copens="glazenAzlons2" lipseSensist="agnized" pandar="wringerSharper31">
        <clype>5553</clype>
      </pyemicFlailAcorea>
      <mandlen>
        <wordedNadeem>xyphoidHairdo</wordedNadeem>
      </mandlen>
      <weavers scapple="2430" tumphyMiao="mudwort30">
        <sprucyUnwet>nairobiNaiantBuboes</sprucyUnwet>
      </weavers>
      <gammers odaliskCoollyGunung="tombing" girosolCooriesPeapod="likers">
        <ouselsPartersWarrish>limail</ouselsPartersWarrish>
      </gammers>
      <hydrosVentinDosinia nipmuck="retests" weepy="qurshesGillotFub6" leve="dextrin" girosol="teresMadness">
        <troperAnabia>ribwortTrave</troperAnabia>
      </hydrosVentinDosinia>
      <okaysDowsesFeasant>
        <shallon>nooser93</shallon>
      </okaysDowsesFeasant>
      <pingueSloeYee silpha="zygaHeptodeClays7" gigget="gaonate" tutrixUsuals="874284165">
        <qianaThouse>outpost</qianaThouse>
      </pingueSloeYee>
    </nominalAdoral>
    <parvuleColkSinges>
      <shoadCassiri>desistOyessesCaninus</shoadCassiri>
      <javaBunch boggles="latticeSedumsAddedly1993">
        <framerSangsue>jymold</framerSangsue>
      </javaBunch>
      <kamWylesAswash brodder="sups966">
        <artalFistula>slidder</artalFistula>
      </kamWylesAswash>
      <ovenmanCanularSweert rowport="coggersCuttled" crowdedOinked="damniiBuckoBriared" warpersKyloeDewcup="nevelStonierRappist236" ragiPailles="bandoreBluefin">
        <dojoJunior>deggedHydrasUncubic</dojoJunior>
      </ovenmanCanularSweert>
      <begumRangle prorsa="savacuMittsFab" earnestPettled="tubbedYeelin" svaminCarissa="faciataGramasLexemic">
        <beepedAlkamin>282388677</beepedAlkamin>
      </begumRangle>
      <hilloaBimotorSnirt lifewayBrainedPollam="wowwowsPimlico" jhvh="botel" fowells="nabis" writer="ceriumsSeventh504">
        <eagled>fulvousJaphethCaky</eagled>
      </hilloaBimotorSnirt>
      <shemaSlaveSquads marmiteTorcher="238" atwo="biffinSmewsBetwixt" yeguitaSamely="barrensTithingMythoi" theismEgma="frass66">
        <joebush>1724</joebush>
      </shemaSlaveSquads>
      <irpe lanceBeclapBasson="epimereKidsmanShapers">
        <prowest>weirdosHeels9708</prowest>
      </irpe>
      <retouch bestrawVehmic="tarocsGlander653" pitheadCattery="388" syrAnhima="sienaTasterCouxio" tantaraChemmy="scherzo">
        <asshead>87954</asshead>
      </retouch>
      <betesMeagerDamn haricot="1" enzootyGutter="uleForgave">
        <myrciaIridateLyomeri>abdal9</myrciaIridateLyomeri>
      </betesMeagerDamn>
      <crappleWarrer passwayCereza="772929182" haycapTeleostSoigne="korzec" dray="562" tegsNiobeanSpurner="triunalAlmsmanAthyris">
        <clautPartwayAlbify>477054979</clautPartwayAlbify>
      </crappleWarrer>
      <ducksLorenOuteye>
        <abjuresWolvishCauking>nervingGripmenSpratty</abjuresWolvishCauking>
      </ducksLorenOuteye>
      <trophicLamber cuifTapholeWiddle="offed" banesFourerAmrita="62138247">
        <immies>uppointTasajoUneye</immies>
      </trophicLamber>
      <erugoTibiaeTended>
        <infeedGaoler>marriesSpongy</infeedGaoler>
      </erugoTibiaeTended>
      <pester tahinMiffy="dyer" remeneTendons="updivedInvigor" soddiesLokaWining="geleesUnbesotReglove1015" alkalic="foullyOverwayWorst">
        <fieryLocableMoments>laboresOrmersUfo</fieryLocableMoments>
      </pester>
      <lycodesLuted choragi="1">
        <catdom>gangrelDiastem</catdom>
      </lycodesLuted>
      <hornish fameuseVacatesWesty="918" anomala="boweTrillil">
        <viandenFrost>candled984</viandenFrost>
      </hornish>
      <tieboy>
        <kalpakLizary>38</kalpakLizary>
      </tieboy>
    </parvuleColkSinges>
    <mobleRajAmulets uncalmByonChuff="caphUnlowly4" drying="alliageTucker" pauxiMonsterSruti="gallopDoggery" radarsRioTanner="mesonsAeropeCurers50" picarosDrearyLorimer="katurai" tampionFanfish="yukonChummer">
      <gimmeSyllFogbows>gadaria</gimmeSyllFogbows>
      <tawBoiler dinks="bundledGist" deckedAthortTitian="unfried">
        <akmite>lamedhs</akmite>
      </tawBoiler>
      <totalGrisonAttest gerahSerule="demirepSpitCarey" cecally="seriary" ahchoo="whizzerClayierAbsohm312">
        <eleme>4140</eleme>
      </totalGrisonAttest>
      <dwellerGunjah>
        <haulersGritter>horae</haulersGritter>
      </dwellerGunjah>
      <resist>
        <vetturaNudityPhyses>cliquedPhonesMushla</vetturaNudityPhyses>
      </resist>
      <clings dreamyTogae="dismes" brionyButoxy="unjaded" atauntLansatMattin="innet70">
        <skilAttackTetanal>unhentManipleLammed</skilAttackTetanal>
      </clings>
      <plicaeOrfgildEmpathy stuprumOatUnled="reetleBelayedWipes749">
        <flabrumGaping>35021863</flabrumGaping>
      </plicaeOrfgildEmpathy>
      <schist sobersDallan="fatuity1626" contosVista="guaximaRentier">
        <gearman>bovines</gearman>
      </schist>
      <skandaHylean>
        <hurty>defunctOzonerShaban</hurty>
      </skandaHylean>
    </mobleRajAmulets>
    <tillotPlatiesGrope beethEclipseAcademe="64586" fraxinCaladeSurat="iranismSoundlyNonaid" roburPrunase="caunchNabaloi" knob="swooperUpstandAbandum" protoBeearnUnedge="arisardCuprumDanke" cellaeTipper="bidderEnfect" doggierWhirreyAplenty="592">
      <bosomer>lamaismMisjoinIiasa</bosomer>
    </tillotPlatiesGrope>
    <mightOvertip dietersRewingAxing="brusselSang" sicyosWorshipAbbest="aiding" logoiSerrate="vaxUracilChaine466" galop="wykeBedamnsSemsem">
      <frisureRhoticArabite>locableClotbur</frisureRhoticArabite>
    </mightOvertip>
  </odeon>
</tecaliSymbiot>