<?xml version="1.0"?>
<metricsMedusa>
  <abominePeseta giverHods="betrays" bescarf="scorify" pluffyLanely="angiloGalways918" muggUnbroadBarbu="746" />
  <auhuhuGlike levelsAus="wardenRobinet3929" votive="unsootDornick" roaditeTrothed="boyauAsself" tackler="upcry" />
  <swannedXylosmaPpl crambos="roungePlurel" bagassBuboSawlogs="interTouters" shaftyInogliaSienite="178352" patinePavy="charpieKinsman">
    <sutureCoral devot="31" cliquyInknitBounty="ruinArvalRethink" bruntEnoughEnfume="lanewayMyelineSairve" robbinAspergeChalahs="53" algins="grivnaUnsadly" lanugosSignifyToshery="madi60">
      <volarAntisexChosing>muddily</volarAntisexChosing>
      <peep geumGiardiaMailing="farcing">
        <jinnyPothery>lucius70</jinnyPothery>
      </peep>
      <demiStarvesLazier burnetHinoki="49213">
        <yakanRipsPilose>amorite</yakanRipsPilose>
      </demiStarvesLazier>
      <speroneWaggieBucket kenyan="eole" taxusWendigoKerries="vealingOpticonDruidry" menhirCasinaUpflee="quincy47" fridgeCafard="fibbingQuadiSavines">
        <peruse>parergyBimodal1733</peruse>
      </speroneWaggieBucket>
      <funginDarrenHoydens chatNinthlyUtopias="fezes" plenumCoxalgyBowly="carrs" tensesTervee="vucomTercels">
        <setpfx>sordo</setpfx>
      </funginDarrenHoydens>
      <montemTorture>
        <swattle>avisos</swattle>
      </montemTorture>
      <kewpieToughRaffler equoidBrevetHerse="kifWetback">
        <twingleTurcoCerat>rewindsDampens</twingleTurcoCerat>
      </kewpieToughRaffler>
    </sutureCoral>
    <belier>
      <aretes>marcotMalignsNoggen4528</aretes>
    </belier>
    <fewsomeSatable>
      <fumiest>mahal3289</fumiest>
      <vilest laudianGemmoid="theresSalient" ashamed="targedOctyne" phallisScraggy="tressesAgnosiaVanning" wooablePiplessEpeeist="86">
        <prowest>pirayasGainedPrezone</prowest>
      </vilest>
      <peckage oocytesBisonsTeleuto="stodFonded" sumpleAveril="moonwayWashierOrigan" dawut="horkeyPerdusMabi" polygamJann="tonkawaTailer">
        <strips>dravya</strips>
      </peckage>
    </fewsomeSatable>
    <piddle>
      <doat>tacketsLadydomSiskins</doat>
      <miaeGaditanCeil nepa="ebon1345" elfin="9687615" orselle="aunt472">
        <poeDudineAnsar>danseurMollah</poeDudineAnsar>
      </miaeGaditanCeil>
      <tunniesKittelSab dureeSilency="naulage" shakierAlien="felsTaminy">
        <emydes>pavoneHochCultish</emydes>
      </tunniesKittelSab>
      <vacuome burgoosProverSoddier="6751" mozette="uramidoFetusPurveys21" teentsyUnsee="hews">
        <effeir>gnarrsMeltithMetate4640</effeir>
      </vacuome>
      <unlushRool oximNeo="4000" derbiesPlanetaKolkoz="starvyRectusStatua">
        <hemipicScorer>lianesPodge</hemipicScorer>
      </unlushRool>
      <areal waac="usitateAmended" myrickSestet="marehanDeaned" gybes="fedarieSayest">
        <lutesIntsvEyres>886</lutesIntsvEyres>
      </areal>
      <duole triceWese="titiesAramu" couvade="shads" sayst="masersSadite2">
        <gals>skiings</gals>
      </duole>
      <scaping>
        <dropt>jeteGisarme362</dropt>
      </scaping>
      <inkieThebain coct="slat" bristleCrane="arabitUrania">
        <euclase>zincousGozillCawl</euclase>
      </inkieThebain>
      <pituita ogams="screech" stoitBistDorty="blazonsTotquotSeed" sithen="poorerRogueryGunj58">
        <iodizerRacion>bonzerIsthmia</iodizerRacion>
      </pituita>
      <mirageSel uncasesSooper="1800242" dealateBedwarfCuckoo="redowaGibbons">
        <riskedWaxyTunnels>free9897</riskedWaxyTunnels>
      </mirageSel>
      <speck>
        <sepiaryApastra>canoingViniest</sepiaryApastra>
      </speck>
      <decenceBraidedDakhini mudee="646941" raffmanMeany="63752" kursaalRewraps="245167">
        <spaldUppuffBock>51565</spaldUppuffBock>
      </decenceBraidedDakhini>
      <wittedSexern haupiaJos="reminds359" dryster="boosies" indoinSaughen="hackled" lazilyFormeneTeddies="2">
        <mingler>277147991</mingler>
      </wittedSexern>
      <follis>
        <caecias>larum</caecias>
      </follis>
    </piddle>
    <copalWormed>
      <cantico>kochHorntipIdleful</cantico>
      <mestome mafiaStylo="ploy" endearsConatusYaray="editsBeadGalore" avisosImagoChupak="holders7" reblameBason="astersCircum">
        <lensesKanawhaPacha>bircherPaegleDiosmin6</lensesKanawhaPacha>
      </mestome>
      <seawall browner="tiplessGharial">
        <pepsIssues>miamiaBhistieAtheize</pepsIssues>
      </seawall>
      <travelsRetiary knopperVaultyPontin="tepeBechalk" barytas="impheesApehood">
        <ismy>92472007</ismy>
      </travelsRetiary>
      <knarredWeedfulGagster gruelerCubbyuHelply="timeGaolerRetaker">
        <dispartFoxeryLuller>ideafulTamulicBenacus</dispartFoxeryLuller>
      </knarredWeedfulGagster>
      <pusleysCeroAlginic naggierHuerta="hypoxiaTunicaeMarok">
        <potagerLiss>pesTembetaChullpa</potagerLiss>
      </pusleysCeroAlginic>
      <shallonMonitor braver="samariaJesuist" goidelFoamers="552" skimmia="chesselManessMerged" dipPhoebeMettles="417092">
        <monthlyAylluPodzol>besteerAuresUberant6</monthlyAylluPodzol>
      </shallonMonitor>
      <krengJoinderPinang zoftig="audreyEngluts" gimpyAnginasJobson="coniferOfferee">
        <aureneUrucury>yaird</aureneUrucury>
      </krengJoinderPinang>
      <bidpaiWabiFimble crojackLida="flagonsRematch5" vexing="davyneRounderChiplet" nitterRedoing="quaymanRoddin" noyfulGogletsPrix="rldAumMacing">
        <wadeLicking>laronTieboyTam</wadeLicking>
      </bidpaiWabiFimble>
      <daffedKohlSealike>
        <patiosAscendsAlphin>mutaNettle</patiosAscendsAlphin>
      </daffedKohlSealike>
      <pipraTartare parody="94936807" catchie="sattie" annule="saltmanTenthly" forthWale="yeasSouserManiple">
        <wheneerWounderPosada>queller</wheneerWounderPosada>
      </pipraTartare>
      <avidyaIsospin disnest="516457373" sergipe="futuresDoglegs547">
        <wryer>whid</wryer>
      </avidyaIsospin>
      <balsams>
        <crareFidelSkalds>undyeWariestUndeck</crareFidelSkalds>
      </balsams>
      <fusees deesCoyly="dyesterGitonin">
        <rotherHelleryMhorr>drageeVenkata</rotherHelleryMhorr>
      </fusees>
      <unclifyUdasiLis megapod="7" isoamidJampani="beshow">
        <nomicYodlesAmiidae>ridgil</nomicYodlesAmiidae>
      </unclifyUdasiLis>
      <batlet inkArcos="46">
        <gizzernThrust>paunchyHankingAshamnu</gizzernThrust>
      </batlet>
      <scalena>
        <acanaTeughly>mushierCarlet</acanaTeughly>
      </scalena>
    </copalWormed>
    <zapsStangsOrth>
      <redbonePruners>sessionCombes6480</redbonePruners>
    </zapsStangsOrth>
    <oundsHab manorGedCorrel="dielikeEunomyTrotyls" scouthAgnathaConjee="flumeSolon6" batuqueDermis="samory2282" khasiDjins="tapeman" disableKirkifySimul="squattyLatests">
      <coosifyChemizoRfb>giunta</coosifyChemizoRfb>
    </oundsHab>
    <reloseLarches>
      <lesiy>696538</lesiy>
    </reloseLarches>
    <legrope sidlers="enlacedCindy" guildImbued="forgone4217" kouza="feyerComplexLarnyx5860" deal="glosts43" tudelErogate="electlySnaws">
      <catodon>bignessCentesmPlacard61</catodon>
      <matronToys climataWauchleSkyhoot="9883441">
        <squetee>pikersRectrixFascias</squetee>
      </matronToys>
      <grammarStyloYugas alhagiChunkedRetiled="mycosisFedTimable">
        <toluic>coinfer</toluic>
      </grammarStyloYugas>
      <epheticPooris aniliidRepastCentner="phrenDrams">
        <xxiiiAmakebeKam>centalThrawedUnsteel57</xxiiiAmakebeKam>
      </epheticPooris>
      <loopers theresaHippianLusted="feria" clogger="knitchBrowner" amydonTitmal="1" ilimaLaxer="lithy84">
        <dedalSaline>mid</dedalSaline>
      </loopers>
      <almique toluido="62" trashesQuinnatFuehrer="vaporStalag">
        <zigsOrachesMotty>kilimsUseDirged</zigsOrachesMotty>
      </almique>
      <urheenSmythEmanate upbrayPlacus="bittsCheungAtry35">
        <gushetWingMoriori>plusherAegagri9</gushetWingMoriori>
      </urheenSmythEmanate>
      <fittingOffalsSnubber>
        <glorify>blaw</glorify>
      </fittingOffalsSnubber>
      <hoboingPasquin medidii="ouvreFinally" cloughsClernly="limasStareeMpangwe194">
        <branleWeekend>bullae</branleWeekend>
      </hoboingPasquin>
    </legrope>
  </swannedXylosmaPpl>
  <bossaHayselMissish cutbankHellenCludder="ouakariResoundTeaey" misniac="morfreyAvers" bladerDun="beyondTribal" maimersSailersUpcoils="433745138" />
</metricsMedusa>