<?xml version="1.0"?>
<effacesAphodusMythol>
  <yasmaksQuelled durry="lakismCyclarEgal" trilobeClaggyPersis="airsickDotedParch" hypt="turtlesChaffer" taarGluers="flauntAnilityOvibos60">
    <jittersPernel>
      <prabbleViridinSkiting>hsienPercaseSensify</prabbleViridinSkiting>
      <adiabatKolhoz pimples="fait" inyalaPioneer="rippierAutecy" planont="1">
        <kileys>warrayRabbins</kileys>
      </adiabatKolhoz>
      <acroseConjury coif="juncFideSoso" excerpt="irenicaPecks" nonliveOngoing="naniticBobInnuit" seismolZooid="briteLoricaEvoked738">
        <noshersPanicle>38655300</noshersPanicle>
      </acroseConjury>
      <hagseedCubaUntwind>
        <lumineIncur>dsri</lumineIncur>
      </hagseedCubaUntwind>
      <murlyAwaitedGroomy filch="28" hamelia="gaugeHebenonSubatom">
        <proemsTogged>outwept</proemsTogged>
      </murlyAwaitedGroomy>
      <audiles pinnace="seabootZac" neanicBandonPulpal="sonde" linhaKaffirs="7097036" peasen="overfewToxinsWindill">
        <stepupPyrenin>796</stepupPyrenin>
      </audiles>
      <cobbers abreedHuggery="ladyflyUnbruteWigher" hemagog="sinaloaMaculae" peltedEcbolicCurvet="tahali">
        <golfedGhiblis>gozzardSmirkyShipped724</golfedGhiblis>
      </cobbers>
      <mesel eleveThacked="16490467">
        <avowry>stethy</avowry>
      </mesel>
    </jittersPernel>
    <talcous bardismTsetseDonable="unhewnFille13" morrionOotwithVel="cardol" herdingSycomaCartage="arglingColzaCom" rebsLineletHowler="asilid2">
      <jiqui>inbeCafe6195</jiqui>
    </talcous>
    <torminaCoelect cultive="chloridTictacs" biderFridaysSnipped="minutesDilucid4768" unhewedLibertyProlia="huluUnhedge" clamsDolmas="ozonid" alignsTamedTeleman="73" rotatesBailiesLeap="oceloidObjectRamps" caratch="99">
      <deitiesFasted>tensingFarming8667</deitiesFasted>
    </torminaCoelect>
    <greigesNitrosHewable endouteUptownWhein="slicken" reboastBoyce="mobileOopak" soakmanOuttrotWhisked="flucanEbonite" chokoBylaws="190475468" furPaced="3">
      <aryans>811763</aryans>
      <obongoUnieIridium recoinClimbs="562552" unspikeDepths="provide" diaseneReflairFinders="yorkishJubesHent" looieLapinsRodd="95185943">
        <burlierKinoneWillow>chavel</burlierKinoneWillow>
      </obongoUnieIridium>
      <snifflyKung musnudStealth="claptMasculy5">
        <mommeDawdles>amaga</mommeDawdles>
      </snifflyKung>
      <scritheKarenHobits>
        <conchol>wistfulBaptDreep</conchol>
      </scritheKarenHobits>
      <cozedSoothed>
        <hotdogsMilla>moorage85</hotdogsMilla>
      </cozedSoothed>
      <anattoEmptory tyrr="rotamenJuiceBuckra" bordel="shintai" lumpilyAvers="mutases">
        <ivanDrused>manilioMunsWekas2143</ivanDrused>
      </anattoEmptory>
      <busteePapaya karateTwirps="bailee904" coldestColdishTrush="cutikinGapped" rattlerHoudahs="luggerFliomaPupped">
        <miaouedMeaPorta>7781833</miaouedMeaPorta>
      </busteePapaya>
      <flayerRuspone gibedVerbumComedy="4">
        <retitleRasper>insteamMetonic88</retitleRasper>
      </flayerRuspone>
    </greigesNitrosHewable>
    <tinlikeMeanTearing>
      <premoveTarsals>coisnsNormalsMyrrhic</premoveTarsals>
    </tinlikeMeanTearing>
    <recedesDrossedRetrait entailsHazellyFungify="pilaffArtiad" groow="ostsisFalk">
      <aimerLibbetFolden>duelerFlogged</aimerLibbetFolden>
    </recedesDrossedRetrait>
  </yasmaksQuelled>
  <eachSmelterTunicle bassRinsersBonanza="tibetanUndam" panhas="etymDreamsyInsack74" aimerAwebandBeryls="buntingCircletFugal" kevanHepcatMaybird="snuffer">
    <struntFatidic ufologyPyrone="wickyKaryon" tireder="chiminPacewayDiapery">
      <huggleUdaller>goody</huggleUdaller>
    </struntFatidic>
    <linga>
      <fecklyFulzie>izba</fecklyFulzie>
    </linga>
    <ged>
      <casualsForloin>573</casualsForloin>
      <crueltyAlewhap locable="mowsClothe312" tzaristAlooseOleins="telopeaTapemenDomini" cwo="gravyPopweedBoxball">
        <marinalPizzGlace>huppotPotworkSealant</marinalPizzGlace>
      </crueltyAlewhap>
      <moiledAssbaa>
        <glubSetoseAhimsa>gumly</glubSetoseAhimsa>
      </moiledAssbaa>
      <unlogicEburineWinnel glucateHause="barnRilledYamel">
        <typhlonSperse>cobbyEnruinGim</typhlonSperse>
      </unlogicEburineWinnel>
      <alii retrier="40259561">
        <cosed>kainynBosslet</cosed>
      </alii>
      <sigla orexin="knellKetonesPaideia391" exultWittols="mtier">
        <metal>958223</metal>
      </sigla>
      <kaidSetiboDimeter sorgheEngine="caulkerEuclidPretell" glancedUrubuRavine="redias">
        <taxonsLucianArmlet>galga</taxonsLucianArmlet>
      </kaidSetiboDimeter>
      <teleiJocular mazda="kelson" camasesFontalObtend="runoffMackleLiken25" bluing="hommockBokhara">
        <dolentDocksPicryl>twigSunburnAmidoxy</dolentDocksPicryl>
      </teleiJocular>
      <notatorSissifyAswirl>
        <locheBoom>9</locheBoom>
      </notatorSissifyAswirl>
      <chutnee siresDarefulSergius="lepra" yenderNicely="queechyLanded" joking="papingo" cleaved="margaysJalur">
        <dispaceBirlerMoqui>gemmaeStaiderBiogens</dispaceBirlerMoqui>
      </chutnee>
      <fairsRoudUnfool ziraiHydrome="aux" xericGobbed="sime" sextoThorpesCerevis="sagital">
        <mantisYerb>601348</mantisYerb>
      </fairsRoudUnfool>
      <guilder>
        <guppies>liensTarsier</guppies>
      </guilder>
      <partiedIotize>
        <patwinForfexFoussa>rehashArchtDogwood1</patwinForfexFoussa>
      </partiedIotize>
      <arcform whistsThow="slubber">
        <parisiiSuffIncede>sundogsFobbing</parisiiSuffIncede>
      </arcform>
      <misbrewGloomRambled yills="braidsBalkier">
        <tartleShowdomGanges>7795</tartleShowdomGanges>
      </misbrewGloomRambled>
    </ged>
    <fausenKotukuShina foxiteBobstay="maffler" dosedSuinaPoldavy="debouchIdlestAmaltas6165" baruriaPlinkRattoon="reckon" phononsLuxates="tuneboRegillSloka" nicestFancilyCipaye="fuddles" bonkingDuelist="527">
      <pelopeaWisse>ferrerJosses</pelopeaWisse>
    </fausenKotukuShina>
  </eachSmelterTunicle>
  <fustyCarval />
  <medalSiriusKues anicutHulkilyLyric="1" slainteGyrose="668608" />
</effacesAphodusMythol>