<?xml version="1.0"?>
<toozooVeilyPodites>
  <mofetteJesus cupidsWloka="ceresAssurd" broad="spinkCatchieChucks" nooky="thingumBummlerAurene" diverbFibrilsScoup="camara53">
    <sharkEpergneAeolist>
      <zongora>922278402</zongora>
      <artic ikaryOvoli="budumaRamulus41" coddersTackerSignore="78329" unfoggyAvails="vertuBurgeTandoor" frazzleSplurgeLaundry="teak">
        <reki>755125725</reki>
      </artic>
      <cratons wad="bollingRewrapHanks" spicketGujrati="ankushaAmanteMyalgia" dockedBespawl="riggiteHoardLyssic" layeredKnaidelNummi="claim">
        <mackleCete>outerlyIpseand</mackleCete>
      </cratons>
      <pprLeep belikedKills="lowboys9">
        <setuidChiasms>tramwayPlayer</setuidChiasms>
      </pprLeep>
      <glbSubfaceNoy inosineLudian="cuddlesClitionIridian3340" jamoke="forfex">
        <kurganVulgoBuckram>zelkovaCocoPlurify</kurganVulgoBuckram>
      </glbSubfaceNoy>
      <stiffedJos sanicleToppy="calmed" codeiaCockish="82077" palsied="displeParte" premiumReversi="blankerTromps">
        <resty>pilerGoalers</resty>
      </stiffedJos>
      <tercelSouters alveoliHaj="alaresFaulxBebotch">
        <acrid>coniumsCurches</acrid>
      </tercelSouters>
      <foldyJurevisGouging hawknutDecAbalone="biflexChuteBeveled" spavies="18" lokiCaribalGabbing="isogenNoummosWankly" freir="naidUdosSaccoon811">
        <falculaAcestes>manikinGluingBautta673</falculaAcestes>
      </foldyJurevisGouging>
      <burbushDronet>
        <hippia>wink6</hippia>
      </burbushDronet>
      <siltPierGou hilloedFlytesBassie="ricinYahweh" yessing="dietarySideTepa7263" puckseyWicketsHallier="5337455">
        <goodbyeCosets>poemEscuela4220</goodbyeCosets>
      </siltPierGou>
      <triglot adapaNegrine="nasticJellica" fencerRimierRandy="chaps" smugism="puistie9866">
        <yakkingCathine>lanceVintryScours</yakkingCathine>
      </triglot>
      <gillnet>
        <capel>darkey</capel>
      </gillnet>
      <yirdBoutre mahAurylHaiks="upmixSovertyOnymity" oddToppleParodic="manly34" bulteyDumped="woesCorradeCensed" exurgeHagworm="humerusStoreySethian">
        <evictorJesuits>50</evictorJesuits>
      </yirdBoutre>
      <almadiaMicher epochaMushesBoolean="85803566" traptTrabeaSpooler="motoredJacanasFinked" schanzDefiber="pashka" icyParianCeinte="statorBibulus">
        <nacket>235</nacket>
      </almadiaMicher>
      <looedPistiaOverleg redefyChimbe="aerose" swounHogglerLeonine="tiplePitonSwertia3128" cholosSlakesHalve="pint">
        <dozzleHurlpit>pluries</dozzleHurlpit>
      </looedPistiaOverleg>
      <moonsifHocusJoshers maxixes="feds">
        <brushesLimmata>37010</brushesLimmata>
      </moonsifHocusJoshers>
      <caesuraReclama zoarialCowagesStoach="khedahs966" kelliaMetifGiterne="abeyTonkawa" snickleInosinAbsis="ipecacsMetho" unrived="guffs">
        <yipping>maitres</yipping>
      </caesuraReclama>
    </sharkEpergneAeolist>
    <foutyRagees furrowNettled="pachasLituateInching" kilt="waymenPudsey35" upstealMeeClare="burtRelets" endechaScrobisIncudes="voxShoaderColcine">
      <sedang>gagged</sedang>
      <ageableBelieveGargets chape="isopyreLambdaWiten" minoraNongPulicat="7701192">
        <twankayRentes>golokaStroudEwer4310</twankayRentes>
      </ageableBelieveGargets>
      <saurelsCobbledBulgur hitcherMiggle="dashnakKumbuk" herero="graved">
        <forloinUmbrateClumpst>wedgiePorches</forloinUmbrateClumpst>
      </saurelsCobbledBulgur>
      <bendsDeggingJoneses basten="ambarisLox2" stelaiSclat="reverb8" shirred="spreedAllectPitier799">
        <greeingDwt>spumoidTreaty</greeingDwt>
      </bendsDeggingJoneses>
      <removedBrazingEldress addaxesHelmsAbuse="themis" ordosTheory="pietoseCocculeCryptic" sudses="lanasSpreeuw">
        <abortusLeonist>inductsAcuerdoPilies</abortusLeonist>
      </removedBrazingEldress>
      <scorersPacinkoBarbary titivilFulcrum="nippingWusp" mythOamOval="aristaeProggedCostal">
        <dura>pandoreGufaKoali</dura>
      </scorersPacinkoBarbary>
      <yaw sheenedMlx="ablestWelters" fatterAnilaoMennon="fideCrenaeRaces" palay="birsle" fatsoes="wennierMostingAbnaki">
        <trashyExports>cymolEcteronTyned465</trashyExports>
      </yaw>
      <meedfulManquePankin mockishRedox="swankedPapelon" respeak="aroxylWirr" mozingIchthus="acloudLysol">
        <emblemLotmentIdic>tautogKojiri</emblemLotmentIdic>
      </meedfulManquePankin>
      <cosiesSyntonyTrompes silangaHussy="rhaetic" halmHajisDawned="prorsadLimpest" degaussCoifLagoon="4">
        <tussis>asgd</tussis>
      </cosiesSyntonyTrompes>
      <cooledGroow dominiBraw="sturbleHamatumMarry" mundaBudgedScaife="quemStopped" euskera="sheeneyCrownerCampy" tapetisAunties="arbust">
        <managesTeihteKerwham>anes</managesTeihteKerwham>
      </cooledGroow>
      <ffaSeljuk hooches="khedasDriegh17">
        <anyoneToxonPinulus>siryanDondiaRevving</anyoneToxonPinulus>
      </ffaSeljuk>
      <honkedEdibles petrolsDentary="arianaRevertImbuia" tardo="carbroSlattedLucrece">
        <gryphonChawle>servageBeetsCutlers</gryphonChawle>
      </honkedEdibles>
      <taggersTindersForgett muggarChitaColog="59051" bismar="deltasUirina" gearedManly="bromoMisadds">
        <jadesHadrom>naysSkiff</jadesHadrom>
      </taggersTindersForgett>
      <grigShoon carnacTilthsGliffs="binitsEburnaHuma5202">
        <frothsDybbuksHalcyon>alfuroPecansLodgers68</frothsDybbuksHalcyon>
      </grigShoon>
      <asidesWagwagFoods agritosCoucherLler="sextaryHeist" cantishPelagic="569" flossedTaupeWholes="pithead827">
        <babyishExposer>792900</babyishExposer>
      </asidesWagwagFoods>
      <gigeriaMyiosis shirkerDakirToshes="totymanLucibleGotched">
        <aworth>supremo</aworth>
      </gigeriaMyiosis>
      <nocuousUnslit parisiiNoticer="bethelsGoutsShowier">
        <fem>dutiesWhereto1595</fem>
      </nocuousUnslit>
    </foutyRagees>
    <tolas movantEmoveSynd="932">
      <veterThoron>mojarraPopeyeLealty</veterThoron>
      <nosNewshen camoisSuntans="excrete874">
        <thecium>joltedSilkiePokers</thecium>
      </nosNewshen>
      <ledgier pitmanMuffle="criticLoca" greenly="hakuTonics" flasketCozie="3">
        <flocks>13</flocks>
      </ledgier>
      <toffeeAmtracsKisser>
        <vaguishVapidlyStd>278276593</vaguishVapidlyStd>
      </toffeeAmtracsKisser>
      <achyLagger healerNightyFilles="sworder67" ierne="sisesLatrobe" mikir="termineHueAirshed">
        <purdasTiderip>hadboteFirmityReeve</purdasTiderip>
      </achyLagger>
      <workshyNertsFleys nicolsCivism="3124450" leonidPrimate="annoysGyri" resownTagelRinded="copierTygEnfavor5255">
        <awn>tolly</awn>
      </workshyNertsFleys>
      <overfagArnicas flybaneSendoff="inviteeWhit63" outcullClovene="bruno" pagnes="neurualFatsosNazir" esteemsLysisAlcade="rubacesKrems">
        <albacea>3135</albacea>
      </overfagArnicas>
      <dryops mapped="cannat6974" chiasmi="bailorsBromid" gowansAgonied="oraePeever" ageusiaParli="diarialSurtout">
        <bebopsFusulaeBoomdas>ethrogs6</bebopsFusulaeBoomdas>
      </dryops>
      <garbillAgamianAimful bywordsAgouti="birthRefusedJimminy43" gawksByhandFeoffee="jelling">
        <derahPharaohBrews>cly</derahPharaohBrews>
      </garbillAgamianAimful>
      <minhah darinHiemate="6" tyloticGnosis="kialee" avertinTannageMilieux="bemudPardner">
        <eighth>madnepConcn</eighth>
      </minhah>
      <saxaul pewageMegmho="giggetHulsite">
        <reqCringerNorwest>silScious7</reqCringerNorwest>
      </saxaul>
      <satinyDorbieCroisad fodda="ajivasExorZonaria">
        <keepnetWittolsStatued>coomyInvoker</keepnetWittolsStatued>
      </satinyDorbieCroisad>
      <ruching bathesTruchaMetage="undon">
        <aflightCowgate>upsends98</aflightCowgate>
      </ruching>
    </tolas>
    <staigs grayed="ichulle" panadeEider="cornyFiestasReguli" noctuaJewlike="dessousSandbagForride" fraplerFooledSandlot="tsadesApogenyStrave">
      <tosherPoppets>colonicDrou</tosherPoppets>
    </staigs>
    <mellahResole tankkaGrimmiaRangers="secess" dibbedHyacine="warblerAnciensSpicy">
      <provokeAdhibit>pinotPrecaryUtopia</provokeAdhibit>
    </mellahResole>
    <shewingFettles heaumerEllwandWaister="wapatoo">
      <batsmanAghast>hedgeCobwork478</batsmanAghast>
      <dunnockInferMittens>
        <sleepyRinker>bleezeNuttingSadware</sleepyRinker>
      </dunnockInferMittens>
      <nuclearChrottaDasya incutStoodedCello="ensuresCanardsMapping" hamfatSurgeConvexo="979685" sumacOvumHexdra="beddersClovery">
        <furcaStyanyLacking>pilary</furcaStyanyLacking>
      </nuclearChrottaDasya>
      <buteCurser owenian="bumpilyBrock" leegte="663" gosMarlpit="overplyKraaled">
        <guato>6</guato>
      </buteCurser>
      <eggar entropyInures="clatter4152" ikhwanParkishGalerie="crakes" cymbidAinoiBribery="headed">
        <habaeraFleingSerring>90274914</habaeraFleingSerring>
      </eggar>
      <nagmanDottilyUnfur etweeQuisPumping="charrOverjoySpunge733">
        <slicker>rapper7</slicker>
      </nagmanDottilyUnfur>
      <ruffe jauntyHeavies="brusureLynceus" smews="quippusRasen221" haetMaskinsBalawu="geck">
        <mellowyDahoman>almondsDagameCrex</mellowyDahoman>
      </ruffe>
      <fidEsexual oleFoggage="quads" kamasinAcadie="cansoZizith">
        <lisereSigmate>paversPretendDeltas4428</lisereSigmate>
      </fidEsexual>
      <dogiesDullish>
        <trabant>morale</trabant>
      </dogiesDullish>
      <pyropeEvertorObsign moilBurschStumped="meldersKieye" brack="liinCorema" drywall="80770" vawntie="8284">
        <babu>maleOctets</babu>
      </pyropeEvertorObsign>
      <subaridInturnSaluki pervialMapache="7111" samuin="crowsAvisionShilly" dilutes="4">
        <henwareLoons>9381</henwareLoons>
      </subaridInturnSaluki>
      <unoaredToeing hehSuther="drillerAuntlyCadish" muphrid="tinlet" mossyQuarksUriel="remorasDetachsAlick5">
        <bunkPoliceProcarp>abowAegisesTenio</bunkPoliceProcarp>
      </unoaredToeing>
      <loatherSansLase druidAiblins="balize766">
        <wililyDudleyNight>footboy798</wililyDudleyNight>
      </loatherSansLase>
      <bourseTirerJezail turbot="diotaSilipanSdump6" wireman="upbreak">
        <siksikaBovine>pailooHonanVitasti</siksikaBovine>
      </bourseTirerJezail>
      <licheesEasersSpumose abigeiSoogan="gringosPastierRedrag44" causticStilledDidonia="amula" auhuhuOuphesVectis="annardDux">
        <keckledTimonIsatin>sciaridSawyers</keckledTimonIsatin>
      </licheesEasersSpumose>
      <cuspal catydid="okeniteComamieRosalyn" tracersClosenGaetuli="renown">
        <shoolerChukka>unarms</shoolerChukka>
      </cuspal>
    </shewingFettles>
    <killigWankyEmpales canalesHelver="212421210" decadeStipple="nodderCamelia" ancorSem="restioWod" tortrix="15" begalls="weftyRoncoTapism">
      <ultaSwarm>skelperAdjag</ultaSwarm>
    </killigWankyEmpales>
    <triremeLombard hartallSarus="250" pancakeCrwthsPrefix="mnioidPlagate" jugerumPachonsFarcy="retape" balsamoDonald="periostJuansLoments" cathud="those556" dodomaExostra="getupsGamash" quavery="unriped">
      <ballo>two</ballo>
    </triremeLombard>
    <zocco>
      <catcallPecanMargery>unruralTelfersEnshawl</catcallPecanMargery>
      <busway overtax="deltoidManorVizier" purerDogless="6611" manlier="recalkLingulaRioting6" coatsTittyPasses="sotter">
        <ruttishCoitalByres>lowedTarbleGlutch8</ruttishCoitalByres>
      </busway>
      <cotrine amastyAwreakSnoozed="6704" stengPangasSiddurs="caliver95" reearn="anguriaFidibusMalicho" ageingDelintCarates="313">
        <lilting>slavedNimiety4625</lilting>
      </cotrine>
      <tolowaSigilChakobu bravingOrante="caquetCaptateMaro" honcho="durzada594" lumpedPorkin="tricesPedicelContin" stoga="infile">
        <provostPhemicDame>disputeDeliria</provostPhemicDame>
      </tolowaSigilChakobu>
      <viator retints="revisitSnakilyMarcher32">
        <poyous>balded</poyous>
      </viator>
      <convethZinckedGuttae doricPrenderIgname="42" oddishOneyerHumpy="reckingRoughie" shuswap="hurkaruNipmucErect" invisedRabbanTriaryl="lubberApiary">
        <everest>haya</everest>
      </convethZinckedGuttae>
      <sorchin jedAscon="algebarVernantPallet" bosquetNikolai="finelyLeiger">
        <gaffkyaRosaceJerome>lanolinWorder</gaffkyaRosaceJerome>
      </sorchin>
      <renable piosityGemlichCsnet="mockups" tengere="trusionClitiaLactean" oerstedGambleFishnet="692807">
        <taperedCadelle>penheadCrozeOilbird1</taperedCadelle>
      </renable>
      <thamengKickoffSket corbel="nurtureEuxineBackare" folky="ocht">
        <culchFlannel>clerks</culchFlannel>
      </thamengKickoffSket>
      <medusan centavoRefelSokoki="usurp26" helotsDexes="hubberFagotyLiftmen">
        <olibeneOak>labibia28</olibeneOak>
      </medusan>
      <fluoricAccable amapaElwood="tjiLekythi85" impalaEasies="garish" querist="picePunters" apioleThermesNeoteny="hymenWaxes">
        <dusackFallowsBunco>hoisingBoth7991</dusackFallowsBunco>
      </fluoricAccable>
      <pirayas squamaeBurman="108139">
        <gnaw>rougeauBogwortSalomon</gnaw>
      </pirayas>
      <tussurColiticPileup donmehGawsy="smuisty291" carabinVisaEtuvee="helotryShowerKylie68" amoebasWurlies="gygis">
        <itylus>hisself</itylus>
      </tussurColiticPileup>
      <bastCotlandOftens naywordLina="nielli" eophyte="robbinsFontina" luhinga="gunnedElfkinSaiyid386">
        <sordiniGaiaLeegte>tanoaHunted</sordiniGaiaLeegte>
      </bastCotlandOftens>
    </zocco>
  </mofetteJesus>
  <tweagBackersMiasma extinct="cymbalMyatonyAcroama" zubrAlpaxPoseur="khedivaHilloCloughs">
    <aboard>
      <togaedAtwo>vinierRekhtiTylopod</togaedAtwo>
      <yoxEstocsWithal beglarePitless="6270">
        <vicetyClodder>salta</vicetyClodder>
      </yoxEstocsWithal>
      <scalmaSecparWittall torquedGillotSabella="14" deanedMohelsCagoule="decuria3841">
        <swithinDaudingFagged>jymoldRebushUnsawn976</swithinDaudingFagged>
      </scalmaSecparWittall>
      <koibal telarlyInkedBummock="targumDepel270" cattiesApiinSail="977922433">
        <tankasAwns>klaxonAnguish84</tankasAwns>
      </koibal>
      <tycheArcaded nausityTacos="4217" hagweed="retiralMockadoHats" hoodoo="mussingColl">
        <solvateEyerootRemise>beinHies</solvateEyerootRemise>
      </tycheArcaded>
      <allobarBrevitKoodoos encomicStymiedRustics="322" ropedEpauleHiring="efreetLuffingToom" bobwoodLierne="fibrous" apteralSenoresLoka="minicarSoupsAngelim">
        <haum>soilureMustang</haum>
      </allobarBrevitKoodoos>
      <olsonDoneePursues maselinPilaff="4246" orthrosManchet="toit" approofLowboysMimly="scouter">
        <oscheal>91613235</oscheal>
      </olsonDoneePursues>
      <chylous diaristPantine="garbing" quoth="tuskarMedle">
        <puggingBoogiesEloping>alcyon</puggingBoogiesEloping>
      </chylous>
      <lanolinTriadMalambo>
        <caroidRedoute>hummingApprise</caroidRedoute>
      </lanolinTriadMalambo>
      <whangSabeing escapeeAnanaShields="88585949" quadleAshir="fibulasBalasSumoist50" coccyxFerules="daubyBlume">
        <lehay>4644410</lehay>
      </whangSabeing>
    </aboard>
    <besuitCowing>
      <saviourTezWeedy>craver</saviourTezWeedy>
      <kamisFinlandKrypton>
        <cotylaIbycter>tingidMartins</cotylaIbycter>
      </kamisFinlandKrypton>
      <phoridSighing spiderJesters="noint">
        <sloperAvogram>unlavedOceanus</sloperAvogram>
      </phoridSighing>
      <elymiSteery dirgyEnglifyTawpy="butch" redearKitchie="35505677" arthel="loftier">
        <waiting>8235302</waiting>
      </elymiSteery>
      <diciestGamine idaicTiglonSailour="saloon2" torsesWagwitEmulant="witfulReliant">
        <eosinesBixaKludges>tireBossageTincted</eosinesBixaKludges>
      </diciestGamine>
      <shuting carum="3344" cohuneCavesBolson="433623970">
        <zoisite>spifLugsPends</zoisite>
      </shuting>
      <shafty>
        <looie>fluorUlnare</looie>
      </shafty>
      <yewOutkeepDigenea tunicae="gnastTorvityScarcer" pyla="bowhead" emerasEanlingOmagua="doingAethersDenver">
        <poppyFoldure>ammonea215</poppyFoldure>
      </yewOutkeepDigenea>
      <punicin belick="boudJigget" wealful="pynungBonally" pebblyPuerile="beewise" bourdIntl="secundaSabed">
        <unfixesOestrin>audile</unfixesOestrin>
      </punicin>
      <elytrin baronetCiergeNashua="rune" aestusInanityGuhr="obelismEctypeAwarder" phocidQuoteMarcels="kuberaNidudi">
        <burhCopied>yammerHafSaute</burhCopied>
      </elytrin>
      <focusedStile vraicLeaCoxal="unglue" osculeSaltieDoziest="71439358" laminaGuesserRiggers="ashtrayDisheir188">
        <ecuadorExcisor>427992</ecuadorExcisor>
      </focusedStile>
      <tipeHuppahPublice trainedIcelikeTrottie="libr" reseam="borithRumboDubbah7724">
        <flemer>curupeyAcquit</flemer>
      </tipeHuppahPublice>
      <shpSaiStrail cartCoalyCesura="fruity3496">
        <angularPluckAramaic>patteeYapock2</angularPluckAramaic>
      </shpSaiStrail>
      <hearses bestuckRegrownAbducts="nuclideTokedNuragh" timbiraWoodyWatered="angliaeLanius">
        <baguioFlaxenUnopen>semeed</baguioFlaxenUnopen>
      </hearses>
      <mutularGunsterDinnery anienteBiggity="585971" crummedTaming="folilyKai">
        <cavishQuintanRetting>8781</cavishQuintanRetting>
      </mutularGunsterDinnery>
      <doperGondola emotingDevotee="cormelsMaysDigitus7196" pegger="emmetsExponeUramino" gauderyBawlsEntoils="64" coories="paulianThongedPlayed">
        <tutele>cuber3</tutele>
      </doperGondola>
      <geraldPebaRasenna midriffAreniteSmokies="created" bedderHyingRahdar="caulked" caseFinal="flexor">
        <shannyGruidae>senzaFacebow593</shannyGruidae>
      </geraldPebaRasenna>
    </besuitCowing>
    <halersCaririOtto karvalDeeding="solans" shyness="sauba42">
      <amidoPlurisyRebake>picotePublici</amidoPlurisyRebake>
      <tawkinMirbaneKella>
        <perkyFameWish>azafrinDowdySneesh</perkyFameWish>
      </tawkinMirbaneKella>
      <donnGaunter bornaneMermanBatties="glires" treacly="hastaKieye">
        <blowieWrackedVintry>wheys</blowieWrackedVintry>
      </donnGaunter>
      <reliersArching usuPithilyWonning="993517815">
        <outrideCalusarCoaster>pedionFreity</outrideCalusarCoaster>
      </reliersArching>
      <carposPed unwitch="geaster758" paritiHun="bauchleAbuBetorn" intradaPopletKokowai="larsTpsSchene">
        <oselaCrowerTillot>689060</oselaCrowerTillot>
      </carposPed>
      <ferling matka="99037">
        <aphanesMacies>spiky</aphanesMacies>
      </ferling>
      <omanderLuredTeemful salpsEunuch="trijet">
        <spumeMartuNetted>luffingTweedsSlapped</spumeMartuNetted>
      </omanderLuredTeemful>
      <astroid crappyComplin="kaffirBijouPhytin">
        <vested>grilles7</vested>
      </astroid>
      <judaica holism="33694" pays="elfhood123">
        <jibmenBillyoWeekend>3860304</jibmenBillyoWeekend>
      </judaica>
      <fanout ionizesAmiles="plumbicTekyaUnsays">
        <yerking>testis</yerking>
      </fanout>
      <sylphid unshaleRipalNorit="pithosRuach" dahomeyPicine="joniBuskedTaenian" woaldsFleyed="kristenJiggledSwarve72">
        <dedalPivalicTherap>69636642</dedalPivalicTherap>
      </sylphid>
      <cassonCalifsSorren>
        <doray>176</doray>
      </cassonCalifsSorren>
      <plagueFlyleaf>
        <hydatidIzingUncini>mfdInajaDurance</hydatidIzingUncini>
      </plagueFlyleaf>
      <amarnaImbuedFaciend asthore="8" miauerCuriosi="upcreepAminizePimento">
        <tineGaumySummery>magnus</tineGaumySummery>
      </amarnaImbuedFaciend>
      <ateeter puccoonScythic="kamerad9510" brisantIsotonyFigury="dizzies6784" boxed="gibeBreckenPolies">
        <raveler>ahura</raveler>
      </ateeter>
      <mymar brewedWeeweeFager="30855587" jukeCaminoReestle="tng" sedatTremens="barlessBegowkFinbone" ascaris="67251">
        <merch>cowlick</merch>
      </mymar>
      <orejonAvionVersets resinicYahunaBurlap="educed" lairy="35" rebukedUnbranSemper="volant9470" priceTawery="ictusesErenowMayings">
        <ostentRectifyNjave>aralieLilacItea6</ostentRectifyNjave>
      </orejonAvionVersets>
      <meratiaMallumGunzian glop="debatAtheism">
        <rattishDrachmsPassage>hurliesUppoint4</rattishDrachmsPassage>
      </meratiaMallumGunzian>
    </halersCaririOtto>
    <momoWauchle blatant="bambuteScoop">
      <lungoorErratas>679</lungoorErratas>
    </momoWauchle>
    <talentToastyEmbrawn>
      <shuggyVocalsGapping>777</shuggyVocalsGapping>
      <seesaws>
        <jarvy>genoiseCobras6</jarvy>
      </seesaws>
      <epaReprayEluated bonnesBarbateOyesses="floroun648" coppled="fondledTilmus" musily="cordula">
        <teetery>cleanupThalliOka</teetery>
      </epaReprayEluated>
      <jerichoPreseenSadie softens="13108" hetairyHaarAdulter="7897" musales="nimLycus">
        <jurantsKurvey>wamefulWhase</jurantsKurvey>
      </jerichoPreseenSadie>
      <slod whittawSpin="unungunGlareWoodies" tanaka="mudPadeyeBestare" jibbonsFutural="retrier">
        <jarbot>blottoSperageSlaving</jarbot>
      </slod>
      <campooWraxleLabrets callum="175869" reducer="10" scoleyCretan="nemaExamenHeartly" gesterDustour="cryalFawnsPika">
        <crocko>lish9838</crocko>
      </campooWraxleLabrets>
      <buckassJargon>
        <chevenPeewit>acontiaAssisiMowers71</chevenPeewit>
      </buckassJargon>
      <snye osmate="limboPostel" filmedTidbitsSundra="crambusTotymanInfancy">
        <whale>cooter</whale>
      </snye>
      <misknew>
        <noritic>alayClodder</noritic>
      </misknew>
      <circFixiveAiel reclimbGinnery="unblessWeigelaTagwerk" drooperTabletsFlick="puririRowels" sexualeRivaled="amineDealing">
        <outpompBurse>salayVesterGurneys</outpompBurse>
      </circFixiveAiel>
    </talentToastyEmbrawn>
    <oriency>
      <texanAneledScrime>foozleReamy9</texanAneledScrime>
    </oriency>
  </tweagBackersMiasma>
  <iranize anglo="curies" goofer="unrobe" caubogeSurat="zoariumGazeful" />
  <dudine />
  <noisyImpleteEvents archdEuploidUji="4151097" pupoidView="koilLenaeusGynecia" furtumBelook="wights" taffiasThermit="hiantSudanicSappare" />
  <emboskAcastSurrah posadaJambingBivane="garconsDawning">
    <broadax>
      <yatiganPesetaCultive>4224889</yatiganPesetaCultive>
      <smokish nixyRegionNabbed="dicier">
        <gimpyNotator>barocco</gimpyNotator>
      </smokish>
      <shiners public="2220459">
        <meeklyCrowingEnwood>501288</meeklyCrowingEnwood>
      </shiners>
      <abodahAcrobatRebait uptreeSeesaws="danzonPensiveBatule1">
        <dwellGabsKakan>posRelatesUrosis</dwellGabsKakan>
      </abodahAcrobatRebait>
      <bilbieDeadmen forkers="skeined213" wendedAgalWarbles="cercal" hoggyClosureLoamed="thillyMaugis">
        <raging>sterolsTyroSneerer</raging>
      </bilbieDeadmen>
      <malted callotDexCray="ithacaSimurg" nolIambizeLift="lovery" wigeonDeplumeJusted="fretted" gieawayZythumChris="brakerZealandMimic">
        <redubSkersCoffer>legmenCrazyTueiron5</redubSkersCoffer>
      </malted>
      <goodbysPicaGroot emanate="abducedAlaric">
        <hummieJaypietFiscals>croisad</hummieJaypietFiscals>
      </goodbysPicaGroot>
      <brattyRemap iapetusMen="petwoodFulhams" coxalgyAristos="5">
        <blowierGassedDtset>gawkGabbing2</blowierGassedDtset>
      </brattyRemap>
      <tuggers althoOrochon="75" tetrad="pleaterRille" uncordUncomic="bestial">
        <saprineHansard>donuts4760</saprineHansard>
      </tuggers>
      <hagarSquatDire>
        <thujas>vogliteSnibblePote</thujas>
      </hagarSquatDire>
      <emeus pierUncrate="92" usual="weirsBasemanProtyl">
        <defsSurrah>39068476</defsSurrah>
      </emeus>
      <khansUrger>
        <currish>orexisGeladaKarl</currish>
      </khansUrger>
      <khepesh catjang="perdieGrangesChinos" alalaFulgidCasson="wrapper">
        <frecket>6985</frecket>
      </khepesh>
      <luckierOsmious dibatisMitringLilacin="harpula" pottingZontaImpubic="lemanea">
        <tibiaCowshotAvowals>flutyTrotol</tibiaCowshotAvowals>
      </luckierOsmious>
      <zooeciaDalaiMalays roburMallusAcreage="genitorLych" houdahShoeingSaffron="otalgy">
        <heron>khedaIntimas</heron>
      </zooeciaDalaiMalays>
      <sild coenoDesc="unsenseGossan" sconcesBeshear="barberaGorgia">
        <adviseeChapterSwats>41659053</adviseeChapterSwats>
      </sild>
      <kurschOffsetsTwiers netsuke="saxonly">
        <twiersBardily>dahliaCholo</twiersBardily>
      </kurschOffsetsTwiers>
      <heifers unwise="achageDiseuse" zaffreeBandar="hodad" rigolet="1716278">
        <gruine>angamiFriers</gruine>
      </heifers>
    </broadax>
    <paigleKorzec>
      <doggerAwait>silureSapwort</doggerAwait>
      <schwaTrumph>
        <irmaOverlayShraf>tilersSanies720</irmaOverlayShraf>
      </schwaTrumph>
      <juncoes psalmyBindletTofter="quadrumPlaypen" fartlek="205594">
        <raphis>stools</raphis>
      </juncoes>
      <thana>
        <enclearArmfulTambur>flavourRoust</enclearArmfulTambur>
      </thana>
      <undaily glutteiPasquin="775594303" cheepedKibble="29082" sallierIritisOgled="beefingGame">
        <threep>62</threep>
      </undaily>
      <disnaDetachUnfelon togtSclav="menthyl" lunularBlayneGlaived="7065">
        <aonian>scivvy</aonian>
      </disnaDetachUnfelon>
      <sooners shahidiBahmaniRamp="71" burboltRemoted="163">
        <titlene>8743</titlene>
      </sooners>
      <romanes kneepanRibbon="aboutLardonResiner" lapsanaMotoricLavages="quipfulExeuntProg" upmixNoric="tendidoDisertFeminin" inlaidOnerousRaptus="mistbowInvoicePutlock9">
        <zeroethWadmels>dutifulUngloom</zeroethWadmels>
      </romanes>
      <lactaryCommodeAugury carvers="notaliaNepidaeIndolyl73" cebidaeUpeat="gudokKhu">
        <nosema>tapetalQuint4</nosema>
      </lactaryCommodeAugury>
      <teiidsAloofe accingeCivitan="syzygiaSolar">
        <coquinaObesity>557</coquinaObesity>
      </teiidsAloofe>
      <juicingLosersForel churrusLatooka="mogdadSwareHoeing" zootaxy="377">
        <trottyTmh>9311434</trottyTmh>
      </juicingLosersForel>
      <birlsVulture limeanPiston="floey" torfelDullery="bloomer" galtLenth="pct">
        <wheelyWottedAmyrin>bonasaPriced</wheelyWottedAmyrin>
      </birlsVulture>
      <sievyCane limitsCrudle="1527426" irkedCaperer="paradedLarvate" inweedMahajun="orgiaRaphael">
        <burelleGestureDivided>furlingEnfeoffAuride</burelleGestureDivided>
      </sievyCane>
      <penguin claptPotentyVolutin="93049" larsOxland="khitanAcetum" suavestCoccyxWynd="synoekyBumbazeHoho" colonyIncantSprad="yellowBuras">
        <bedyeSault>6</bedyeSault>
      </penguin>
      <amucks squegGeal="pledge9" pugilNievesViewy="rifelyYogin">
        <volvasFist>pilers</volvasFist>
      </amucks>
      <detroitFiremen furiedAristasSwaging="securesHolts" cafesForages="closes" scathyAbscissBrauna="bohorokSageRasers806">
        <kelliesGeogony>blomanLuggage</kelliesGeogony>
      </detroitFiremen>
      <unfelon bedriteAphasicBalling="beehive" wigwamVenting="manga2695">
        <century>marsala</century>
      </unfelon>
      <haulersOresKnatte lamingLambdasPinkest="siamPushRaptus" widderCentesmMedians="cry493">
        <basalPewless>nimbiEllfish</basalPewless>
      </haulersOresKnatte>
      <estroneMislear apritif="lawnBelier7" fewnessCoda="azury">
        <forzBalsamsBuzzies>unbrentMailbagBayard</forzBalsamsBuzzies>
      </estroneMislear>
      <tensorsRemintSnouch>
        <patuca>toydomFeruled</patuca>
      </tensorsRemintSnouch>
    </paigleKorzec>
    <rohob>
      <ockMacauco>benders</ockMacauco>
    </rohob>
    <ife>
      <rubbler>466</rubbler>
    </ife>
  </emboskAcastSurrah>
  <woodlotConnate zaxesAnabata="394" gustilySainingTired="8746743" bunduSoboleSteigh="culot8519" rennaseHaiariTripes="80">
    <nodding>
      <alanticPodzolsTairge>discernLuggard</alanticPodzolsTairge>
      <gaffeCumicMedleys maltingPaneShawy="gilten">
        <ipseity>ormazdRecool</ipseity>
      </gaffeCumicMedleys>
      <chapeOutray>
        <gunroomDogwoodBegoud>goosedVerdugoPrevote</gunroomDogwoodBegoud>
      </chapeOutray>
      <samoan instils="lambadiFlicDendral" wowingUpglide="birri" oncost="ryntBoccesJaburan">
        <jumpsCohered>8276125</jumpsCohered>
      </samoan>
      <tolUngloveGrecing tun="geranyl" ergoismHennasHash="bushidoFoyer" closet="aboutsRipoff">
        <mujiks>styrolGriph</mujiks>
      </tolUngloveGrecing>
      <whibaEnrobeHeights gedd="thudsCantate" revises="aftergo" tibiasRonyonsWaifs="ensnareMelling">
        <coldlyFrumple>rugbies</coldlyFrumple>
      </whibaEnrobeHeights>
      <isolnDolly>
        <muriti>fowlerSarsars</muriti>
      </isolnDolly>
      <yonnerTituli>
        <tarie>hygeiaBrocardChotts</tarie>
      </yonnerTituli>
      <pavoniaArefact fiseBuglossCrock="jellyAmetria">
        <gotchyReran>queniteCornrowTrusion</gotchyReran>
      </pavoniaArefact>
      <firmity tumbekiUnwinly="mondoNonagon7849" roansTid="secrecySunwise" xylylHeths="legates" uncrib="paga">
        <surgeSionTermor>mothedRailage</surgeSionTermor>
      </firmity>
    </nodding>
    <permixTowghtTiddly>
      <surfyBoulleEdith>duchess</surfyBoulleEdith>
      <amlet eyn="tartletBemad">
        <hurdlesLeech>meters</hurdlesLeech>
      </amlet>
      <untewedDaribah snaresLakatan="prose" stagier="30" gubatTwinnerThivel="seiningPronity" growthyFrammitGiller="1">
        <beedgedLyddite>guaiac</beedgedLyddite>
      </untewedDaribah>
      <swallow ifugaoArmaria="3405" rilleShads="jailerVirlsCanard">
        <loungedUpblazeCheloid>bogong</loungedUpblazeCheloid>
      </swallow>
      <gulsPangiBowing>
        <pupae>swoshSweeredEelpot</pupae>
      </gulsPangiBowing>
    </permixTowghtTiddly>
    <clamant>
      <hashySnoops>alamoth</hashySnoops>
    </clamant>
    <jibbTrubu>
      <indiesUnbaledAgrafes>ricker</indiesUnbaledAgrafes>
    </jibbTrubu>
    <riginal>
      <teave>smytrieViajaca</teave>
    </riginal>
    <stulmOverageVoet>
      <andorraSallowy>baraita</andorraSallowy>
    </stulmOverageVoet>
    <thuluthIsfahan>
      <searedSerailsLythe>chitted</searedSerailsLythe>
    </thuluthIsfahan>
    <skated lethalPterian="68318249" moyenerGraplinOrtalid="inweaveRamtilBuckie335" boomkin="imagism" aditalFinkelGriefs="harems">
      <hewgagMirvs>22</hewgagMirvs>
      <corylusPalfrey herdboyJacami="rentals" refuelsHiccups="630">
        <pedroAthenaAsylum>pitted</pedroAthenaAsylum>
      </corylusPalfrey>
      <kambou>
        <hankiesManiferShevri>zophoriTrowaneWorm</hankiesManiferShevri>
      </kambou>
      <tetradRookieSpitals idlyCainish="220061" inteindSulafat="estNetherOsamin" worsumZoarces="airer" whopperWadeLeaked="zaire">
        <muttenGratins>121304528</muttenGratins>
      </tetradRookieSpitals>
    </skated>
    <rhamnal beholdTootlesCaracul="shikarLallyForb831" rockierRunwaysGambado="8" jacanas="92" fusty="48690693" shyestFlanky="sourtopCtf1047" goingSpretty="oxshoeNettier">
      <tapirusKindestTraiks>563</tapirusKindestTraiks>
      <advoyerUnleashWisket jannock="6" maned="blancheTrowmanPsoas3553">
        <coteenBurr>sturinKipsey</coteenBurr>
      </advoyerUnleashWisket>
      <curfews iron="missoutNightie">
        <wawlsDislikeAcharne>vegeteHatel</wawlsDislikeAcharne>
      </curfews>
      <rinseKnapperLockjaw>
        <liefer>64494007</liefer>
      </rinseKnapperLockjaw>
      <mousoniTitania stalder="numis" pepsin="redowa" buds="laquear">
        <amanist>flapped</amanist>
      </mousoniTitania>
      <petasus gyassaClaroes="suey">
        <peggyPoret>raxesSubgoalHugs631</peggyPoret>
      </petasus>
      <kidder unmown="tamales">
        <rognonManei>hister</rognonManei>
      </kidder>
      <beaconCacimbo taubeLatheePomaces="199432" nuzzlerKiang="yavapai" airanDyking="unhipCopout">
        <snookerBeelineCrcao>37758786</snookerBeelineCrcao>
      </beaconCacimbo>
      <forwore fizzesWonnerIce="liftboy77" funds="altifyThammuzOxamid1" daisingSemicupRefixed="redelayHydnoidTwiggy" hazardsVicugna="blent">
        <nagPatinas>dumblePhlegms</nagPatinas>
      </forwore>
      <quiteveWhinier delude="doves" zodiacsIsegrim="studiosHight" glycansGroofJoes="ramlineTrunch">
        <mbeuer>581897108</mbeuer>
      </quiteveWhinier>
      <licualaVereyCrisps>
        <lagenShirksSylph>5689</lagenShirksSylph>
      </licualaVereyCrisps>
      <weaves farerXxiiCuif="tardyCannier" devotes="domine" blowessKendna="repaintExogensGodlike">
        <boshas>shoverSirian</boshas>
      </weaves>
      <beewiseFetidlyMutator shodeBluffy="sunkieLallPaauw" invt="antiquaUpbring" unciteNaib="digmeatGuddled" anukitCoobahPickler="lupe">
        <peropusElevenMetrise>samoanOsselet</peropusElevenMetrise>
      </beewiseFetidlyMutator>
      <craningPirrRingatu fulupHungaryCarsten="6" abradeSwotterOgpu="71" bukhBalerUnbox="7322" frutifyNaiveteBelied="capKnabStrepen">
        <somers>mercy</somers>
      </craningPirrRingatu>
      <beflourPettled>
        <avestan>22327</avestan>
      </beflourPettled>
      <morendoGoodbyeSmirkle garialUnpoise="cherubNonego" clumpstBenemptUntacks="derry" deleteGabelerFaldfee="cotiseAgitantCeptor9936" daggySufeism="dickyOutburnRuely">
        <manumitOutcant>1</manumitOutcant>
      </morendoGoodbyeSmirkle>
    </rhamnal>
    <prankyWingman>
      <ossify>5039</ossify>
    </prankyWingman>
    <angster>
      <pily>blushes</pily>
    </angster>
    <snobdomNanigoDulcose>
      <hellery>jacundaKlop</hellery>
      <tuftily denningAllyingGaliots="nosedJanker" gunplayPuceron="iran" catfallSnaithPortass="crwthsBaidya">
        <ukiyoe>jawholeCaptive</ukiyoe>
      </tuftily>
      <tinned>
        <omar>rotgeRootlet9696</omar>
      </tinned>
      <vaticBighted dual="remouldDaubersComets969">
        <rubricPurity>axonal4622</rubricPurity>
      </vaticBighted>
      <centosLupanar>
        <procAvadana>slowedFeague9498</procAvadana>
      </centosLupanar>
      <cotylarSnick decreeIlokoTutrice="gigtreeThewAlines" phrenicDrats="72224">
        <outgain>ecch699</outgain>
      </cotylarSnick>
    </snobdomNanigoDulcose>
    <suttleSlypes last="kentBelong" morpionFowage="guiroHeir" lelwelCats="distadGranthiApicial" badchanLentileThinks="977397734" tikor="alsikesCissing">
      <lycaena>nibbled</lycaena>
      <papagoCanticoCaon ashlarSinkageCurted="deicideToffishSaeta" swineInrol="89515" laudeImmanesSubmits="aucanSidth" calesasNilghaiBladish="enzyms">
        <bilge>mtdAmabile</bilge>
      </papagoCanticoCaon>
      <quelea medioMioses="gulley">
        <relumesOrcinusWhaler>541</relumesOrcinusWhaler>
      </quelea>
      <bustersMurgeonCroquis>
        <sidedAunterFlay>3</sidedAunterFlay>
      </bustersMurgeonCroquis>
      <fuckCowing apothecAurealDeodand="ingrowEnvoisIngent707" orsel="47">
        <recedes>kamis855</recedes>
      </fuckCowing>
      <haftGriftsUpjerk canabae="awardeeAwatch3508">
        <waitersAurumsOtology>monkeyPightleFlakes</waitersAurumsOtology>
      </haftGriftsUpjerk>
      <awingly jubilusCoobooLucayan="celeryPiazin">
        <axiomTympaniSeroot>budgieTeapot</axiomTympaniSeroot>
      </awingly>
      <acquitUnnotedSwimbel>
        <popelerHaysuckPricked>chortleHoss</popelerHaysuckPricked>
      </acquitUnnotedSwimbel>
      <suzuki>
        <hegumenResendsSedilia>freyrHames</hegumenResendsSedilia>
      </suzuki>
      <pvt kannen="acinarAsanaApplier3" shally="hakdarWamefulTappoon7499">
        <remarkSnecket>eoithFesse</remarkSnecket>
      </pvt>
      <bolaMynah viewlyIsatateCoosuc="ackee" rsvpZyzomys="nacredSibiricSavelha" outswumHati="mauser" argolicIncaveUnhaunt="vervainWytedMaleos14">
        <moxieNoshes>miledhMuslimsTrances</moxieNoshes>
      </bolaMynah>
      <jnd eurymusDesiresCluff="atechnyStample" liquorCliquesYens="hosiersOpaBullule">
        <petosFlotantClasped>paganry</petosFlotantClasped>
      </jnd>
      <typhoon erect="vomitsAmazonaGambas">
        <orlandoPlenity>72310221</orlandoPlenity>
      </typhoon>
      <yeatherCarreau circusyAlerter="cricRoter">
        <futtockAsideSkive>hayingsRowting</futtockAsideSkive>
      </yeatherCarreau>
      <rubeTrudger thringGuatoTaraph="3" mannFlubs="demidogScfmSarsi" empexa="gotched">
        <enchair>tyrosNatives</enchair>
      </rubeTrudger>
      <upfold spanemyBasinetMeowed="kethibRedoing30">
        <jowpy>lounderWode</jowpy>
      </upfold>
      <exegete looting="652816" aotusChaetae="konaEvitedBrelan">
        <khotan>undweltParvule</khotan>
      </exegete>
      <detente pinworkSpeltPiggie="tapis" rededGloomthQuibus="cacodylVerdeGuglia407" hestherRedactsErmelin="eupionVaccineLametta" pereanMohrKislev="peacockGeneuraUnbosom">
        <prefersOutfireGooier>466418</prefersOutfireGooier>
      </detente>
    </suttleSlypes>
    <overcryHapped bebogColugoBildar="garredPilpay" mandapa="ruachShogiFerring" buzzard="helioidUnmoral" opiism="vetustLagered">
      <lupoma>6908</lupoma>
      <lokshenWindlin trousseOogoniaGrovels="3" glochidGipsiedHour="857" argand="rubbishYelperUnroven" scrumpWreaksPilfery="45782">
        <ambar>reveresEclogueViced</ambar>
      </lokshenWindlin>
    </overcryHapped>
    <deraterTaglockParling massigHilumSsing="216" semeed="whiskedJagathEgal" kanukaVetchesTaryard="dousedBarrier3" canoing="owseStage865">
      <joubarb>meridie</joubarb>
    </deraterTaglockParling>
    <malayicJarless gouramiSienese="tregergValewe" daisedAskanceTangue="longbow" acromiaEncomy="inlikeMohairsSkewl8375">
      <qindarsSailingCyeses>88840062</qindarsSailingCyeses>
      <poduran>
        <oreodonWongshy>ginney</oreodonWongshy>
      </poduran>
      <papilla blatMiboundCoranto="coosucThrutch">
        <thule>dulled</thule>
      </papilla>
      <ighlyFicklyAntiwar hybridaLoligoDaying="23700" upstateSurahs="girlieSanggauStetch">
        <droguet>zooliteCoblesFizz</droguet>
      </ighlyFicklyAntiwar>
      <ridging wobParkedRedawn="6258" staigs="14213" faulterShanny="sniping">
        <allness>mouthedWilded</allness>
      </ridging>
      <grabman>
        <yeel>227794</yeel>
      </grabman>
      <grayed aldosesPreknowPollen="legman" trammelGharial="precureCavalryNerol" couther="3312">
        <quakeryTubig>soggyGeckosMissile</quakeryTubig>
      </grayed>
      <kuliTriable haemoid="eucleidAntlers114" polys="salientPinkanyCassino" dolusRhondaQuauk="glut6839">
        <nittierDashpotSexhood>hinnerInkedJerseys</nittierDashpotSexhood>
      </kuliTriable>
      <cibolanSpating>
        <ramousRezonesDammish>mimusSpraingManuary</ramousRezonesDammish>
      </cibolanSpating>
      <cupolasMuscats keresanLoopletTacnode="skelperWhekiTuareg" pipes="shapes" tollon="cidNevadan464" latroDemurKnivey="karakaUnkamedHundi">
        <ancreSamiriMare>grattenStapesPiecers</ancreSamiriMare>
      </cupolasMuscats>
      <snee fixeSenex="gregoTussar6" cuppasYmca="cheaposBolded" graversOrangeGlene="quaukBesteerTriarii7330" garbelWhealyLinneon="hasardMature">
        <haloed>wanters</haloed>
      </snee>
      <lindaDugalDicta strownColical="85" venularEchoedWhidahs="syphonsFungi" policy="baetuli">
        <urtext>latakiaTordionSkies</urtext>
      </lindaDugalDicta>
      <livers>
        <mildred>293118940</mildred>
      </livers>
      <waymark hamlah="53778293" celsius="dimmedBibl" phocineCullis="galeeny">
        <cahuitaDrawbar>3133</cahuitaDrawbar>
      </waymark>
      <squinnySeedpodExalate caderGoaledFootled="fearEffatumEthan4" rinks="scannerCedrelaVisory" acoldDumky="crusado" diolAfoul="47928583">
        <comismUniviedBrownie>7</comismUniviedBrownie>
      </squinnySeedpodExalate>
      <bonbons mureinsPokeyYike="trouvreHolgate82" bivaneRoridAtte="2559750" dodders="diacidSwat" rials="8179039">
        <synagog>lops</synagog>
      </bonbons>
      <manropeIou choreasVibrant="4767" pittoidTogas="drub93" vanmanMaremme="wendish" leerish="753343">
        <amamau>stints</amamau>
      </manropeIou>
      <stormsAdularJink loutish="sneersHiera" lupanar="genesis" before="timingUnpass" spider="unipartSwamiMeshes">
        <sachets>yolkedEmbaysChoate</sachets>
      </stormsAdularJink>
      <starkDyer>
        <ecdysesLateralAsquint>aribinLegiferUtas18</ecdysesLateralAsquint>
      </starkDyer>
      <donneOselleFinale poligar="71868">
        <namersHerself>mexican6</namersHerself>
      </donneOselleFinale>
    </malayicJarless>
    <smirchLoaden barer="picoidAaliis" taliage="romulusHajib90">
      <uncusDawny>gaitedJalaps</uncusDawny>
    </smirchLoaden>
    <beprideMammary pranksSpuggyWoofers="85250" serranoNowthe="2" skyport="gargilAthymiaSulfone42">
      <cushieScatheSacrals>variant</cushieScatheSacrals>
    </beprideMammary>
    <imbueHipster shott="911007543" boneteGpsZoonal="reh3498">
      <lackingHorlaOrarion>debone76</lackingHorlaOrarion>
      <penestEthylGreyed piniestGatingAkhrot="6415" stoutyScendHadjis="annistRash" swobsCooked="wainer">
        <sunbowsApres>axmaker</sunbowsApres>
      </penestEthylGreyed>
      <spatter culpaeSardiusHeaumes="aulete">
        <entericStrobes>cunnersDisherTanglad</entericStrobes>
      </spatter>
      <snells>
        <postalQuadrum>troched52</postalQuadrum>
      </snells>
      <mayorsZooperyAvahi>
        <swevens>86</swevens>
      </mayorsZooperyAvahi>
      <marcels murksAnole="stralet" limmock="rabblesMoisty">
        <ombreLentile>relaidRappelAzofier</ombreLentile>
      </marcels>
      <solan tartar="wabayoApojove2" roaches="jagraFloytBestare">
        <promicShakil>otidae</promicShakil>
      </solan>
      <talckyMbunda jovianDrownEarwort="rescind" illiumEruptLavolta="copyingGrate">
        <mammateJimpestTaur>koinon51</mammateJimpestTaur>
      </talckyMbunda>
      <shes payersBrushup="gumpusHeriotsScoria" vattedAvianHummock="iresine" sawmillTektiteHarlots="oddballSherdsSunfish">
        <wadeTassooRegrind>tenaimStoater</wadeTassooRegrind>
      </shes>
      <nereWiverns phacaFiscs="castKumni932" akelaKoswite="amani" japery="weanyer275" governGuilty="suffix7990">
        <adoralRevving>scupsSibyls</adoralRevving>
      </nereWiverns>
      <zapotec zeist="65299" merrier="poralFrowstSlater">
        <cordel>krypton</cordel>
      </zapotec>
      <ronquil tanrecsEffuse="aftVenlin4576" bagworm="bringHydra" nautherDemagogPechys="proxysmEspritWogul">
        <gladdon>fawnyYokyEpikia</gladdon>
      </ronquil>
      <lasersBurdie unfazed="somiticRousesAbrine" clawHygrinePasewa="shacked" conoyMidmorn="64151" luigiSholeSucres="boliviaLocksDragon">
        <muddeHyraxAcaudal>damlike70</muddeHyraxAcaudal>
      </lasersBurdie>
    </imbueHipster>
    <weirdo coingGroom="758" almsmanCwmFierte="gudokDodosRutile" amtrackHookers="pagods" korrelOurangs="probateSimultyZootaxy47" heavenWain="paving" mosetteHybrid="latooka" dachsYazoo="779351">
      <ruffer>siphon</ruffer>
      <finewIvanLucigen untwineAhmadi="205417">
        <hamuli>500</hamuli>
      </finewIvanLucigen>
      <scuseRowlandPompal>
        <upfolds>mexicanUnstuck146</upfolds>
      </scuseRowlandPompal>
      <pieSheugh carvelArisenJethro="duculaSabziEthel" skidsCreditPiraya="overtipJanker" abietin="175069">
        <prayingBrightCryst>cobSikhs</prayingBrightCryst>
      </pieSheugh>
      <empusaTheyll tootedLayloc="9312" propone="rough8239">
        <mmf>lewisiaGhoul</mmf>
      </empusaTheyll>
      <tenore trooly="acinusFriscal337" demagogNovaleRadeau="playock" rebelsMileCoil="edplot" chindeeLarked="hausenVengeDamolic">
        <riddles>images</riddles>
      </tenore>
      <precystBrawest>
        <crumbsDyadics>sledged43</crumbsDyadics>
      </precystBrawest>
      <unplain gouger="thanksGothsVamoose" gadbushGouache="secno" seqenceSongerAcknown="7383443" dropoutPappous="traumasCatcall">
        <speckly>vervetsMiffs</speckly>
      </unplain>
      <toshesCarioca cupulaeSchick="351891" aikaneJubili="boggingTerrage" hickwayLyery="sexy" digitYummierRegmata="hydrionQuiesceLychees">
        <syriac>alberto98</syriac>
      </toshesCarioca>
      <erinoseButaneChenica upbend="6899396" groutyMulchHotch="5">
        <spuddleQuartanGangdom>putter</spuddleQuartanGangdom>
      </erinoseButaneChenica>
      <bornean>
        <keleClair>caulis</keleClair>
      </bornean>
      <printerEmpyemaOdiums claughtEccrine="quayedUnskill1" ohsMenialChanted="biopicSauf">
        <emraudAramaicSejoin>repave</emraudAramaicSejoin>
      </printerEmpyemaOdiums>
      <anconadNudish mammies="832781">
        <chauveRappee>chuter516</chauveRappee>
      </anconadNudish>
      <caffle croakyCytulae="montyScrailyPoppas" sepadPrizeSessa="patacoLemanLefty">
        <pulayaManiasFlop>justRefeed</pulayaManiasFlop>
      </caffle>
      <laibach cocashCaches="enkidu">
        <babel>gomeral</babel>
      </laibach>
    </weirdo>
    <unbindSubtoneBulbier thujyl="45988" bywordsFibroinLobolos="6404101" puckrel="6174439" proofsSeneca="burgleGurries">
      <milderBlabberAboral>doltishIncan5284</milderBlabberAboral>
      <taborinAstreanIgn mass="coyerRandn1967" pases="aftosaBrangle" remSwigsAbnet="froglegVerreRejoneo">
        <competeNoxallyBahuma>cynara</competeNoxallyBahuma>
      </taborinAstreanIgn>
      <doggetBeedomPrawny>
        <crapIbexSlab>erlkingBodhiWaratah</crapIbexSlab>
      </doggetBeedomPrawny>
      <coli illyricTwelfth="kudu8">
        <grus>616989889</grus>
      </coli>
      <foliosSlimilyTepees besaileVolable="guanacoMagadhi" venoseLanugosAphthic="brabantAristos" kikeBauchArghan="tickieCarvingTamias">
        <catclawIndianDebates>sedumsSpraysBals</catclawIndianDebates>
      </foliosSlimilyTepees>
      <eppes yoxDozzle="unhighVacualLaser" idylistEcclEndopod="99413">
        <isologTrouePythons>inwrap</isologTrouePythons>
      </eppes>
      <quinateDistad amalaSpume="unfirmAdinole" dgag="deemed" tineola="foppish" ritter="bestareGrumose">
        <spritDhyana>eslisor</spritDhyana>
      </quinateDistad>
      <paizedOstosis didus="pfg" octile="smerksHuma1">
        <saquaro>quasheeWhalyFinfish</saquaro>
      </paizedOstosis>
      <upshotsWernard>
        <knells>2687</knells>
      </upshotsWernard>
      <forpetKnelledCagier tourizeBeeweedSonny="tundun1381" lamely="curneySludBlazer">
        <yervaSwager>avodireCurranSnupper</yervaSwager>
      </forpetKnelledCagier>
      <shawedBasils mactraManxman="ejidal" affret="loodLollyMenage" potiAdelineIodol="worky">
        <ticketsShantih>redoneAcrux3643</ticketsShantih>
      </shawedBasils>
      <inocula royRetabloKuar="gerendaGhazism512">
        <debelCatjangImpress>encoder628</debelCatjangImpress>
      </inocula>
      <adcFacebar kusumSalame="turnrowTrisalt" tintypeLucite="vividYawners" admireCringerTitter="19382">
        <brigade>spider</brigade>
      </adcFacebar>
      <kalmuck stiffSkiechSmaze="takeoff">
        <saumon>9704505</saumon>
      </kalmuck>
      <slatSubgyre perukedHodge="wowser" espec="tinwareSpoliumCottons" millnia="tallowy">
        <dufflesCrocine>forsakeTropism6</dufflesCrocine>
      </slatSubgyre>
      <sucres refireStheniaPhenol="tenureBulksMaundy" scummerPartlyLaulau="poromaFaunishOnwards" boeing="47254" foeturePomey="lishCaravan">
        <luceKyuGleeked>saltersJeers3</luceKyuGleeked>
      </sucres>
      <windy eluder="761149" rangoonTotum="801" cloveryReswarm="duroySonatasReprune" yukonWagaunViseman="vauntedAcolyth">
        <jarnutPilule>serauUnwitty</jarnutPilule>
      </windy>
      <aurora unkamed="stade">
        <corvetsMasty>buruchaScaringAdvects</corvetsMasty>
      </aurora>
      <hamatedPlayockDaywrit gooneysPhellemTownie="outringComaticDampers" whooplaTriary="40" wintersJinnsBlowess="5">
        <lippierCocoach>kapokMayapisCoaxed841</lippierCocoach>
      </hamatedPlayockDaywrit>
      <corneas marmorTextureJazzer="326799111">
        <andorra>oralerQuiringOwlery985</andorra>
      </corneas>
    </unbindSubtoneBulbier>
    <intradaHappifyLamas>
      <crooseJarpThulr>rephaseBristle</crooseJarpThulr>
    </intradaHappifyLamas>
    <ferter>
      <gunselsProteasRegrasp>stocks</gunselsProteasRegrasp>
    </ferter>
  </woodlotConnate>
  <fudsExemptAflaunt>
    <toruliKikarThats>
      <semitesTievineCarapax>886759</semitesTievineCarapax>
    </toruliKikarThats>
    <hangle>
      <smily>thoghtTeased</smily>
      <unlapLoweite ashed="shilfAcholicArroyos" buckers="locum4">
        <gobio>strowdMacusiEddaic89</gobio>
      </unlapLoweite>
    </hangle>
    <jeeredGimmalAxonia>
      <tubeKeckled>vamosesDilated</tubeKeckled>
      <wealsGunshop gosplan="ripupOutroopTitfer" goulashMeld="doughsKoel">
        <critter>reverbBrochtCathect</critter>
      </wealsGunshop>
      <kelliaWolf iliahi="alvineFeuder" pronplAdonia="deicedFornixScalt" firbolgHexers="pristisChromoPollet">
        <dryishMuscatsSenate>maillot</dryishMuscatsSenate>
      </kelliaWolf>
      <mannide>
        <supper>maypopsWhalingBabiism</supper>
      </mannide>
      <leacherPhleumDarryl musters="stipe4" beltianNumbingGunlock="lineyBriseisPoetics" nanism="large">
        <daybeamAnice>uptrailBeastsMoue</daybeamAnice>
      </leacherPhleumDarryl>
    </jeeredGimmalAxonia>
    <bowlfulCeras>
      <twills>geomRechawVialful</twills>
    </bowlfulCeras>
    <triobol thow="bernPackets" hellAclydes="desueteUmsetBlazes" kelvinMizzyJockos="tutorDecadal80" semihRassasy="aukletQuietaArrow">
      <genderDongon>69173975</genderDongon>
      <surfmanUndue bunterFimble="zephyrSacring">
        <exulate>mashing4820</exulate>
      </surfmanUndue>
      <fakeersDorsaleMildly dumpingLehmerClayen="weblike" vepse="nanCoset" argyllsCeltishVols="seconds" tinpotContundReused="20">
        <basquedHooeysPolacca>10231</basquedHooeysPolacca>
      </fakeersDorsaleMildly>
      <pavin pulka="pregainSaggier" turbosDonatio="cuorin" reheard="monist" thraxOzaenaHeinies="tanked">
        <rearlyCausonBechern>bananaMutate</rearlyCausonBechern>
      </pavin>
    </triobol>
    <eelerySuctionOutmate unfittyResawedSensu="cretism" chimere="sheolCantina" doojaGradSedan="cremoneSyntanPuntist">
      <carfourZooid>curioso5</carfourZooid>
      <flitingSaccliShads>
        <whoosis>redrapeFourble</whoosis>
      </flitingSaccliShads>
      <toryfyBuccinaDassies deicers="upshiftSmickly">
        <crozleAghas>coxiteChickee</crozleAghas>
      </toryfyBuccinaDassies>
      <genizah>
        <mautsWingleCopper>87184835</mautsWingleCopper>
      </genizah>
      <hairy showery="wisemanViators54" ridgelsTuyeresThowt="adweschSnaffle" unshyChalaze="combers" axseedEboe="bordmanGarget">
        <rioterSnakes>decousuMyopiaRamrod</rioterSnakes>
      </hairy>
      <draw comfortAreae="calinDanglinHouston">
        <topicalRomishAmchoor>semisSonkTheses</topicalRomishAmchoor>
      </draw>
      <unsolarPedlaryEnures flite="298" pestful="healsFlights" nomadSalish="astintTriagesAnquera" thinly="apodemaWauchtsGrasped657">
        <seamRimmingBonked>deperms</seamRimmingBonked>
      </unsolarPedlaryEnures>
      <curlersChawers dashnak="mugTendedBena" ibanMuconic="welts" baltiDumpies="naveteMantle" prowls="emePageantLegally">
        <mamasKytes>waddiesChinasPraiss</mamasKytes>
      </curlersChawers>
      <stemma>
        <abrotin>mirbaneBioxide</abrotin>
      </stemma>
      <flail rubatosCadboteOneiric="byrledTrepansAmasser" setpfx="wiggledMimir557">
        <intuitUniv>dodosTypey3</intuitUniv>
      </flail>
      <miswordSilasUnveils van="cokedSaxonlyDendral1">
        <stowceRollixIncited>splayMugwump</stowceRollixIncited>
      </miswordSilasUnveils>
      <bonkersLoriesCried upcoilsHarmout="escrolRheums" scrolarSotie="52872" eidos="elected" haem="scrimpyBromaWirrah">
        <taxine>platen9</taxine>
      </bonkersLoriesCried>
      <tongerSwingAgnatha tetchedSafar="scrawkFurze934">
        <tradesTophous>jettage</tradesTophous>
      </tongerSwingAgnatha>
      <eloise jobsCoenuriGannets="nailerDietic26" hoiPretestDredges="7">
        <tenderHemineeBestud>pinax</tenderHemineeBestud>
      </eloise>
      <soggily hegirasRipelySturts="basocheDisking" beslow="lonefulHieland">
        <alpid>8</alpid>
      </soggily>
      <beamerFriller patteeCasitasNonsine="lairdVauxiteKoku" unblade="stegLaagers">
        <oilholeOversGaonate>cloqueArienzo</oilholeOversGaonate>
      </beamerFriller>
      <inamiaGambeMagnums rune="sivanSpleensSyrians9">
        <entices>8204</entices>
      </inamiaGambeMagnums>
      <hinniedSavins subatomAverAliipoe="212784967" chloroCheerlyAirship="devoterCuscus" agletsAnimismAnds="pangingBaraza" parried="rulers">
        <conchyAfgodCantata>reemits</conchyAfgodCantata>
      </hinniedSavins>
      <dustukHaikuBronzes dolinaBahadur="sightly" taryardGoumiHemming="tinworkPabalum" spruik="cawedPiggleMyomere" mottles="8053">
        <tarre>reheteReft</tarre>
      </dustukHaikuBronzes>
    </eelerySuctionOutmate>
    <ceroonRobing>
      <quilly>samekDialkylUnhope</quilly>
    </ceroonRobing>
    <froemanIndexes belierBarbutsPekoe="dogbiteBlurBankers" pirateSwaird="warnerHuts" hogbackPriapi="63811" ponentJubeMuddies="yakona" fadosJumbledLamella="spriedTussorsSang" notselfProvideExcern="navalWonga" agag="plumageColitisScutter">
      <twinlyFinetopBuffed>taplet</twinlyFinetopBuffed>
      <cuvageTriflet fastusJaped="pacIgdyr9819" katmon="zarfVerbous">
        <sieringBianco>empearlReviserAbove</sieringBianco>
      </cuvageTriflet>
      <fylgjaFuseTappish obtund="asherahShucker" herbage="bridlerSetulae" sigByhandZaque="circutRevoiceCuing">
        <butynValerie>argot862</butynValerie>
      </fylgjaFuseTappish>
      <metonym semball="saguaroMabel" flossWorstTalose="hyndePaulusFlotsan" poppiesKipeBrogues="outstepLicualaZebec1">
        <asmileBocaPotline>6882314</asmileBocaPotline>
      </metonym>
      <hermae outringFowled="melonryFetish" stipeHidings="nookierPratesDecors" buffetSansarsUngiant="idaliaPumpkinSplenia" churchTastilyPondlet="flyballValence">
        <donnReeve>nozzlesGifted</donnReeve>
      </hermae>
      <dodoism cosilyMaffickFrough="22437131" daytideVoeUndean="ladang">
        <seamsMashman>poucerPlotch</seamsMashman>
      </dodoism>
      <mirth meanestSpeltzPyrone="dudeen" welchAdages="6183440" swisher="engraffDolmans">
        <cobang>vacuumsGamgiaBates</cobang>
      </mirth>
      <mislenOuvrage zoogonyTallowyReshunt="135879202" balcheAcylaseRolls="douarPicotedPropter890" haireSwedish="dormerNotaealReflate">
        <olders>glumlyUseably</olders>
      </mislenOuvrage>
      <sciaena exclam="963788" taxus="halers" irred="acateBuddlerPuxy" riotistJalapa="well">
        <cheraTrisazo>bibsThaneArcato</cheraTrisazo>
      </sciaena>
      <simul picaCallasKeblahs="grunzie">
        <chickenAlhenaPopshop>6037024</chickenAlhenaPopshop>
      </simul>
      <upthrowCarters moutonsAbatua="trisha" upgrave="7" xeniasSpatted="gentilQuinol86">
        <adalatCabre>squinny</adalatCabre>
      </upthrowCarters>
      <outwileMeridaTrip durezzaTaperlyBribees="bagger" grouser="toxicolNazim" lauric="235">
        <whallyYapock>faradayGnow</whallyYapock>
      </outwileMeridaTrip>
      <sataSwinelyWaubeen repale="chasmalWopsy" tussockSowarsZonurus="cutcha" kipskinCozener="obligeeHockingFarmer683" uglierLacuna="costrel">
        <typiest>silicam</typiest>
      </sataSwinelyWaubeen>
      <beadmanEmptory pastose="complySinal" hencoteArgled="31838727">
        <beguile>gitanoGuam</beguile>
      </beadmanEmptory>
      <semitalPickeeAlfirk haggisCodetteSneery="fierierUramino">
        <monomerBebar>stamnoi</monomerBebar>
      </semitalPickeeAlfirk>
    </froemanIndexes>
    <envireRedcoatTunca>
      <bens>peotomyForworkToured</bens>
    </envireRedcoatTunca>
    <koi>
      <fensTownfulGlottal>zoogamyProvect</fensTownfulGlottal>
    </koi>
    <fisetinNavet>
      <igneousBowtellWoodish>1362</igneousBowtellWoodish>
      <paulite imitateZeroPipals="utahan" stompedEssayerClarini="suckage8637" soncyAnalyst="51115667">
        <misselsWisure>courlanMiniumWaked</misselsWisure>
      </paulite>
      <acemila hafter="31828843" ferrashOtxi="levererPinksRecused913" warluck="theclan" toniteRechain="23">
        <gauchos>510874</gauchos>
      </acemila>
      <kowbirdHectorAcrinyl remet="laighAlhagiJiminy115" foolKaiUndam="citoles" orchen="portrayRaters5">
        <soundsFlaskInsnare>foistyWitess</soundsFlaskInsnare>
      </kowbirdHectorAcrinyl>
      <calathiHoliesSangria>
        <ramousAlbiziaDeposit>kojang</ramousAlbiziaDeposit>
      </calathiHoliesSangria>
      <ureterBussedCrusher rocketPlatch="569" gestatePintas="pelisseAcouchy" wieners="relaxed" thewsSauve="127">
        <conformUnsome>biozoneWart5309</conformUnsome>
      </ureterBussedCrusher>
    </fisetinNavet>
    <birkenColyumExcave parillaMadiga="eviratoPudgilyUngyved" kickish="barye" braversLegatoAbattue="mopla" autoedJocum="nachSpays" snasteAcutelyChumpy="hotelSixtes" bugsHexerei="pollardQuaukHaslet">
      <benzeneRusponeCruster>geraeraMags</benzeneRusponeCruster>
      <durityOrageChromo dillingLoasaAboding="karroo" gitalin="walloonFulzieDecapod">
        <touartEnows>animisScruftDilutee</touartEnows>
      </durityOrageChromo>
      <kennedyWolfers mincing="39">
        <doweryRaobExter>behold</doweryRaobExter>
      </kennedyWolfers>
      <punksRomanshMorphon liftoffEyehook="736">
        <perleDollia>ecumeneLaidly</perleDollia>
      </punksRomanshMorphon>
      <babistAfriteIsthmic amnios="nicolasBlooped" rantNeozoic="scottie" gearingSuum="lwoKilanHeister">
        <cuadra>aplombsPavin</cuadra>
      </babistAfriteIsthmic>
    </birkenColyumExcave>
  </fudsExemptAflaunt>
  <slaking />
  <polleesCloners cuddlesCantigaShai="357024790" />
  <unsheer />
  <jupardFlockEmane hobilerTurnorCleek="paellas" />
</toozooVeilyPodites>