<?xml version="1.0"?>
<swailsSuppneaAflat>
  <nitriteTankman sackbutCooey="jabulesConnies" cypris="congridNegusesCurses" massageTarmacs="inition" />
  <jestingSwizzleBlanket merkSpit="valetsYardang" menorah="upswell" />
  <rooksFriary>
    <tensionGrippe repentLaciestAdornos="chetReswept" boterolLataNito="idletyEnskiesStair" sqrt="googulSchoolGauming" bathtubPriorTitters="sarafan" tacana="assaysPurview5859" beteMangold="dunceryCuvee6" bejan="teacheEpurateTowhees7775">
      <phytane>subheadLeonisBashaws</phytane>
    </tensionGrippe>
    <handsaw golgi="schuits" fulmar="bushyHorror" deleble="sleeken" amang="contamAlday" occiputLarixinCoenobe="intuitMetrezaPacers1" gabionNooses="sublid" subnoteGreyest="boshEvening">
      <pigroot>boothsKylix</pigroot>
      <anaheim>
        <mandrilFauldMoiler>23</mandrilFauldMoiler>
      </anaheim>
      <ratteryBluesyBiggie eunuch="16" corven="gedd">
        <buroRelist>xxiTunuTaskage</buroRelist>
      </ratteryBluesyBiggie>
      <farsi retakes="anormal">
        <precelIntarsaFlyaway>daddiesRostraBimbo</precelIntarsaFlyaway>
      </farsi>
      <indolsRodden>
        <owlInapt>feere</owlInapt>
      </indolsRodden>
      <seatingDeedeed haaf="eos" bitter="poesis" sexhood="dyasKoprinoPacane" yonkers="infula">
        <dashyUnnamedMannire>53</dashyUnnamedMannire>
      </seatingDeedeed>
      <godsentSpilth musjidsCwoVivos="negatonTwifold8433" fougueAskablePrenzie="valuersCoinForayer">
        <abatingBrahmin>groyneExtolsOxalis</abatingBrahmin>
      </godsentSpilth>
      <skulkAsiaticSnips mophIndolin="diswit" piceneHearthAyu="nobbyGnomic">
        <encodesRamed>comiqueCrofterDaring4</encodesRamed>
      </skulkAsiaticSnips>
      <pomaces cawkToletan="179781" geldingCobiaCharka="590965" lyssicRampier="langielMarae" argutaForwarnWirr="albe">
        <midribsStartor>joonScamperIndican</midribsStartor>
      </pomaces>
      <barcasSploresReeded veloursSaltilyNitres="heavenOsmoses" emerizeBuddy="wakeupBatwaVerser" muggsKepLeader="keening2">
        <outsoldSoorkyConturb>5058</outsoldSoorkyConturb>
      </barcasSploresReeded>
      <billmenBedgery wynris="ragees" upwrapLippier="babis" emersonThed="cuteyIpil" washoffDextrad="aguishPedaler">
        <scaseGourami>chewer</scaseGourami>
      </billmenBedgery>
      <slaveysPeisant furileOraleNorthen="2">
        <bitsyPorkoltSiffle>gerusia</bitsyPorkoltSiffle>
      </slaveysPeisant>
      <victory alumiteBedlams="overbySaumyaAscians" turb="cleverSpexCoz" gadroonKationsHanbury="93755484" vulgarsCoeff="kipchakKiladja">
        <scapelSwiftsBestead>unfreeMisgave</scapelSwiftsBestead>
      </victory>
      <tailyAgyMitotic kye="7064504" jeezRanter="vices5776" liana="98224" donzelsBatonneSatoris="scags">
        <accur>poohingOdesEnstyle74</accur>
      </tailyAgyMitotic>
      <britonKintraConical oursels="humid" catgutTutman="bodingsLiatrisSkiey" mesianMercal="raobClamorsMealer">
        <vowless>loosenAmylanKimbang</vowless>
      </britonKintraConical>
    </handsaw>
    <downway>
      <vastyArundoArgent>kwarta</vastyArundoArgent>
    </downway>
    <comidAcologyWhar taproomGenipa="nebula">
      <outspitPedalsHopper>draftDammers</outspitPedalsHopper>
    </comidAcologyWhar>
    <affixed libyanBohemia="amici" miniverPerseidValor="vialing" chelemMommaChyloid="93336803" midwardAccused="halbertPretax" arabeskKoinesCeruse="939268060">
      <skijore>stricheQuesChilkat</skijore>
    </affixed>
    <redSewans>
      <maligns>ballantDhole</maligns>
      <hyades casualArgidKhet="165403" xylomas="991">
        <berimeLoydScho>friseur</berimeLoydScho>
      </hyades>
      <animeZebrinaFawns cytost="mobbers" calmato="horridAcritolSipes" poddle="miasmas" alpheusQanat="buildup">
        <chn>koft</chn>
      </animeZebrinaFawns>
      <fibroseZufolo preenUphand="bauckie" ourebisPuttiQuassin="primo" ecuCuteyMalchus="hogging" staplesDiagJamming="tiringWiddrimGrubby7168">
        <eristic>chawer</eristic>
      </fibroseZufolo>
      <herola chompCadreRummy="aperu7">
        <woftSodyCareme>iceboat</woftSodyCareme>
      </herola>
      <overfatUntrigWhereby bonnet="nilsSadironCheloid" bowkail="urdySurnapeUnstung" fussierSneb="mahantFatuus90">
        <slalomCribose>sharada</slalomCribose>
      </overfatUntrigWhereby>
      <upgrow bequest="alureMailedFrecket" avowersYurtaCaveats="ioneInsenseCommune">
        <chemin>emesis</chemin>
      </upgrow>
      <yearlyImbrierHedger dumblySaging="41424">
        <mewlHair>5720481</mewlHair>
      </yearlyImbrierHedger>
      <kahar kraversSump="993048" escolarSandbagPrepay="limens">
        <niacinsNainselSchanse>amortDictumsCode</niacinsNainselSchanse>
      </kahar>
      <caliperUpseizeConcern cotyla="9" avadanaFoxshipFenagle="894220655">
        <muesliBeslap>immoundMelinisSdump</muesliBeslap>
      </caliperUpseizeConcern>
      <orcasCoelar aoliSellerAfric="pivot">
        <sudsmanDownlie>clubdomImmound</sudsmanDownlie>
      </orcasCoelar>
    </redSewans>
    <teachesPreferRoed>
      <unvexedInfamed>dielec</unvexedInfamed>
      <pubicPhizesFliped>
        <bremely>animiCudeighSenarii</bremely>
      </pubicPhizesFliped>
      <dinglesSlander gammickJaping="553148069" damineScologVip="tyddenFlopped" alchemy="candlesWeeks" bedelveHoidenAlgid="ogressLituus">
        <moierVitreanNullos>fist</moierVitreanNullos>
      </dinglesSlander>
      <subduceVilhelm syrens="56626153" naiskosHereDonar="624" hugginSist="oneida">
        <cooeysPotshawWooler>bandhProddle</cooeysPotshawWooler>
      </subduceVilhelm>
      <batman>
        <hillmenPygmoidTephra>bingle</hillmenPygmoidTephra>
      </batman>
      <insipid bohemia="borerNth" brisket="grown" embolusTelegBossism="7" flyersHusksSquails="69">
        <hipwort>60271846</hipwort>
      </insipid>
      <ehrmanTurbits dildo="raggedSogerGinnet" writeupDefects="toymanGasmen">
        <becrownPawner>failingEquusRebec</becrownPawner>
      </ehrmanTurbits>
      <skivingColicin sozzled="345855" westmeRewedRerivet="hogweedPlodMems" childSaracenPrahu="drummyRepaperPetioli9565" lache="240">
        <arguerDuet>escarp</arguerDuet>
      </skivingColicin>
      <pouser hoggedIsuretLogeion="52569536" meldersMinnowsClasher="eristicTeapot" trochesBedoltFiducia="nylonsShammy">
        <beheld>hisselfRatanBizz</beheld>
      </pouser>
    </teachesPreferRoed>
    <lifterTactileScrogie snupperRelessa="gorry" borageSubgyriAsconia="38333340" taxidea="minxesAplSye" gladierAlumnaWichita="piteiraEngleimMenkib" lieAppelWincing="wis55" sowish="385" dustbinBibble="toug76">
      <kafizSkidi>mushedReshotBuckism</kafizSkidi>
      <geikiaMislikeDemonio>
        <plodsDivisiGasp>telegasPadellaSandyx269</plodsDivisiGasp>
      </geikiaMislikeDemonio>
      <isogenDungolEmunge arest="evocate">
        <risker>snotTolowaAridity</risker>
      </isogenDungolEmunge>
      <talkier banishForcyWahoo="crinedOlivaCilice" gloomyBurnutAmouret="krasisManilio" ennui="risala" pincers="cazaFebres">
        <buoyant>waterieGimmor</buoyant>
      </talkier>
      <pestful semigodEscuela="caddy" bavaryVespineCrammer="6294122" meanyRevilerReck="buliesLocatioDived" rets="bloomerRedeedEsodic">
        <jiboyaTerrorsWebs>solfgeShoran</jiboyaTerrorsWebs>
      </pestful>
      <implingStimiesRelove lustresMotivoDallied="cowlingZincousSastra" armetPaladin="rabinWynns66" selionSeedbox="minhahTarpShimmer">
        <cohere>flutistSlyish</cohere>
      </implingStimiesRelove>
      <tychitePaipOxides unledJerksRotella="scleraNaperer2481" torsiChirped="siluridAxilla" stretteMainanResaca="corinnaJinsFinned1784" riftNewcal="dixiesNeatensApogeny">
        <merodusNecton>upgoing</merodusNecton>
      </tychitePaipOxides>
      <dumpty>
        <tcheWels>recutsEdgierOutas</tcheWels>
      </dumpty>
    </lifterTactileScrogie>
    <avoidNecktieVocoder wowingDinks="pasch" navarMessias="lettrinUncapedBesneer" janet="62486091" robandCurare="cronet" steanDetenue="schanz" chesset="shriner" striveHelloedBlossom="almugsHuskerZymosan">
      <ejectsCastenCarbons>xviOuttrot</ejectsCastenCarbons>
      <aveninJutesJoule cuveePeabody="coffle">
        <stoond>machanIranianEelboat</stoond>
      </aveninJutesJoule>
      <gnomicUnhitchRigor doeth="cionsLittles" huarizoVerdureCrambe="jetteauGlopsFatwa" writeupRoosaYilt="cuprateLickerEmoted57">
        <lactean>augustiDaynet2258</lactean>
      </gnomicUnhitchRigor>
    </avoidNecktieVocoder>
    <azotes>
      <tibetChenica>sundari</tibetChenica>
      <strassXix chaumer="mosaismMincesDrunkly47">
        <axised>6</axised>
      </strassXix>
      <ungrownFlattieVugg telynSawing="gapper">
        <singlerDroopLindies>2</singlerDroopLindies>
      </ungrownFlattieVugg>
      <zamenisUpglideLibby autoedHubbobPhyses="sokoki" mutters="claversCalfsPatency" vakils="synaxarKhatTraduct">
        <mobbieGammickMuffins>gayetyWildSpoons</mobbieGammickMuffins>
      </zamenisUpglideLibby>
      <dewlessFaced sumps="onkerMooring8356" teetee="boffoBhoot" galet="ouvert" bafyotQueysCowing="novelVector">
        <bitmapEntrer>cutoutRecourSuccubi</bitmapEntrer>
      </dewlessFaced>
      <stout werefoxYaourti="cupsfulAmebulaTahin">
        <nextlyWoaderMazedly>unwhole</nextlyWoaderMazedly>
      </stout>
      <savageErrablePageant endemicLettingGasless="ollapod" zoccoAuburn="458970" vacualSpirlieHumific="56232">
        <orsel>83576081</orsel>
      </savageErrablePageant>
      <limpers gorhensTercets="585" myricasNephiteLineup="byssinBursars">
        <tenuredUngt>pecklyIlokoMyalism</tenuredUngt>
      </limpers>
      <gorsedd vortex="lierneBythMudding" monemeKarat="87031848" carlePocked="kussosPicris293" pesoBiddySean="maud">
        <yieldsDobbingTaces>sirenia154</yieldsDobbingTaces>
      </gorsedd>
      <planum tittlerChalkos="updatePacingRct62">
        <deviant>noisomeMottosDeticks</deviant>
      </planum>
      <lucile sagsAslaver="bopsterPassusWhalm" prolong="512755606">
        <zimmiCrocin>ghainEgling</zimmiCrocin>
      </lucile>
      <twatsFelidPltano uncored="maarsWaguha" malateBoyg="unsolve572" tecRever="321685">
        <sudor>93583</sudor>
      </twatsFelidPltano>
      <begripeListfulSensor>
        <pikAdaw>ethide</pikAdaw>
      </begripeListfulSensor>
      <inkier roosaCarpets="55" hoganUnsewed="rykedGowans" ethionWattledAcred="alike" slooUncordZoos="438">
        <cutey>grassedAssure80</cutey>
      </inkier>
      <rare grebeWernard="soclesBoozily" lademanLors="medleFugueCucumis4" latuka="kabuliCowshut">
        <giga>plebesAraise9589</giga>
      </rare>
      <pinatasLabeledSuf concent="adreamtHemodiaRucker1256">
        <rebuffTarsiusSingles>yamp</rebuffTarsiusSingles>
      </pinatasLabeledSuf>
      <siccity mecon="catlinCoriumDecoke" imidicWayfare="quica" joskinFlidder="topcastOuttellInt">
        <molassy>storYillEnveil72</molassy>
      </siccity>
      <actinal>
        <baryons>4</baryons>
      </actinal>
      <whipcatSerean jerezInsist="foliar" gledeFillockCapsids="quohogFondled2143" unfiberSits="50045">
        <chocoan>kyeSondesUnfilm</chocoan>
      </whipcatSerean>
    </azotes>
    <hiateCipango brayed="privets" grazing="yblent">
      <lamelSimbil>235016</lamelSimbil>
      <duennasGolgiThulite cskSulkKennels="hennishIcaria" regretJams="allying" besra="zanies33" puzzle="pogeysBeaveryHacker">
        <trued>afghaniHispanoSamiel</trued>
      </duennasGolgiThulite>
      <unlade swagerStairyLappage="900415" bedusk="hotelPaisanRowte">
        <gamasidMaoism>spanYechsShoe767</gamasidMaoism>
      </unlade>
      <enaenaLeese>
        <midveinUrdySatrapy>elinvar18</midveinUrdySatrapy>
      </enaenaLeese>
      <bails depoh="pipagesSeeders" quacky="zoariteSeelfulAureole" sanious="nineted">
        <slockNovasAshraf>524</slockNovasAshraf>
      </bails>
      <dwarvesBirnDoffer linhay="nitric" volvellClarity="977919" mysticMeats="oreasVenine" malitiaNooklet="zenanaOrcaPlans">
        <maximumHadjeesGulper>sondVarve</maximumHadjeesGulper>
      </dwarvesBirnDoffer>
      <corralLowser koombarYester="medials8" glassDeepsGail="vampeyEmbowed" maenadsBouchExposit="csw">
        <cschPallies>nougatSahuaro</cschPallies>
      </corralLowser>
      <crewingEstella reseals="merlinFifthly7">
        <incited>beamage</incited>
      </crewingEstella>
      <slopingMiddestHasinai okaysRoachedMalachi="7138075" cobloafGemot="orpheum" pastils="slyish">
        <signonForset>comanicHarenutDrame</signonForset>
      </slopingMiddestHasinai>
      <limiestPriusRanine woodsGalliot="rewakesOctopus" limbaMarty="versingMulmul999" missitSchanse="673">
        <shelder>mtgDarshan</shelder>
      </limiestPriusRanine>
      <buhrsDrepaneDewanny dogyBassonPryler="unornBangyGarboil157">
        <tergal>jusltedExamen</tergal>
      </buhrsDrepaneDewanny>
      <butledSourdHabenar lissom="522465">
        <rasedWelsomChairs>kanganiShiersGuariba</rasedWelsomChairs>
      </butledSourdHabenar>
      <bassistTheelol garthsHolidamOverlap="74462" lisles="biphase" skeoFarfels="throneFunduck" crook="fence">
        <recoatSerfShirks>gebPolarly</recoatSerfShirks>
      </bassistTheelol>
      <hutletFounder arline="biontsDarb" stumsDipalaUnmanly="975840" amulae="nuncHenotic" aspersTotted="osteome">
        <porkersBurdie>mundalSectArcking</porkersBurdie>
      </hutletFounder>
    </hiateCipango>
    <ague>
      <suu>fidelioMee</suu>
    </ague>
    <croppaVaudouxRiksmal adreadEndplay="limacelUpcreekCorns83" laplingSkeelyAsquat="hollandJadeite8" beerily="rehaul4984" joseSulidesGalilei="giddapAlbertaSkhian">
      <cymaeEnjoys>gigtreeAxilOuts</cymaeEnjoys>
    </croppaVaudouxRiksmal>
    <killoch>
      <intrantLawmake>orphean</intrantLawmake>
      <eke carrotsMason="deglutCrab" surmitChiver="wizen">
        <ottomanBegulfs>38547</ottomanBegulfs>
      </eke>
      <wakersGitano>
        <sprunnyOverfagClunch>griquaInciteSelsyns</sprunnyOverfagClunch>
      </wakersGitano>
      <dagbaneDuchess kariteGanta="976" derrideMantids="gnawed" caseose="41" hoelikeDecimus="553">
        <pennantTrienesWorming>8</pennantTrienesWorming>
      </dagbaneDuchess>
      <neurolCubitusReplant>
        <benzol>toustieHopvine</benzol>
      </neurolCubitusReplant>
      <shicker faunae="frizel">
        <handily>haysel5183</handily>
      </shicker>
      <owk quintus="dippers" naggy="romaeanInlying" scliffFinaleGlaked="berideSeducee" trevet="irish1888">
        <logbook>abseils</logbook>
      </owk>
      <unible toeingFeucht="yfereWiggismAbscond97" partleyKousso="rathite" doesnt="4261371" cafuso="soom">
        <busmanAmidonRosel>sappare</busmanAmidonRosel>
      </unible>
      <marhalaDargah sultone="cundCalandoMetol87" rindy="endueFussersYawled">
        <unamissQuinol>tampansLolling62</unamissQuinol>
      </marhalaDargah>
      <dardaniMishaveArouser>
        <magnaleHeruli>promsCaro</magnaleHeruli>
      </dardaniMishaveArouser>
      <basoidStraked>
        <quoadBegeckDimpsy>typist</quoadBegeckDimpsy>
      </basoidStraked>
      <usherKhazen graterTofuBahima="727485">
        <regalDeinoFinites>prylerSny</regalDeinoFinites>
      </usherKhazen>
      <bismerKarelaExogen answers="7795508" num="anisylJodhpur" pondoKoodoo="313814" ikat="4597721">
        <aftosas>pure</aftosas>
      </bismerKarelaExogen>
    </killoch>
    <adoneanDismask>
      <dejectSampansUpwarp>572763090</dejectSampansUpwarp>
      <shiers goslet="kiltyPlauditFestal" rapideEffude="riggerBrat" surcoatAmusias="petkins" existedQuarlesPlf="roastsSawlog">
        <enamiWoldesDaroo>marezzoDuctuleReeject6</enamiWoldesDaroo>
      </shiers>
      <hoatzin pottiesRocs="2454292">
        <dowie>barges</dowie>
      </hoatzin>
    </adoneanDismask>
    <dabihBrawnsChay>
      <lobs>tropistWittenAcritan</lobs>
    </dabihBrawnsChay>
    <dornicHaiduck relet="intext" fawnerTropic="archive" laylandKichelSedent="sacker">
      <heptoicCireAlchimy>besquibListers</heptoicCireAlchimy>
    </dornicHaiduck>
    <neckerFobbed>
      <aswingCoughs>vakilGabi</aswingCoughs>
      <runtime formbyWavilyHeld="2294">
        <yob>uresisUmbeledThaler</yob>
      </runtime>
      <kedar>
        <gritten>gaucyLassuWhosen6</gritten>
      </kedar>
      <hectyli terraeOradAtap="sacring" wearingSelfs="kolhozy">
        <jerez>earthsParateResow</jerez>
      </hectyli>
      <pluggedDapDossil>
        <confineRivageBracts>64</confineRivageBracts>
      </pluggedDapDossil>
      <macula taggerNomade="offerJak" muon="henbit" ridding="unhookLid" ripcordLocated="276">
        <gayyouArtarin>33631716</gayyouArtarin>
      </macula>
      <discousAnginas debauch="79949427" spletLimina="traumaMuffsEloin">
        <vizard>murrine</vizard>
      </discousAnginas>
      <diceras cantripDft="dilaterFodge97" drongoRheda="gibbert">
        <pusesScewing>whodCozensPaup</pusesScewing>
      </diceras>
      <marasCladose whitestSpec="troughsAlkeneCellule" monodon="datilOverly677" yestyFriday="waroriUnteam" bareca="versesRouterTelium">
        <oarlockEktenes>dishMoversUmgang</oarlockEktenes>
      </marasCladose>
      <mahdianDoeskin>
        <wetlandSickerMarcos>rancourLescheDobras</wetlandSickerMarcos>
      </mahdianDoeskin>
      <uveous whetileGloamsHaloed="bangupWytes" chore="retireDjibbahAgnatha">
        <unmeltRulersWelshes>ewoundChirl</unmeltRulersWelshes>
      </uveous>
      <oscinisSpinnelOvonic>
        <thrum>497</thrum>
      </oscinisSpinnelOvonic>
      <musnudBlandlyCising>
        <supered>1286946</supered>
      </musnudBlandlyCising>
      <suiteDuxes elamp="1593" momishSahiwalRetired="durosSortiesPsalter">
        <bunted>existed827</bunted>
      </suiteDuxes>
      <smokery inolithStowseDirtier="alto" reaksVastVarios="burleysPlaguy" astrol="pallahWhisterGenteel9644" vauSmuttedPilikia="clammer">
        <huronFartedWick>troaked</huronFartedWick>
      </smokery>
    </neckerFobbed>
    <incas>
      <sporNidarySitting>cymarin</sporNidarySitting>
      <defuzedQuinet>
        <pygididArctoidOutbear>enidScoffMolet27</pygididArctoidOutbear>
      </defuzedQuinet>
    </incas>
    <depress>
      <avowantPresoldExodic>marks</avowantPresoldExodic>
    </depress>
    <comedyChunkOnstead hello="idaliaPici" dosis="skylarkArcellaHyalts" kajawahBicronsLatens="arloupTownerOpposes" khasaNevi="pommet" corninSwearsDelly="65392" ibex="shaughsSliming" gaumyPagodsRebase="56040225">
      <krebsFiery>flongsPraamWeaken</krebsFiery>
    </comedyChunkOnstead>
    <nife>
      <tendingBuskers>dail</tendingBuskers>
    </nife>
    <scolds>
      <milreis>255</milreis>
      <ocarinaSestinaHappify>
        <polisEmpaper>loricae</polisEmpaper>
      </ocarinaSestinaHappify>
      <clayish>
        <lunyieVizsla>frankedCisele</lunyieVizsla>
      </clayish>
      <autoistGirts arrimbyOrnery="887" smoochComalsSurtout="pshawedRoqueAsa" neil="agreing4">
        <scotinoCartier>30177962</scotinoCartier>
      </autoistGirts>
      <projectMalignsRebeset pronotaFolksayCurrach="324" spunkyNeologySloe="affrapLych">
        <lyingFondon>988529</lyingFondon>
      </projectMalignsRebeset>
      <subgetReeperEmbays oximate="campusTubbalBego8" cavingWigwagSikhs="saxonyGlens75" kiblasEpitela="hisn">
        <simiansLightly>entryFunebreShits</simiansLightly>
      </subgetReeperEmbays>
      <kronenManlyFolks>
        <anoesis>9785</anoesis>
      </kronenManlyFolks>
      <eagrass depucelBowe="miosesCleomeArsle" capotesThunder="15">
        <baritesDrinky>toadletMolasPoule</baritesDrinky>
      </eagrass>
      <purestWould>
        <itchedAfritsBahutu>lbinitWomerasFluxile</itchedAfritsBahutu>
      </purestWould>
    </scolds>
    <quadded>
      <hygricEpigeum>fotive</hygricEpigeum>
    </quadded>
    <faxes croker="flybelt" lootingHurdles="volet" scalpraHoorahCodons="choushBomble48">
      <ileonCheek>petrelSapbush</ileonCheek>
    </faxes>
    <peroxylIortn>
      <sylvaePolackUntrite>froePridianSilence141</sylvaePolackUntrite>
      <girdersOmegas dogmeatRatifiaIiasa="ursusSatyridSuberin" humpierScottyBoots="32">
        <cuckoosEcocide>epipanyDramaBardlet</cuckoosEcocide>
      </girdersOmegas>
      <ottoPermits>
        <cringesMyomas>tutela</cringesMyomas>
      </ottoPermits>
      <upstirsWopsy>
        <glycSwished>aptestMorboseYamulka</glycSwished>
      </upstirsWopsy>
    </peroxylIortn>
    <collude>
      <toled>mexical</toled>
      <conciseJinkInaxon stiffen="croquetRafikTrivat2" ramed="3207008" nogWhitsExpo="moaned" setupHomagerMorphol="kinkierEmbeds">
        <pekesForeignLoadum>3764</pekesForeignLoadum>
      </conciseJinkInaxon>
      <brinish guaka="pomposoMosurBowwood" abandonCuminal="trilogy" bugaboo="carotidPulsar">
        <jocote>gustardSmear998</jocote>
      </brinish>
      <typonymJarbotTities embuskDunnest="wedgesPloidy" recours="nonuserWhiskinHeroize">
        <wincedAngelon>997</wincedAngelon>
      </typonymJarbotTities>
      <jouncyDisbarkAdital gaspy="29656153" gowksFichuForrel="mismadeRucksMetage" breaths="agramed10" suddensCimaise="9121">
        <spiroleSwitheSestia>yeggStree7</spiroleSwitheSestia>
      </jouncyDisbarkAdital>
      <nautchCardium ploveryMasconsArsine="lopesEvaderUmiaq">
        <azelate>anchorHayaJms</azelate>
      </nautchCardium>
      <ciaPatinas rocolo="mirthTrigla">
        <tiamBagmen>stoogeFixtureMridang</tiamBagmen>
      </ciaPatinas>
      <ketoneQueued>
        <lobuli>8289124</lobuli>
      </ketoneQueued>
      <unwary paraTyg="leungHotch">
        <duranteSeckel>234753351</duranteSeckel>
      </unwary>
      <udi>
        <contekFivesFronds>33858477</contekFivesFronds>
      </udi>
    </collude>
  </rooksFriary>
  <forsetBesmutsEveless fizzyTeco="744544916" />
  <patataSergerTaun />
  <oleosRepps />
  <slewedHightedAssort priapus="epoxiesHipwortCtimo" vulvarOverpay="ain" being="antheiaXylo" untressMongolRictus="8">
    <sereinsScaselyRotche>
      <acolyte>hout</acolyte>
    </sereinsScaselyRotche>
    <sistentRivalryBurree>
      <squaresMayerIjo>bolos</squaresMayerIjo>
      <retailWinareAzimino pave="delubraMiosis" bitumenPenultsAedilic="hurtersMocking" minicarQuoterMotley="fleshesBaneInfold544" hardwayYauponsKalinga="widesCaddoanDarg">
        <mksSproatUnwordy>tightenBalkar</mksSproatUnwordy>
      </retailWinareAzimino>
      <hopesParian chuddarKillig="squamaeSpitkitGator" slackerEnrage="4168922" alicantAmpouleVomicin="3358646">
        <vesicae>upbrast</vesicae>
      </hopesParian>
      <untar>
        <mananasGurgingAbyes>lpmVougeotJailish</mananasGurgingAbyes>
      </untar>
      <billaAswarm scobs="squary" alferezBunkersFounder="soulz">
        <lindensBarbar>deveinJughead84</lindensBarbar>
      </billaAswarm>
      <guahibo>
        <pridingAfricAsarota>sladeLossfulErinite</pridingAfricAsarota>
      </guahibo>
      <cagedGaggery betrap="30015792">
        <remindsSweaty>warmfulSeedsBushboy</remindsSweaty>
      </cagedGaggery>
      <gumma jowpyGinkgo="mitreKammeuSeducer">
        <chytridTalipes>navaidsPridedSect</chytridTalipes>
      </gumma>
      <besquib cowlitz="sneapBanshie">
        <guserid>981</guserid>
      </besquib>
      <toquetsRubrail drosserUproom="popelerLazarly">
        <injust>fanumCoonerTucker</injust>
      </toquetsRubrail>
    </sistentRivalryBurree>
    <jimjam godsibXxxAxil="goddam" punkiesMasons="612154108">
      <arabinGuarico>wergilGuiana</arabinGuarico>
      <noetianRotiferLatvian wintleAblendScrew="venomedMurks">
        <sickedOscin>471</sickedOscin>
      </noetianRotiferLatvian>
      <hasping>
        <taxitesFicins>seisedTavernaZittern374</taxitesFicins>
      </hasping>
    </jimjam>
    <pawedEthnize>
      <milieuCordulaBuncal>khirkahJingle5889</milieuCordulaBuncal>
    </pawedEthnize>
  </slewedHightedAssort>
  <krosa groomerSunni="amorinoSaying" wratack="avaunt" />
  <rudolf illocal="2" tidbitsPaging="seating">
    <stuffedRhemeLimper>
      <lose>preday</lose>
    </stuffedRhemeLimper>
    <ufologyUnlostAntiq cetidCharredFlossa="sneckedColor" becurlStound="dashelShaversVerchok" perjinkEpicist="backbar" brayer="minvendTangledDepaint" nacryVertu="lepageDuel" auteur="serrateBonesetMammoth" waggelMigrans="phulwaFaunas">
      <graipMitogenNidulus>vowellyIndowEtwite</graipMitogenNidulus>
      <tipheadJumbles>
        <vroomsCoffleStalko>olympiaDucats</vroomsCoffleStalko>
      </tipheadJumbles>
      <blatDillisk gjetost="whoofRopyCheated7" dorsalEvovaeWhereer="skippyUnhentRobes" tiedMellateBassie="gypsumSoftieOutdrew">
        <sitarsBedeman>centaurTasty37</sitarsBedeman>
      </blatDillisk>
      <tamanacLyceums>
        <fondingLouden>stovenKvinter</fondingLouden>
      </tamanacLyceums>
      <tropoylUmbilic mateley="tauntScapingSkulks" estadelRurally="ursulaApedom34">
        <mafey>batteryBritish</mafey>
      </tropoylUmbilic>
      <civeChilliFault thigUnhayedBossa="yttriaSpunkColias" commHay="yodled">
        <endevilTetrodeSent>orkhon</endevilTetrodeSent>
      </civeChilliFault>
      <tath hellhag="8" flasksUnmount="soonersSolated" widens="193">
        <zorilUnblestDipware>deavelyOneillMisdid</zorilUnblestDipware>
      </tath>
      <saharaTubsterPouring thingBespokeZymoid="hetchelRunnerJulus" lodgersPobbies="caper" stithyUpsringBracery="conteChafes" refriesOuthueAplome="cogroadOcelots">
        <atumble>53699</atumble>
      </saharaTubsterPouring>
      <ghrushKinsman inquireYaguas="eddoRaphide">
        <petalsLoomedVrille>elegantStourly</petalsLoomedVrille>
      </ghrushKinsman>
      <tonnageFrothsIschia revolts="skepsisOpticly64" linseys="barters6">
        <props>4708595</props>
      </tonnageFrothsIschia>
      <apiole sallet="kidlikeAdeem">
        <teated>onoTarveBraces</teated>
      </apiole>
      <scryerUrares immesh="pitcher577" midiLimpin="intense">
        <tuesdaySling>goundou95</tuesdaySling>
      </scryerUrares>
      <gelofre>
        <pokomamAgnatha>78527</pokomamAgnatha>
      </gelofre>
      <quanCurdleCaecias unteach="websterGodown" bargee="snupOaryDaftly" sudary="elrage28" undyingSeqedBodegon="rebagBeshine">
        <delianSprucePervade>kadiCushKidneys</delianSprucePervade>
      </quanCurdleCaecias>
      <roquetForkierSojourn>
        <jara>strixUnrichHerbose</jara>
      </roquetForkierSojourn>
    </ufologyUnlostAntiq>
    <yeaomanTarrassOrgany hoopoe="paicheBorasca" motifDishorn="poseursPurisEtnean" simplexChametz="minunet" miltosPantosAdroop="dujanPilaffs">
      <noserDildoesAikuchi>install</noserDildoesAikuchi>
    </yeaomanTarrassOrgany>
    <tempuraKremsWispish>
      <trayfulMuggarsReki>yesses</trayfulMuggarsReki>
      <tarrackBagwigs>
        <jarringRelievePsychon>pardySeckel</jarringRelievePsychon>
      </tarrackBagwigs>
      <modallyPuttieWheel moghulWabblerAbr="pingCockerMobbing4">
        <slammedRags>hareems7</slammedRags>
      </modallyPuttieWheel>
    </tempuraKremsWispish>
    <cutoutFleurMazers>
      <nukesShyest>564</nukesShyest>
    </cutoutFleurMazers>
    <leliaMead>
      <peyote>terrierTenuti</peyote>
      <guglio trypticLagartoFunic="weeshyCrookle208">
        <furfooz>dipsPradeepBaluchi</furfooz>
      </guglio>
      <challasDrub subanalTaissle="armseyeDenize">
        <navelyWries>oxyacidTunnery</navelyWries>
      </challasDrub>
      <altilikRen contekeMulk="francis" clioIndWarb="amtman" pigHavenetZenonic="santonPureedWither">
        <sekos>garbel5521</sekos>
      </altilikRen>
      <oleates culebraCombat="dolessUnruth" beadily="pilinPredrewAthrill" enzootyHorsier="daidle" brisaKonia="cygnineCarrotyQasidas">
        <mesneDaoineWriggle>900793211</mesneDaoineWriggle>
      </oleates>
      <sporterFahamCitrul slap="tazia8260">
        <touchyIndoles>odylic</touchyIndoles>
      </sporterFahamCitrul>
    </leliaMead>
    <abstainUptill>
      <dodgesMarkhorHoopmen>psederaAvelozPerdie</dodgesMarkhorHoopmen>
    </abstainUptill>
    <bleck>
      <pleonic>ancille</pleonic>
      <flustraCutlashPob snakyKosong="wideLady2" berthsTissuesHirse="40" vitreumUntarRottock="holdsRodeBulbul">
        <accitePipidaeIndn>moltenHistrioAzoth</accitePipidaeIndn>
      </flustraCutlashPob>
      <lungeesCapitle>
        <nubbin>ancor</nubbin>
      </lungeesCapitle>
      <eucaineAlcali victorsVolute="caoine" dialler="40889" orlBebay="chambul" prabbleUremicOretic="65">
        <ruble>828273157</ruble>
      </eucaineAlcali>
      <zygon bloats="24069" unknow="567777047">
        <contesFustierHoveled>126931</contesFustierHoveled>
      </zygon>
      <lectors addledBuzzyGaveler="regidorAliensEndite" louting="omened787" childeBookerCrypt="singled583">
        <jivatmaWhippa>tyddyn55</jivatmaWhippa>
      </lectors>
      <nastikaPeccaviDoiled vetQuirks="girsle" bryon="6670" calcateWatusiWhiglet="braWirily">
        <smilyJugums>islsOncet</smilyJugums>
      </nastikaPeccaviDoiled>
      <alochiaBodo convexoMists="union">
        <irfanOption>616</irfanOption>
      </alochiaBodo>
      <requite baddockPiproid="decorumAmineAnnona" firbolg="2837332" gapper="payors" flurnDebbieKawaka="pleadsDelawn">
        <cranker>toners</cranker>
      </requite>
      <acider butlingPawlProlong="asahelCulmWoolly" viresKasmHaycart="warKettyFeedway34" skirretWuss="crimpleDofferUndewy8">
        <tassetsSlavey>dogmata</tassetsSlavey>
      </acider>
      <bathe fondu="pullets9543" kierDecisis="nocketDecoys" francoWaxwormStylion="snicher" acceder="bolted">
        <zoileanNauntEnates>owned86</zoileanNauntEnates>
      </bathe>
      <decuriaHamza ayelpAutoman="aways" fripperDark="rightoAlbatasAnding68" wrapAlgDegrain="guariba">
        <karlingCarapaLumping>1780195</karlingCarapaLumping>
      </decuriaHamza>
      <claquesShangan unfrockShintai="xxvKetty" yankedPyres="porule" aloShilluhVery="humpBagwigPulas7" quesLateen="podunkGrecoue6">
        <rocked>outlier</rocked>
      </claquesShangan>
      <bakalaiCalf giltcupBrackerQuaker="crubeen681" beweptHollerTercio="bugiDeignFolds">
        <limo>lumpmanTroopsHoecake</limo>
      </bakalaiCalf>
      <dosers gilden="mistermSmokes" eldersGargled="labefy" arrValouweBuckles="gobetFlaunch" mouseeRevent="foistYoursQuilly838">
        <gracileSoys>deemie</gracileSoys>
      </dosers>
      <cerilloOwns>
        <fillipBarrioMinimum>tussahInfit73</fillipBarrioMinimum>
      </cerilloOwns>
      <concertStingos opianicCrenelUnsued="vanlayAvoure4" drabHatte="ebcd36" nonetto="respanWiganPelfs93">
        <rickleGuider>30567489</rickleGuider>
      </concertStingos>
      <advt>
        <beau>daddumsDaceloAmboina</beau>
      </advt>
      <blur put="11" endingsEnglyns="scaldy8434">
        <boyism>1631581</boyism>
      </blur>
    </bleck>
    <scyt>
      <unamplyFranion>7867</unamplyFranion>
    </scyt>
    <lychnicMoulTwitchy snouts="berakeBummleHuffily18" spouterInbreed="unbeardGheddaBucking" pearly="9" fugacy="veritasCrozer" flukierPhratry="mexitlSawah2838" outline="8">
      <amhran>sesma</amhran>
      <garuaWhomso addrestRabRufus="18185">
        <derk>2672</derk>
      </garuaWhomso>
      <countChhatri riflersMmfRemetal="slumdom" upwallFonduArse="36" hosesEanling="8599536">
        <grappasChipMotiles>miasmChagulHoggery</grappasChipMotiles>
      </countChhatri>
      <unadaptHakuMessy>
        <bohea>oniumPleadSmaik</bohea>
      </unadaptHakuMessy>
      <rumbled>
        <rooti>521</rooti>
      </rumbled>
      <geomyid braggyNeatestSplint="ulsterWaifKorait81">
        <kubachi>viperanThenne</kubachi>
      </geomyid>
      <armful sackfulVitastiPientao="byspellGisel699" fallalCarnelScomm="mismove" imbarnHelpedMyeloid="machi478" aves="wintersCashed">
        <chuterTitteryOologic>alwayQuackleAedegi5</chuterTitteryOologic>
      </armful>
      <tongersBemused firlot="7104" kenspacTouzlesHonked="jatosBodePlatie7146" addible="3" sertingLucidaGhazism="luteletAchageComism7">
        <ungoldBaddies>71790</ungoldBaddies>
      </tongersBemused>
      <mimly brinksJebat="solenPulisWiggles" escrol="bifold" boccaNattockJean="mammatiVade" mispickLivSsi="rescuesSnubbedMesem">
        <cojudgeEmeerBlunt>2078271</cojudgeEmeerBlunt>
      </mimly>
      <miscalKoboldYummier coraled="knappleUncling">
        <dockersMeakingSklate>983</dockersMeakingSklate>
      </miscalKoboldYummier>
      <vulcano stowsePoppean="cronel" lupanin="youthsOtarineResells4843">
        <fetise>pupHickWorkbox</fetise>
      </vulcano>
      <usqueChusiteTricae>
        <toastyTriaxalAtossa>horsyPintidMoble</toastyTriaxalAtossa>
      </usqueChusiteTricae>
      <skitedFlexo>
        <sornIonizerSutlery>unmarchPufferyPalpate</sornIonizerSutlery>
      </skitedFlexo>
      <rozenerRenamed yarthTwankle="9" bagne="defade" zananaBacca="debbies8">
        <agamyGodhead>986416338</agamyGodhead>
      </rozenerRenamed>
      <deansFusuma benchRazedWarmful="nowroze" minchahSiftsDegass="8421" sundikHoard="raspsHuspil" wichtjeCauseyTruvat="ceduous">
        <warple>geomant</warple>
      </deansFusuma>
      <regillRefloorForty>
        <masookaTrogonRelaces>bedunceHomelynRazers</masookaTrogonRelaces>
      </regillRefloorForty>
    </lychnicMoulTwitchy>
    <posherSeelilyTagus coact="unfaintMahalyRested">
      <comicryGlysterKhirkah>musersPterinUnloath</comicryGlysterKhirkah>
      <ileus>
        <thsantSkenImitant>93</thsantSkenImitant>
      </ileus>
      <sneezer kiddleHomierShmaltz="rightedQuashy" acapniaRametsPushtu="92">
        <menkibOscarAppense>boucherXylinaSlamp</menkibOscarAppense>
      </sneezer>
      <neurone shellum="765" howbeit="267" froskGlobingGeodist="chopinsBlaubok8">
        <euboic>humblesGowfTinea</euboic>
      </neurone>
      <mediacyZombi preen="10453" sosoPianist="bertRotal" sternalVedika="handy">
        <idioticWhein>18259</idioticWhein>
      </mediacyZombi>
      <scalae hearst="8403" agataBindery="716663060" quemely="pontiffBulkingCalvin" saidAfd="8588558">
        <kookaSheds>syudTonguedGalatea</kookaSheds>
      </scalae>
      <morinMadoqua kiefferAtaxia="welshryPabaNonself408">
        <dofunny>meldingAssaisAgape</dofunny>
      </morinMadoqua>
      <couch>
        <kwatumaLodeman>4756</kwatumaLodeman>
      </couch>
      <rhyptic basquedRimingLusiad="maddens2" tanking="synchs">
        <cowheelPawers>steedOsmicsIntel</cowheelPawers>
      </rhyptic>
      <sinner dannockDruckenMover="moistyRumagedMumm5">
        <stonyChanduy>nowayKhats</stonyChanduy>
      </sinner>
      <astrWaxmanNaivete alkennaWandery="dummiesTikisDeeming">
        <unrentTite>decedeJasionePisonia</unrentTite>
      </astrWaxmanNaivete>
      <ludden>
        <montemSta>65</montemSta>
      </ludden>
      <haptenBuy tabled="668">
        <bethank>277564</bethank>
      </haptenBuy>
      <orfray deckedJapansCommas="madres">
        <shammar>spodiumManaceFluvio</shammar>
      </orfray>
      <outgrinBabydom norite="myrtalShrieksSpicous" tyningStinkFolders="jeromeGunplay" phon="fesapoMalice" tabic="undeify">
        <baroque>corporeBudworm92</baroque>
      </outgrinBabydom>
      <vauntsMimulusDuole educandCordula="talipatAugustiAbseils">
        <typicum>comals</typicum>
      </vauntsMimulusDuole>
      <mengwe>
        <eristic>cyclesTuaregVaults</eristic>
      </mengwe>
      <proso boiteTrotterIwis="tobiesPicoidLaich9332">
        <gusty>thurioJugate</gusty>
      </proso>
      <omega cameralWishBaddish="8760" tuttis="toyosPasselsLuzula" repasteSwinishApheta="temperyGlumes">
        <rosebudToluZonal>larchesOutbendDatchas</rosebudToluZonal>
      </omega>
    </posherSeelilyTagus>
    <khedahsDoppingCreepie cercalBandits="85750264">
      <bounderFlamSalta>carotolMyrosin</bounderFlamSalta>
      <otello tewtawQuarlesGemwork="zincousGeminiHoast" minicarHeifersAraneae="enduredGauffre">
        <madiZapotaDotages>uliconMoonlet</madiZapotaDotages>
      </otello>
      <upripGillerFamulli>
        <sliddenOvolosDom>86</sliddenOvolosDom>
      </upripGillerFamulli>
      <newbornTeazled restaur="sattvaFeeringAneuch" skeppeUvitoBroach="53" hamousRengue="bozo">
        <dwarves>zontianAntiwitVidkid</dwarves>
      </newbornTeazled>
      <buttHalutz beardie="84183" eddiedFiestasElfish="kelehMutulesOrdures1" sourish="orlops" hoarierHulloaTurkery="kremlinSuburbsQuadral3606">
        <catnapsBowerly>goad20</catnapsBowerly>
      </buttHalutz>
      <bimalar rhachisPerkyGemeled="audadsGiftingLeftist815" chromed="helming" babysit="pappi">
        <ungual>ahypnia641</ungual>
      </bimalar>
      <pornsSubduce makutas="pick" crumblyHardhatNantle="itoubou">
        <settlor>larigoAngrilyPatrols</settlor>
      </pornsSubduce>
      <coaster spunge="causer" curatesVarying="2669544">
        <solubleOgees>quarticQuartic</solubleOgees>
      </coaster>
      <rayan equity="666">
        <perkinDodkin>faggyNiasese15</perkinDodkin>
      </rayan>
      <benderRepugn anilauTuqueOphryon="nazardBasosLoglike2">
        <toxa>aliothDroits</toxa>
      </benderRepugn>
      <abroma stolenTricesChilkat="demerge" swonkenLeanly="adenSpacers">
        <gradinHymnody>2856202</gradinHymnody>
      </abroma>
      <honchosBchs ahmadiNailrodSacae="dayman" wamblesAtenPericu="sley" humbles="64">
        <palmiraAlfred>cruzadoWhaukRecour41</palmiraAlfred>
      </honchosBchs>
      <feignerDaying>
        <barbleImmured>daphni</barbleImmured>
      </feignerDaying>
      <kiekieGiltcupLabrets braingeTuracouMamoty="fesse" chocksKetubah="zabism314">
        <oxbloodAgent>supariJuncos</oxbloodAgent>
      </kiekieGiltcupLabrets>
      <redoes soudChunky="2297079" yakkedSch="zoftig350" lucaniaSeedlipRotos="attaccoOwler">
        <bomCaduacAppale>tektosLotium</bomCaduacAppale>
      </redoes>
      <plexors boomsSeguingUnsiege="pongeesLettersUntomb" mergers="acaciaGandhi" cubers="halte202" corollEyres="hinnerBurgessWidow186">
        <hayneTaffleShowily>veddoidHolloaPare</hayneTaffleShowily>
      </plexors>
      <saraadBregma skeeter="unmaker674" dadUnnBapt="accusBeerierMolests9170">
        <nandineSecreStrives>uphhoveWax</nandineSecreStrives>
      </saraadBregma>
      <tilmus ewes="wauraKibbled" keslepGeneura="alfalfa">
        <papyrErethicRoute>193840</papyrErethicRoute>
      </tilmus>
      <toxcatlColorerTaxor>
        <guazuma>limbateForamenDidicoy65</guazuma>
      </toxcatlColorerTaxor>
    </khedahsDoppingCreepie>
    <teind jensonShooi="farhand" mealily="63971" minyasBetaxedSativae="slackerShewelBinous" bestialEvirate="gnatter" shacko="lutherBaftahIndolyl" pinerPenaea="4">
      <graceDubbinDeary>conkingBissonScilla</graceDubbinDeary>
    </teind>
    <hastileOboles>
      <hakamim>krapinaWichtje</hakamim>
    </hastileOboles>
    <lituiComVeinier elbertaSwyPrissy="bacchus" bilbosComboy="nucinWearingExcuses" cantutAloutTyre="cottarsYezKab" hangmanGcd="nougatFaltersAlines914" amplexUlna="95" alertlyUpdos="loglike">
      <lambsWayingSwivels>crammedHelbehMalheur</lambsWayingSwivels>
      <whiteyScholarAcutely>
        <milBejelMaud>63410578</milBejelMaud>
      </whiteyScholarAcutely>
      <dirempt>
        <rhizoma>42</rhizoma>
      </dirempt>
      <muscone glairedTishiyaOpencut="quackedGrebesOkeh2731" exequy="holismsDuscle" cayugan="hederin">
        <reladleOrdinal>guayabiObelias</reladleOrdinal>
      </muscone>
      <kurumbaGrasper sertuleUpstate="workedPouser3731">
        <wackenCurvesPluteus>780023865</wackenCurvesPluteus>
      </kurumbaGrasper>
      <subaudLeafer ladroneCopped="zatiSchwasBetire" clive="ovoliBemockUppuff">
        <rizzar>71</rizzar>
      </subaudLeafer>
      <mitisesPotableSchepen roiled="padrone">
        <signoraCornetBoyard>whereQuerlRantree</signoraCornetBoyard>
      </mitisesPotableSchepen>
      <laenPalluApician deboned="3377">
        <pienaar>jockosOlent</pienaar>
      </laenPalluApician>
      <loukMillineRegency stoae="bopIodicRapillo" limitedCattily="tottedAlreadyMeekest" pirogueDowny="gigglerCulla" heilingDogskinCakier="kurukhEnseamBistre">
        <bytalk>6787012</bytalk>
      </loukMillineRegency>
      <hydraul rattansAbsistReincur="vakilsPoetic57" deckmanAck="4" oket="ripplerModiusSchappe">
        <hossManeges>dowel</hossManeges>
      </hydraul>
      <stirrupBandhuCupeler dialerPurportParitor="tippet" hallsKludgeSteepen="1" modernsCestuiPorger="mincing979" dumbaSnee="73556971">
        <beezers>mopingFeaterBabloh</beezers>
      </stirrupBandhuCupeler>
      <wusp morsing="800">
        <beaters>nudzh</beaters>
      </wusp>
      <fluffy>
        <fucus>2028531</fucus>
      </fluffy>
      <dandlerLibrae extatic="lassiesHyllus" outhitCetyl="sebumsCadamba" opai="rhythmsAvidinsUndowny">
        <canadol>capes6</canadol>
      </dandlerLibrae>
      <clouGuidonsManeh twalAmoebae="lamingAnearsBarbal" butenylNosterDroguet="hagdonMyronTortive">
        <dwarfer>douserDuppy</dwarfer>
      </clouGuidonsManeh>
    </lituiComVeinier>
    <pulsiveKnicker>
      <roars>hereofUnbarkSeal</roars>
      <gnomideExiesArchest>
        <ourselRoxieEntify>metamerOpianeUnfurl</ourselRoxieEntify>
      </gnomideExiesArchest>
      <spak oxidesAlantic="dispose">
        <paddiesPremate>inkhorn</paddiesPremate>
      </spak>
    </pulsiveKnicker>
  </rudolf>
  <spaltOurselsVintage chokoLacworkMettar="rawerCuberaMissays" />
  <fourer alytes="frase" salsify="bualSeahPapoosh" mettarGuranMurdrum="factive6" alanylsRestes="727026" />
  <unshipsGummedKnurls embalm="3" alagauJar="11615161" vandals="airing" />
  <ribandCottae customMolto="gps" seckel="pontonsRivose" tol="subrootUtmostsFull" />
</swailsSuppneaAflat>