<?xml version="1.0"?>
<pitchAirlift>
  <alexiusMahdian />
  <terpin strigilNeorama="citableGlutRower" hayes="8" snugify="10" />
  <gates mocmain="fumaricAgoing" ecstasyBeechScarabs="718638246">
    <arctoidIcerootLoessal bugbearDruggy="lotusTroueLancers" ionist="piafferSampleOdyl">
      <fruityMandrinAlioth>actaeonDiazoma</fruityMandrinAlioth>
    </arctoidIcerootLoessal>
    <filmicLuciusPrasoid emagramStrowsCloyed="opalineLenadLoover" twosDecurtTuism="lucile" peakedSkipmanSphyrna="haggisRongaDealer" argyrolLarvaBewired="coblesJotnian" thomiteTombac="jailors">
      <frisbee>vulgate</frisbee>
    </filmicLuciusPrasoid>
    <bollyMottle>
      <impheesQuashSergius>ovens</impheesQuashSergius>
      <gambang>
        <presealUncialsRyania>snoozedTrolls8</presealUncialsRyania>
      </gambang>
      <ryder shita="bewhiteDoughtStator">
        <frizzen>hemiola5569</frizzen>
      </ryder>
      <pickageGlazen billon="anisMerak" sadeFriezer="25575" emetinsZygoticSensive="fickleSaunaTroaks" gaditeJim="vangeliBlissom">
        <folkDeject>empireSuinglyShivery</folkDeject>
      </pickageGlazen>
      <liberiaNuthook elutorDecimusLaguna="teachAneledEffuses" finicalAstroid="9230514" frijaSotting="unix">
        <roilyFeedlotLakism>206628847</roilyFeedlotLakism>
      </liberiaNuthook>
      <kagura crusieCamion="805" momistFated="boxerAliened">
        <peakOverranTanh>36522</peakOverranTanh>
      </kagura>
    </bollyMottle>
  </gates>
  <mailboxTwisel bugledRuruHydrase="palp" effrontYetts="getupsEnarbor" thebaic="waragiPicuris4" />
  <eldressTailetPrawny restrapHunchCamansi="schlossGall" autocar="mobable" />
  <townly forborn="plasmBrynzaNicarao1" limer="kellArationTumming" rabic="squid" enmistRepp="pray">
    <upcard>
      <kayo>nefasMusmonDeath7561</kayo>
      <ensoberRaucous zonurusGrampsAhold="559269">
        <goularoFren>selfish</goularoFren>
      </ensoberRaucous>
      <ferrashGracyDessil scraper="ostlers">
        <planAbash>inactEnquereAnilino</planAbash>
      </ferrashGracyDessil>
      <julidanGainful unduke="estoc" deploys="chutistRaft" entopicLooking="vakilInvoice">
        <verifyTabinetBiri>swannerReplate3226</verifyTabinetBiri>
      </julidanGainful>
      <ordinarMoulinBilged>
        <weedilyZygomaOrbits>mymarJunker</weedilyZygomaOrbits>
      </ordinarMoulinBilged>
      <casaveZoochem odylizeBeeped="estall" apparel="daraptiNoises8388">
        <limuliMonthsOzonic>tubbish</limuliMonthsOzonic>
      </casaveZoochem>
      <kunwariPeckPereion adipylDipnoi="turretsBardeCpl" vestasCowlikeOutplay="4">
        <flivverGonidic>bustTacanan78</flivverGonidic>
      </kunwariPeckPereion>
      <olamLaymenGreg fearers="cinesGlycins" notaeumMesh="enoplan">
        <chef>impheesPulis</chef>
      </olamLaymenGreg>
      <tozeeShewa>
        <redeify>gimletSteelsCroomia</redeify>
      </tozeeShewa>
      <greenerChouka>
        <stinksBungfuCit>lanely</stinksBungfuCit>
      </greenerChouka>
      <ribandBusking>
        <frapleTachesChemmy>unstockTzarism15</frapleTachesChemmy>
      </ribandBusking>
      <eloineHenTeed>
        <muezzin>defluxTousesOntario</muezzin>
      </eloineHenTeed>
      <hangPor kianganGleave="rallineFunnies" antiope="aldTeraiWale3616">
        <upprops>25326328</upprops>
      </hangPor>
    </upcard>
    <nanaimoSukey bando="drollsGuffawsHareem" manaceDol="8" wied="bourree1969" cuvageApods="restis" raillyRobert="lemuresCizar88">
      <correal>streite</correal>
    </nanaimoSukey>
    <burkes drecheSnastFainted="duomos" eels="unfoul" lainageUnison="695" bhumij="outbudSulabaSawed" surnapReseatOffsets="vexers">
      <caseic>enviesCativoRutic</caseic>
      <jonahFifo axman="plattyOxyacid" jennyOooo="ligeIncl">
        <gliffDiurn>prosierTophous</gliffDiurn>
      </jonahFifo>
      <caronicWhute marginAlgolLebban="deaner" ceriteAugenRemans="intact">
        <mentum>averah</mentum>
      </caronicWhute>
      <slipout>
        <azotedGoaledHoc>954726250</azotedGoaledHoc>
      </slipout>
      <abrin ado="duadicElixed" coqueEthion="floridSchmeer">
        <widens>1269</widens>
      </abrin>
      <epulisExserts>
        <maresCorsacs>sayidsUnsellTralira</maresCorsacs>
      </epulisExserts>
      <muddily elenchiEpaule="colauxeLemuriaSilvan" abbatieManurer="aislingProwerFrancs" spoliaBambucoRepave="camenesReynardRuga">
        <boveSlaked>ergotic</boveSlaked>
      </muddily>
      <cancels schlepp="ellopsBereftBrazier" chapCymarinTosk="glucina82" hulkCrumber="hadjee">
        <wussMagmaNeath>hallowd</wussMagmaNeath>
      </cancels>
      <miri drawler="habeas" alumianAlumins="wunsomeRecageRedsear" outyelpLevantsBruised="hynde">
        <blashToruses>apoikia</blashToruses>
      </miri>
      <bulliedDrabbetPlutons aegipan="balletsBleakySpeary9">
        <labefy>nyalaTrashipSkyway</labefy>
      </bulliedDrabbetPlutons>
      <sooter tanist="assaryChasm" pilfersSuccus="muridsStorEmyds" unliveReddingUnsnap="leavens">
        <anniIllbred>cooks</anniIllbred>
      </sooter>
    </burkes>
    <quedful>
      <testorWha>circule</testorWha>
    </quedful>
    <edwardRowsKoreci>
      <worker>gooderWitbooiRewager</worker>
    </edwardRowsKoreci>
    <imaretBloused migrateToryism="lagoonsSpeer" gorceQuasars="cascade" sporedSpuggy="hex" squadVakassWarsles="encarpa" liccaSopors="matelot" ranketZygoteHexace="wrynessGeddCoom221">
      <rapinicCroupalSexto>activeSchriks</rapinicCroupalSexto>
      <puddy mousilyFiningGarum="evidentKalong">
        <mokihi>keefDilutesKronos</mokihi>
      </puddy>
    </imaretBloused>
    <recourZoomingImperii>
      <messtinGypsterAretes>spongin704</messtinGypsterAretes>
      <tuillesAmoebanUnsense yokels="gratherMyotics" chorale="poetizeDrongos" wackerBlenderDernful="goback">
        <liftersUnbrownRusher>ovulateOrrices</liftersUnbrownRusher>
      </tuillesAmoebanUnsense>
      <unleanClouts brawlieCrimped="nookyAlmous" freezyEntad="ajaxIserine876" eryopidRipgutReuses="passingAwaltOsmite40">
        <coes>advowee</coes>
      </unleanClouts>
      <bedropMopierExhaled kaloMidmost="13437">
        <kathal>wongParilla</kathal>
      </bedropMopierExhaled>
      <lubric semeionChintzUnleaf="minyasCradock" toydomAirwashFahlerz="releveChonkCockies" dorbieAliculaMastax="vittatePrefill" sized="twined">
        <tabandDevauntHarden>385257701</tabandDevauntHarden>
      </lubric>
      <outfold>
        <mesostPeabirdTractor>tarnishToles330</mesostPeabirdTractor>
      </outfold>
      <laggard dorpAuraminLump="quotityGenianModern" faginsPkgsBatted="tallateJarfulsBellied" presets="nectars" davis="eosPyrexia">
        <mulsifyAdpao>8045</mulsifyAdpao>
      </laggard>
      <buchloeTyrone acer="aviator" prutotNormal="sugars" inkersCyborgGighe="453054">
        <icework>runlets195</icework>
      </buchloeTyrone>
    </recourZoomingImperii>
    <chonkTerrasPapulae redactsShel="stifle" fulsomeClaroesTereus="peevish8" gulandDevelsPaola="solelyCoralla7374" wistingDisrulyMichel="48922355">
      <lasesHadjis>misselsUnfreed</lasesHadjis>
      <swooshSteddleCrengle synoekySaxes="bakundaRubberKrivu">
        <besneer>sornari</besneer>
      </swooshSteddleCrengle>
      <eucosiaWaf shaikhiGemoteTuneful="hichuSteels" lacs="enamelHansomsGrieve" rongeur="papregAdawlutSoleil" meselyCloster="betrust">
        <boogers>aprowlSaginaReccy</boogers>
      </eucosiaWaf>
      <noilage amolesBeerage="boons" moroPanos="villote390">
        <omelet>implumeWagetBovine</omelet>
      </noilage>
      <erdUpmountCorance>
        <couvadeAurene>65858</couvadeAurene>
      </erdUpmountCorance>
      <dream lone="sleekly" beirutRefugesAustin="esseda">
        <maridReelAlife>2288</maridReelAlife>
      </dream>
      <barytaYcleped>
        <togasConveys>cassoniVimenCoolie</togasConveys>
      </barytaYcleped>
      <analytBowledDjuka mushruFeccheBrither="shrewdyBemailCowed" laminas="witloofOxalicRose" extremaRaspite="slumgumRumpadeDecode" duree="alkine">
        <insoothDefers>exarateGookyNegaton6070</insoothDefers>
      </analytBowledDjuka>
      <learyChechiaTagster maniuChesses="egardsSuresh">
        <impeditPend>12</impeditPend>
      </learyChechiaTagster>
      <kokil labileHalerz="parties" galenic="soupier">
        <conder>9</conder>
      </kokil>
      <foolerBirthKhamti cinders="hemiambApery" faginsTirled="laidlyRepone">
        <axwise>trainsPreyful</axwise>
      </foolerBirthKhamti>
      <kryptic>
        <umpiredEchar>drama</umpiredEchar>
      </kryptic>
    </chonkTerrasPapulae>
    <englute>
      <croquis>kelsonImp</croquis>
    </englute>
    <chihSiressPredefy>
      <debatePropter>alanin</debatePropter>
      <breckFroggerSlavism raspedWerfLintel="bouet">
        <toprailGlycine>wafery</toprailGlycine>
      </breckFroggerSlavism>
      <streporStuposeChasm gannetJotting="2321085" wassail="suntansFen" rosarioProveArriba="brigue" pyloricJimjumsSimool="argans">
        <brotEminentPeppy>67</brotEminentPeppy>
      </streporStuposeChasm>
      <ires mudDemurEnbloc="fessesWishfulBlason" tublikeBurlesk="rhdAlticaUsques">
        <sibylEnkraalAflow>rhymesPostwarLiq</sibylEnkraalAflow>
      </ires>
      <malusGorses ecraseEthnal="bayletPheonFleing" inept="856" polypsYarding="2789702">
        <copier>famed</copier>
      </malusGorses>
    </chihSiressPredefy>
    <helcoidBleoDucky>
      <awarder>snufflePalamaeEurite</awarder>
    </helcoidBleoDucky>
  </townly>
  <lanistaLupanar faceupCloudy="solfgeShammedAcerous" />
  <rebeat doolBogmanVigas="regmaShice249" cardGoiKines="orfray">
    <boolya frizzerAdunc="fablesBlightsMarcs1385" mahican="arcform" satchel="peciteCaloryVaunce" parkerBlarny="sateens969" nitrianBudgieJuza="757467" sniggerIneptBet="backrunBotch" simooms="vowessFailIglus">
      <consoleBombs>gelt</consoleBombs>
      <oxgoadAnalav taxyingDreyntEpistle="91303" nabsFraillyChirred="ureideSpitten">
        <goffShunterHoofrot>peepingPlumbsWunna</goffShunterHoofrot>
      </oxgoadAnalav>
      <nervierIvyweed kimbangOmelet="imposes" canelleBaryonBombous="banyulsZincicHansa" negatonCollunRuewort="qantarTeaish" rakesSwarded="farmoutSetousCrepier">
        <triodiaMomus>jinaElfwifeForloin</triodiaMomus>
      </nervierIvyweed>
      <talterDover rowlockLemuresPanuelo="9974" obit="twilled" misbiasShivvyOases="4585808" perigeeNautica="oversup">
        <shumacGirlyDhoby>gordiidSibucao</shumacGirlyDhoby>
      </talterDover>
    </boolya>
  </rebeat>
  <zanzaPoliad colugo="salpas" misdidSoulterTaglia="dowriesEggy" lionismPeelFilling="flashesFegaryCounite" carpent="draggyScandic" />
  <lunnAjeeRoosted>
    <torporMetochyBhuts placardHenter="hindiEyesome">
      <widdies>rastleYogeesHoghead60</widdies>
      <laguneMyxoid flype="ureasesCaffreAvid" barrackTwingedGoolah="bathing">
        <fooder>smoppleBlatsYangtze6077</fooder>
      </laguneMyxoid>
      <neumsPsec>
        <timerLequear>testudoPutsHingers8142</timerLequear>
      </neumsPsec>
      <trepidJamlikeRarefy>
        <mulita>girseTecumOutflux</mulita>
      </trepidJamlikeRarefy>
      <cigaleTroversSlats belar="balooAdullam" diffamePlackHagdons="beirutPervialFroisse" bilshSalpid="seetheOnesPodites26">
        <enfoulShoa>wummelPlush</enfoulShoa>
      </cigaleTroversSlats>
      <boasted>
        <filleulAratoryTweedle>diorismEmit</filleulAratoryTweedle>
      </boasted>
      <ommateaVerditeGoidel caning="tictocsSwatterGadger" inhanceWelshedGossard="kashmirMesonFetwa" damagedMorrionToba="tangoMotacil">
        <eggers>syrphid</eggers>
      </ommateaVerditeGoidel>
      <tantawyDunceMetumps aumrie="wytesGlumlyUnsick">
        <lathamUngiven>atwitchCrowdleBeira</lathamUngiven>
      </tantawyDunceMetumps>
      <kitamat>
        <olson>52629957</olson>
      </kitamat>
      <residerPlevin>
        <bendingZoeaCalef>kerflapSiemensWaggled</bendingZoeaCalef>
      </residerPlevin>
      <trowieNeukBallads basso="manlike532">
        <swaths>jagatThigh</swaths>
      </trowieNeukBallads>
      <empty cultiveSeaways="smoltsFerialApods">
        <pahlaviNabob>compotManey</pahlaviNabob>
      </empty>
      <kittensGollOrly caddoan="avionsSalolsAlaite79" jingalsBellows="enaenaLouk" cloyedMuse="ursine">
        <uluFerulic>sabbingPereia</uluFerulic>
      </kittensGollOrly>
      <evenooEncistClipt bipedsBuras="upttoreRasherCommy" deplumpDodos="topsmanRedtopRockies">
        <cell>pickupExpiree</cell>
      </evenooEncistClipt>
      <misticPlanchGizzern nipmuck="unwell5">
        <thewyDevast>favusesCloths</thewyDevast>
      </misticPlanchGizzern>
      <austinBrioMoated>
        <luracan>piment78</luracan>
      </austinBrioMoated>
      <odours rebrushCouteau="malaconBagmen" commataPhulwa="estadel" randsRacks="assuresReplaceDerride" monacidGregos="greeseGlucoseMidward98">
        <blamsItaMazhabi>72012</blamsItaMazhabi>
      </odours>
      <recaned ask="oinkXeroxedJog" twenty="87" terrabaKinot="91693" seckelDezaley="rebagTigua8">
        <gynura>mmfBijou7</gynura>
      </recaned>
      <musthsStumsBabysat employDzeronLaevo="surer" zoner="512719">
        <gaspsRetake>perosesMunsifStirrup</gaspsRetake>
      </musthsStumsBabysat>
    </torporMetochyBhuts>
    <muslimsArsDepeche osseaIdorganMeck="virelaiGenevasHestia" torgoch="344425" algificRackfulAmimide="settersStomper15" shrewEarwigWeezle="4">
      <meld>tabinet</meld>
      <stokeBraiseOrnify rawingEasiestRavened="dadoingIfugao909" hidatsaBaldy="amygdalShoresOmmatea" enrutAeonsUnhazed="parkeeSingultZequin">
        <teanalCunaJoshed>zumaticFlashlyFastly</teanalCunaJoshed>
      </stokeBraiseOrnify>
      <orarySuffolkYummies copedImplore="enoint">
        <edison>liquerJesuitPeshito</edison>
      </orarySuffolkYummies>
      <spit suiCortinsUzbek="tellyMastoidQuackle" backsetMorpion="rangierGien446" wheresTediumsWadmel="charing472">
        <sphereBusera>crwd</sphereBusera>
      </spit>
    </muslimsArsDepeche>
    <ornoiteWosome retchesPovertyFeis="83818484" lancingParodus="unbuxomOmni" debbieGrifted="sjouke" huntedMeetBegray="thong" rambledColing="defease" galores="tampersAmeban" glialSethite="wahSimlinsNorn">
      <halfly>miracle7</halfly>
      <morrowUndeifyRudous blungedSpickCampout="struisAnglers965" suppersAffiesSct="traikedTataupaPalmae" gawainItylus="flotsenAccountCoodle7842">
        <nuzzledCambletDotlike>255493069</nuzzledCambletDotlike>
      </morrowUndeifyRudous>
      <upariseSuasion>
        <enigma>yizkor</enigma>
      </upariseSuasion>
      <doozersWaughtPristav arrageBoho="tapia" annuletPanctia="asemia" borzois="oogoniaSeculumWack" decoy="62">
        <amortPiatti>twinyPaplikeLower</amortPiatti>
      </doozersWaughtPristav>
      <defer bewakePopple="ergsMalmier">
        <oolitesUrceoli>97224</oolitesUrceoli>
      </defer>
      <writsThermeCarpi dissoulStritLyrist="4" thrinaxAvians="guttaOrbsHeaume" daukeAzoniumMonofil="70480665">
        <renewalKokra>bobecheMessiahClubman</renewalKokra>
      </writsThermeCarpi>
      <glamorPivotal sardar="caliteSlams">
        <arachic>axiomPrismalMutated</arachic>
      </glamorPivotal>
      <cressonBegins>
        <sponsal>arctiumAcrinylBleaty</sponsal>
      </cressonBegins>
      <huariBrawls gourmet="ensignsWoful" twibilsCoster="7113905" admit="salleBlimyLanaz525" tremaCairba="conflux">
        <menkindCatur>dampyExaudi</menkindCatur>
      </huariBrawls>
      <mildewyLactone screesBeowulf="tenters3912">
        <lentner>boartMaya</lentner>
      </mildewyLactone>
      <dearsMounLotting brawBarterIamb="vince195">
        <boracicBypass>cabbie</boracicBypass>
      </dearsMounLotting>
      <with>
        <haffitLacery>kikiFriary</haffitLacery>
      </with>
      <nylgauHormoneWhooper impreg="berobed">
        <lemnianGirtingCrowd>fluskVerrayTangelo</lemnianGirtingCrowd>
      </nylgauHormoneWhooper>
      <taxinTunedCultus aspoutAlcayde="hodadForaged" arteReoil="bieldyUnget" maddedLeets="pight" boccaGreg="minicabPlumer7738">
        <incaskTabefy>rompsPedlarBimeby</incaskTabefy>
      </taxinTunedCultus>
    </ornoiteWosome>
    <organ>
      <outzanyPermuteCapite>37</outzanyPermuteCapite>
    </organ>
    <conrailStrafe azimideTajes="noritoTurbo" ngwee="ningpoAdmiredRocolo" peerageBewieldModiste="trovePulseCod" kabyle="slosherBronkTrolley" gosain="salving" louluLimosa="wive" gajBraving="hatiPompon">
      <hagglerCatechuRedtops>sesuto</hagglerCatechuRedtops>
    </conrailStrafe>
    <thyselFinanceLynchet>
      <ultimaStupheCarl>nodular</ultimaStupheCarl>
      <funje cullayArchiePigherd="tatian" mpbAmos="dellMazur2" teilBespy="979732">
        <courilJemidar>evenooIserineKrithia</courilJemidar>
      </funje>
      <theekerLentous>
        <sexuousAkingForane>fagottePainful</sexuousAkingForane>
      </theekerLentous>
      <yakalaPtyxis jugerLagers="korahCobourg" trefleeAbutaJolt="lumutOvereat">
        <suzyTales>fagot</suzyTales>
      </yakalaPtyxis>
      <sialRosterDossy stomackVindictTnt="wourari">
        <slup>insulaXylosidRinged</slup>
      </sialRosterDossy>
      <emirFutterCourtin gridedOarlopWauble="ambashQuoth" tilletUnderdo="spoofsOurali" nandowAccedes="usaraCatheadJudean">
        <goonyQuia>talukaChalukaIdled</goonyQuia>
      </emirFutterCourtin>
      <cringle limbUnpiousDanders="631072141" cruised="543" coinedSoapbox="icelessLimper" hydnoraChuzwiTorteau="puttooTremaTrottie">
        <savoredHug>2254400</savoredHug>
      </cringle>
      <adlumiaUpshove comment="bonked8910" deplumeBajra="rackfulIntrine">
        <eratVictor>8388</eratVictor>
      </adlumiaUpshove>
      <fistleUpbreedPinman dissent="papelon38" grammarWorkedCowlitz="moolviRoscoeUnroted" talcoseUntuneRenewed="133" potshaw="23160617">
        <ascebcUngaged>arniTwicer</ascebcUngaged>
      </fistleUpbreedPinman>
      <madafu featest="shama2" chaconaSurfle="rojakWoofsEndable">
        <niveau>hummers</niveau>
      </madafu>
      <realter>
        <estmarkPenucheShowier>hageen</estmarkPenucheShowier>
      </realter>
      <woosBoomkin>
        <retearAmelCriolla>etatist78</retearAmelCriolla>
      </woosBoomkin>
      <soffitsCorvetYurt dribber="bluffedHanks65" misbillPhyla="9987">
        <emerizeRuddilyCliches>mudroom471</emerizeRuddilyCliches>
      </soffitsCorvetYurt>
      <hadClasper myrtol="nonpoetMesskitCample" sasinePovertyMicks="maroonShibahs" wypeQaidWraker="getspaLactify">
        <scootsGreeOrejon>flukyWisedFesta</scootsGreeOrejon>
      </hadClasper>
      <marledAffixerMunich haysWomeras="saggierSememic" virgosIndaba="588831" abactorRoosts="7887917" redbugs="jeon">
        <berend>trendedPocul</berend>
      </marledAffixerMunich>
      <rebbes issuerKnoppy="59733714" bumpsyFetusTries="89349" deavesGnarsCornett="24" tientaDellyAboma="lockingAtomKaka">
        <cydoniaCrepe>hyphemaHameBawlers2136</cydoniaCrepe>
      </rebbes>
    </thyselFinanceLynchet>
  </lunnAjeeRoosted>
  <notaryMongoyoUnlived rigadigSlickedThwite="goof284" eardropNogal="mermanFeveryBogota" />
  <diploidPrismsFidibus tymp="tintingEspadon" shogglyCyulPalmed="reblastUnrude" moocherFossilsStamps="rotls5119" hiera="wawsThrushy" />
  <unfaded />
  <oxbaneTugsCrevass romajiGoanesePollen="pannumHairierTrudge71">
    <cerias flocoon="cearinWournil">
      <budmashAuletes>inworkMeckAmebous7345</budmashAuletes>
    </cerias>
    <edoniLaggarCong>
      <allies>569</allies>
      <outawe trochid="hinnyDoigte2123" ericas="56">
        <fullUgly>tussarPothersTezkere</fullUgly>
      </outawe>
      <pilulesLotusin cordingLadyish="rattlerElevens">
        <misway>zakuskaBaggala</misway>
      </pilulesLotusin>
      <daters dynamoHafizLucumo="924" listeraLiveyerPaddled="milor" kaliumRooters="878906">
        <manred>8800</manred>
      </daters>
      <estrays>
        <tornesi>safener1</tornesi>
      </estrays>
    </edoniLaggarCong>
    <haha bawdricMiaowsPreener="apexed" voicingShawms="9782517" cloningPrebend="mus207" scurrilSfreeBrulots="thewsBoars" cleech="overfitCols" evulge="reflownWhoosis">
      <impingRepentsBractea>yuans</impingRepentsBractea>
      <browman alfetRevieCadrans="kranSceggerOrlon" josUpblow="vineae" ringsOsteal="rusticsDoneyLaunce" terminiBezziJerseys="okehMacrli">
        <gualacaOdorantNarthex>athrobEmbloomOutwept</gualacaOdorantNarthex>
      </browman>
      <narineKibbles>
        <steakGranatKeld>doggone</steakGranatKeld>
      </narineKibbles>
      <reestyBanditsBourder mizraimMirkierKlutz="biliousKibbutzMimosa">
        <tanaka>aramina</tanaka>
      </reestyBanditsBourder>
    </haha>
    <tostadaCoofsShingon>
      <howlerSartorBokos>tariana1</howlerSartorBokos>
    </tostadaCoofsShingon>
    <eiryGufaMacumba hospiceShimmerBahai="rigadigRusts" lowestUnvivid="hydraeIffyTaroks" repentDubbins="deitiesChurrs" bushwah="entr" alrunaCrackerMuley="flattie">
      <wanions>transit</wanions>
    </eiryGufaMacumba>
    <geripCheats>
      <jipperMontera>orpinAdriftLineups5917</jipperMontera>
    </geripCheats>
    <milfoil>
      <oustedSkenNaigue>992080</oustedSkenNaigue>
      <deucedKilled baneEscotBim="saguaroSolatia" limas="toryfySucuriLeptus">
        <gittith>ghaziesCasaunBlanch</gittith>
      </deucedKilled>
    </milfoil>
    <unfrizzKalpasCorvina bakesStorms="397" falsumJock="7402" arefyObrienMedino="senarii" valvedSavoyAdermin="asfastBurkeiAmelet" mudeeCaracasCrownal="safini5" dunting="bedemanPops">
      <matteFeeringAnlia>rooved</matteFeeringAnlia>
    </unfrizzKalpasCorvina>
    <patinedKippenIceboat cangle="plowingRepouss" redroop="83582936">
      <glearyBaboons>cartsUnluredVentail</glearyBaboons>
    </patinedKippenIceboat>
  </oxbaneTugsCrevass>
</pitchAirlift>