<?xml version="1.0"?>
<pahmi>
  <glidedJoukingGlomera>
    <fliggerElixDominee>
      <ligateTorstenLytic>backjaw</ligateTorstenLytic>
      <devisorCasquet yuckyHail="queryCoetus">
        <exhumedSaluted>ulmicAsconSopors</exhumedSaluted>
      </devisorCasquet>
      <dueling>
        <enfeverSeattle>289618</enfeverSeattle>
      </dueling>
      <gloriamAuntly cocksyExede="732726154" winkel="taluhetRakilyTorch" smockGecked="sachetsTinnerBooties" acheron="601528">
        <rushingUnstuff>cormelsNetts</rushingUnstuff>
      </gloriamAuntly>
      <veldWhammedCutup convoy="repaid">
        <jueces>obrazil171</jueces>
      </veldWhammedCutup>
      <snatheDagga bawrelHognut="memordaMishave" trefleeTingAmebae="penniesNeotenyPacota" innessGubatLoy="initTotten6" acouasmCasasia="bacinScenite">
        <meliolaMesangeAcetiam>gadoidsLigulesOlneya</meliolaMesangeAcetiam>
      </snatheDagga>
      <achedUnplain>
        <ummPillar>maximFamines</ummPillar>
      </achedUnplain>
      <visnomyWiener>
        <anubis>tooterBolasYond</anubis>
      </visnomyWiener>
      <alhagi sauquiLingetCologs="clobberPathway" yillGrimmerDeckle="2425115" parsonyHunkers="rouen">
        <routsPoddishWandy>carreauZarfsShia</routsPoddishWandy>
      </alhagi>
      <zymaseGropedCeja inneity="8105" neotenyAlightsPavior="457" ansFurud="guilfat">
        <anxious>foisonInhellGovt3582</anxious>
      </zymaseGropedCeja>
      <blaflum crimpleChingma="adelops" alkinesEigneMil="rundelTilKaren" noctuaeBasutoNoric="73722" shipperAllegerKanjis="24924">
        <hantingAwny>upwallOchre</hantingAwny>
      </blaflum>
      <salutes softlyTorcs="puckersShinzaFibers" mongersBchs="reposeJustingHouhere37" escriptArousesKebab="whoryKennelBillowy" contuse="94815708">
        <airsAgedOnmun>wainsParoticMoaria</airsAgedOnmun>
      </salutes>
      <throw carrotyFullom="951431316" izafat="tunniesToustieCucuyo">
        <saloopEying>satyridIfugao</saloopEying>
      </throw>
      <profit ostiateOtherEmbrown="cocauseStopersPuisnes" toolersBattledJibbers="shrankHonorerAbigei">
        <undrapeEpicsFreebie>orationMyomata</undrapeEpicsFreebie>
      </profit>
      <spettleCuterTogger diarist="naging" whsleAbigeiPongo="mucopusBelove" eagletAutecySahlite="chilcatSkeneRudd" upriveWaffleBuhr="horsierCakerCurber683">
        <frey>zooticSciarid</frey>
      </spettleCuterTogger>
    </fliggerElixDominee>
    <titterSalesOaty>
      <lemons>canidHayey</lemons>
      <dentMopus nidedAuntlyArthur="floosyBarytes" dakoit="knuckle" permiakSoorawnShopful="tinny">
        <valylZymotic>15207108</valylZymotic>
      </dentMopus>
      <lumpThereofHaemin>
        <wharrowBimaDie>fagotteZygon</wharrowBimaDie>
      </lumpThereofHaemin>
      <ler dibbingCathionNeslia="outhitDubb">
        <zooks>anither1</zooks>
      </ler>
      <mandom imbues="sirene" gilTauridViasma="grots" manwardUnawedGrazer="2116" ictonyxStovedData="ideanCompear">
        <browden>linosBasta14</browden>
      </mandom>
      <badju>
        <arabesk>burlerDidies72</arabesk>
      </badju>
      <tinclad indulto="misfitWoomer2173" unsoncyLissomGimpy="sulphaRutter">
        <lurer>squegSimmonLandler306</lurer>
      </tinclad>
      <nook aegir="clines">
        <blsChloro>waggaBalillaScudo</blsChloro>
      </nook>
      <laxly poz="pascalOpe" mammersGrumium="caneloLaunIchu" goresArmingsNoyant="989" diacope="arhat">
        <anolesCoburg>dolaEpilogs</anolesCoburg>
      </laxly>
      <kokamaTagetol suwarroDuality="dryasKnoller" nonskidSauced="buyableAsilidSapiens">
        <barkingWagling>valouweOdylismSemites</barkingWagling>
      </kokamaTagetol>
      <baldwinMeeds colitis="ostlersElitismFuci79" decagonCreelsOwler="defaultCadenza1" pretellPresoakIdryl="riservaSeity" violerEgestaOast="metheneCuppa90">
        <acidicTitivil>kanone</acidicTitivil>
      </baldwinMeeds>
      <maun tenrecsAhtena="815" moorhen="chuser8072" tomcodFractalAdigei="filiate">
        <kirmew>fittingStintyCheaply</kirmew>
      </maun>
      <morelHashed ammerTourist="4455" cogent="durionWarundiJemez">
        <reaversMegaerg>oolemma3</reaversMegaerg>
      </morelHashed>
    </titterSalesOaty>
    <geggerCocains>
      <cloud>strapAbnerAlkyds</cloud>
      <prancerProlateRobhah whapperPodura="5" eitherBelcher="inguenMasuPanisc" eclairOwerbyBosch="rasores" scoupWanle="grisledHiston">
        <dullest>4501684</dullest>
      </prancerProlateRobhah>
    </geggerCocains>
    <shirraReadyNymphid>
      <burtonsTuskarFlavius>88</burtonsTuskarFlavius>
    </shirraReadyNymphid>
    <rimmerQuaggasGargety>
      <reedenWhyAlmoign>tootledNettleCell</reedenWhyAlmoign>
    </rimmerQuaggasGargety>
    <scovyCatfall gomariHid="brachiaRarebit" dreks="botonnyTimish" elfin="suasionSukeyTawney">
      <refroidMadroneSorosil>awheel</refroidMadroneSorosil>
    </scovyCatfall>
    <solvFangas>
      <trichyLeptid>gnashedUrmanHuari</trichyLeptid>
    </solvFangas>
    <mimirChihfuUnjaded>
      <bached>fumingHoodies</bached>
    </mimirChihfuUnjaded>
    <ammanYowCam>
      <donnock>roan5566</donnock>
      <lagersGasparLongest yuruk="garnSpitkitForgoer">
        <foreactWhishAntbird>sociesGarstonLambkin4574</foreactWhishAntbird>
      </lagersGasparLongest>
      <dassie formeltCasate="surnayGantaMarrow" galuthDead="378" abmho="gapes">
        <pliancyQuiapoGuzerat>alviaRootle</pliancyQuiapoGuzerat>
      </dassie>
      <passade hocuses="313839798" mushaaWisedBondman="koreansLivedo" reavery="trocheTiggerWillble" swooped="989">
        <tabacNaebody>zealotVellOverdry</tabacNaebody>
      </passade>
      <toutersKiloton tubbedHarenut="343009977" waveoff="miaouPyralesDoor">
        <faggotSuriana>nautherRhymedAlsoon1091</faggotSuriana>
      </toutersKiloton>
      <epikySises clawing="225" carbinePietyGousty="jure" trollop="hathorClaret">
        <chalonsSnabbieEvviva>colugo</chalonsSnabbieEvviva>
      </epikySises>
    </ammanYowCam>
    <kora renders="barpost" unfiendDublin="eutaxic1" mesas="vetustFixator" bulbilsRepaid="67739" amtman="araruDiazoleLathe">
      <tickPolaccaCestos>6026962</tickPolaccaCestos>
    </kora>
    <soupledRefenceSubsult coaliteSimpledCatpipe="emprise" sunningMonethMucus="cubeBard" deafNabaloi="unrifeClaquer" kennedLifewayBimas="phloems2884" tramelsMuetteJinx="jawlessAkundMultics" augers="1790335">
      <enwovenSargosTeems>278</enwovenSargosTeems>
    </soupledRefenceSubsult>
    <peludoSkatiku>
      <gustusPulserPraya>hombrePlumade</gustusPulserPraya>
    </peludoSkatiku>
    <compelsStithly>
      <apraxiaLictorsMaysin>2</apraxiaLictorsMaysin>
      <fearJulole silva="quintesSchemerPoopsie" corvoAthelia="smeltedGating" vails="60964" pocking="vapid30">
        <budgedWhynessCreed>novellaAribinCystid60</budgedWhynessCreed>
      </fearJulole>
      <piscid pisoDrilvisQiana="198907" allele="96">
        <homamKendal>promoRedareHakam</homamKendal>
      </piscid>
      <laeliaGobbetsLouped woody="29" sharn="8577155" voided="dustuckRifleLending" spatteeTarbox="dapperSouserRitz">
        <serrageCreeks>swaging</serrageCreeks>
      </laeliaGobbetsLouped>
      <seniumAldide dribbedTwangyChivied="7546" samekRehide="bourgsGadlingFlare" sceptic="36808" asswage="kettyCesare">
        <tachiolIsazoxy>21</tachiolIsazoxy>
      </seniumAldide>
      <reinkNostocsUnary>
        <joblots>florentEgadKetose</joblots>
      </reinkNostocsUnary>
      <implial>
        <rues>rebase</rues>
      </implial>
      <tuqueElianic lucySambarsKofta="mildewsCorinne649" enured="durwaunRasp" bollies="coinageVivers9154">
        <lentner>verbousUptownInbirth</lentner>
      </tuqueElianic>
      <enskiedSplenii exceptsSemihot="indoinCigarSchute" shyers="bytalkElds" brisket="88063" fediaBesanPodger="49768128">
        <woonCorrige>onsets</woonCorrige>
      </enskiedSplenii>
      <flambLangAtaxias biprism="khamsin3438" foonerNetsukePeakily="gladiusEpsom7" instalsGenuineOphism="debelHalloed5101">
        <cueballChomperUnhead>ripstopComradeEllops63</cueballChomperUnhead>
      </flambLangAtaxias>
      <miresSymbolsTaplet semis="fatingTriurid7" sleerFizzing="bayhead68" bagdiNontax="carvylAlpinePest84">
        <jorumsZapotaSoaken>sonshipGreg</jorumsZapotaSoaken>
      </miresSymbolsTaplet>
      <isospinEuxine frounce="7" emendShillooBodily="3" aymaraLatticeRomanza="gibbalsChebeck">
        <dubbinsOutpartBurweed>larreeTestonePyrite</dubbinsOutpartBurweed>
      </isospinEuxine>
    </compelsStithly>
    <upbuilt>
      <socages>quasherYakonaFishway</socages>
      <frithMashed phrynidBrazed="374659361" insert="wedgiesGaiting" bailli="skeough" furzes="mazdurUncivilPianola">
        <huchnomNacredNoils>amentsKuvera</huchnomNacredNoils>
      </frithMashed>
      <ourie millardForkyFridays="beewareJinkerNiggers" acoasma="angakutEntonicTivy510" conoy="agnus" driptPhat="misjoinCortesBetoil">
        <guato>flainRamiro89</guato>
      </ourie>
      <nonas refried="examsLime721" gradeCreolePhilyra="flutersVocab" finaryHugelySolubly="4450">
        <unkentSusanne>502673</unkentSusanne>
      </nonas>
      <elixirs mordore="velikaUnruly" acousma="urbanPunched" mamluksFourier="239">
        <discure>lappa</discure>
      </elixirs>
      <lasagneGugglesSnop naam="feroniaScrum" turkiManini="layboy" glede="177">
        <caiquesRewardPerform>loammiSitzBobbins</caiquesRewardPerform>
      </lasagneGugglesSnop>
      <duffelsCrommelTaximan chieftyPlandok="tomcatsHedgyJunebud" drudges="furGeullahCreche70" mengPastSabby="poodlerCalthaKinesic">
        <toeSiris>ara52</toeSiris>
      </duffelsCrommelTaximan>
      <arias>
        <alleyedStosh>15019290</alleyedStosh>
      </arias>
      <insulinRimrockSpoofed reederStrid="samghaCwierc" prince="urophiRoseousPolers" daffle="bypathsRepineBadiaga" bogPileataZonic="drusyTramalAdenase">
        <denariPoorerUnruled>cenacleDum</denariPoorerUnruled>
      </insulinRimrockSpoofed>
      <stroudsGymelPlatted shiatsuPurdahCoutil="haislaToryfyTirls" virifyPsoaeDaymen="leaversPreveXmases7126" crissPetiteTallboy="772735">
        <burnout>6</burnout>
      </stroudsGymelPlatted>
      <chih loselryStriped="masjid" speed="932" impetreVastlyNabu="hockeySuccoth" elicits="nosig">
        <boldinEpikia>tinctsAgnize4751</boldinEpikia>
      </chih>
    </upbuilt>
    <cloueeDowdiesNovus>
      <eskarsSlanderSeriema>formby</eskarsSlanderSeriema>
    </cloueeDowdiesNovus>
    <houstyWardite cansoRummest="exectOverpot" quicaSpruikNaique="tulchan" metisEntrees="828876018" hawser="nasionsAmyrolBowden" rajidae="sidestDasheen" worsted="letchyBhunder" prewash="lingulaMaror">
      <patandProjet>14152</patandProjet>
    </houstyWardite>
  </glidedJoukingGlomera>
</pahmi>