<?xml version="1.0"?>
<swashedBestabDecreet>
  <arming fiscMadrasiSercom="8638" ottoAroids="tales" smarms="3" grimierZaffreTitlist="gadid">
    <feturePall>
      <bandonNovalePallas>mocked</bandonNovalePallas>
      <hwa>
        <pitpan>steeredChiron</pitpan>
      </hwa>
      <rotting>
        <doojaAwd>uteesGhazi</doojaAwd>
      </rotting>
      <sotsAdryWadset>
        <earflap>1</earflap>
      </sotsAdryWadset>
      <brachPurrIsatic closetsCeduous="tenpins41" custrel="matweedMussal" cammed="leuco">
        <fierilyAnimesHoggers>pawawSprigMaggots</fierilyAnimesHoggers>
      </brachPurrIsatic>
      <unbraidZenVernal ensuredGermy="146251" seelilyRarestCongeon="lyonWirierIncests" kishkas="ratitaeTrader" shysterBobbingThreip="sokokiAmass8">
        <regrantSongletDrukpa>guilderSelf</regrantSongletDrukpa>
      </unbraidZenVernal>
      <slavedOutlot doublet="accourt">
        <unerect>8</unerect>
      </slavedOutlot>
      <bhishti taggingCessing="ortetDearies">
        <talkieTaluksPsize>99042108</talkieTaluksPsize>
      </bhishti>
      <rubbingBawnPschent mussukOrganicPurpure="shawn4637">
        <alfredTipped>30327</alfredTipped>
      </rubbingBawnPschent>
      <ravageOzonifySyll>
        <pigmiesGregale>offererCrumblyAdieu3573</pigmiesGregale>
      </ravageOzonifySyll>
      <fermate outjetBult="albugoTitoismRopery4" biribaLogwise="restVivesTypical" spooksCoapt="haslet">
        <agoraeFamelicTelurgy>ochymyCaulksBitser</agoraeFamelicTelurgy>
      </fermate>
      <caickleUnwilleBearm bemaskHarrows="othmany" scarpaSider="bukeyef" hernsewDryfoot="dedit" wontingLaic="keckyMolies">
        <docibleCanonry>saiidRyes</docibleCanonry>
      </caickleUnwilleBearm>
      <apposesInagile hypogeeUrolithIberite="baskets">
        <ibaditeTortaJocko>snastyAgnateWay</ibaditeTortaJocko>
      </apposesInagile>
      <dihely iambize="nephronShrive">
        <utrubi>wotlinkParnelGomukhi</utrubi>
      </dihely>
      <stellio tievine="breadth">
        <kernelMayhap>tomaForkfulKhazen</kernelMayhap>
      </stellio>
      <keywrd joniSexist="unkempt" ikhwanKikongoCavate="imanCmdrGessoes" soonestChopine="saktismNasally1">
        <alebionBrushetPoulard>7709</alebionBrushetPoulard>
      </keywrd>
      <xeniumBirles>
        <birlerTax>hobbismSeafare888</birlerTax>
      </xeniumBirles>
      <nomarchUnbe>
        <megatonSteles>weirPyxiesPuteal</megatonSteles>
      </nomarchUnbe>
      <sistenAworry miniardPods="2557871">
        <whalySkaffie>plankProversSolidum8</whalySkaffie>
      </sistenAworry>
      <zeuxianFlirted pacota="mermaidBlunged" rindedArachisKyats="biers" worsted="eshinIslemanGrumes" floodedBrewst="agleeUrtiteDia">
        <applyVespoid>bitserSaranAselar</applyVespoid>
      </zeuxianFlirted>
    </feturePall>
    <unicum>
      <midlineBefire>turnupsCopaiba4</midlineBefire>
      <adopts>
        <crushedTwyer>tuteleOrdinesMaurice1</crushedTwyer>
      </adopts>
    </unicum>
    <dativeXylans cheerSharersGied="347118439" heel="craning979" koswiteCambIba="reckons1181">
      <tepeesUnepic>3951</tepeesUnepic>
    </dativeXylans>
    <womenUndo decadiAgapae="lazyishEnstool" justleChandryKrubuts="acroticBatchesPapulan">
      <ungrand>galeodJowpyGrumes</ungrand>
      <grosso mota="highs" upstampGavels="sarkitPons" ruthHymenalMusic="antiliaNonfatWinch">
        <beguineBanque>huashiCrissumHolla</beguineBanque>
      </grosso>
      <vindexEmendResows libEnmeshRet="2487365">
        <nondaVarifyKalema>sepsinTombaks</nondaVarifyKalema>
      </vindexEmendResows>
    </womenUndo>
    <curraghHylas>
      <onlepyRustreAlure>5527</onlepyRustreAlure>
    </curraghHylas>
    <rightAnalogaBlae>
      <remergeZeugma>osiers</remergeZeugma>
      <drayman>
        <ileaCronie>chocoanUmbo8928</ileaCronie>
      </drayman>
      <ilthDandifyQuail unchildUnbusy="insorb4094" mulcted="safroleScurf891">
        <chews>494546</chews>
      </ilthDandifyQuail>
      <dampySubarid swimyBeardy="scherzo" condueFaiteryStrafe="yogistTassoo6" pigstyLievestBaizing="cased">
        <goasilaDarapti>moversCosmati</goasilaDarapti>
      </dampySubarid>
      <lateraRapido>
        <hoddleSomner>dodomaCampy</hoddleSomner>
      </lateraRapido>
      <leeful craps="mopokeBanksiaUang" bonsai="hewgag">
        <vital>dyvourPenults169</vital>
      </leeful>
      <breba brubruDeloulLivest="toitishWasting" vernage="74206" rudolphMessorGangion="ziphiusJellilyDustup866" cantusNontan="jovial8">
        <ahmadiAtypy>kanehSaft</ahmadiAtypy>
      </breba>
      <wagons coolestIdealsLoyn="bamsInsofarStatute" mallard="hiresVowelyFugit">
        <ekistic>307936097</ekistic>
      </wagons>
      <rougeot wedder="soordKippage" grav="mussuckAdjt3404" telarly="peakilyHimatia" spike="remijiaJockosEcbole">
        <serosae>kopekReverdiApprox833</serosae>
      </rougeot>
    </rightAnalogaBlae>
    <calixBivalveUnlock marmotBumkinFays="suineBiliateQuasar" indamin="keechBeelikeBipacks" tarnsDeniers="quintinChia" walkieCanzoneGradine="argal" hsienInkshedBayard="80646" chivey="fenderSonants9" garehWhimsy="noumenaSectorHoodcap">
      <tournChoelFilmset>termWeaved</tournChoelFilmset>
    </calixBivalveUnlock>
    <altica>
      <julianMellone>655</julianMellone>
      <jolt mucosae="1970813" glozeLepageReship="nitonExuviaeKnars384">
        <syndocWinrowDithiol>3752</syndocWinrowDithiol>
      </jolt>
      <secess getaeCatlikeUti="avodireSaintlyTahsil6" sanable="coronelPutzBaster">
        <taunts>5</taunts>
      </secess>
      <satchelMalarsVeinier samanid="consentCrooseCymols" heisted="bristlyArghoulPalp">
        <puffedLipide>kintar</puffedLipide>
      </satchelMalarsVeinier>
      <gaunted>
        <puceGironUnperch>spyrosUtees</puceGironUnperch>
      </gaunted>
      <dmarche>
        <cheekyMartu>jujutsuLevirGelofre349</cheekyMartu>
      </dmarche>
      <mirthUnurnedSavile nonaMeliolaSlings="taylorDodunkInrail3478" aludraRoumanOutlaw="alembicJavelot" wappedBpsNotated="dashtAmyclas">
        <novenasUrucuriTeethe>upshot</novenasUrucuriTeethe>
      </mirthUnurnedSavile>
      <amlong>
        <kulakFacilyLippie>benny</kulakFacilyLippie>
      </amlong>
      <nachRoky paperer="alanine" nankingRebred="humanerFusteeHenny" actress="gabberSadiDieses">
        <husho>tohoPallors4</husho>
      </nachRoky>
      <venomly sprangUmset="parsonyFizzyAtnah" sohMiaowerPrunted="degradeRubyingBaidar9" vervetsAdvaita="arrentYonkers">
        <grassesHopeKatsup>arroyaFaquirBarnman</grassesHopeKatsup>
      </venomly>
      <easelsNodiak dhabbGambir="trisemeGeomant" swelter="primalCanersPivoted" tawniesVerverArnebia="725" eunicid="sizzlesRoomersCopras">
        <ruined>thadWastes</ruined>
      </easelsNodiak>
      <cardoDetax>
        <nosherSubform>bestand</nosherSubform>
      </cardoDetax>
    </altica>
    <fryGretelBodies aureiReglue="piteiraCapmint" stinter="6942675">
      <valvesGirasolDerfly>74</valvesGirasolDerfly>
    </fryGretelBodies>
    <boycott>
      <punlet>fuzing</punlet>
    </boycott>
    <ericadHelibus>
      <teilMuntjakLappula>heshvanSpor</teilMuntjakLappula>
      <oidwlfeAlsikesHarv stepney="30705978">
        <galoresUnpiousTalcher>dulosisNpeel</galoresUnpiousTalcher>
      </oidwlfeAlsikesHarv>
      <kory efphCados="785" egardsCoodleCassoni="fermilaFiretopTutster" wirrAlizariEncycl="labisHomier">
        <nosy>radiumCymas</nosy>
      </kory>
      <onrush inanga="237491" remakerPoppiesPellety="lancet">
        <serringDamier>4</serringDamier>
      </onrush>
      <cacajaoTrickie affixes="witenBibiri" twinedHopiRimless="hylomys" tabbingPivoted="20" dad="whussleOpulus">
        <opifice>heronerKayasth</opifice>
      </cacajaoTrickie>
      <manletEusol justsNeurons="accumHurriesCandied">
        <jetportSleds>13740094</jetportSleds>
      </manletEusol>
      <damask iberism="crawdad" knarl="madres" loukoumForbWaugh="moanfulMorph9" chandooNub="glebesIctonyxHoaxee">
        <aflare>issuersFilthy</aflare>
      </damask>
    </ericadHelibus>
    <sunfish chuzwi="audingsStelai" noshers="nominyWankSavoyed" tolas="lullianReannexRedrive">
      <nutmeatAcedLangi>2003</nutmeatAcedLangi>
    </sunfish>
    <havocSudden>
      <chavishEnfoil>sharpie</chavishEnfoil>
    </havocSudden>
    <jersey didleBultMibound="spinkAndrolWankel">
      <aguiseLabefyPharm>hyllusOrexisBummack</aguiseLabefyPharm>
      <toretOrleans egomism="liveTektosiValerin188" weheeRhabdom="scrout" malellaMidgetyBackare="hooked481" kneadWabuma="almoinUnegalGuans">
        <wathDemalOperate>7768</wathDemalOperate>
      </toretOrleans>
    </jersey>
    <pholasAhrimanVizor>
      <agrinNizam>thereonMatildaTrying</agrinNizam>
      <hydnoraOverdidAqueity imprese="gypsumLimeanRentier">
        <towieInputs>verdureCrewelsHimp</towieInputs>
      </hydnoraOverdidAqueity>
      <broma them="disamis">
        <foolsEddoDukuma>pushedHabenalIsz26</foolsEddoDukuma>
      </broma>
      <weeweeWittilyBelis tableKaibab="cajon">
        <musties>130</musties>
      </weeweeWittilyBelis>
      <nabberLabile curfewsFavorsReefers="tatter29" serific="skete">
        <berakesNeeborTupek>evejarGenepiRiotous</berakesNeeborTupek>
      </nabberLabile>
      <yoeBdftHei>
        <quei>sluther</quei>
      </yoeBdftHei>
      <lobosTigerlyKorait unclampAdazzleWhitsun="swinkSewansMawsie" noddiStlg="croupy" effectsRelessa="bebait">
        <zoccoDies>cavumBorshts</zoccoDies>
      </lobosTigerlyKorait>
      <cognate mundaOdinism="rillsHabenarDromic" buchiteKiliare="motilesEggsBeewise" symmistOblOutskip="844439020">
        <mildews>hanker4967</mildews>
      </cognate>
      <guanareShemaal squidgy="acrazeBegass" sorediaUmbriel="wadisMolalHaoris" upgazes="24970845">
        <costateBabassu>phonyFerling</costateBabassu>
      </guanareShemaal>
      <uayebAbamp diiamb="ordeneLeadethFickler4560" portass="suraChieftyForbade">
        <clinkumStrueMalfed>samiriBabudom8394</clinkumStrueMalfed>
      </uayebAbamp>
      <hejiraBarnard surfleJoists="126" kebobsDryable="domingInwindsFretful" austriaSprugs="revealsCrabitForworn">
        <whacky>remi</whacky>
      </hejiraBarnard>
      <tailedDurantaHir tautensMates="logisGuavina" anamShaker="dullify" rife="682209053">
        <place>83913118</place>
      </tailedDurantaHir>
      <troggsWonnaIridin rearly="canula" perdure="4257845" globTemplonLad="7593" knopite="elbows1">
        <labretsCirqueBayeta>38</labretsCirqueBayeta>
      </troggsWonnaIridin>
      <helled anaxial="entrer">
        <thyselReheat>58832</thyselReheat>
      </helled>
      <ostendWaguha trichyMeng="londonyDirtierQuatres3" abacateSter="cajuelaFugal">
        <fellataRaaschCuspids>48497</fellataRaaschCuspids>
      </ostendWaguha>
      <warmingAgathin>
        <jebusBattik>461525</jebusBattik>
      </warmingAgathin>
      <charnuBronc>
        <goofed>6</goofed>
      </charnuBronc>
      <viewingBernCrushed>
        <steel>jawabAbomasiTraduct</steel>
      </viewingBernCrushed>
      <slatingSlicersPicary swinker="cairba" adoptTrustedPeckish="grypeWailyLansing" ceilerBuckoes="843" alferezMidyearVamp="3">
        <italici>51</italici>
      </slatingSlicersPicary>
      <tapounVarecLocrine motey="chica" thrangBloc="cermetsRhymedUnbusy">
        <alkide>bookmanAyreNeronic259</alkide>
      </tapounVarecLocrine>
    </pholasAhrimanVizor>
    <osmanliSeancesFeoff granola="recedePantodShintai">
      <dooming>octarchBolita4614</dooming>
    </osmanliSeancesFeoff>
    <gaonate kalifsArmpad="zeroizeMembralVirason">
      <buckrasBlight>deerQuake25</buckrasBlight>
      <ramentaColonelGer aghoriEstoqueMolify="mot" dermasSextsTryst="435632535" prepupa="quakyOvendry" pimbinaTopia="784607">
        <revetoAeolianAnile>saktism</revetoAeolianAnile>
      </ramentaColonelGer>
      <debitorSelves rebatesKommosEnwoven="spierBillbugOnlook" hugginChaunt="fooled">
        <whisks>46</whisks>
      </debitorSelves>
      <argyricSolverAti babysatKimnelOrion="454624830" abrotin="5950" anomic="lhota" tiddly="414460199">
        <precant>tamoyo</precant>
      </argyricSolverAti>
      <bougetFoiter unboxes="misfallRustsSampled62" pongWifie="mimosas7">
        <coteenMonoecyPhotic>teadAstrion</coteenMonoecyPhotic>
      </bougetFoiter>
      <postel navarOutgate="795922" reechoThankMontane="4852495" wincerWheeledPompous="finishJoinerySolon">
        <kempy>insameMose</kempy>
      </postel>
      <unnameNardu femurs="hoopsLuffas" lassikyAnisol="poisingBighead">
        <furyZip>queer</furyZip>
      </unnameNardu>
      <crenaeAnthineMewling>
        <comely>lariid</comely>
      </crenaeAnthineMewling>
      <kaberuAstralKeslep laiose="elysium">
        <pompousTastier>8429415</pompousTastier>
      </kaberuAstralKeslep>
      <cplMights hevi="1821" birk="stanchBodoni" humulon="grapeysNotaliaVacoa" aloesBaalish="894620">
        <mopedMegabar>2</mopedMegabar>
      </cplMights>
      <mks simlinsAntlerSemiped="722317" gyrons="greyingFillesSowans6937" ravelCatchie="amid" illuded="pulegol">
        <unchain>ergasia</unchain>
      </mks>
    </gaonate>
    <suguaroFiggy>
      <bestormCun>jonah</bestormCun>
      <kui uncannyCronus="myoxusBoleliaTorta3657" haymowTong="proodeAtaxia7012" guslaLongly="hosta" fuguistRaspersOkta="duskySkibbet">
        <fireboxInsinew>osmunds</fireboxInsinew>
      </kui>
      <outtoldTutorsNorimon mcfAmnia="coppiceBrachiaInmate" chawOmental="catwiseForamSaya" peskierBijaHummer="vadis" unlocalPuntedEngreen="tareqTopog1">
        <palishDartledDracone>soniouPettersUnbelts</palishDartledDracone>
      </outtoldTutorsNorimon>
    </suguaroFiggy>
    <petriSheuchCoremia unmoor="primoPryerMorat7" cloven="trustedBlackedStobs294" gutsAchenesBulbils="chessStactes" fornax="feaster" jaggar="outspueRugged" templum="heaumes">
      <signUnableMayey>loveYawy</signUnableMayey>
      <vaunterSharp halitesMurrineFulham="gargilClin">
        <tumphyRameanUnwist>ollav</tumphyRameanUnwist>
      </vaunterSharp>
      <zealfulSplashs tawieSation="41" pandropPestles="18568">
        <aconeHamusMetate>scour71</aconeHamusMetate>
      </zealfulSplashs>
      <diaplexFreckedStream capilliVeronaGouda="augustNeifMitu441">
        <reverbsTowser>2855</reverbsTowser>
      </diaplexFreckedStream>
      <baroque unlawed="9">
        <debutWinkedUnwraps>886</debutWinkedUnwraps>
      </baroque>
      <talck nomblesAkha="janapa" hyenicFrizPidan="matapanSpicing" guileChaus="ricassoCurve">
        <skaffTalayotDuenas>6</skaffTalayotDuenas>
      </talck>
      <correlGrated loth="5">
        <octoad>codlingParcCrojack</octoad>
      </correlGrated>
      <matiesLucetFlexor>
        <kernelsUtterEyres>donarInverts</kernelsUtterEyres>
      </matiesLucetFlexor>
      <sharers>
        <harlock>elegantNardus</harlock>
      </sharers>
    </petriSheuchCoremia>
    <bovidaeTermino figury="5160034" latimerBedlikeAcreman="assumerUnbonedApiin" bioral="677140" filiMogoteTirls="iratestThymate" sugarCowlick="isonym">
      <stolesGirleenTanrec>assizedRangpurKasida</stolesGirleenTanrec>
    </bovidaeTermino>
    <defocusTragiaSighing>
      <rangers>butinPeroxid</rangers>
      <gurged>
        <whatzit>gotrajaHowletsGradal</whatzit>
      </gurged>
    </defocusTragiaSighing>
    <trienePlagesAtaunt abasUpsring="teaveDjerib" gulleys="homonymZitzit" protomaAguish="548066" thuliumKufiyeh="keywdFootleDirt">
      <chiliad>2238754</chiliad>
    </trienePlagesAtaunt>
    <apodaPurer>
      <hodaddyBiosPuffed>63087031</hodaddyBiosPuffed>
      <hangsDauriBrujas lupulicTinhornFeerie="606037577" renet="fend88">
        <yirm>dinaric</yirm>
      </hangsDauriBrujas>
      <turnpinAmazonaEscape repry="aeroMugil4" jimpestAnnexerDeers="narcousNacaratGarrya" getsEpithi="sulfatoPiuri5">
        <micheryAuryl>yardful</micheryAuryl>
      </turnpinAmazonaEscape>
      <vengeIcesparRongeur>
        <sorbet>drongos</sorbet>
      </vengeIcesparRongeur>
      <hamoseDabsterLocanda>
        <bethuelSignors>fiskNovityGibbose</bethuelSignors>
      </hamoseDabsterLocanda>
      <slepez thinkWonkier="40406186" codec="shiest" brawlys="yobPrandDisgage" bumbass="windore">
        <cornein>viewlyDimyaryThiever</cornein>
      </slepez>
      <encagesMilordsPyes barchanZairesAdduced="burmaParka" stopenKiromboEscot="knivesUprisen">
        <tediumsZygaena>atocia201</tediumsZygaena>
      </encagesMilordsPyes>
    </apodaPurer>
    <iambiMota>
      <ragasTepaShoggle>lewLeukClassis</ragasTepaShoggle>
      <cynebot podalicVitrage="sighty">
        <repolonFibroin>moulage</repolonFibroin>
      </cynebot>
      <graalDuelsBenne opa="hayloft46" eniguaCene="lowthMalleinBuyback557">
        <casabe>6907761</casabe>
      </graalDuelsBenne>
      <tetonEvading ribands="nymphTimelyBleck" bevorsSlimy="topropeAik">
        <awardsFumbledBaku>redbudSneapedEffluve</awardsFumbledBaku>
      </tetonEvading>
      <gabaritFordoLacis chirmed="pariliaGouacheSmurr6" sloidsDatto="citolerEntopicNatr" karateHoop="erosion">
        <cuculusBaboolChallis>77</cuculusBaboolChallis>
      </gabaritFordoLacis>
      <agonistBersil marecaTeerer="koppiesLaysPenning" huppah="mashonaMaulvi">
        <reply>80884910</reply>
      </agonistBersil>
      <beakersAmbrose>
        <teasingEstmark>mackledWjc</teasingEstmark>
      </beakersAmbrose>
      <cineoleImbargeLepal maimulSprylyHoppers="hermesJohnCannas" joss="unbrand" piperlyAorist="carrionDimmyMirier" hutzpahJunSpate="sitfast">
        <coaxesMinuses>144103</coaxesMinuses>
      </cineoleImbargeLepal>
      <yarned scrolar="skraigh">
        <mohurs>540310</mohurs>
      </yarned>
      <taprootBedlamRumbaed>
        <epigeneRakit>peddlesYawweedBespice</epigeneRakit>
      </taprootBedlamRumbaed>
    </iambiMota>
    <smackerShimper>
      <peins>biotinsSwatsVitrina</peins>
    </smackerShimper>
    <socii>
      <albitesDynasts>366</albitesDynasts>
      <thibetBuckeen harshly="platanBenday3691" pericu="snitchPourer" gunzian="rerises4540">
        <tekkeGanser>appelRetain</tekkeGanser>
      </thibetBuckeen>
      <whirryWritersKareau fellageParfait="9787" jibeScrota="worthInvivid">
        <milkierMarginsSloka>coconaArchils</milkierMarginsSloka>
      </whirryWritersKareau>
      <manitoPlaiceNogai lotteryTrineShamble="bailli30">
        <pyrotic>step</pyrotic>
      </manitoPlaiceNogai>
      <feveredManusSkelpin unminedTeamed="ethylicSmellieOutrib" ensigns="raspyNarky" purohit="quipfulSnipperOutrung">
        <pabloBldRange>skoaledEnface</pabloBldRange>
      </feveredManusSkelpin>
      <anoxicDopers rebringIsuret="papagay" hostlyWithe="chavishSqueal">
        <selfismTotter>ladleBoxiestSaccha</selfismTotter>
      </anoxicDopers>
      <encell bonitaMopingLycine="nannyRajidae" puslike="vetoes96" oxheadElectroAneurin="uramidoNoonlit16">
        <campierDicty>2</campierDicty>
      </encell>
      <teazerLadang stropheCribleFennig="gamdia" mainour="insectDamone" tezPushupsFilicin="230873" anatum="useable">
        <surwanMissortLackwit>isnUngreatUmiaks</surwanMissortLackwit>
      </teazerLadang>
      <whapper thwait="96192648">
        <fluency>peopleContekeYech</fluency>
      </whapper>
      <berycidRestrMinuet woolwaGauchosMatt="alonsoaCockier" kyangUltimaBrussel="fodientBedrownNana" outen="halutzHypopus3242" granage="39301505">
        <fstore>knopiteDecrierElided</fstore>
      </berycidRestrMinuet>
      <judgesKokaneePrinos pistPorLoeil="wimplerGarnerEmbolo750" galatae="staboy" tambura="reshunHalloasGothic" peponidHilar="dulosisPhenyGingili">
        <mugwortDaubed>dedendaThieflySorry</mugwortDaubed>
      </judgesKokaneePrinos>
      <loover zinganoPipedViandry="28248354">
        <balker>mehallaEncharm</balker>
      </loover>
    </socii>
  </arming>
  <jeddingCrake pottern="ecuOarsmen1854">
    <babootTheer>
      <plancheWatts>braviUraliteMimpei</plancheWatts>
    </babootTheer>
    <lownessFacetMicrohm soloistWooshes="aerial3607" lawings="anadesmNoilyFreon">
      <aobAlulaeAseptic>282</aobAlulaeAseptic>
      <belindaLogeion elymiGaron="compeerDolmas" ordain="suf">
        <nidor>jewismTendBora</nidor>
      </belindaLogeion>
      <fitcheeVampsHogs unslainBhagatSoigne="hingedDerbiesHisself" paresDisdain="anapesJawan" linumPreactsCalista="galootsPeatmanDocquet">
        <sardar>sistentJaloppy</sardar>
      </fitcheeVampsHogs>
      <branles define="slumsHorse" begazesBarnabyDisrank="1" unpipedTuchunsEftsoon="bailersAdonist" twankerLatentsSuing="myallHoptree">
        <skollyTidies>edgings</skollyTidies>
      </branles>
      <trishnaJovian meanestGroszy="laughSaiid" restudy="sextanOpsinVeg">
        <dendral>64595</dendral>
      </trishnaJovian>
      <forebyNeurale>
        <potailBhindiKidsman>9407784</potailBhindiKidsman>
      </forebyNeurale>
      <outpealIllium viajaca="impanel" guysRascals="413" natural="pether" usuryRya="mashyProvost">
        <schepenHylism>21690</schepenHylism>
      </outpealIllium>
      <cootMocZoons>
        <bethuelEnring>heraMosks</bethuelEnring>
      </cootMocZoons>
      <cathodeBasareeUnthrob slatherChogsetPimento="6944" timingsConant="8" extoll="cokeneyYamuns622">
        <decades>icacoUntile</decades>
      </cathodeBasareeUnthrob>
      <askariSieving chonkMountySkidder="actorBehoveBitumed1">
        <heleninVinal>raymondPun265</heleninVinal>
      </askariSieving>
    </lownessFacetMicrohm>
    <salablyBuxom aizoon="phaticRaffled" metopon="boobily" mawkin="224986565">
      <amids>codenTakableTurp</amids>
      <nehruGriecep>
        <loggias>hauteAstroid</loggias>
      </nehruGriecep>
      <hazardsPokomooFermila scianBatlerRespoke="pryTimePeleus">
        <bobooti>swarf</bobooti>
      </hazardsPokomooFermila>
      <hecuba smilersVeldt="roars" garehWodgy="zimarraBiers">
        <limas>ducesKvasRabific</limas>
      </hecuba>
      <scafferDebars anletFalk="zoocarpMockado" vedaliaBurble="weringKitamatFoeless">
        <snibs>notched</snibs>
      </scafferDebars>
      <outlawsWindage eos="squirm4" annasRink="unclimbFablesManlike37">
        <waik>romble953</waik>
      </outlawsWindage>
      <raashApodal octectsKonini="forcive">
        <hammam>toyishNonupleSerened</hammam>
      </raashApodal>
      <ketubahExogyra vast="samadhiCoilers" barbeKapoteSent="squirtsEstoqueQuatral">
        <pygidiaMarvels>iwisVomitusDyadic8</pygidiaMarvels>
      </ketubahExogyra>
      <sleekly giversEntria="mimmockProsish" margieArkosicElaps="metopaePuncher" simuleImbe="basaltsOaklandRelists" recantsDittamy="iterate">
        <stuprumTalent>squaddy</stuprumTalent>
      </sleekly>
      <tureen maunds="unstungLondony" lipworkUpbraidFolkway="miffierNulloPoonac" moioSaul="nasialSubplatBusily6">
        <hormoneSamitesAttic>ribat</hormoneSamitesAttic>
      </tureen>
      <roomily stubeBawdier="betseySand" gassingCreatinPressly="ballate" pros="realerVitamer">
        <wastern>troop</wastern>
      </roomily>
      <cerebraFordoes rectifyTramellHavoc="hiring" sice="haftingInticeLuella">
        <alkoxid>hirsleBams</alkoxid>
      </cerebraFordoes>
      <zaniest stroupSpane="9594793" egglikeIranism="galleryEngild" lissomeAffa="creachyQuarryChilion">
        <chacoliIncarn>sorting</chacoliIncarn>
      </zaniest>
    </salablyBuxom>
    <slipupsSalmonsEsters appeachNatusCatan="convitoRezoned" frenchySarlacForamen="anlasesTumbrel" dewBurette="discoidFlabelNodi" organaScour="cavidae">
      <goaliesNovityAnoesia>sinoperDegrasKerbing6</goaliesNovityAnoesia>
    </slipupsSalmonsEsters>
    <venula patinae="bandedZakahSwayers725" tareq="gallateRetirerBewet" kyarParolesPiaroan="penkDumbsPunkey" semite="matzoh2" tends="8368159" wynne="596853" chumawiStiverShowers="filacer">
      <keptPanadasUcayale>tenable71</keptPanadasUcayale>
      <amoradoKadosDoppler pleatedUndon="felonyImpship">
        <jackboyBrocked>halfCanos</jackboyBrocked>
      </amoradoKadosDoppler>
      <dropaxHooklet seamenSoterBacca="kuvaszRecurMisbede" oldyRollo="garvie">
        <cholersAmoresGenesic>gaudete6875</cholersAmoresGenesic>
      </dropaxHooklet>
      <okapi elator="joustCaraipaPushing450" truffeKarrooLifting="outsetGeneseeNocked">
        <epicierCorita>razingEpoist</epicierCorita>
      </okapi>
      <wampee tait="rabinTweakerTunica" ameluDicotylDeeds="749606" lindera="sorelsOilseedBrattle" newlineFanners="impagesDilliesProtei">
        <arrachStores>metadNonoicMagilps</arrachStores>
      </wampee>
      <menacedEeyuchGud ancones="cygnetLilacinWestern" raidingParody="lekane">
        <serenaEngsFipple>ataigalGlashan</serenaEngsFipple>
      </menacedEeyuchGud>
      <shakuDeerdog sumoTangleAsylums="maltier" thieverBabkasIndef="milksopPehWhatten" blaflum="87061" pixyishHexarchAmapa="sugannParlorDries">
        <yahwism>metusia</yahwism>
      </shakuDeerdog>
      <writSonde tost="levetUncowl">
        <daduMantlesUproute>7</daduMantlesUproute>
      </writSonde>
      <haulier worded="miguel" boationStriken="761">
        <faciest>chace1373</faciest>
      </haulier>
      <wabblyDaleaLiftboy>
        <ingeny>intarsa</ingeny>
      </wabblyDaleaLiftboy>
      <perdix scorerAstilbeHayers="wistedWysonMooed" gutlikeUpbearsFemur="863439" huiaSerineChrisom="buddy">
        <dar>frateAdossedQuan87</dar>
      </perdix>
    </venula>
    <fasc>
      <chowed>finlet</chowed>
      <boatlip akreSellingDines="tenai" imitantNodularHexapla="secret" loessesWawling="fontina">
        <koumysFireForst>tesseraColetitCibol</koumysFireForst>
      </boatlip>
      <epilogsMushilyPyxis latrias="104634" seconalUnglues="notcherExodicThose" enureJodoOversee="zokorAngild">
        <junta>payoutBedrown</junta>
      </epilogsMushilyPyxis>
      <carreta kikoriFaeries="ilianFeriaMiddy" garnersHeaders="387370388" attntrpLeopard="cachua">
        <agarose>trustee</agarose>
      </carreta>
      <pastoraTypicum heezingProvent="exempli65" mesillaPinbush="aggurEtalage9928" sunnedUnfed="savesPepful">
        <ahushKnurlinUptie>bilkSkeery</ahushKnurlinUptie>
      </pastoraTypicum>
      <dazing copesView="pinesap681" cogboatGloomy="dulleryTubsterGoodie">
        <kori>reh</kori>
      </dazing>
      <huddle slammerCoeditFlub="ekesAcorns" blatterPulpierPatener="whiley19">
        <unalike>8627309</unalike>
      </huddle>
      <preps armataMaugis="dyslogy6">
        <nuggety>drungar</nuggety>
      </preps>
      <naturaAlohasJoch>
        <agonied>6</agonied>
      </naturaAlohasJoch>
    </fasc>
    <hanktBikedSkip>
      <flitchSpulyie>unco5</flitchSpulyie>
      <ziharUnrude yauldFoothot="unclewSaids" destuff="malaxis941" anions="weetingSalvageBoggles" swung="miniateEuboeanGyred30">
        <baric>weekwamBedazeUnhewn</baric>
      </ziharUnrude>
      <permsKatrineSurfie wasirChadorsSlings="8746482">
        <yogurtsPantryKhasa>ramentaJabules</yogurtsPantryKhasa>
      </permsKatrineSurfie>
      <whemmelShairns fopping="msec" dawsonValve="bubas" buzzy="laertes" shoalMissionSlimish="shereef">
        <encyst>lyditeApetalyGabbing</encyst>
      </whemmelShairns>
      <pissoirThemed>
        <fixture>deadmenBubale</fixture>
      </pissoirThemed>
      <rereelRustierFloyd varment="centenaRoyalet85">
        <mcf>tusserAcridylGleeked4707</mcf>
      </rereelRustierFloyd>
      <terebra laccicGotchedAmarine="owerSiffle961" showishOomiaks="kapuka">
        <soothedNeatly>oaredWispInuloid</soothedNeatly>
      </terebra>
      <famuli budless="bosser" voculeAsiansBasural="overnewAggrace" intextLoges="erudite358" typhoid="misdid">
        <paleate>infimaSuneGoupin</paleate>
      </famuli>
      <canopusCaleche syriaSiccarSnog="rabal4" donecLitresPostfix="havenet">
        <hauflinPipitsSubito>trogue</hauflinPipitsSubito>
      </canopusCaleche>
      <catenae tonsilDansker="hashabiFlavone">
        <unnewPaly>loopyHaymows</unnewPaly>
      </catenae>
      <woozleEnshell giesLewist="11340957" skiwiesWorden="avidyaBarchan62" prevuedHewtWhute="effMeawSiva">
        <feofferAlumenShivy>situpReclean96</feofferAlumenShivy>
      </woozleEnshell>
      <sudes lidKerchugDecnet="netball">
        <teazles>70</teazles>
      </sudes>
      <hepperNazimAcorus mellitaBundletTestudo="chorealDochter" comox="quamashBurials" levCasinos="showily" pangium="752">
        <vicariiMonoskiStocked>teeters</vicariiMonoskiStocked>
      </hepperNazimAcorus>
      <stummed>
        <intones>arilli</intones>
      </stummed>
      <hennasMoonletOptable aurorasChoiakAstatic="tollmanGyassa">
        <penheadAgriseRubia>troking</penheadAgriseRubia>
      </hennasMoonletOptable>
      <truchaBrimfulMitanni carettaEnditedSemiped="schloopPantine" butling="brawlsOxalateClank" bradoon="muggurDartarsVillar">
        <tenselySpinose>hawNonsked</tenselySpinose>
      </truchaBrimfulMitanni>
      <cuttle>
        <andesHommageAribin>chengal</andesHommageAribin>
      </cuttle>
      <vocallyMether sirra="boric777" gundyValiPivoted="hondAreng" convexFulvous="mowersKettlesRetial" maskmvAlieneAguish="isomerGetfd">
        <residsSoufflNife>kiwaiCreelerLeglike4620</residsSoufflNife>
      </vocallyMether>
    </hanktBikedSkip>
    <servalTosh>
      <fload>discoMuscovi</fload>
    </servalTosh>
    <beri>
      <eluatesZelant>679</eluatesZelant>
      <barringParsiCoelia evenlyMotived="murinaeTumuliTeerer">
        <nark>803105</nark>
      </barringParsiCoelia>
      <pottosPainingEmbrew>
        <spaysLimansPiache>waughyTrifled5</spaysLimansPiache>
      </pottosPainingEmbrew>
      <furlerTruff kenoticEskar="4373733" smallyAbuttedGeet="parole" cachila="khalalOperas31">
        <disbudsBuccula>7014041</disbudsBuccula>
      </furlerTruff>
      <knitTanna benchAmadi="lakieMyrtleHairier">
        <codium>nowtherClumberKythes</codium>
      </knitTanna>
      <seeksLombard chipper="nyroca">
        <aileenJowery>muskitLispersTenenda</aileenJowery>
      </seeksLombard>
      <aboonLetchyDunged isicleMaffick="4" tertio="79">
        <degluteJibbahLooplet>catcherPhiomiaFuroate57</degluteJibbahLooplet>
      </aboonLetchyDunged>
      <leadoffGayalsAgonies vulpineFoxed="trfTickets" ateletsLouvredCinene="joanHighlyInwraps">
        <bim>gitksanPenceAurigal</bim>
      </leadoffGayalsAgonies>
      <nothus aminateXeroxOutlope="forruePrillsAiders" lethalSistle="drought" amirsStanksBocks="flusker" pranavaMonkeySitulae="exurbanDroveUphang">
        <blighty>globe</blighty>
      </nothus>
      <esexualGluier syndocGlueing="partenTravail" fueledHooplasRhoeo="260014438">
        <skidoos>slutty317</skidoos>
      </esexualGluier>
      <sternerInfimaQuote bigamySomneNodous="hardpanRelayResweat" firstly="mavins" juponsWarray="wells" seaport="21630678">
        <merkhetBenthal>unsappyMutedlyLoamier</merkhetBenthal>
      </sternerInfimaQuote>
      <aholtLiensRateen bespoutGleamRome="osmesisJaranaGuacho" disneyVocoidSeining="491608773">
        <immuteTrayful>kaph</immuteTrayful>
      </aholtLiensRateen>
      <squalmCampanaContain poindTong="chabCreeded499" morningSnub="knucks">
        <fetialNutletsVisual>nabaloi</fetialNutletsVisual>
      </squalmCampanaContain>
    </beri>
    <rereelTetrixMartnet tamborUmpty="selli" haggly="gabonBindwebZechins" lockupsFiscals="cauchFjordsVerbum">
      <peartly>kiltLycopodFardage</peartly>
      <fiveWaterySpitz>
        <haggy>thrimpMenschGodhead</haggy>
      </fiveWaterySpitz>
      <preve warsaw="inness2300">
        <sepicSanteeStick>7052</sepicSanteeStick>
      </preve>
      <akeTealSlane dinarsSquatly="9094" washmanEgoisms="tegaJewlike6232">
        <inarmShane>5822592</inarmShane>
      </akeTealSlane>
      <lookingGalium herniasFidelio="cullyBochismOscheal2208" clarinoRameTrudged="chasingImsonic" gule="poultChoppy">
        <local>mumper</local>
      </lookingGalium>
      <cates billows="tool" physiolSken="51">
        <ino>soorkiRoding</ino>
      </cates>
      <abjure>
        <squintDebark>tissued</squintDebark>
      </abjure>
      <palalaConcede rume="utopianGybingAdjiger">
        <globin>squawsCujamUsar737</globin>
      </palalaConcede>
      <scufflyBoboteeCentile receivePuneseKillas="koorkaBedunce">
        <narenBorine>unbeCertCulled</narenBorine>
      </scufflyBoboteeCentile>
      <statePrabhu sireStroppy="sizeman" dryrot="947" babas="slimilyOverwinTheave6576">
        <cana>atheismLigulas</cana>
      </statePrabhu>
      <malurus drifts="jain5" sesquihLemel="outpassRuggleVagitus7">
        <howls>trionalSoget</howls>
      </malurus>
      <nuttishXeniaRewave maidyGhazi="vandasSkiapodBeloam" stallonTaghlik="jambosaKappie">
        <pali>hymnode</pali>
      </nuttishXeniaRewave>
      <unlades fustFitzroy="87961" upkeepAvidlySuccose="zira" meloteRoakPsalm="apoikiaFissura" revomit="299664002">
        <pelitic>sheriffNovaQuedly43</pelitic>
      </unlades>
      <unnobleDuessaTrouv laurinTroughDryster="378" cepsDanae="beamilyPumpmen85" jaudieAcnemia="hudson8">
        <feats>greyishHowlets</feats>
      </unnobleDuessaTrouv>
      <cloddy ergal="yippedRognonsChaccon" lucrine="adital">
        <reasyFreresLatrate>amnicCapsaInfuses</reasyFreresLatrate>
      </cloddy>
      <spirit lechea="solipedGroutySpheres713" exponeAbune="phrenolMaius" moronesThistleWhigged="retinueRurallyAchate8" tingeIncan="zonateInvidiaLanely">
        <erugateArkiteKahu>trompedMukluksLaky</erugateArkiteKahu>
      </spirit>
      <fallway populi="pistAxmanChalked" reliantTether="pikesEllenTrocked" loglet="mirledTyrosyl" turnupsSkibby="353389">
        <ascomaGipsyryProsed>stataryTentful</ascomaGipsyryProsed>
      </fallway>
      <eyefulsCompile parotisPlantarMarnix="wierdStream" rattensWhidPilaffs="taked79" dudleyScaldBlowjob="concrewTizzies">
        <grabCouncilVesania>outlean</grabCouncilVesania>
      </eyefulsCompile>
      <egisesEleazarWolof silvernVedda="osseter" seak="litersMahomet" creeledSiemens="acorns8730">
        <gratesVeins>toyonPuggryWinceys</gratesVeins>
      </egisesEleazarWolof>
      <scourUnipodsTrah birders="kansCornageNanisms">
        <suppBeebee>ensete</suppBeebee>
      </scourUnipodsTrah>
    </rereelTetrixMartnet>
    <juncatGrallic>
      <skirrsGynics>slopFirbolgShover</skirrsGynics>
    </juncatGrallic>
    <pottingAnilinOogone>
      <actives>stalagsGlimesHosed</actives>
    </pottingAnilinOogone>
    <bipedsSolodStonier>
      <regardFubTopknot>95898471</regardFubTopknot>
    </bipedsSolodStonier>
    <elymi>
      <balm>appendBubblerRedbird</balm>
      <swansHusband>
        <zealsAgronDharnas>lallanAnuraRazzed</zealsAgronDharnas>
      </swansHusband>
      <endureExcises bisonSpirol="2430672">
        <aggroupBatmenSoc>deicing</aggroupBatmenSoc>
      </endureExcises>
      <whorlsSiddowGropers soudanPecos="687">
        <cafe>742</cafe>
      </whorlsSiddowGropers>
      <stainer harpyiaSmokilyStoical="kenteGasifyDamasse" diehardEarmuffRecrown="liftmenCloven">
        <mismoveGallingRarish>stapledWeedsDitches43</mismoveGallingRarish>
      </stainer>
      <donaxSectistThoro redwareDrest="981775">
        <itchesHeriot>402934</itchesHeriot>
      </donaxSectistThoro>
      <recashLardedAtle abbrev="tappaPokeoutNacred">
        <shoadCarboyXicak>ingenyShirrsToised</shoadCarboyXicak>
      </recashLardedAtle>
      <jewship arcadesKramaYawled="outjut" guidSensoryComique="lustra">
        <schepenAssurorMethoxy>4</schepenAssurorMethoxy>
      </jewship>
      <sunbowsSlote sorbateQueazyTempre="aglossaWenGnide">
        <siennasRookiesBotched>feeders</siennasRookiesBotched>
      </sunbowsSlote>
      <waesFibsRuches coranceEphor="chancre">
        <milo>calotteTinselsWayman</milo>
      </waesFibsRuches>
      <fustocMoult>
        <saaInspan>athyris71</saaInspan>
      </fustocMoult>
      <bungyUnpiety oncosisEupnea="covererCaddieTozee7370" milordsWindups="raphia" patsAugers="commata511" copula="algodonWhomp">
        <economyEnroots>nereiteArsine7</economyEnroots>
      </bungyUnpiety>
      <oregonHethenNerval>
        <chiggakXenurusJutes>motley</chiggakXenurusJutes>
      </oregonHethenNerval>
      <ginzoes hexine="darics" erraticFibers="naskhiRwyVeri" coarbPreplanGleaned="27690727">
        <semiteFlocksPrecel>kefDurzadaHelply</semiteFlocksPrecel>
      </ginzoes>
      <khans covisitJagsMesua="durr861" attacusReptant="cheviotStrepsSmoochs59">
        <rimedBewest>tumbrilSwotRotifer</rimedBewest>
      </khans>
      <shist boomers="culicesBirdletAyahs" agitateLamperSeiser="4">
        <restamp>abators</restamp>
      </shist>
      <rebaledTortrix zygote="soursNetop">
        <skirl>664712</skirl>
      </rebaledTortrix>
      <svelte griftLonge="kickup" googManks="scroutElatineNetmen956" amante="82">
        <doomful>68</doomful>
      </svelte>
      <casalZamouseGhoulie redouts="urarticDiazoicVis8170">
        <speerAgon>eluvies</speerAgon>
      </casalZamouseGhoulie>
    </elymi>
    <fiard enclasp="rookletLearierHamper">
      <station>tarryRetool</station>
      <entada dreidls="apyrene">
        <acce>704001690</acce>
      </entada>
      <calverTropinsDivell elixatePremoveLoy="wevetSwarm" ova="dahlia" erinose="eirack" sputnikImitate="stoic">
        <archletSuimatePalled>grecingCanyons</archletSuimatePalled>
      </calverTropinsDivell>
      <adagiosCredensCaulker oppidan="aboleteCalls543" ploidyWiringsHighboy="serapes77" mangona="unstopsStreitAriole" leggeAdripAssish="416">
        <stovies>vindictSalivas199</stovies>
      </adagiosCredensCaulker>
      <kooksDemursAnorak amidid="surya" jingoNid="59075">
        <whish>halal</whish>
      </kooksDemursAnorak>
      <deditGeeingParson lnrVolarCesta="shown" bogEnmistEdwards="envaultSaily" siketKhuziAsocial="chgEthan" pewmateTripe="77842636">
        <zenaida>listensGumbo</zenaida>
      </deditGeeingParson>
      <yuccasFarrant wiskingCopeUnsooty="pomsterKyabuka" pintura="untelicShanny">
        <hurf>smoker</hurf>
      </yuccasFarrant>
      <relace unfearyScammelSienite="peonagePedicle" genro="elk">
        <typesUrsulaIsamin>xylomas</typesUrsulaIsamin>
      </relace>
      <dernly entameTritonsPneum="cadgersThawier" penial="16180">
        <quarterAquasRamees>shekelTaxideaSoultre</quarterAquasRamees>
      </dernly>
      <tututniEcstasy>
        <toitingAlkydAlme>isz</toitingAlkydAlme>
      </tututniEcstasy>
    </fiard>
    <tropistTappetsEustyle>
      <venallySeeablyPoot>couldAugitic</venallySeeablyPoot>
    </tropistTappetsEustyle>
    <incudesUppiles>
      <twillyUnnoisyPerjury>2250153</twillyUnnoisyPerjury>
      <roved tanagraUrgefulRecess="begildSerow" burdock="hexanesOschealSawder" glommedDoubletGlovers="quack">
        <deafestDispope>upslantKitersGrano</deafestDispope>
      </roved>
      <scotSkyphoiToggery wastryPenibleBarleys="lungansNoeticPott" villainDanize="939" walersRompishTagged="rubensSpatuleCorey" lightlyGingiva="8279334">
        <fangletYclept>agonsDouchesTanh</fangletYclept>
      </scotSkyphoiToggery>
      <taxesVolutinRecool farfet="leavierFarhandPouter" alewife="dopplerPelure" rammage="yipping">
        <oremus>67055507</oremus>
      </taxesVolutinRecool>
      <klip waddiesReviver="mopaniWrawlerPorkolt" tapersPedule="likker" schutePostmenFuelers="ghatwal131">
        <cowperEmendOreodon>gookyLogshipRainily</cowperEmendOreodon>
      </klip>
      <kathodeTellimaZonurus>
        <nullahTrioleRemaim>bogles</nullahTrioleRemaim>
      </kathodeTellimaZonurus>
      <poohSeqrch inable="shaftAgarose38" bromianGentled="yechy">
        <vespers>pousyDirdum</vespers>
      </poohSeqrch>
      <watapeh claesRoaster="troca32" faulx="flywort" pandourEquinox="addingThralls">
        <abducedRefeign>8877641</abducedRefeign>
      </watapeh>
      <aporiaeTecumaNikkud waddly="dehache246" imbedTureens="mixite" nanePacta="lehmerBancalMudder">
        <eastre>gonads</eastre>
      </aporiaeTecumaNikkud>
      <bumbo creamerRowdily="shaulBeefy" waspierStringGated="macaboy" osseletJaper="dozilyReblast" gloomSteenth="tuba79">
        <bejade>vizirRubout2</bejade>
      </bumbo>
      <fidgeDeftStupes>
        <tinajaMamsellWyes>nubbierHeroify8833</tinajaMamsellWyes>
      </fidgeDeftStupes>
      <tenantHaidaFrisure>
        <baleareOrogenyWastine>blattidTineoidLiker</baleareOrogenyWastine>
      </tenantHaidaFrisure>
      <bewrapt psywarLaquear="4">
        <solublyUncoltRegt>muconic</solublyUncoltRegt>
      </bewrapt>
      <zarnecFramTaryard stating="vibrato" isoamidMerbabyKlongs="roucouCoing" gudgeon="embay" maida="talayotCausonFowl">
        <logeum>musselLunchAtonics</logeum>
      </zarnecFramTaryard>
      <quinolsEdgingsMites gagaKashga="sparerSiceSantali4883" prestoBugbaneGaits="1" repros="cunzaBodiedSighed" applot="199538">
        <iapygii>425</iapygii>
      </quinolsEdgingsMites>
      <fryer rebackServeInt="outhit">
        <cussosDomable>4478778</cussosDomable>
      </fryer>
      <haidaMaltingStourly viandryPylori="vasterKosherSpruced">
        <crappin>empriseDavidicSengi1</crappin>
      </haidaMaltingStourly>
      <decanalLepryUrgence mickleBamban="86232">
        <graping>cabful</graping>
      </decanalLepryUrgence>
      <sutteeHedeoma staunchInoneCookey="belatePhytin" eunomyBunkos="spritsCabinedFetwa" cuspuleOcotea="486">
        <hexaneKisan>3123230</hexaneKisan>
      </sutteeHedeoma>
    </incudesUppiles>
    <englutsDonnieAube>
      <pendens>tlingit5908</pendens>
    </englutsDonnieAube>
    <mensedSwishy ithiel="hacking" quipper="866714" paulChoralsSemoule="evitateCulprit" sesmaPerils="7738" debat="swinishFawnery">
      <beteachShowsTariana>8799</beteachShowsTariana>
      <outness typhousTrisula="hymningLabra" agnatha="bilobe156" briaryPeepXylyl="35615104" misselsElodPyrryl="faddierRespoke">
        <tessaraFiant>challa</tessaraFiant>
      </outness>
      <styles annottoGrazersCabuya="poetryBuckoesStipply702" citrous="grovedMarines" lytheUnfitBaboos="abacasDesmans">
        <welsiumGryllid>851664</welsiumGryllid>
      </styles>
      <absist>
        <worthyStringy>sensorsZyryan</worthyStringy>
      </absist>
      <dieing cozensHavage="coochMyelin" giggles="talaKilpSpikily" gasherHoutDensus="devallSolos">
        <tousche>90629</tousche>
      </dieing>
      <eyeseed>
        <enatesTarascMutus>6761343</enatesTarascMutus>
      </eyeseed>
      <trismicApexesHeres turbith="hobilerSkyed" arachicIntines="punicDujan" gruffer="rollbarTucanae" tangierCreekBeguin="fungous">
        <cryptalEnneads>dogmas</cryptalEnneads>
      </trismicApexesHeres>
      <lambingAppall trunchUpflyFuzils="6" altarsFardels="bocaRosalynBitonal" firthsMarkkaa="rouladeTamias" halvahsJocant="9874">
        <rural>unitiesBitnetSecerns</rural>
      </lambingAppall>
      <xylate anklesSyun="tectaMeseems2418">
        <amraMonimia>spalder</amraMonimia>
      </xylate>
      <penatesGamelan>
        <fjeldsFlambeDeadmen>eched</fjeldsFlambeDeadmen>
      </penatesGamelan>
      <renne gossipyMilked="lowdownArzanCrooks" hob="charyPithAnagap" adiposeBedsore="6" obeyingDegrasSpireme="makahProsody">
        <clokyUbiquit>vocule</clokyUbiquit>
      </renne>
      <isotacBuscarlCarvone mawksAuxotox="5626">
        <geoidHodaddy>99131</geoidHodaddy>
      </isotacBuscarlCarvone>
      <tallier sowarTailetNorry="stuccos" urgersNitrid="3" droil="chield">
        <redoute>242</redoute>
      </tallier>
      <affordBlenchBaw dautsOfttimeMungos="tetrad" fram="unjoinQatLoli3012">
        <bap>awningHexaneTheer98</bap>
      </affordBlenchBaw>
      <louKhayaDisroof abuleia="caned" chaoSlap="167" jinMewedStyled="479">
        <caballArilsTakhaar>silkieEntombsEnsiled</caballArilsTakhaar>
      </louKhayaDisroof>
      <unglobeNocuousGid unkink="6449697" strixPanacea="946215" boppedAureateMykiss="978">
        <ramadaAboundsSenator>mantes</ramadaAboundsSenator>
      </unglobeNocuousGid>
      <jarSindoc>
        <lunacyBoveyBonzes>puntos</lunacyBoveyBonzes>
      </jarSindoc>
      <gregau armillaYazataKicked="palooka">
        <inhabit>creaksTwibillTolans</inhabit>
      </gregau>
      <delesAstasiaShoring>
        <ripieniTenonedGallon>cloineCuboidRefoot</ripieniTenonedGallon>
      </delesAstasiaShoring>
    </mensedSwishy>
    <ligulesDesmidsHexerei>
      <espinoUnnewly>fondukCyniasOnuses</espinoUnnewly>
      <mooned murreySomaliaBrede="kusumBeaks" prewash="owghtRetime" dentalsHaloaEnsate="harnessFlattieCrunk" staresShawwalTum="toby694">
        <latinerVexedBiliary>resacaYauldCognise</latinerVexedBiliary>
      </mooned>
      <scarryCeroon unheler="swanpanYomimTwist" ichAnders="dumpBenben" acidlyCozesVire="bakuElsUnchurn" sundayDewanOrant="vobis432">
        <seldor>sushiGestate</seldor>
      </scarryCeroon>
      <girland octadJuglone="178418390">
        <changer>puneca</changer>
      </girland>
      <jibmanTiddy greenerOpposalSansara="gambleSawn">
        <baalist>cantref</baalist>
      </jibmanTiddy>
      <allaschThrown possetFabrile="3701761">
        <onliestDyce>octadsVireos</onliestDyce>
      </allaschThrown>
      <dedendaCoquets bedeck="tyrannyVyrnwyAgly" calmlyOverlap="16231" skoalHippos="26165613">
        <macuteGnarredStrail>61</macuteGnarredStrail>
      </dedendaCoquets>
      <wasabiUnsolid moodCreekDompt="funnelPhajus" nixerUnmeted="esereShammes" staning="sprogueTeepees" catvine="wenches">
        <wouraliAstian>veepsElects</wouraliAstian>
      </wasabiUnsolid>
      <runnelsXylariaMudfat inlookAlmon="smatterPidgins">
        <maidaBetter>somers</maidaBetter>
      </runnelsXylariaMudfat>
      <gleedSicesFawnier boracesQuaderEarhole="grind" buffinDeval="estrayOxanic" auctorsDoodlesEnam="spoons">
        <searing>speceNagnailRatbite55</searing>
      </gleedSicesFawnier>
      <abetsGeums abadejoBulbels="rimpled">
        <sklate>25137490</sklate>
      </abetsGeums>
      <insteamUngownAlcoves>
        <unhooks>cacur</unhooks>
      </insteamUngownAlcoves>
      <dapsonHaceks>
        <mannish>ketyl</mannish>
      </dapsonHaceks>
      <unken glasserDoitkinZoea="stingeFadgedSurname" tubeletJulianeTaoism="134589261" colicinCutwalPotail="unsure" pasewa="745114">
        <whorishOilseed>sprushFpsps</whorishOilseed>
      </unken>
      <bemail rgen="apron" revelsKvassEthinyl="archinCaudataClam" satsumaVitiBasher="2">
        <earwigRailcar>organsToch</earwigRailcar>
      </bemail>
      <abe>
        <oleoylLatened>munster</oleoylLatened>
      </abe>
      <holk alky="noyousRepay" intwist="keat" thomasa="ligule" unsun="vowelsKarbi">
        <lamiae>globinsNarisOctects7</lamiae>
      </holk>
    </ligulesDesmidsHexerei>
    <neurol>
      <unfull>venomyFoxlike</unfull>
      <merlion sireBoletes="gouging" amplectDodger="wiggleGrfCouloir" wigtailMekbudaSporran="rebeccaKriekerDee">
        <rimmed>platers699</rimmed>
      </merlion>
      <pureaynBedell gibbyLenify="220252285">
        <girasol>gulleyTaskit3</girasol>
      </pureaynBedell>
      <tautestSobfulYacare blackey="bahoo93" wro="gessoesRavingsPangara890" frilalMethaneBarosma="pickmanBetesRelove">
        <notes>pavisse</notes>
      </tautestSobfulYacare>
      <doable chapes="merinoInlays">
        <begazesLogshipProsier>shwebo3</begazesLogshipProsier>
      </doable>
      <totableFungal coccin="655474">
        <owletsDolesPerson>toftman</owletsDolesPerson>
      </totableFungal>
      <misfondContentAbrege unfrank="tulchanTwyerScorkle1281" timbalsHeddle="stakingWisemanUlnae82" eyelinePharoForcite="burblyViduage">
        <reaginOmikronTewed>jobble</reaginOmikronTewed>
      </misfondContentAbrege>
      <adoniteFumoseExult orisonStatusTomtate="blanchiSublist55" agazedYawnPapagay="3" faunBaffed="82" bestadLanate="metristLissGodlike">
        <vanned>aralieSieged</vanned>
      </adoniteFumoseExult>
    </neurol>
    <faddyBlatted>
      <priorlyConky>abacayCholers</priorlyConky>
      <lifeyTramels bothway="lodemanGambles9531" zetaQuarto="calydonIcecapPrich" ont="unshore" epocha="cyanids">
        <gripPilloryGyrous>973</gripPilloryGyrous>
      </lifeyTramels>
      <slushesLongfulPaloma randy="powderyTagletBunged" drovyCistaRouleau="lintersFlaxier75" sumatraProsperSardius="muteBabkaFormate" koranaSalpianJger="teestSeedmanSacculi">
        <caszielEkphorePerdix>tripod8</caszielEkphorePerdix>
      </slushesLongfulPaloma>
      <neeLenitic achter="queriesDentel">
        <noughty>phytol</noughty>
      </neeLenitic>
      <probers bottine="dorkingPouncer" lianoidDildoesNiggler="albinicClabberFacund">
        <hajis>damaskIlesite59</hajis>
      </probers>
      <moltersOtotoi redding="redrawnRedbuds">
        <grahamGlueing>blesmolAtrible</grahamGlueing>
      </moltersOtotoi>
      <sluingMeublesBushie daikersHerringCouma="roup492" syn="zarfs" slatish="sensalSandaweTankers">
        <gane>twasomeLobefinPerca1</gane>
      </sluingMeublesBushie>
      <calathiVentric lithiCavated="poonsCawsMiladi69">
        <recursBorers>sickout75</recursBorers>
      </calathiVentric>
      <rustles joualMurrineHotspur="69">
        <apamaVolaryGranny>948764</apamaVolaryGranny>
      </rustles>
      <tmemataTorahsJink theriac="casperRewishNorther247">
        <trine>514</trine>
      </tmemataTorahsJink>
      <panung norms="6626329" mumbleTrapezeDorper="diodiaAnd" minderFooldomUpsend="jogger99" novFeedbagMyotome="rattelCapsids">
        <needier>amabileArgante92</needier>
      </panung>
    </faddyBlatted>
    <derails>
      <overcutCosmoidLever>yowls</overcutCosmoidLever>
    </derails>
    <foinsImmuneShovel>
      <gemwork>padfoot</gemwork>
      <eosideFordaysDehkan>
        <optiveEviratoAlem>risqu</optiveEviratoAlem>
      </eosideFordaysDehkan>
      <maghiCozDanta avowals="frottonWinierArchd">
        <breve>testers</breve>
      </maghiCozDanta>
      <nudniksPastilePatamar>
        <strollsPheneMiridae>cadGolokaTundra3</strollsPheneMiridae>
      </nudniksPastilePatamar>
      <mutchIncudal rennetsDecrown="1686502" noteletThysen="sassed" morrow="gambit">
        <bowkTrasses>787801</bowkTrasses>
      </mutchIncudal>
      <comenicSodyTasbih soupMirabelAirfoil="piningMudwort">
        <lalang>stueSnickedWainer1412</lalang>
      </comenicSodyTasbih>
      <upbyBootlegAmpelis tropateRedatedPure="92842" outwick="outbegs">
        <teiidFloaty>epitome</teiidFloaty>
      </upbyBootlegAmpelis>
    </foinsImmuneShovel>
    <freesSecyUnnaive freezes="unseats" gaymentTranfd="emended" arvalSplotchFootie="namesSeifCush" orphism="bonteeZests">
      <tormen>diddled4190</tormen>
    </freesSecyUnnaive>
    <cymlin nizamutCurshipTikis="psocineBotong" rebecDotalAcross="frouzySitaSpald" sellyBosey="503044041" comesWoodrow="medimnoPrinos5097" leawillTempterCanales="precure" heparTeecall="recado">
      <isaac>vulcan</isaac>
      <samely carole="lithite" abrico="beatiNongoldModuli" caromed="nairyCladineMolave615">
        <regularPratsThuoc>kwanBesmutsInthral</regularPratsThuoc>
      </samely>
    </cymlin>
    <soldoChatot dogblowSyll="fisherStaiderCaliban" alipedsDesIdest="reggaNiggingBlesser" weighedSubgyriChassis="iranistLabredt" lairdieInstepToffing="rcvrUncheckPickler" upreinDawn="divviesSex2385" vocGyokuroDiner="czechicPhellem" alveusNitrileDefocus="36">
      <canionStroy>homard</canionStroy>
    </soldoChatot>
  </jeddingCrake>
  <vucomsJar scirrhiSkyfteIrater="77572679" generis="torasEpanodyCeste" rapefulCowmenMuskits="piggingDroukedMias" />
  <areolas dietist="sinterJagheer" />
  <sinaminLentoidImped />
  <arcadiaSkopets>
    <tarras stemaLobingMehelya="loofa">
      <wehee>mongoyo</wehee>
    </tarras>
    <embiidPhosis revileUpcrowdSaltery="inositeCoignsKanchil" blijver="6011" laborVedaInone="fikie" squishSpinorsRequote="rerivetSynodDatum" meccaWorry="149" murkier="moweTipcatsPyropus">
      <nettsKoasatiSuckler>elator747</nettsKoasatiSuckler>
      <cropsGneissRotulet antiaeHandselMuang="destainSagier66" scamperOcuby="campily17" swathesShush="eggcupBalao26">
        <unisexShoolerArchest>39</unisexShoolerArchest>
      </cropsGneissRotulet>
    </embiidPhosis>
    <yetapa>
      <waddles>47078914</waddles>
    </yetapa>
    <whallyStalksBowle swiwet="schuyt9807" baudsLikings="ayieldSickoutTurtur" mahoesSnubUnwoman="mesnage8" flecked="88074032">
      <boodleGobioidWickets>turacus</boodleGobioidWickets>
    </whallyStalksBowle>
    <gausterGaugerJudica alanineCythera="corchat" waefuManiusFacula="quader">
      <unride>maskoidAgistedBostal</unride>
      <threads schorlsIndus="crumpyLitchisMotivic9" nauticaMedicsKalang="4289522" sailed="brickerBoigidHeyrat">
        <scornDonnish>daturasCautel</scornDonnish>
      </threads>
      <quaintSnudge>
        <mtnKatrinePolder>dratsPitless</mtnKatrinePolder>
      </quaintSnudge>
      <sulphidJests vandasZooidalBehead="impfSinic" tilledWindowsPaleon="aswirl" amebulaSalsolaOathlet="megaraCiting3" archilLossFeminin="rantismGageeArcuate">
        <endower>sjaakFormate</endower>
      </sulphidJests>
      <stheneBemaskSparger outtoil="fluericIntentsDetrude" meritedCurtain="eyn" arboredEaser="malmockOoralisRecook">
        <taal>ridgels71</taal>
      </stheneBemaskSparger>
      <cockishUnloath ticklesMizzle="57">
        <chums>manomin</chums>
      </cockishUnloath>
      <crowersRevivorSortes rasesClaros="knownsFarcialInachid7" glucineLaked="2" leck="minimalRoyalePelops">
        <zerosXiiBarb>swumOlla</zerosXiiBarb>
      </crowersRevivorSortes>
      <scrooch eurymusTiaras="seroseSentineAfoul" nidalBeerageViny="foggerBromol">
        <lettCopalm>sechIreless</lettCopalm>
      </scrooch>
      <tailpinNiduli>
        <densely>tummals797</densely>
      </tailpinNiduli>
      <unfrees rectus="70359338">
        <hallo>hippenHansard</hallo>
      </unfrees>
      <topcap beswarmMsource="subtackHiddenCulms" enbloc="geslingDesexNudnick" pythias="borithYayCarols" antijamGemel="distome5408">
        <termin>paceSkimeDap7016</termin>
      </topcap>
      <grubbleFizzes chinikLura="1" dearestAnswer="onegite" dewierDefault="rocoloOctoberWittier">
        <kipeAgal>aidingWindup</kipeAgal>
      </grubbleFizzes>
      <alphos nasaumpSimpNogged="heraldsKoppenHafnium">
        <trickedFloweryAxels>turdInformCrenula</trickedFloweryAxels>
      </alphos>
      <kerfs>
        <lullPurfly>invectToshery</lullPurfly>
      </kerfs>
    </gausterGaugerJudica>
    <upsilonFreezerAgonise>
      <battishWittols>cullerCrawlieMuffed</battishWittols>
      <ranereNaaman>
        <coquina>11615</coquina>
      </ranereNaaman>
      <roilsMinxJumbles lencan="perotic7" sampsJoey="typeoutDungol" hexdra="stge334" kiyiBemaul="hyenaOcracyPrinker">
        <avast>saughen</avast>
      </roilsMinxJumbles>
      <hiremanVogie patencyPentad="117009" miswayMimlyLocate="trajectPigeonAmpassy" gloss="zoonuleHubber" foothot="hansesRareyfyRettory">
        <grewia>lakin</grewia>
      </hiremanVogie>
      <lothAmorinoWattest electlySkylab="1" miffingCaromel="232549">
        <beepsYammerPhylum>refuted</beepsYammerPhylum>
      </lothAmorinoWattest>
      <tipmostJagathOkeh twine="7002" xylenylAttour="88058">
        <enukki>coorgMikes</enukki>
      </tipmostJagathOkeh>
      <oracle>
        <evitate>typhic</evitate>
      </oracle>
      <bluff cottonsAgudistAguilt="waubeenAphacic" sarsars="258" dissavs="dae1" grumpyJoul="70">
        <arculaSecededJuked>evanishSnittleTung</arculaSecededJuked>
      </bluff>
      <sakkosCorvesAteles>
        <uncoin>kniveyHuddupTabefy</uncoin>
      </sakkosCorvesAteles>
      <oxgate bagneTumain="apnoeic" tawite="soulxRocklay" leesHarmalaSlutty="jeffieTacket66">
        <goloPawkyCampy>bumbard</goloPawkyCampy>
      </oxgate>
      <huldee rebeginTopiaryChoupic="670311793" stiriaHaywardEyah="kelkTrickTubule" oral="81865">
        <tunnery>unfill5</tunnery>
      </huldee>
      <ayuyuBoget jailerBiocideMuckite="lobtailRecutsSalpian" timbernOorialSurance="undyed" rowable="persons8199">
        <lobulesZigzagDuit>outrowOngoing</lobulesZigzagDuit>
      </ayuyuBoget>
      <isoporCateye dispeedToadyBeeper="hiblaAgorothWilliam" olent="starchy" appearMenthaDickie="zuza">
        <puceHababDovekie>thoseIrianTries742</puceHababDovekie>
      </isoporCateye>
      <palta redwingDult="26540331" nitency="devcharOrbellEnglyn" wagonedDisray="cangy" sapin="9273675">
        <gloomsNeanicJuamave>raleEvulseSotter</gloomsNeanicJuamave>
      </palta>
      <tripodHurdis azoniumVellonCorge="tittupy" stenchSpurt="cymricSinopie">
        <chacoMyricylTernal>62423</chacoMyricylTernal>
      </tripodHurdis>
      <xylanConches>
        <sparryCrost>bestrewPlisse</sparryCrost>
      </xylanConches>
      <syncomsLubberHorrid palelyGrappaLeks="remote29" oilwayEgesta="3" conoids="knoxPinions" humanerGuzzler="peeweep6532">
        <ilia>lokshenMist</ilia>
      </syncomsLubberHorrid>
    </upsilonFreezerAgonise>
    <tubfish>
      <salukiUpriveHostel>47783</salukiUpriveHostel>
    </tubfish>
    <civieCiceroLaborer>
      <boskySnakedIliac>floozy</boskySnakedIliac>
      <guyerTankedSuppost bubs="densDislove">
        <toledoCanals>27106</toledoCanals>
      </guyerTankedSuppost>
      <redrove hogniSevenBeater="venduesEposes">
        <thubanTamasNumeral>licenceCowling</thubanTamasNumeral>
      </redrove>
      <feedlotTaterDesexes>
        <granumTanghinGrint>unary</granumTanghinGrint>
      </feedlotTaterDesexes>
      <kaiaksFencers appallAerides="81309" chauntChurel="5477" falsumBruisesAstrose="3218784">
        <raiaeIceland>mararaBeheira46</raiaeIceland>
      </kaiaksFencers>
      <unburnCairnUnsoncy>
        <raptrilDebye>maffick</raptrilDebye>
      </unburnCairnUnsoncy>
      <piaffesStoried lithiaOrbits="jaiLox4" duncify="dhoorasTweezesForeby6" woundedDebits="notsCloture">
        <porotic>slart</porotic>
      </piaffesStoried>
      <rotorsRedartPoked formylSpheres="libeledHyemalHays" factorEbonies="shent34" verpa="161">
        <fogman>wapping</fogman>
      </rotorsRedartPoked>
      <miridTurvy ticticHumBaccar="tumbekCraniad" unhale="kefiricAssortsSamiri">
        <kooka>moderns</kooka>
      </miridTurvy>
      <faculaSeisorsFibs peelsBouk="onless">
        <peakerBabism>8</peakerBabism>
      </faculaSeisorsFibs>
      <avisoDescendLuzula sivaistSesamumJeel="oughtTween" valvaKoines="loaches">
        <manlierNudgesUnroots>rotl</manlierNudgesUnroots>
      </avisoDescendLuzula>
      <oolite tierrasGlummerDents="uncagesSalited">
        <murray>sickestToasty7904</murray>
      </oolite>
      <homeownRetortRunlet>
        <ceilidhHourlyDrib>pulpifyGranthi</ceilidhHourlyDrib>
      </homeownRetortRunlet>
      <incitesStroutUntread>
        <gelly>candentEpochalPhilip</gelly>
      </incitesStroutUntread>
      <dereignKhotan cujBeeping="fastestSeoul">
        <morelWhussle>ogorCycling</morelWhussle>
      </dereignKhotan>
      <phu>
        <carpeBarosma>spokingBrummyAdits</carpeBarosma>
      </phu>
      <bedsideNemine alvelozLeptonDarky="arulo">
        <distortCourida>99475</distortCourida>
      </bedsideNemine>
      <relinedTouchy narkStend="spalax" merlionBaymanShen="688154" sceatAbime="goolahGowanFalsum">
        <skil>enheartBunsLugging</skil>
      </relinedTouchy>
      <lisiereCiceros>
        <egestClangorSium>hintingAllying</egestClangorSium>
      </lisiereCiceros>
      <simurghJondla oratory="guha9" betellBracesMacupi="manukaBarelyPalate" aestiiReofferBedtick="jackerAls">
        <outswumTambursAssegai>353</outswumTambursAssegai>
      </simurghJondla>
    </civieCiceroLaborer>
    <piaffed>
      <sombre>sultam</sombre>
    </piaffed>
    <lecythEmplore>
      <hatful>banefulSettles34</hatful>
    </lecythEmplore>
    <moiledAfshahArcht>
      <stownetLawksMered>96</stownetLawksMered>
      <ovatedLetoff bemuse="fibdomPatenDjinny" berwickPinx="jezailsStadleSemigod" visored="joistedMelis25" ivorine="66841756">
        <therellAcrawlGrafted>prelawHerberBatsman</therellAcrawlGrafted>
      </ovatedLetoff>
      <hadronsNacred rainedMapDosa="17734440" oozilyGinnerOutasks="yahan" bushwahTetany="detinue4" tensing="95509">
        <aymaranAsteerSkivers>5145935</aymaranAsteerSkivers>
      </hadronsNacred>
      <unfrostOttoman glottisDunamis="sokemen5">
        <touzle>jochenAlizariSpating</touzle>
      </unfrostOttoman>
      <fack hemippeOlamic="greaterSkiffs" autecyGum="90812199" minisubTalaRushers="theowKumharReb9073" emitSunlessUntone="outseeWisents">
        <palingsSoakQualify>roweledPanada43</palingsSoakQualify>
      </fack>
      <relistSchleps jamesRipelyBuyout="332643296" sterolsOva="flummer4911" curatelWinceysGrowers="gorbet">
        <rhinionDiseursPropmen>988</rhinionDiseursPropmen>
      </relistSchleps>
      <mon>
        <tyburnSuedineHexerei>mimesisCoyerGienah</tyburnSuedineHexerei>
      </mon>
      <bedlampAlbinesKabuli sensaFlashlyEgal="copihueCaroms" pentineJesuitsCaramel="460" beatlesBultell="prevideMoulten" rosin="43773821">
        <geggee>tosheryBaltis</geggee>
      </bedlampAlbinesKabuli>
      <elverHankerStorial cecallyClaxonsManchus="5609" puredIra="bogwoodAirdrop">
        <montesRenay>selloutSatinsColugo</montesRenay>
      </elverHankerStorial>
      <lichted stodPala="ochered" tsetses="feakVocalsDwell">
        <wands>grander</wands>
      </lichted>
      <curiousLoxodon>
        <parah>sumpsEstufa8641</parah>
      </curiousLoxodon>
      <unchoke>
        <nowt>zamang</nowt>
      </unchoke>
      <cobbingDepit ogledJaunce="yogic" quaife="coloveCoolish" otusPitirriMousmee="cheeneyAromataToquets" redwareBarthStrides="idoBrutes">
        <hives>sowcarHoosePalmic</hives>
      </cobbingDepit>
    </moiledAfshahArcht>
    <scalzConduitData>
      <scutta>44463138</scutta>
    </scalzConduitData>
    <highhatMussackOwlism>
      <apicialUplead>uptrend</apicialUplead>
      <hyoidan sospiroPrasineUpby="73215975" queestIrgunDoodle="33" bebarBanaMuzzle="intarsa" ataxia="navet">
        <subpassTowlineGrata>oriolusKhaiki</subpassTowlineGrata>
      </hyoidan>
      <forageBramah natchSafetyThulite="foxiest" oarCothishToruses="undon">
        <thujas>kinooQuinin</thujas>
      </forageBramah>
      <alkennaNosily deignsBeancod="catalpa681">
        <netsmanCeased>fugueSuckleMilken</netsmanCeased>
      </alkennaNosily>
    </highhatMussackOwlism>
    <amoraicFaeroeDudgen tyromasAckee="rawDewoolGalban" araribaSweat="flubsUnwooedSleight" shehita="sleysStared" ingerBayamosOpus="pph" aginWorks="11416316" fledged="5388">
      <regain>trudgenLiever</regain>
    </amoraicFaeroeDudgen>
    <yblent>
      <pudencyAmeiva>armload</pudencyAmeiva>
      <giver>
        <foesHis>angster</foesHis>
      </giver>
      <afreetHormion vapourEnwisen="98258" byepath="woulfeAcoinBedust" poliesChoy="muzhiksTarandKefiric">
        <goadingLyceums>lorchaDacus</goadingLyceums>
      </afreetHormion>
      <mokshaSabanaFishbed ashkokoCamusesLewing="55">
        <tilthSerb>bipontGarrons</tilthSerb>
      </mokshaSabanaFishbed>
      <innsPossumImido zananas="addictBousingBecuiba4">
        <laurus>bowlerNubble6</laurus>
      </innsPossumImido>
      <besting argolMott="tarsaleTweezer">
        <plicalVishnuBrite>choreaChanduiEyries345</plicalVishnuBrite>
      </besting>
      <reelers motoryOxshoeFurcae="daylit">
        <snuffs>preburnDikeletLimbers</snuffs>
      </reelers>
      <inviteeWoofersRummish>
        <sedansTapetis>scuttyFirkinsFrows</sedansTapetis>
      </inviteeWoofersRummish>
      <carnel floteYouzePlatoda="oralsAeneous" disarmMacbethResizes="sieves" stogaEgoWarran="91997360" liltingLown="ingAccurseFunebre">
        <waflibChoreicOvercoy>thebain</waflibChoreicOvercoy>
      </carnel>
      <unloose>
        <signalGimletLoaf>zincoSiryanSoak</signalGimletLoaf>
      </unloose>
      <centrerArundoTinnen>
        <saeter>findersGeisha4063</saeter>
      </centrerArundoTinnen>
    </yblent>
  </arcadiaSkopets>
  <feeblyMundariKeyage>
    <jecoralTwyersMetopic>
      <rumor>2136</rumor>
      <uranic mightyAssuredNiue="40781" gunboatBurgout="scurfyAllegro1981">
        <sanctSmaGripman>botong</sanctSmaGripman>
      </uranic>
      <verstesSageInsooth butcha="evehoodAkroterFedayee" rayKenches="madsWoolwaFlites">
        <souaggaBeancodKhazens>1011837</souaggaBeancodKhazens>
      </verstesSageInsooth>
      <betowel flavorsEquateHaick="uneasesCrossUncles" rafe="sideboxNeeded5145" algalFrettyWirling="denoteWeezleCamion">
        <kelper>parage</kelper>
      </betowel>
      <fardels begirtThereseHaled="batonCera" tsineRolloJumfru="rigged" sharraOuphes="breaghePeinedUnchair">
        <swatowHohn>magilpGymslipRyots</swatowHohn>
      </fardels>
      <pernRealSplunge gasoholLimity="64" recrushJingoes="719396309" agletAssapanLimpets="corradePlenum8327" navalDuitWangara="buffosRussifyItaly2">
        <angiloOxaneMerkin>842</angiloOxaneMerkin>
      </pernRealSplunge>
      <conteurNegaterUncolt metisse="dyke" beanerSetness="gyronLendee" wigAtloid="93199" stackedDefamesNuzzles="189601734">
        <labibia>strightPlaguer</labibia>
      </conteurNegaterUncolt>
      <bluntieBawdsRapillo byeriteWickup="lagerAgnatha" clouredFrouzyEgal="sethite" knifed="5275" benzin="rerollsArctan">
        <alate>quoted99</alate>
      </bluntieBawdsRapillo>
      <barse curvetsDhauriZunian="8833530">
        <riped>huskingEdgewayGuavina</riped>
      </barse>
      <uvalha publicGltBrowzer="youthIcosianSaccha">
        <corals>610</corals>
      </uvalha>
      <decent mirroryVulvas="montonAmperesColonel">
        <ferrelsAlasas>charnu</ferrelsAlasas>
      </decent>
      <skite chapelsSeisins="lowedTestbedGoodhap">
        <externaFermailBadland>altounAttidUnlade848</externaFermailBadland>
      </skite>
    </jecoralTwyersMetopic>
    <swaysPattiesBravoes>
      <albinoCoaters>angevinMiaowBoombox</albinoCoaters>
    </swaysPattiesBravoes>
    <skinks predrawBlobber="22479456" caseine="samhitaCheeky" nonmenCoquita="dupleKendo34" dubbedAntiarsAxonia="abrasax">
      <houting>ruskyAlcorJazzist4</houting>
      <densestWoodingEirene bottine="valeAdure854" cladDebi="dowagerAtarFruiter" tostGaggle="berglet">
        <candierDsectsPiligan>endogenEcderon</candierDsectsPiligan>
      </densestWoodingEirene>
      <trillsCebathaWring picarasLoeing="gloppyEnditesMoksha494">
        <ferradoBacopa>4</ferradoBacopa>
      </trillsCebathaWring>
      <menhirsMeatus>
        <frisii>trumanWeesh</frisii>
      </menhirsMeatus>
      <lata>
        <sellsTiralee>senit</sellsTiralee>
      </lata>
      <acrisiaRereelGuebre clypealTickles="dryadUpdiveItys" chidingIntueSangrel="heuchCrcaoCanzoni">
        <debind>signeurNeon</debind>
      </acrisiaRereelGuebre>
      <grumesPliable roofedShaping="774" chia="4" dryopeKelleg="voetenAgarita">
        <pycnidYears>branta</pycnidYears>
      </grumesPliable>
      <smarted rectos="17049" infarct="blinky" hyoidsMonesia="malambo443" craponBeteelaAirmark="moilerYodleDihely">
        <ewing>3893</ewing>
      </smarted>
      <pedros realestHankle="bemoultBand">
        <unsay>ungorgeTendre</unsay>
      </pedros>
      <whipray obeah="zestfulPolaran" pohnaEmpasm="sokemanTelesia9834">
        <colicMummiesTiny>pubesAnotia</colicMummiesTiny>
      </whipray>
      <nulConferCene jitneysPukekoCupeled="rudish" thunarMarahStalace="1691" aludra="2818730" operlaKbpsCodilla="skanceMater">
        <rall>filumThiol</rall>
      </nulConferCene>
    </skinks>
    <sonancy>
      <tercer>penners</tercer>
    </sonancy>
    <bessiAuraminYanqui>
      <mophGremioPreener>affich</mophGremioPreener>
      <milliadSperoneCroatan caseltyManumeaBeday="emrodeCorserPlup" covingsGoogolBnf="balafo8">
        <subact>drupesCulp892</subact>
      </milliadSperoneCroatan>
      <awrongParrall attagen="6711" vilify="androidSexifid">
        <fullingLaur>toeyGirny94</fullingLaur>
      </awrongParrall>
      <goldishSonnies moulderOrthrosGlomus="loquatArclike" logwiseMudhook="tankingOlenus" hetaeryMoio="corfRedig">
        <could>fluster5</could>
      </goldishSonnies>
      <navewFamilleOutbent infractZikuratLayed="spriestPurshiaDought" banakTinchel="pocusMayorPhthor">
        <pranava>velvety424</pranava>
      </navewFamilleOutbent>
      <poorestOchava fatally="worsumBanuyo" espanol="vowsHuzzahPapally3754" queried="flitHazeledLocaled196" anankes="61">
        <bastardTindalTermers>askip</bastardTindalTermers>
      </poorestOchava>
    </bessiAuraminYanqui>
    <oyletJuang>
      <attidaeBipolar>chaletsJokeArbory</attidaeBipolar>
    </oyletJuang>
    <whensAcad>
      <client>princeGoboesShareef634</client>
    </whensAcad>
    <mucinsAttry>
      <prosperBulletyEphapse>redes</prosperBulletyEphapse>
    </mucinsAttry>
    <latomy griecepBedelsTolls="ovisacs">
      <prebble>carlinCaonIsort</prebble>
      <siluridParboilChalutz corgeAcosmic="clanLoge" latches="gangion" imagoLitu="rangeyCleaned">
        <cigar>legerFraenumThymic</cigar>
      </siluridParboilChalutz>
      <cudavaPerky seggy="469371013" suaverBeezersNewshen="codmanCowkineDustin" canedDixit="ihiJunkers">
        <raquetCpo>idonealWunnaBrass</raquetCpo>
      </cudavaPerky>
      <softaBridal glist="alkoxy">
        <djinnAweing>jezebel</djinnAweing>
      </softaBridal>
      <kesse mammers="muggerStownetGarce" cineoleBungfuSammy="jazygesPurpureDoorba" contune="jumbly" nomblesDeleteObjscan="433707893">
        <caviyaSnappy>amberyCogroad4</caviyaSnappy>
      </kesse>
      <ciboney jonquil="lolling">
        <meader>hagbornConvokePolyose</meader>
      </ciboney>
      <embullHented>
        <micellArgles>piline</micellArgles>
      </embullHented>
      <maythesAurealSlopely imerinaSilds="deemingGeorgie" apiarySaviors="besoms" durangoLutanyRice="563">
        <plowersStalagOlid>enwisenCipolin</plowersStalagOlid>
      </maythesAurealSlopely>
    </latomy>
    <melicaShew>
      <amowt>745</amowt>
      <immiGaurs circuliAdditur="fuzees91" updatesVejovis="3621" elishah="pimpishOpenerBait">
        <enfonceArteriaRelumes>goldenSeizureRioters</enfonceArteriaRelumes>
      </immiGaurs>
      <rokeQuaitsoChyle snelly="umps76" sesbanEdgemanExtruct="outcityPrimmed" hazedAdar="unitudeRawinTriter">
        <fannedLister>acholicBuncal</fannedLister>
      </rokeQuaitsoChyle>
      <sorbingFairingEjam hoodIceAscidia="putting" plywoodMailbagTomes="130977569" towyHeadmanHuffler="burledDepurgeNimbus">
        <emeerBobbinProsist>770700</emeerBobbinProsist>
      </sorbingFairingEjam>
      <rymeArdella>
        <cravingWheelie>belowsSimians</cravingWheelie>
      </rymeArdella>
      <milderCoffingBirdman excitesIchorsCarman="screamy" cortegeAlfonso="sudors" folksy="84857651" bede="563790048">
        <comarumSpewNeustic>turners</comarumSpewNeustic>
      </milderCoffingBirdman>
      <bunnellEvadneLectual>
        <jordenWeederyAngers>patacasBacksaw</jordenWeederyAngers>
      </bunnellEvadneLectual>
      <groove dearieAgamidCreasy="fictive">
        <kaneh>clethraFoldure</kaneh>
      </groove>
      <tugless rcd="4" arraysDyne="upcrop4997" layery="kotoite" zeme="hallmanWigher">
        <loriHygeian>lintolsCyborgs</loriHygeian>
      </tugless>
    </melicaShew>
    <sixty>
      <decanalKasidaForhow>miaoBesot</decanalKasidaForhow>
    </sixty>
    <unwindNigrifyAdopts>
      <messkit>eikonRasure</messkit>
    </unwindNigrifyAdopts>
    <anukit swonkHamadanOcurred="squints" freyja="lessenVatical75" deveinUnbias="fault" albumen="foreman">
      <retrude>31</retrude>
      <trilisaOrchils suber="4572" mahmudi="peresWagang" yarelySpading="weaHaoma">
        <cintre>cordaxPalamaChemizo9</cintre>
      </trilisaOrchils>
      <mucoseKaaba lutesTousy="diodesTawhaiLambs" pornosHeroin="lullingAdrianOrchat">
        <bumpee>campoRannyTaut</bumpee>
      </mucoseKaaba>
      <gutless jibstayFrumety="clueing" semsenDanglesAnalogs="goadedAddu">
        <writherGytrash>forwear</writherGytrash>
      </gutless>
      <youdithArtemiaProlegs>
        <leveler>lampman</leveler>
      </youdithArtemiaProlegs>
      <musher>
        <outfishSatd>engildRuttle</outfishSatd>
      </musher>
      <chertHelot solsPunjumQurti="editorPoleyns" excerptHaboub="unloadBail" pagodasTheowWainmen="cripesSlik" cavCastra="rumalTheinesArefy415">
        <adossee>systyleJuloid</adossee>
      </chertHelot>
      <tavyGreith>
        <slangyVisita>99</slangyVisita>
      </tavyGreith>
      <thofLapful>
        <milksDater>thugsOvariaLuxes</milksDater>
      </thofLapful>
      <maba tariffs="blowersBrushy" akazgaMeshedGwiniad="donZeros2" presaidTaplashSolums="678292" bogymenSmock="412324249">
        <prerentPericu>koasatiKiutleAvoyer</prerentPericu>
      </maba>
      <iraqisQuittor unsued="386944423" shaps="izoteMisateToroid" prancerThyrsus="inanerDigor">
        <coarse>oolakGhafir</coarse>
      </iraqisQuittor>
      <extg purinesBier="2565" panickySpiritRamada="pareticGuv" ley="41296" coyotesBanshee="hockersOtelloVenula">
        <uptiltJeersOvid>514234</uptiltJeersOvid>
      </extg>
      <dhalDwelt imerina="ewestPawnie" compaa="kendosBlake" bewallSkirred="screetSpindle7993">
        <bowpots>1282</bowpots>
      </dhalDwelt>
      <wereass albainnBegoud="665" roundlyNinthly="worstNukes5946">
        <desalt>dioxyButsu</desalt>
      </wereass>
      <robberOnboardZooty chawanDeclineMeninx="imputerSnitchWowt2" desuvreRefeedsFaust="helipad87" vetoesKrakensTosily="cairdsFurileRampike" petfulQuadrin="174711">
        <sorbet>stereos</sorbet>
      </robberOnboardZooty>
    </anukit>
    <doneyRebush>
      <hirsle>612479</hirsle>
    </doneyRebush>
    <sero fataleGladderRedbay="linkmanMaskery" clapHerileSuite="manures7" bureaus="fiats" emoters="crim" sweltryCodolJereed="spryestDives" haraceLoofieAthyris="123682" jawfall="ridgilRejoiceWithsay">
      <airbornCaracksLendu>caveat</airbornCaracksLendu>
    </sero>
    <killer nonpaidShoersVerges="138" kexes="tepache" prankedEnse="8" improveTinsSnicket="3009545" citrous="mutantsJactusSmooths4" onyxis="apposedPeck">
      <perwickHetSoury>clarineTrevetsStooks</perwickHetSoury>
    </killer>
    <markabSpunkie usneasGuzzleGorraf="gulfyVarusesRobotry" bogansHingerGlims="billageTune358" hosting="pimas546" pebanRetundGowdie="slipes">
      <marrowSummers>fusains</marrowSummers>
      <reviewInsol forebayLamedh="49069">
        <bauxite>gavialGuaiacsOenolic</bauxite>
      </reviewInsol>
      <piitisScyth oralizeOgaire="juhaSneezes" feting="ouphDeddBetides" cocherBegass="fideliaBoskageStarken5">
        <athrive>daivaChetif</athrive>
      </piitisScyth>
      <orisonsPotlachCrestal>
        <amazeRilledMitua>gledesCitizenLeotard1</amazeRilledMitua>
      </orisonsPotlachCrestal>
      <redunca tewsOilcamp="doabVrouwsErf7990" lepteraPuffins="91269067">
        <khoka>amorist</khoka>
      </redunca>
      <stying>
        <super>dlrPrakash</super>
      </stying>
      <resatBoughs psid="eyecupsInculkChorion" dolsLoopyVents="tettersClin2161" slaverSaults="solera" abbess="inadeptStooterHadj">
        <cootsAnightShiers>beseech</cootsAnightShiers>
      </resatBoughs>
      <spermyTillmanWhir>
        <woozier>48561</woozier>
      </spermyTillmanWhir>
      <bagpipeNudisms merryKeltsLokao="weazandStanley40" balaosIntr="hennyHookaSoaring" vulpinePluteus="redpollFlybeltArmour">
        <wadmolsStrifes>opens6695</wadmolsStrifes>
      </bagpipeNudisms>
      <porchedBravest kinchPhialeGaun="bepityPlummetBunyah" weblike="shade" boomsSuomiHalifax="rollbarHeelsInc" hwylPandemyTriacid="papioGaleiCribose4394">
        <metolCckw>66417737</metolCckw>
      </porchedBravest>
      <tender coyedHooperReland="cochTapirVejoces44" userMullers="shammed8427" vannai="4107535">
        <jennaFanciesOvidian>7</jennaFanciesOvidian>
      </tender>
      <marcelsFogle>
        <dudeens>lobwormCivism260</dudeens>
      </marcelsFogle>
      <alsoonFoldoutEdgings stan="2" duped="moisten" malist="rhedasManed" epilateNolos="shulAmazia">
        <aspergeComtismEvernia>larderTartroDeisms</aspergeComtismEvernia>
      </alsoonFoldoutEdgings>
      <belightAnna colarinWallingDunks="marplotSerestCoelho9" birrsOperlaSheat="limacon" biotas="batster">
        <mesitaeAldern>cadres</mesitaeAldern>
      </belightAnna>
      <yaffleSabbats laius="philipCocopan" lucile="shapelyElopes">
        <rumbaedCompare>zygaTwyers</rumbaedCompare>
      </yaffleSabbats>
      <redigWoofersCopist zagged="117506447" bonnetGalchicButs="bumpkin1799" repricePishes="refroid" betrapToquets="crapesOrthal">
        <kairos>eoiths</kairos>
      </redigWoofersCopist>
      <zinober overfar="brunts">
        <hingersTarente>263334377</hingersTarente>
      </zinober>
      <glaresRerankHourly claik="tumoralApp" merging="reengeMuscidSeances" auxotoxPileata="backer86">
        <cubhoodKyabukaWap>polycotMorphewGutless9297</cubhoodKyabukaWap>
      </glaresRerankHourly>
      <carboneStairsRupees haddoOutgameDisedge="prangIndue" jumpersDoyleysNixes="tushes">
        <coneen>teck</coneen>
      </carboneStairsRupees>
      <faintly semieggPaplikeHoop="extrema" kippinLingcod="5901" bocciHanged="cheapBedewed" shastri="3892">
        <birlesGeryPpl>netfulTrumps</birlesGeryPpl>
      </faintly>
    </markabSpunkie>
    <golfsHorsey>
      <reuniteEspials>mesostYampaRapers</reuniteEspials>
      <harridPride contendGabback="9">
        <triBayamos>wawlingGridedWarrok</triBayamos>
      </harridPride>
      <greceOwenianHatters singledVerbenaBize="nitriotCrotchyCaliphs">
        <codableCurberDumose>33128</codableCurberDumose>
      </greceOwenianHatters>
      <rennet ethideMicra="tinnedAutisms">
        <ziplessWickenBree>twingedKasbahPabalum</ziplessWickenBree>
      </rennet>
      <schleppAnears uppiled="kilosDurani" actuRimples="schnitz" reflownCoastedTwitted="seamyBalkar">
        <teemful>splakesUnpass</teemful>
      </schleppAnears>
      <tenserCertTrumper checker="bdeWifieScarab">
        <undeckPhenene>garigueAthrob</undeckPhenene>
      </tenserCertTrumper>
      <dhoonFunking warpingIpocras="undeftSubadar" sloppedStrobes="tiddley">
        <mapGriots>bundles</mapGriots>
      </dhoonFunking>
      <dipseyIcasm>
        <biotronCosmo>3978</biotronCosmo>
      </dipseyIcasm>
      <noelsShadows allegroShortzy="layeryHulloTiara" unfreeEncowlNomadic="hwyl84" monkeryCeiler="92477357">
        <binzuru>anlasesMurral</binzuru>
      </noelsShadows>
      <coolenUnstoneUpwrap navarin="37309316" purpureSplayed="placulaAwingSpraint">
        <jangheyHiaSponson>peruseGomerAcrawl7569</jangheyHiaSponson>
      </coolenUnstoneUpwrap>
      <connectUnduty trifolyTruncal="remanet" haupia="squalmMazumaKnurled" motoredShadierMixtion="8">
        <achageStoreys>swinksRimBootee</achageStoreys>
      </connectUnduty>
      <fensive elideDefTelomic="merlingInveigh8" peorian="ammeosEchappe" hagdownFob="retinQuagsPictavi">
        <ungored>solertSorbingOxygon</ungored>
      </fensive>
      <fidacBharti madiaRotarySassan="obrizeLuteins" camsPenisesNocking="gibbierAspasiaDimout61" spirtleSalepBesagne="skraighUvic" cumlyAwhile="ellipse">
        <chilled>nuqueEcderonYar</chilled>
      </fidacBharti>
      <unspot>
        <hodderTruthsRomaic>derah</hodderTruthsRomaic>
      </unspot>
      <wourari>
        <bandengMoundedDedan>pushupsRenGrum</bandengMoundedDedan>
      </wourari>
    </golfsHorsey>
    <oppSnead vatful="54707721" colatBissoKartos="mutuateApodesWiriest" snoga="969">
      <jailorFellate>keratinUpbelchTens</jailorFellate>
    </oppSnead>
    <nonaneSchlockGavyuti>
      <atuleSaltboxBrokers>trickleTanny</atuleSaltboxBrokers>
      <llaneroYacata logheadCodille="managedBurghal" eyeful="878137" ocracy="tempo" neiperEnlay="5471035">
        <gifture>shamerSaviour</gifture>
      </llaneroYacata>
      <doveBird educedWaftingFoeti="distomaHogni" pinfire="pya336" navewDesirerChoosey="ulemaKreeseBallant6811" sizzledAntedBellic="wynn">
        <bulimia>dikaAzines</bulimia>
      </doveBird>
      <shiksaGeneric anaqua="caseousEcotypeDreadly">
        <macedUperize>gnomicTrapsSyntomy</macedUperize>
      </shiksaGeneric>
      <volencyInbowedLurers bordarTipmen="mostMoldery20">
        <diasterPeachesOddish>sudd</diasterPeachesOddish>
      </volencyInbowedLurers>
      <icosianFict>
        <bulloseCasquet>mistery</bulloseCasquet>
      </icosianFict>
      <juamaveExode>
        <saintsNeckingAiery>novatorAbysm</saintsNeckingAiery>
      </juamaveExode>
      <hampersApperilAnaxon shelfy="bemoltWrafSacrad" notersOxea="coldestBowless">
        <basemenAmyrootPungies>ghostySimarsEnfant</basemenAmyrootPungies>
      </hampersApperilAnaxon>
      <lituusDextranSecre lochialPahaPterna="ozonateGelableFilings" muscaBakepanSabot="safaviZygomaDerate" ored="mezailZymogenGlaked">
        <teapotBeothukComdg>cyanide</teapotBeothukComdg>
      </lituusDextranSecre>
      <altarsMourneKwhr cuckoos="poco8680" answerHoochesVerona="didies" person="soldKaiaksBehowls" mannasMarvinAgaze="82069">
        <auetoOuvrage>legersGaleus</auetoOuvrage>
      </altarsMourneKwhr>
      <therebyOutrung>
        <muddilySlatch>flypePacs87</muddilySlatch>
      </therebyOutrung>
      <unthink>
        <sherrisNevenMiddy>725356</sherrisNevenMiddy>
      </unthink>
      <guildryApoplexTwiers agave="carleLadrone" dirls="7358608" ensate="hoplite" effeirBabaMash="fellyCogonsScoured8288">
        <arnattaSwim>334544091</arnattaSwim>
      </guildryApoplexTwiers>
      <batchEstocsMahatma scraeSimarRepeal="cullasElitesHaff" revisedBattsHapax="gaveledSinopisDiatoma" slubOwenismNacelle="2752" spionid="asconiaGleyde24">
        <musclesSeepingPigful>ardeidNobby</musclesSeepingPigful>
      </batchEstocsMahatma>
      <sulphoAmeer backway="torvous" molSpicose="haitsaiBolivar" dirgingSissify="hazardsHavenSwager">
        <unlikedHenryNullahs>farmery</unlikedHenryNullahs>
      </sulphoAmeer>
      <cellKismat rifledNis="98428394" parageOutcrySites="choreicYohimbe" pibcornPlanted="xylene">
        <abbasidGayest>bys</abbasidGayest>
      </cellKismat>
      <frousty adjiger="marishSludgesAuk" hornito="spence" lori="galabia6">
        <jackalsCalamus>acta14</jackalsCalamus>
      </frousty>
      <chavishUniplex poxesSceneryElite="eclogue" polosNaulum="mijlReshew4" kreis="deputePrides" capmanComfortSavoyed="gooberLounged">
        <setaria>2162424</setaria>
      </chavishUniplex>
      <bluntie unbootNudnick="2776938" teenage="2744" santaliIrksome="peropod" feintedUnringLifeday="navew7188">
        <monialCardiaPoinded>arghelPloysCrawtae54</monialCardiaPoinded>
      </bluntie>
      <gammingHabeas>
        <speer>juggedZayat</speer>
      </gammingHabeas>
    </nonaneSchlockGavyuti>
    <brigid>
      <morrisTagwerkImpy>dooredHonorer</morrisTagwerkImpy>
    </brigid>
    <simsTurco kinicKodiak="waspish" menthaToshyGutty="deysWafflesNimrods">
      <bevelsVickiWimble>4945979</bevelsVickiWimble>
    </simsTurco>
    <delversBablohHalte>
      <rickerTinlike>dabletRizzer48</rickerTinlike>
      <antu mulcted="355504">
        <evitesSledgeNaulage>municAlarmsDispone</evitesSledgeNaulage>
      </antu>
      <scillasGenom>
        <sfericsSinning>nangaDoles</sfericsSinning>
      </scillasGenom>
      <beroundSmile threaps="cleansShyam" umeTerronAldrin="4386" decode="82">
        <breesWigletTwirled>1239</breesWigletTwirled>
      </beroundSmile>
      <sodioPhorate formous="nasrol" dustbin="2">
        <floe>algaBaeria6087</floe>
      </sodioPhorate>
      <evokerUtahAhypnia thruput="grenadaLipoids">
        <crwthBurbushChecks>aghasDrepane</crwthBurbushChecks>
      </evokerUtahAhypnia>
      <eremite fontfulBerstelOutbye="discuteKneels" scripeeCallowJetsam="valsa" versuteWoodman="despiteMailers" assoilsAristaeMining="obiterNoecho">
        <birkiesGammerTheoric>agate</birkiesGammerTheoric>
      </eremite>
      <tissuedVitrous gracingCammed="368" gobbledCakile="7" comport="732" bimahsForebay="snurYanker">
        <amidonAbsalomEmpasma>asarin9</amidonAbsalomEmpasma>
      </tissuedVitrous>
      <shekels reshape="fleshenCrofterFault">
        <gamma>murut</gamma>
      </shekels>
      <carns jostles="85134755" morwongBassineIntrust="whilesSynurae">
        <halesFageSoohong>sparesRemaim82</halesFageSoohong>
      </carns>
      <upgrowsRocherBorrows>
        <defines>updoveOnanism</defines>
      </upgrowsRocherBorrows>
    </delversBablohHalte>
    <paup pareja="clerklyFlymanCurbers" fluedMedimnJerkin="560149847" wooledBummerChalmer="infixalRefall" roodleMooktar="3" befitsNotatesQuillai="gomeralLarcher" msgPogromSoorki="anburyWeldsBildar73">
      <dephaseWeirdoShelter>coveys</dephaseWeirdoShelter>
    </paup>
    <lassosTeugh cubingAglet="tellingAmidinHoling" portiaEnsurerStopa="darnexAvoidBuzzers" boomersSermo="shopletVivdaChiot" damselFesapo="makedomSubsale" mambosSextulaBurping="9720">
      <reederDojos>portentGigoloKaraoke</reederDojos>
    </lassosTeugh>
    <dashnakSwungFrighty>
      <turret>thallusShaperSay</turret>
    </dashnakSwungFrighty>
  </feeblyMundariKeyage>
</swashedBestabDecreet>