<?xml version="1.0"?>
<nankinClaimedHopples>
  <quatern preomitTeaslerOpifice="brat" sumReavows="khi" oraleStanzeIrisin="propupaBobbersWiled607" />
  <bullitAlgomicPlatys hamper="servals" oppleteOverpet="tibbit" dollin="pyruvic1821">
    <teriann>
      <larumsWarded>plages</larumsWarded>
      <thieve>
        <uncitedStripes>6523027</uncitedStripes>
      </thieve>
      <geheyLasherExplida dackersPashedCatydid="954600" usnicCose="joree" another="21" jacques="vagancyLaggar">
        <educateMafey>stemmasGoldtitBegorry</educateMafey>
      </geheyLasherExplida>
      <pehHakeemsLinum>
        <lawgiveMerles>unfrankStrayedLoggin</lawgiveMerles>
      </pehHakeemsLinum>
      <mickle>
        <giddiesPariesLimidae>swiggle</giddiesPariesLimidae>
      </mickle>
      <duchy wanionFendyCleruch="4914" prionAdiatedAdangle="39" sculkBoyar="unitingChinas">
        <skirtyHabe>alveolaLoke</skirtyHabe>
      </duchy>
      <genus unneathHydridCrases="rissoa76" uninert="hydrazo2">
        <pilageSuddenUpstage>daceloSparely</pilageSuddenUpstage>
      </genus>
      <hasten diapirDak="91519" soupon="sarnaRebobGinned">
        <anticaPompeii>514051931</anticaPompeii>
      </hasten>
      <chrysinEnliven seba="hattersSeagullUndeaf" spiro="orangPoley4506" alginsDentinDaurna="yapster" lilies="zebec">
        <moeurs>205021</moeurs>
      </chrysinEnliven>
      <teatheNabak cobbedLannerWitch="unsillyCampingDusken" tottleGrank="fleabugSextetTumoral" slipDanklyScamper="drylot737">
        <caireneSaucilySpued>mynahLockrum</caireneSaucilySpued>
      </teatheNabak>
      <spiffedAsconesCahot modishDawdledTurpid="794" alcosolSindry="peptics500" bazarsFlatedMayhap="zonurid">
        <undug>unionedFlexoMinah</undug>
      </spiffedAsconesCahot>
      <showilyZigzag refundGoularo="kyliesCoast">
        <unwroteShrog>bitser</unwroteShrog>
      </showilyZigzag>
      <exodosHorsier debite="49631" gooses="963" ferrenFadedly="89142437" rigor="aaronJapingJoky">
        <seabootBabby>malayLazarProtid</seabootBabby>
      </exodosHorsier>
      <assedatPrimost>
        <glout>9</glout>
      </assedatPrimost>
      <douceSpoolsAmus spahisLeisure="4105272" acetousPrpRemble="36520" stabileLiveredSedgy="titanDehors" arriveMettlesInfauna="hyposFerrule">
        <cautioMouthyRanees>nazi9</cautioMouthyRanees>
      </douceSpoolsAmus>
    </teriann>
    <kyah>
      <tryma>bunkumsGoboBertat</tryma>
      <lipuriaKisserSating gummaBenzoleChytrid="alumnusLanesLucuma9613" mangoes="ngweeAcholicAfric" rakanLibken="65">
        <enifDeusMangold>noondaySequoiaStorage</enifDeusMangold>
      </lipuriaKisserSating>
      <rakeoff eparchOssal="4676" spines="945938118" dessSchizVersin="idrosis">
        <bedpanUplifts>bunting</bedpanUplifts>
      </rakeoff>
      <cesureBarghamRelayed assisaBattakPrism="811160220" miltsBehaver="qurshesWhewShibah" shooledJaupsSutured="bibblerUnroot" sindry="2888885">
        <balowBarbetsPolaris>851</balowBarbetsPolaris>
      </cesureBarghamRelayed>
      <unwinkJugulumGrumium earlessDustpanChetif="lump9" dephase="prosToheroaRibless" guano="7">
        <murder>alecsPape</murder>
      </unwinkJugulumGrumium>
      <refines tuftyTofileFobbing="criolloBoteEnsnare" revoiceMmfdErosive="miaower">
        <zootic>elytralCoshes</zootic>
      </refines>
      <commitGryphPloce cantlesOlivilRheda="buddah8">
        <entrainRanksWaddly>buxomerShirtySkips</entrainRanksWaddly>
      </commitGryphPloce>
      <midmostChevy evil="8420" enolicForager="88371353">
        <atapModish>untrillErotismEnactor</atapModish>
      </midmostChevy>
      <surras vowed="zongoraSottingHump" ancilia="826421" yirrs="halurgyResays">
        <immerdConchoDegold>exurbSnowmanDonal</immerdConchoDegold>
      </surras>
      <quayage votes="4668" stewardParpendChuted="muesliBlicky" tammuzAlembicRapiers="roscidLensed">
        <mirikiAwnySensing>samarra</mirikiAwnySensing>
      </quayage>
      <brisket gnawLullaby="stefanMolies" unwealEhlite="hogmaceThreats6890" visitedAmerced="crawlieMislaid66">
        <kepsTurtosaNiyanda>autoed</kepsTurtosaNiyanda>
      </brisket>
      <bysenHurdlesRyania alnilamPontac="huicRoyal82" griskinBlessedAnacara="blatantJourneySlotman">
        <mistingTinging>josher</mistingTinging>
      </bysenHurdlesRyania>
      <grilseReanvil wiggler="thamengLackers">
        <runchPoschay>918349</runchPoschay>
      </grilseReanvil>
      <clackedEffordNags choosey="zayinSkyphosTenches" cocoonAcritolBooly="agriefVaccary">
        <moutheNorlandBetitle>mimblePatsies3133</moutheNorlandBetitle>
      </clackedEffordNags>
      <ataigal gleansMiriamGuilfat="untripe124">
        <dudineRenuCyath>kyklopsManegeCamino</dudineRenuCyath>
      </ataigal>
      <coeloms unwriteDiscina="perigeeRidgierAffaite" faked="inkingLactifyFelter">
        <graviesAriettaAzygos>dorsal</graviesAriettaAzygos>
      </coeloms>
    </kyah>
    <residGonaMainan>
      <arniHocused>alefSubfaceSkiings973</arniHocused>
    </residGonaMainan>
    <chokesUnsun>
      <eblis>envaultDolinePromote</eblis>
      <zapRatwoodRecover>
        <torulin>arsylPlagium</torulin>
      </zapRatwoodRecover>
      <qualGanjaFogdog niobidHornfulTascal="floroun" guilery="dabih">
        <startup>wingcutTroch</startup>
      </qualGanjaFogdog>
      <outfitsMahajan>
        <mozosYuke>caribiJumbly</mozosYuke>
      </outfitsMahajan>
      <cotheHobbedTaurite robalosPigfootWhooper="neocyteRepanelLinn">
        <psalisDropsy>82263</psalisDropsy>
      </cotheHobbedTaurite>
      <vlsi foysNavewEduardo="sextus" logwayOutdateBaddish="adornSinkUrceus">
        <whimmyAbaddon>perduUncalk</whimmyAbaddon>
      </vlsi>
    </chokesUnsun>
    <toolsi>
      <penticePaisley>lewisiaWershGestae</penticePaisley>
      <goutOralism cerousCharros="stodge" nudely="hoggismDopperRewards" kikkiJobsTroue="windledGarred" assoilCalepin="iwurche">
        <hogoUnsnareBride>aamEbcdicCoiffes</hogoUnsnareBride>
      </goutOralism>
      <dightedTorrentCsect>
        <pyin>popsy</pyin>
      </dightedTorrentCsect>
      <dirigeHarkConing ignaroSughingWebs="dynamoJelick127">
        <onychaNavvy>oraeGargler</onychaNavvy>
      </dirigeHarkConing>
    </toolsi>
    <ungetSiolAidable>
      <centrex>laocoon</centrex>
      <itaBoguing aglycon="zoo" holaCephus="godlet32">
        <preludePorger>budgeroSoftens</preludePorger>
      </itaBoguing>
      <trucialLaxism arrozRoncho="8059316" azuresKatik="gnashedDemonsMaim" ribwortHobbianYoks="wistit" patucaToxylon="8746">
        <beprank>dispostKything</beprank>
      </trucialLaxism>
      <candiru noterChouncePropoxy="ifugao" fusureUnluredGlozer="potiche">
        <plonkedFipSoleret>63</plonkedFipSoleret>
      </candiru>
      <cucujusValines reuniteWensShafii="mashieTonlets" battlerPoodEminent="ocularBusaos" ricketDisfen="degames" extols="kipageFytte">
        <priding>soapers</priding>
      </cucujusValines>
      <asterinPetalyVolutae sassakBlaugasLaments="kerchooBasing">
        <exultedRedactTurnera>jitroBlancoCotrine</exultedRedactTurnera>
      </asterinPetalyVolutae>
      <jakartaBister>
        <affixalSaharic>amilesPlur4065</affixalSaharic>
      </jakartaBister>
      <cratonsEstableGriding durrieCidarisTold="208288331" divans="thrope" regimes="incogsWhissonWeaky">
        <almutenCampers>adonianEquivBridled1</almutenCampers>
      </cratonsEstableGriding>
      <uru reggae="sammierHexadeGearbox" lyfkieWagonOrnify="sonhoodCrept" unlistyFratchy="tabletAbsi">
        <spacialDeaves>wintery</spacialDeaves>
      </uru>
      <aweekTenablyEnvier sheolicRefroid="583968" outwing="chuckle">
        <apronedLatherAnilic>pry</apronedLatherAnilic>
      </aweekTenablyEnvier>
    </ungetSiolAidable>
    <bastile dottily="852994720">
      <asbolinHammy>engulfsCoddlesCueman</asbolinHammy>
    </bastile>
    <stentonSillers>
      <wonder>6</wonder>
      <soonishElans>
        <bemoilMoiraiQuant>phasers</bemoilMoiraiQuant>
      </soonishElans>
      <skollyScabMixed chugged="shistCabuyasCosmine" whidahs="cork38">
        <cativo>tiltySemigodRyme</cativo>
      </skollyScabMixed>
      <scryer bawley="obligerTaintor" limbersSalviasOnker="climes591" pedrero="goodhapThoftViruses753">
        <tartLesionVarangi>feakedBoxfulOlders</tartLesionVarangi>
      </scryer>
      <insunk>
        <syntonePoire>pommadoOxidGlump</syntonePoire>
      </insunk>
      <buttiesWloka drailsUncropt="groan">
        <butsu>garlion</butsu>
      </buttiesWloka>
      <assayed>
        <poseySepioidReallot>5</poseySepioidReallot>
      </assayed>
      <khot gashesMonodicDetinue="enlacesResmelt" scouter="elricPylic">
        <pesteWorth>acrockEval</pesteWorth>
      </khot>
      <olaxSfericsBarques>
        <gibuses>unden8590</gibuses>
      </olaxSfericsBarques>
      <anabongSorbingRecrowd vanningJondla="gabbroSorbol" refletMoulyThorite="ceroidIlthImpiety" rasedHematic="averseIrisateBradded">
        <safe>88</safe>
      </anabongSorbingRecrowd>
      <bluegumInchainFeddans specks="83681" caterVallisGreyly="galenasQtoDrawled">
        <pteron>544251413</pteron>
      </bluegumInchainFeddans>
    </stentonSillers>
    <nutSchorls>
      <calathi>adaunt</calathi>
    </nutSchorls>
    <cothamRestampPecky>
      <bourgs>24</bourgs>
    </cothamRestampPecky>
    <dors treatySmirisGlean="operons" welches="overfixWinkled" lowyFieldy="exacterCutheal" catsCardia="354" tuzla="couchesBailiff15" thrillBoza="unlistGemmery28" exudeUpbye="bedlikeAnimousOrbic99">
      <foredidDutiedUrucu>coypousRadfordTrajet</foredidDutiedUrucu>
    </dors>
    <dobsonVisesScirpus eonismsOadFinnic="peases" player="rering" swiple="reissue" geltsArrayedTetrazo="katikFacete">
      <tamashaMangels>uncoachNourish</tamashaMangels>
    </dobsonVisesScirpus>
    <moylRehideToastee spidersNaiveteDreamed="baske9628" boliviaKaiwiHoho="opifice" planityStuber="licorne" faePanurge="88" skerretFlasketPerloir="acyclicRingent" glubAndian="295">
      <segol>guidersToners</segol>
      <sahlitePriestRoughed grindalTrawlWatch="comingsIndoorsArthral" starw="914390">
        <gire>aphonia1526</gire>
      </sahlitePriestRoughed>
      <tooledCuldee funnedRummily="bothway">
        <quirkyEnaliteRya>outcast8503</quirkyEnaliteRya>
      </tooledCuldee>
      <husksLadyly kachaDeisms="priesEskar">
        <killUniovalKed>foiledPardaosWrox</killUniovalKed>
      </husksLadyly>
      <infamed winking="stupidsPolluxMahzor" cadge="bogs" sheols="tempiEnlist">
        <sondeli>issuerRawkyStruv</sondeli>
      </infamed>
      <bennetSimeonChakobu lampretIwwood="pukyMoolahCowedly" battelGalga="5" kachaBonita="cloakMetingCheeked380">
        <stoach>taskageChagul</stoach>
      </bennetSimeonChakobu>
      <pastesPostwar irenicYonderPerplex="43" imaretTattherBlende="guiltsDykes" floras="bowelsLituola" blickyPlasmonExudes="nullity460">
        <rheinShwebo>quilly</rheinShwebo>
      </pastesPostwar>
      <conoidTitivilFaffle kyaungLambieUddered="58560">
        <warnishSprose>keysterKindal</warnishSprose>
      </conoidTitivilFaffle>
      <radular velvetyByreman="utchyNanes" lasketRudous="ordainIliads30" chieldsInsurer="profuseHonkedHuemul">
        <appears>pileus</appears>
      </radular>
    </moylRehideToastee>
    <parles>
      <voicingBarbrePartied>vervelChaferyTyken</voicingBarbrePartied>
    </parles>
    <pourrisCuvyBromate>
      <ferricEvenest>monomyaBothieMonase</ferricEvenest>
    </pourrisCuvyBromate>
    <dorianCeyxPilori>
      <wolfingWorlded>asilidAnosmic9412</wolfingWorlded>
    </dorianCeyxPilori>
    <pounce>
      <flamen>28</flamen>
    </pounce>
    <wharfsYaupedRomal ningle="borascoBelacedMincopi" raffmanHigglerKohlan="kerbayaGolpUnfrees" chirred="udicVendingWirebar">
      <donsyNybbles>675785145</donsyNybbles>
    </wharfsYaupedRomal>
    <rewedMeasled>
      <preens>kumysesAnthrolClausal</preens>
      <lapfulMatriceVee optimeFellingVaagmar="antaeLociVisaya487" spurgeRulableLeases="75089">
        <emblema>830</emblema>
      </lapfulMatriceVee>
      <flap madhabThiokol="planersKhatti314" variosIsthmus="poemAdagioNazism">
        <ocyroeUngualDiota>taxiingApers6</ocyroeUngualDiota>
      </flap>
      <limbeck glen="space2" cotonam="stomaRabandHeved21" baggierSynodus="tackingDunkleEpiotic3" cymols="chalet115">
        <meristQuashedDogmata>ramadaDittiedGladier23</meristQuashedDogmata>
      </limbeck>
      <ermeLeonistLiang silosPilaw="nil">
        <utrechtMatacoMastery>pedeeIridineVinyl982</utrechtMatacoMastery>
      </ermeLeonistLiang>
    </rewedMeasled>
    <tearedRuckleEndoss>
      <anglersWytes>edictalBemoonConge</anglersWytes>
      <unsoilFlipedFilth arfQuips="skeen" bultowDigynia="bhangFrushCombing">
        <befoul>fablerSiluricOctyne</befoul>
      </unsoilFlipedFilth>
      <aplomeBefriz larine="distil" backet="runsMumpish" slunkenSuedine="chogsetSteen" unuglyTestarBuckle="territ">
        <copyistPaddock>gld</copyistPaddock>
      </aplomeBefriz>
      <dumbs safety="lummox" ledgeDoum="collMillnia" mogador="truerLaddery">
        <suomicNotingFlagon>dassy</suomicNotingFlagon>
      </dumbs>
      <curls cray="6420577" thereupAbretTupi="ratansDimitry" ductTrac="heriotTugrikSpail473">
        <triedlyFiefLobworm>hike</triedlyFiefLobworm>
      </curls>
      <learierInowerSpumy veiningLiestWeeply="97" sonlike="reusing">
        <discs>umuRosety976</discs>
      </learierInowerSpumy>
      <brustleRagtimeSealer hausenBubby="jaunder9">
        <arraysBoozesAgoing>webbingBickern</arraysBoozesAgoing>
      </brustleRagtimeSealer>
      <bethuelBemuddy idlishOolakan="cayosPeones" havaikiPacersZambra="tweedleCourts" vary="274254" chancesTagsoreWinare="horsify2">
        <boneteGonotyl>enateMocking</boneteGonotyl>
      </bethuelBemuddy>
      <vickDismark>
        <vulgarsLucayan>jeanie8</vulgarsLucayan>
      </vickDismark>
      <trunJoypop scaur="battue7" briskerNedderInro="73400368" wherret="guenepeBirdletWards" wincherMachaonToheroa="293814387">
        <ruffeSillerZazen>5592100</ruffeSillerZazen>
      </trunJoypop>
      <shaul indentGalasCombind="bezzi" cyclingBehap="shags" officer="foreby">
        <keyaki>858602846</keyaki>
      </shaul>
      <damnsDigit guaduaSquawCauses="thoBraze">
        <gurnetsErrable>acemila</gurnetsErrable>
      </damnsDigit>
      <tormenMorcha>
        <ceiled>ullucuWhewer2221</ceiled>
      </tormenMorcha>
    </tearedRuckleEndoss>
    <quangosEnorn>
      <gismoPradSurfing>vareuse</gismoPradSurfing>
    </quangosEnorn>
    <deashPacable octads="bandiTungos7546" corrigeDeprestLashes="vaguestPrefaceRether">
      <eluxatePrimoStoga>37</eluxatePrimoStoga>
    </deashPacable>
    <skellatHenninGuhayna>
      <mattinBalms>draftSoulterMidiron</mattinBalms>
    </skellatHenninGuhayna>
    <dumpedChewDockage squeakCord="cainiteSirione" upbyeKossLaura="fiel30" peewitsUngotColt="783" nongVocular="414629815" bdleBatara="alluvioEnguardGroper6" forkerAnademEggs="xylateUnowedIliacus">
      <scopetLataGlinted>panelsFlyball</scopetLataGlinted>
    </dumpedChewDockage>
    <reevokeMawp oakumHookeraCocama="ler" bequoteWhiddedOldness="feroniaHoldups" molderJalouse="gleba9">
      <sine>dictumMujiksRemint</sine>
      <prewashConule>
        <flockerHausse>20928</flockerHausse>
      </prewashConule>
      <outagesSupsManuals>
        <myallMinimBagnut>chasten1</myallMinimBagnut>
      </outagesSupsManuals>
      <facy cheveCymbelChoring="obconic9">
        <setulaeBemoleWowed>fannonTranche</setulaeBemoleWowed>
      </facy>
      <cubbishDetergeHardier polynya="spave">
        <mullionCaptain>javaneeCental</mullionCaptain>
      </cubbishDetergeHardier>
      <vacuuma topesBedeckCzech="moths" fodgeFog="cdg">
        <tubiferTuedian>zandeSheltie</tubiferTuedian>
      </vacuuma>
      <pitocinEvinced banyaiPotman="maisonKompeni" counselCheerly="cynaraArlingRit1" reforge="dowfart" miggleJewsShekel="layupBrindleProfane">
        <rimaCepes>fillerYeastyBahaism</rimaCepes>
      </pitocinEvinced>
      <sporidAubriteHormion neckarAmintaPotomac="367" poteenRadiate="meleesHippieRussell" muzzlesDefameEthel="13" dariTommedFinfish="alumicBeswarm">
        <fridilaCyprus>jamlikeRotundaMind</fridilaCyprus>
      </sporidAubriteHormion>
      <coenla>
        <syzygia>anoesiaVelarsGaurian</syzygia>
      </coenla>
      <paas ignaviaAlberge="111769629">
        <overhipJestfulHydrazo>acetizeTriple</overhipJestfulHydrazo>
      </paas>
      <horsingAncreSouffle>
        <dolven>arageKeymen8</dolven>
      </horsingAncreSouffle>
      <legati gaon="chubbed1" kagusOscan="onusSerimpiGoldtit" soilyRotulad="teetherPokyBeylic">
        <bibiri>stoofFungus</bibiri>
      </legati>
      <zestTuskerOturia>
        <grossenGalerieStain>shaktaHammy</grossenGalerieStain>
      </zestTuskerOturia>
      <maniconBoukit folioed="viaticaLarvateLays18">
        <griphSomnusSatiate>avers</griphSomnusSatiate>
      </maniconBoukit>
      <pornsGanda delouseUnruly="flaggedSoever" guttarOutputsHarmins="brockleOutman" meeker="theredCundyRivulus" clamant="properRosariaDodunk">
        <watched>senzaVidduiAphizog</watched>
      </pornsGanda>
      <synched inaptlyWhuskieDow="301130">
        <upupoidKronor>driers</upupoidKronor>
      </synched>
      <disformXmas twirlyGlossesEarning="shagEscheve">
        <xeniaSealing>guzzler</xeniaSealing>
      </disformXmas>
      <cypselaUmpired antralGharry="spninxSwaddy" badjuFusteeQuircal="ichuLaical664" num="porEsesYerth2" silureLabores="subletsTulsi">
        <dagbaneBemoultMussal>mudders</dagbaneBemoultMussal>
      </cypselaUmpired>
      <proles voltageIsidia="sarodeTautlyGeums123">
        <benjy>jeeteeBalanid</benjy>
      </proles>
      <hahniumXerotes basoko="zillah6788" amoleTuftsCompare="5" ungula="89875">
        <malaccaZuccoRelates>2</malaccaZuccoRelates>
      </hahniumXerotes>
    </reevokeMawp>
  </bullitAlgomicPlatys>
  <shoaDiabase treronBileFlash="tukePli" searceImpaled="isocolaRatioUnmete" payorsAwingly="murinae" />
</nankinClaimedHopples>