<?xml version="1.0"?>
<paver>
  <hoarderPasMelior kamahiCanonicHatred="crissRayedSpinner" kappie="bekiss" retakenImams="487230" fjeldHostess="forbode">
    <assiseTricots feriasUnflankHowlers="scrush">
      <leavy>sakerIsle</leavy>
    </assiseTricots>
    <plods>
      <retrue>riven</retrue>
      <vivo>
        <vulturn>320091</vulturn>
      </vivo>
      <fermeMiscued>
        <goajiro>tombe</goajiro>
      </fermeMiscued>
      <beman>
        <croiik>tripleBanning</croiik>
      </beman>
      <dildoe beclout="mammet33" turnpin="deluxeRiskers" motionWanierLuckily="vagancyCradlerTeguas" plotchJauntieBejuco="behearsShadilyJibi">
        <chortAzoresCadbit>outnessTalkedEpinine</chortAzoresCadbit>
      </dildoe>
      <servistStunk graphsStreakyCfm="crucilyTinty">
        <efecksGandhi>knells</efecksGandhi>
      </servistStunk>
      <getawayInhales stippen="yperite1" spryerJugsfulLyrism="howkitHawedBurgout">
        <joltyUramidoWelf>pot</joltyUramidoWelf>
      </getawayInhales>
    </plods>
    <targingHafts>
      <breastsPickmanGagee>gimels</breastsPickmanGagee>
      <murageCypselaTakahes viminaTobymanManana="layfolk" reasonsDunsterRotunda="legato" epodeYeguita="rouxKramaCilium" balked="osteoidBasotho">
        <tinware>lawlikePodicalSeepy</tinware>
      </murageCypselaTakahes>
      <yodlesSulcus jatakaAppendTwisted="shood" carawayKumiss="soughed" spooned="ebbing">
        <fdnameSecco>hammer</fdnameSecco>
      </yodlesSulcus>
      <comtes peppily="89" encraal="4">
        <histie>becaterDeckedEnfarce</histie>
      </comtes>
      <flunkyPinkoes afghansSteric="ajaxGodful56" almemarContise="60" cankeryPlinkerTimaeus="radeur7580">
        <bracesKerne>xerus</bracesKerne>
      </flunkyPinkoes>
      <camoteCaredReapers sahib="fuhrersDakhmaDoeth" think="riempie874" catwalkStowp="enlute97">
        <percept>quipoFecund</percept>
      </camoteCaredReapers>
      <atmosZingareFrails>
        <georama>vangeeEscharBoaters</georama>
      </atmosZingareFrails>
    </targingHafts>
    <santiiGrossen>
      <karacul>shoredSlowupHolard963</karacul>
    </santiiGrossen>
    <feels>
      <babblesBungee>espying3715</babblesBungee>
      <wincher hazleBaxtoneFulfil="32018" bottler="teleiaCycasin" wilds="roteNarisTibial">
        <mutuate>syenite</mutuate>
      </wincher>
      <marmots cocleKauchMaltier="poplinsIngnue">
        <dessous>swede</dessous>
      </marmots>
      <conner>
        <avijjaGluteusSilenus>homishSeamus</avijjaGluteusSilenus>
      </conner>
      <headier>
        <busters>245359</busters>
      </headier>
      <jugHeptace writeup="finbackUnlustNis6">
        <strome>leosSissy</strome>
      </jugHeptace>
      <baizedCiliary>
        <burielsAsoak>31</burielsAsoak>
      </baizedCiliary>
      <toadierRadiale ignotusAcor="heedilyAmurcaFll" enow="biddieJaupsPreamps" icica="nerds">
        <whealyMerrily>omitisJachtUpper</whealyMerrily>
      </toadierRadiale>
      <yustagaAvenaryMirac uncodedDalfJuncous="taguanMazierMorns" radomeCurlewsHauyne="8760313" duskilyLimmerPawk="apopyleBuffs" anticumTipple="edwinCollard">
        <fainantRepound>536</fainantRepound>
      </yustagaAvenaryMirac>
      <jamBorerGawking gimping="risibleSoothesVested4481" pogromsUnmadDeti="cubageMummick">
        <ailltExcusal>allanSsuLisa</ailltExcusal>
      </jamBorerGawking>
      <briguer wamesReflame="syagush" padSikarSleeper="bending" bolus="rerackDespotAwhet76" genipa="second">
        <wanton>36208595</wanton>
      </briguer>
      <funding dufoilPatulin="72" sylvagePassado="biolithKamassi" odallerCoronaeImpede="trogonsMorsingHamper">
        <mornayRasa>tov</mornayRasa>
      </funding>
      <verbify>
        <stormyAciniStowse>67</stormyAciniStowse>
      </verbify>
      <pulvino lecheHooperAbysmal="bedew" rapistClothyFlecky="woodlotCierge" habiruRougeot="screwPaydaysBreeder">
        <surged>meeklyComtist</surged>
      </pulvino>
      <razzesOrderedWormy umpyDipygiMaddens="titlingBionLease" dewsTrionym="799" monaco="ordoSuccahsPrevene">
        <largenTardo>fellingElboicBedpost</largenTardo>
      </razzesOrderedWormy>
      <tourbeFotuiVelvet velteLicheeClupien="71" gleby="julianaBklr" chopas="kinfolkInradiiCannula">
        <reteneOrionScouth>scarrow</reteneOrionScouth>
      </tourbeFotuiVelvet>
      <vereyLagunaSinuses amunam="lynnUnbraid" sinzer="punishTigroidOrnes" toryizeImbroinDulses="ghatwalBleauntAcetose" rageesGainorScythic="winlessAcieral">
        <adjourn>tablinaSaros</adjourn>
      </vereyLagunaSinuses>
      <gobbingAstian ballanEggar="zebeckKneeled997" bulbous="bingey" souchetStoverWhekau="unnobleSaveloyDennis" houvari="fourerSheepy">
        <impelsTwigletInnards>kittul</impelsTwigletInnards>
      </gobbingAstian>
      <kosinMaziestTuscan seavy="speerNusfiah" wanningTostado="scampUnmild">
        <remixes>toxiferCholera</remixes>
      </kosinMaziestTuscan>
      <filices mammonKybele="mirsOrejon" habaeraNotatedBoone="926611" pythiumBoggier="toxemicBolster">
        <crepingBossing>jamboolSozin</crepingBossing>
      </filices>
    </feels>
    <quackedThaiBabyish gnoffHookedSuable="scorkleBritain1">
      <fibbed>tendentPonceauAnlages</fibbed>
      <mimmoudCurdyDebowel aeriesDragsaw="cockieDaggar">
        <tubagePsiaWaget>axiformAlmain</tubagePsiaWaget>
      </mimmoudCurdyDebowel>
      <knopSwithlyGlazed>
        <lavedVims>xerogelGenual</lavedVims>
      </knopSwithlyGlazed>
      <ingushVines overfagHoesChatino="chomps">
        <sufiYuftBonelet>uller3</sufiYuftBonelet>
      </ingushVines>
      <coluteaArillusSkiwy>
        <yunJehusRecite>bulseCumSima</yunJehusRecite>
      </coluteaArillusSkiwy>
      <cuminal smackeeStoutyRegalia="heirloCordeauCecums" thimble="turquet831">
        <kikarQuayWister>enrutBytes</kikarQuayWister>
      </cuminal>
      <rebesetCedeTinnock hicksAdhakaFumuli="450">
        <freshly>acharyaPounamuPalped</freshly>
      </rebesetCedeTinnock>
      <produce georgia="ulexite" dizzard="1318822" piercesComediaZecchin="hotbedsUragogaKrubut">
        <kalifs>5</kalifs>
      </produce>
      <flashCajanus fraseraPalsterVacua="formatsNabisMorcote" zapoteSepioid="rands">
        <braxyCultishTravado>1344683</braxyCultishTravado>
      </flashCajanus>
      <crambesRespiteCharted gentlesGyseMissit="mastoid99" diastemPontacAenigma="20" kabardJhvh="76144867">
        <lustfulLorans>rheotanMidwardAnkles</lustfulLorans>
      </crambesRespiteCharted>
      <dingee workman="unclify" hipped="7990777" owsenComatesCansful="140130007">
        <isotonyPlate>graciasGrubbed</isotonyPlate>
      </dingee>
      <benaTenne fankleStyrol="whiling">
        <eroses>459</eroses>
      </benaTenne>
      <maris acarinaReissue="16">
        <fartlekBethsJubilee>neverSocles</fartlekBethsJubilee>
      </maris>
      <hieder>
        <corinna>parapetOcelliSappy</corinna>
      </hieder>
      <darci fustier="daimyos">
        <angaBootees>delictSpathe</angaBootees>
      </darci>
      <bashkirTermers oxlandAngling="66" amplerVolata="kalysisProdd" geddsGigotMotetus="demoVenderSplashs">
        <gironnyYer>marah</gironnyYer>
      </bashkirTermers>
      <carreauBye minty="karezHolies" gowdSedums="groundy">
        <trophyZion>sise</trophyZion>
      </carreauBye>
      <coxal mucorSkeegVint="forgabSkywaySker" mouldedNabakCinder="326">
        <coldong>ologistCubeb</coldong>
      </coxal>
    </quackedThaiBabyish>
    <logbookChiave>
      <babootCotinus>109</babootCotinus>
    </logbookChiave>
    <soupleWresterCrumen>
      <defuzedSinkerRinks>ungoutyMetersHuman</defuzedSinkerRinks>
    </soupleWresterCrumen>
    <blatelyLintelsMorus ecclesInnet="nubbly" finnic="45" bigburyCircum="tansAurei">
      <epimersArcades>maximCoheadsBeraked8381</epimersArcades>
    </blatelyLintelsMorus>
    <imbatFeroce>
      <copepod>fullamsCroslet</copepod>
      <hunyak snawedLibbersNaevoid="sortes">
        <fluoric>adeadMater</fluoric>
      </hunyak>
      <siskinPrutoth hageniaPercaseForlive="48197233" pawedRemene="estreObsEluted" sarcoid="rutting" posterOxyphilAsitia="1104144">
        <cylices>ableeze</cylices>
      </siskinPrutoth>
      <propaneTabla jurare="gestura">
        <unmixSulfiteWink>echoer69</unmixSulfiteWink>
      </propaneTabla>
      <pho>
        <enrobed>trichia4861</enrobed>
      </pho>
      <prion riotry="lincolnAlwaysAlkines">
        <hattism>shevri</hattism>
      </prion>
      <iliacBeardieBrewage>
        <valutasQuernal>eudistCagy</valutasQuernal>
      </iliacBeardieBrewage>
      <gobetKellys anemonyKipVizors="micronPyroid8" inwoundUprises="stemona">
        <feodalHollaedZach>erotemaChicest</feodalHollaedZach>
      </gobetKellys>
      <kiutle plexus="343590">
        <usualsManaismGreenuk>28954527</usualsManaismGreenuk>
      </kiutle>
      <invt>
        <lndgMochrasZonulas>slatifyCarcoon</lndgMochrasZonulas>
      </invt>
      <whewOffsetNiter dunlap="caterLagendAmative9670" dillsYawnCts="mawkish" woksDoserBiolith="4200760" dight="spineDotersAcestes">
        <bonjourViseConfabs>suzAnademsRivina5</bonjourViseConfabs>
      </whewOffsetNiter>
      <cliptToningSawlog harpyiaOrd="stichosHonkiesSekos" tonjonJaggary="falcateGays" alupagDasturiPomfret="canzosFunnily">
        <edestan>cabaret8</edestan>
      </cliptToningSawlog>
      <bitumeVitrage burins="eoiths" bettors="sekani3718" gulliedPastelZoilist="surwanPphTonlets3">
        <regmataTaurus>battiesJellab</regmataTaurus>
      </bitumeVitrage>
      <aboutsWiggles>
        <foxed>puttedTraduceThomas</foxed>
      </aboutsWiggles>
      <gaufreNinthUnits>
        <procrisSelago>marcatoTipitPrecoil</procrisSelago>
      </gaufreNinthUnits>
      <lychees rookierAlbify="67209668" arenaPlait="gaurianUpwells" teminHopi="gumsBacker" absinthCreasot="cloisonSilureMead">
        <hawerShamans>mone9643</hawerShamans>
      </lychees>
      <yonderPatata>
        <griffGlomeraAirable>logeSaponi</griffGlomeraAirable>
      </yonderPatata>
      <toteIolites ochavaViscin="695" coitalSarges="novelsChorwat991" alasterBelfryEvacue="87">
        <waubleRearray>tenpinJoles</waubleRearray>
      </toteIolites>
      <refuter felix="workup" raccheNavy="shortlyEditor" bilgingSob="459">
        <peelerGovFatso>aik8</peelerGovFatso>
      </refuter>
      <bogusSadite tpkTasbihAdmass="bockingWauken624" rouesHao="whimbleStuiverEnamor57" upbyTictoc="hoazinMetraCoz">
        <nepoteDarshanThewed>handsawSubcity</nepoteDarshanThewed>
      </bogusSadite>
    </imbatFeroce>
    <tropistGundiBolti grasp="61892707" glycans="aubriteMahzor" cornellLususes="enatePiafferPoonah215" azotiseDeeperHolding="measlyFossae" redbuck="triamidUnsplitDatcha">
      <ungold>pranaUndoesScatch9855</ungold>
      <zithersPellardCurtain dogmeatRle="toxoidsBottler3667" slayersScreechBusycon="mamersShotAlcyon">
        <musts>ikonsConfessBillian</musts>
      </zithersPellardCurtain>
      <aeridesElhi scudElves="36" gillsUndigOket="519421035" pallaSchmoosDorsi="jaygeeSkenai886">
        <jahve>sakersTahil</jahve>
      </aeridesElhi>
      <sue enochManduaTabula="cellars298" limpish="oreide68" adeuism="clothesImitChowsed" mureCuppier="minahChunterKyung25">
        <reyouthPigtailSimples>enrols</reyouthPigtailSimples>
      </sue>
      <flyschSpodium saponul="garnLoonies" ethiops="8" nigella="yoldiaIbericFridges4" linn="teachedPelidesDecard">
        <farettaGoners>31</farettaGoners>
      </flyschSpodium>
      <siccaKohens whoofSedged="maclesLollingRoloway7">
        <entailMaranta>9912</entailMaranta>
      </siccaKohens>
      <bifrostIncube fatlingGilden="kanuriArgons" ternize="neckfulHantlesTrunk" hornero="43186" neapedSlummedUnbeing="spadingGammingCapital">
        <yearsRegentsOldish>brasqueReblock</yearsRegentsOldish>
      </bifrostIncube>
      <carrsInbred jowingSudsesKirghiz="psycheGoric14" ammonalForexEmailed="lotosGrillee1686" unurged="adheres">
        <bandonBuoyed>sabra</bandonBuoyed>
      </carrsInbred>
      <mantidInseer>
        <furrureRomping>76479</furrureRomping>
      </mantidInseer>
      <shang geranic="73" illumedDrumler="1504910" amhranSedilePeeved="peepingWairch9">
        <ecize>phial28</ecize>
      </shang>
      <pamhyGargolSoudge natt="puncherMapoAirfoil" enrutFilippiSalvor="edhsConkyEvetide" manzilKajMantal="71">
        <uploomBurgee>bivaneNagsmanBedroom</uploomBurgee>
      </pamhyGargolSoudge>
      <baiocco>
        <dearieLucrifyWears>operant</dearieLucrifyWears>
      </baiocco>
      <rowelArawakAll>
        <ressaut>vesperVillLockful53</ressaut>
      </rowelArawakAll>
      <str moves="1" bints="algineLipletSpecs" freitPallierArmoric="speedlyCatydidWeir" pubFurlong="fonts">
        <buffaFatuateJemmied>ituriteHunt</buffaFatuateJemmied>
      </str>
      <replicaDueled purflerAvivesAttask="seisureYojanaRigsby" beshag="submind867" maitrePursuer="bider91" abusedBatch="96382195">
        <quotersHethsMockups>sinderFaxed239</quotersHethsMockups>
      </replicaDueled>
    </tropistGundiBolti>
    <moodishReneg cueistPoiser="hurdle897" caribedUnhappy="lappsVenallyFestino1">
      <loggatsJaditic>litherQuayage</loggatsJaditic>
    </moodishReneg>
  </hoarderPasMelior>
  <mightedShapingOzonate enalid="troaked275" />
</paver>