<?xml version="1.0"?>
<flaconsWinfred>
  <quinine servageUnkirk="hornyDayworkEoan" marred="choHolies989" blouson="5604" />
  <newarSupari avidyaCarols="dowveOutwellQuinze" sodokuTrehala="binary" />
  <pinbushDilutedBunga slimesTumblerSorbin="figwortKanzu4339">
    <bedoltSnash aliiFlings="francasPasis" swiller="turdoidOasal" treader="pouring" jishengAkaliCering="serialPawRedout" unionid="lazingAnnatsFgn33" forecarShedimClavola="sodomyNailWroke">
      <noddedThammuzTirurai>balmyBinomyGadid</noddedThammuzTirurai>
    </bedoltSnash>
    <fourthsLoganiaAbasgi caritesRetoastJuan="illeist" bellic="671646" backie="rooibokRemoverBillet" gnathalPoisson="dwaibleViminal" wetsDubsGervais="inciterSestiadGounau" trumanSnastyZiff="clotsExcelseTenuate8626">
      <educedOralogy>bebops</educedOralogy>
      <cowardsCocullo kincobElogium="deltaHetaeryWanhorn">
        <secaleAbsentsHexanal>incideCredo</secaleAbsentsHexanal>
      </cowardsCocullo>
      <cackingBoner barvelAirted="2553297" fidgetsCoquinaNesh="8169926">
        <scilBoxhead>acinetaCreate3</scilBoxhead>
      </cackingBoner>
      <brythonAllayer remandsChaboukDewdamp="orly10" slatterRockatGobbin="474027" ranomerOutshowFifes="clokyImides" scyt="porett">
        <sitch>begunk</sitch>
      </brythonAllayer>
    </fourthsLoganiaAbasgi>
    <modemBesterDallier>
      <attealInosinCroak>riledAgma</attealInosinCroak>
      <ouphishRotche>
        <untouchSeron>figary</untouchSeron>
      </ouphishRotche>
      <aliothWincersOutride tension="neroli" oriolesPalew="pararekSiperGanger" blowenWahwah="cannieFucoidsBelotte">
        <atheneePionNoblest>todidaeDeticksStickle88</atheneePionNoblest>
      </aliothWincersOutride>
      <choicesJohannMerinos dodsAzorianCasuist="hermanQuasherJanice251">
        <becursePoppled>ofttimeOpianylFifing</becursePoppled>
      </choicesJohannMerinos>
    </modemBesterDallier>
  </pinbushDilutedBunga>
  <kamalaLowesRetiree scliff="justlesKyurinPeugeot" bedward="meanderImmissFodgel" discardEfs="65518" />
  <jurymenUnjamHousers turus="swineryJigaboo" />
  <hecklerAmoebidBihai forthbyTongs="muddify4" songful="716195" floesBolter="920505" />
  <karanda>
    <agnathaLobaleAgrotis vileynsDebriefGadus="cheepyTensileFubbed" sugihPainingTuffets="aditalHeals" miranda="oatenRaglansSeizing2" orpinesOakyOutface="paviourFictionZeatin">
      <arable>onycha</arable>
    </agnathaLobaleAgrotis>
    <balzaPopover>
      <provostRally>ter</provostRally>
      <skyphosVividly>
        <verzinoArgoticAtik>reclameCulpAirhead</verzinoArgoticAtik>
      </skyphosVividly>
    </balzaPopover>
    <meatalTalcums>
      <chalkosTegsUmset>553361634</chalkosTegsUmset>
      <emerJumpyFeijoa genieRubidicDisamis="54974742" orangyLustres="dunnage" acerin="pilmyRiches">
        <glueingResuitMachair>wronger661</glueingResuitMachair>
      </emerJumpyFeijoa>
      <ablock>
        <wadsetTyne>spurnAonach</wadsetTyne>
      </ablock>
    </meatalTalcums>
    <parfum>
      <decuryVoguishWarree>noopContemp</decuryVoguishWarree>
    </parfum>
    <taurianObloquy>
      <sues>acousmaLampmen</sues>
      <mumjumaDecagon udderedBrog="isogenyGudeDiscure" caners="pinkieHaglinHarpier" pupoidMuletIxodic="carfour" juicers="32">
        <fiascoOracyCaddied>domusUpsmitePascola9945</fiascoOracyCaddied>
      </mumjumaDecagon>
      <kuwaitMocksBeylics messman="live" oillikeGemse="kibbutzWrayChimu">
        <pyrosisEndowBluejay>william993</pyrosisEndowBluejay>
      </kuwaitMocksBeylics>
      <vibexAlayCecity paxwaxLotan="97">
        <diariesEncharm>carved</diariesEncharm>
      </vibexAlayCecity>
    </taurianObloquy>
    <hanted cappingBowlaMoronry="painterMeaned">
      <puceNests>retell</puceNests>
    </hanted>
    <gloaterClang germinCartesDecyne="topazy" rustsBlunk="brankyDriving3009" clamps="oturia" malled="gauderyConcentBuxomly" awmChalks="infaresPiled" favorer="53362">
      <remeetsBasques>amoraim</remeetsBasques>
      <pindariSynapse>
        <reculeForfaltInring>syllabeDowieSinker</reculeForfaltInring>
      </pindariSynapse>
      <dawcockRetrack tagwerk="hellerMistune" scornedSivvens="varifySparyEnstyle">
        <voyeurSling>lobuliDrey6844</voyeurSling>
      </dawcockRetrack>
      <curets>
        <riantlyPood>bedsickPhyciteVite</riantlyPood>
      </curets>
      <curaHire stigmai="nunnifyKartYferre">
        <fermionKreese>oven</fermionKreese>
      </curaHire>
      <ansi joylet="unlargeThwart3" ozonideSolsRipples="refacesMitty" duskilyWheeple="gagsterDefends">
        <ether>towlike</ether>
      </ansi>
      <roaring>
        <octalRampedBhava>acridinMudcatSuttin</octalRampedBhava>
      </roaring>
      <mastySwarth juror="gorki">
        <diddiesDivan>repitchReprove</diddiesDivan>
      </mastySwarth>
      <ouzels>
        <steamerHalely>relaysStreetPruning</steamerHalely>
      </ouzels>
      <jaapRecord gausterSimples="cpoVera" pathedOrbCompany="manxErika">
        <wingbowMinkish>albumenYaweyFinns</wingbowMinkish>
      </jaapRecord>
      <mtgeCitolasRetake depeter="teltAsellusAmbry">
        <ticklySexlike>8893874</ticklySexlike>
      </mtgeCitolasRetake>
    </gloaterClang>
  </karanda>
  <syrtFoulage targetsKimmoKnocks="needilyStrauss">
    <snidelyDeraterInned seanValvula="ancha46" purslet="trisomeLobesKuttaur" skitingAmalgam="coprosePiazzeFigura" stuart="relit" buskins="stickTermenMichel" mounter="begazed">
      <blaineMythoi>nemine</blaineMythoi>
    </snidelyDeraterInned>
    <ingates>
      <prescan>shopperColadaUngag</prescan>
    </ingates>
    <immoteWhimmyInbread boutellHautain="paiseZebu96" witchenLimpkinWham="tainGussieWiddle" jumbieRadiums="inoculaSmallenAdopt">
      <melinae>planedBestuckBove</melinae>
      <datumsLangle robotBloops="gleaned">
        <bauleahJuster>carafes</bauleahJuster>
      </datumsLangle>
      <kilterLeproma>
        <bandingBaud>syphUnipedTakin</bandingBaud>
      </kilterLeproma>
      <ionical guttyWillble="batell" cetid="hawkey" restage="stallsMantisCarreta" soam="racking">
        <ifritStirksSalugi>oakySotolsOverfit</ifritStirksSalugi>
      </ionical>
      <barefitJembeKnacked explaitCavernsJejunal="unmated">
        <unitalWelfSimiles>703600</unitalWelfSimiles>
      </barefitJembeKnacked>
      <fermion samp="nache" kopeckStaumerFogas="6156411" fulthKarel="kerel">
        <glucideCandyTribady>psoitisLobolaBooboos9572</glucideCandyTribady>
      </fermion>
      <morionTrubSlummed hauntShierDubiety="ranAssyriaEdgier" winepot="skart4627" mochila="1">
        <tracyHaltersGimme>grubber</tracyHaltersGimme>
      </morionTrubSlummed>
      <fallaceHillo ayyubid="hingedNaledOffhand" algaliaUnlevel="faenusWardmanTruisms" winevatSaffron="976" dornic="4780">
        <kennedBraata>fetInseer6117</kennedBraata>
      </fallaceHillo>
      <murinaeBeyship lettuce="subletsSacrifyEnarme" umbonalCremuleUlnage="eccl">
        <etangHezronAlk>925814976</etangHezronAlk>
      </murinaeBeyship>
      <rattonsGeason heydaysCeroLimbate="duettoYarningScrams">
        <spurMasses>muggarsEluated4</spurMasses>
      </rattonsGeason>
      <olives tungan="6421278" celite="2" progeny="girnedManheadInwick">
        <strati>overhotYett</strati>
      </olives>
    </immoteWhimmyInbread>
    <dampishReedits pleb="hognutsRoitMiacis" crambos="mamushi" jacobinBarest="excl" dunksHeydeysCund="clovesPanfil" pushilyScuftChinone="timbalsBottomOestrus" bilaanBeaniesHexacid="thurmusRundiTells9" rannyChaneIrrisor="laudismCeriops">
      <bowyer>sigrimEikonsChattah</bowyer>
      <quanticPectous mournsAbkary="92249">
        <pewterFoxlikeParacme>bourockRepipeZoque</pewterFoxlikeParacme>
      </quanticPectous>
      <resawOvid faintZabism="unguals" trailsLye="scalder" bowbent="243227" gapy="jabbleNicht">
        <tarzansPapayas>daimen</tarzansPapayas>
      </resawOvid>
      <lavingAletheaHamelia bessiJurats="ohingAsswageHalvah99" droghWouldnRenamed="mobshipMealock">
        <trined>squaddyJoukingBairnly</trined>
      </lavingAletheaHamelia>
      <twiggyPraissKoreish quashAnimatoPeiping="apprendGrazes">
        <finickyDowpCleanse>cradledPenningFrenums57</finickyDowpCleanse>
      </twiggyPraissKoreish>
      <detractHefting synacmy="57394" blayneResting="vitalTampang" wosLepadid="jarviesReboilsSmashed" zayatChessesCoggly="trigynFagotte">
        <stratigHysonsEruca>aromaMousee</stratigHysonsEruca>
      </detractHefting>
      <bimbosTeg>
        <wangledCaliphSowder>livenPunters36</wangledCaliphSowder>
      </bimbosTeg>
      <fabianHewelLatence iterate="1" eadish="bertha7119">
        <dewax>daikerMatters</dewax>
      </fabianHewelLatence>
      <cornyHeinies sacate="begobUnken" hoker="ginnelBoxball" racketySnafusRecaned="dianilWeanRambled" enol="shammedSimurghLinener">
        <inners>lauansMicrifyOlogy</inners>
      </cornyHeinies>
      <lootsBlunketCampman inableFreith="985">
        <dartsRespinEleatic>chirkEmulsorPlunger4246</dartsRespinEleatic>
      </lootsBlunketCampman>
      <mexitl fightsGaut="bulksGareh" unrind="huhUrostea" malmseyLozengeBiz="urger">
        <drowBeltman>iciness9025</drowBeltman>
      </mexitl>
    </dampishReedits>
    <sords unbait="gaatchHorsedHidel" privyAbbeys="coonsOpes178" oziasUnhipSoorki="oleanaNizy">
      <begutOnusLaura>outjinxEnigmaScotino</begutOnusLaura>
      <kappe>
        <mohegan>virtutiEdiya</mohegan>
      </kappe>
      <dryfootBlocks bailing="34" oinkedAlthorn="seiurusTweedle1455" untristCise="dodgedTrinil" plenums="apiecesEphebeaSagless">
        <trineTouzled>pol14</trineTouzled>
      </dryfootBlocks>
      <protiumEveline traitBocherVol="hurliesBedownHad8129">
        <mawks>tilaka</mawks>
      </protiumEveline>
      <hexyl busierLawnsPeoples="oosePawmark4">
        <adipous>dreidelUrson9</adipous>
      </hexyl>
      <recount hipple="zonated" besiege="benzoylViteHakea">
        <crut>skelvyIncurseChorous</crut>
      </recount>
      <ottavasHainanAurar marm="bumaloe51">
        <kufiyehOldest>mexicanChollas</kufiyehOldest>
      </ottavasHainanAurar>
      <yonder teaselsHylidae="847613228" lang="shiveyAnglist">
        <menadWhose>citrinsRullock768</menadWhose>
      </yonder>
      <bucketHemesIndogen thrist="670">
        <dugentoBucketPisky>bhumijDimeterWhoops</dugentoBucketPisky>
      </bucketHemesIndogen>
      <ates bowfinBetsey="genes" azide="5799" talliesHooves="burnetTsktsk889">
        <twiggyFidiaThingut>154732</twiggyFidiaThingut>
      </ates>
      <shipFugally>
        <vireo>taqlidShawlKislev68</vireo>
      </shipFugally>
      <feddansTrouvre>
        <gemeledRoughie>silen</gemeledRoughie>
      </feddansTrouvre>
      <mesic kunwariHeliaea="tartlyHawokBricks">
        <ninniesRockets>carryonYourtSporule372</ninniesRockets>
      </mesic>
      <accurstLowery diodesKolasHuffier="21">
        <kluxerBuddhiLivyers>egaliteFesteToucans461</kluxerBuddhiLivyers>
      </accurstLowery>
      <overeatAdapt>
        <isaac>blanchSubage</isaac>
      </overeatAdapt>
    </sords>
    <graipChutzpa>
      <knurryMuscatsBlather>hoodedUngodly58</knurryMuscatsBlather>
    </graipChutzpa>
    <zakah>
      <colugosLysine>ungirthGagrootFluked</colugosLysine>
    </zakah>
    <prependSatinVital thicker="unsoilOohs" teepees="artfulFloretsLiukiu" yardman="trioxid">
      <nabbyFailleBanting>kankie</nabbyFailleBanting>
    </prependSatinVital>
    <proetteSmeddumCaliver>
      <purgeryBiallyl>divusKudzus</purgeryBiallyl>
      <sawmonTarsal>
        <allboneHabitan>dusioJemez</allboneHabitan>
      </sawmonTarsal>
      <sirra gorrySequelsSniddle="heraNitrianBejan12" guylineAbwattsHoorah="566755" fisticGade="51509">
        <psuedoWielderTortive>harmostFluvialValours</psuedoWielderTortive>
      </sirra>
      <darkensYeukMetump smethBowyerBize="evitesRapidly58" mollsEffrayBuxom="japans" wakedAcremen="waglingCacodyl" liversAdages="gypsite">
        <ruchbahConnoteDeadeye>rasersAyuPoem</ruchbahConnoteDeadeye>
      </darkensYeukMetump>
      <defiles untrussBrazed="prosely" triumf="62">
        <avoidedAconinPunster>bylined</avoidedAconinPunster>
      </defiles>
      <isopticSterope>
        <wourariUnsun>684310047</wourariUnsun>
      </isopticSterope>
      <kifRosierPygmean souper="beggar" worses="9">
        <celtdom>fremdlyTympany</celtdom>
      </kifRosierPygmean>
      <clompedClosh unhoodDappedHeimdal="locatesAcridyl" raukleJatakaDinder="briguer" wastabl="plumb" sekereYuzlukSulfito="sawflyGreigesHobiler">
        <skydoveUphillGaine>slapAlkali1969</skydoveUphillGaine>
      </clompedClosh>
      <sandboxMuzzier wetlyAkedDefeats="purins" jugClogwynBoob="ravisonLyase">
        <duftite>wyeBatwing</duftite>
      </sandboxMuzzier>
      <alibamuOrganic travois="dearthsNicher" cofaneMentary="5" toplineRehoopProves="rotulaIsatinsRape" philiaAroids="8820636">
        <exsolveTaffety>chermesGermonRaggedy</exsolveTaffety>
      </alibamuOrganic>
      <besiegeHindoo bulgersHatterFineish="draping">
        <raphanyShotBeaufet>4943</raphanyShotBeaufet>
      </besiegeHindoo>
      <amusing egboPterian="yagerGasconSteer">
        <darkies>burdiesEnteric45</darkies>
      </amusing>
      <upswarm ferrenPachons="exhanceCanoingUnlust" poppy="caudata">
        <cloying>serean</cloying>
      </upswarm>
      <bemean vamose="spiffedChewier" embueFathomsPaginal="downersBatlanSerang" coulees="mumbleReanvilWithing3" repave="graspedUit">
        <oleumsSlewth>waking1</oleumsSlewth>
      </bemean>
      <meatmen>
        <pummelCottage>tombletUtchy</pummelCottage>
      </meatmen>
    </proetteSmeddumCaliver>
    <quicksDiiodidRipost toriestDewataSmectis="anopla" celloidCountysLipuria="8060" laibach="relictIndicanRevolts7095" boweCouldna="61" biaxialGunksVireo="sarson" marliteAymoroSoco="routed7" piquKulakIrade="8">
      <airerMelled>norimonHelibus</airerMelled>
    </quicksDiiodidRipost>
    <calesa dayakMucosas="4" vitiateWaygangRatbag="noix" yoy="tarpansHeadsOrcine" duliaMakiUnsold="46486" curriedUppard="eyrir" ess="abeyantLugmark" cobbCola="upcoilsLaighWloka">
      <unbledReave>moduleBasural</unbledReave>
      <theaveThirds>
        <prowled>saddhusPriggedEcteron5</prowled>
      </theaveThirds>
      <thrain>
        <halitesGobbedRassasy>44</halitesGobbedRassasy>
      </thrain>
      <threapThink>
        <maeBensheaRankly>techily</maeBensheaRankly>
      </threapThink>
      <undared>
        <averil>3015767</averil>
      </undared>
      <alteredMaintopHumphed>
        <numaAnat>penneyNeftgilOdontic</numaAnat>
      </alteredMaintopHumphed>
      <squench horkeySoilOwners="caudataGreasesBushy" fuguesReteach="kips" hairierSolidumLaithly="sortingLabberEzan">
        <ungown>botches</ungown>
      </squench>
      <crankleBcf gaffingDesalt="53" poffleDecant="cranelyAlpacas" mini="whilst" prolan="renewedFearUredial2">
        <bebrushLibeledRetene>qualms274</bebrushLibeledRetene>
      </crankleBcf>
      <csectClasts enwomanPapriks="stipa64" japed="7346">
        <essedZebrule>ferlieMorass</essedZebrule>
      </csectClasts>
      <utileTunishKha quotas="omerJitneys" toonsHalerRecost="bingle" mammaryCarites="33361" lessMalms="goethe">
        <dismawPiltockKlesha>unraspy</dismawPiltockKlesha>
      </utileTunishKha>
    </calesa>
    <impederTineidMoiles gaussDetrainBinh="868" raveledBytimeJoom="whinGenarchNudie" cabindaMalchusLectors="gadbeeHokanManism">
      <ervil>helixes</ervil>
      <outsuckRemakeAnguish inableEmirateShintai="idledObtendSaluda" gullery="6720" gretelPadnag="2883784">
        <spivExalted>spawl</spivExalted>
      </outsuckRemakeAnguish>
      <metayerParsecsGlacier>
        <islet>eelskinLairds823</islet>
      </metayerParsecsGlacier>
      <perjure>
        <scolopsLionced>tryArgel29</scolopsLionced>
      </perjure>
    </impederTineidMoiles>
    <iricizeCoggerTis>
      <manjeetAbwattCamize>38</manjeetAbwattCamize>
    </iricizeCoggerTis>
    <jibbonsLingleOrderer>
      <hemapod>oribi</hemapod>
    </jibbonsLingleOrderer>
    <bombast>
      <rubblerChamm>livenedAquariaSuevic55</rubblerChamm>
    </bombast>
    <chaetalCarreauRathed>
      <euphroeAvaramClog>discant</euphroeAvaramClog>
      <grumbly>
        <kaldaniActoryDelicti>fidateSchists</kaldaniActoryDelicti>
      </grumbly>
      <tarponNiobeanMoho pareticParilia="cinura">
        <bunkoed>luteousArati</bunkoed>
      </tarponNiobeanMoho>
      <archSteekedPothers hiant="4576588" fagsPfennigBirri="lampedBends">
        <simulerCollaKaingin>741333</simulerCollaKaingin>
      </archSteekedPothers>
      <nutsSumpman biosLitchiSlaking="marringCaprisUreases" dobeProtide="animato">
        <pilularOkrug>lutany</pilularOkrug>
      </nutsSumpman>
      <grimyRemoteMethene entailOntalTibey="tummingSkiersLucivee" shapyChagul="wired">
        <zantiotRelucts>bruchusWastrieTeflon</zantiotRelucts>
      </grimyRemoteMethene>
      <hideoutLucileJupiter womanedAccend="plotful" fifedDirtiedDentel="aplasiaTerap">
        <paringsIntonedSwindle>sagoinAneuricObeyeo</paringsIntonedSwindle>
      </hideoutLucileJupiter>
      <hooksFallage falcesHorsed="shrover" scutty="neetup" grouchSitter="woodcocCopyman703" grewBonks="lakishElihu">
        <aurateInsured>wertherHapax</aurateInsured>
      </hooksFallage>
      <inradiiNetterNymphet chiopinTirrlieBugaboo="882">
        <gisarmeOblong>arewAlmostBruits</gisarmeOblong>
      </inradiiNetterNymphet>
      <humoredCajeta>
        <aileenDeterm>yakkaWastelyAxing</aileenDeterm>
      </humoredCajeta>
      <oftness healthsCropper="27" dueled="undrapeEuphonyScaddle" mammeysVersteVaruses="daflaScartsCarryed" zep="61">
        <piewifeWon>91622210</piewifeWon>
      </oftness>
      <giltJeofail>
        <racewayLopemanImagism>allelic</racewayLopemanImagism>
      </giltJeofail>
      <mullarDullard baureJournal="fonlyMoron152" furred="chirrupSalamoBolos56" restakeHussite="decalogGlom">
        <cruised>257</cruised>
      </mullarDullard>
      <canelUnzips evictorMoa="6027193">
        <beshadeRhodianKainyn>fistingPtpSlave7588</beshadeRhodianKainyn>
      </canelUnzips>
    </chaetalCarreauRathed>
    <nighterDartNouther>
      <grumousSteamed>coyed</grumousSteamed>
      <tickSetteesHysons swingyCosmeteFrower="graian">
        <intrudeReroot>exertedTorminaRemaim513</intrudeReroot>
      </tickSetteesHysons>
      <trains outgrewTrippleLanners="fickleArgyle">
        <uncampLighten>kurukhLogyJabbed</uncampLighten>
      </trains>
      <grumousCandied tsuboDanny="nawabsRegimeDisgown" biformInkers="pore">
        <muckersTzetse>mentumMaremmeGerland1667</muckersTzetse>
      </grumousCandied>
      <doumasPukingHalfway scutch="doyly">
        <bihalveBrew>keaweTidilyReplow</bihalveBrew>
      </doumasPukingHalfway>
      <revokesSmritiBlas dyewareDiwans="urase" meinySqudgeZayin="agnates">
        <dropsyThillsIncomes>excaveOxyacidOpes</dropsyThillsIncomes>
      </revokesSmritiBlas>
      <siccantSoldanDins>
        <lipread>polymerCaranga3984</lipread>
      </siccantSoldanDins>
      <scramLixivia hoars="sunletHoyden" onkerForlornDandle="kitysolDuskish" leakerReboreSamlet="lavatic" flatman="gnashed">
        <rishi>saccoon</rishi>
      </scramLixivia>
      <auklet kevelGorbet="innyardEssoin" cipherBaldrib="pockingTophs">
        <drachenSweaty>fellicConvey3743</drachenSweaty>
      </auklet>
      <essenceAggress lindies="elliceMeileCuprite" capote="56479" egretta="iowans" noncome="suiting">
        <cahoot>oxshoeBolo</cahoot>
      </essenceAggress>
      <hectorPottleBoyish slitherDecagon="toutedGenus" nisMicasForams="urartic6774" blinks="68038506" kefsTercia="spinaeRackmanBeira">
        <bettor>quemadoPlagulaShreeve</bettor>
      </hectorPottleBoyish>
      <temblorCrasisDoest caffleMateysLobose="junglesHylodesWigwam" crowingFrondedLakelet="aghaneeWendigo" sprucedWouldn="null" updatesMarginsLowlife="8182093">
        <debonedNooningBemol>artiestFurdelDaemons1171</debonedNooningBemol>
      </temblorCrasisDoest>
      <tercer servEnlayCrocky="eure" qiviutsPharoCoulis="23018741" unchidWalla="syndocIsopodChloryl651">
        <tantivyGrussCorbe>manniteMealiesSmolts</tantivyGrussCorbe>
      </tercer>
      <angloidSuffolk>
        <artarEcbasis>kapaiChivesGamy2</artarEcbasis>
      </angloidSuffolk>
      <replay quicksTaxin="dimericTamal">
        <anhangSuint>amatiMagmas</anhangSuint>
      </replay>
      <thakurTystiePal mimbarBlaasopParies="herself" kiluck="pledgorReelingUpcheer" quiches="lobbingLollAdempt" sorghumPremDesorbs="226480245">
        <shammosSweltPyxes>lyraid</shammosSweltPyxes>
      </thakurTystiePal>
    </nighterDartNouther>
    <endnoteSion plottonSaging="rages55">
      <peleusCanelo>andrea</peleusCanelo>
    </endnoteSion>
    <peatierHurraysNonfact>
      <northMaidu>sisternThrimp</northMaidu>
    </peatierHurraysNonfact>
    <jambsPontilsHiggled>
      <wrench>relampUnsleptHoyman</wrench>
    </jambsPontilsHiggled>
  </syrtFoulage>
  <suidSmeekedGarbel />
  <larriesAlluvio tauten="roudasDancyWire3251" ruruSepsinLaccase="11" />
  <unpayPoachRheumed gudgetPeises="dakhini" etrier="bemusk">
    <bedlids doblonsBlighty="78653" holw="parry" jackdawGol="spaeing520" scarthBowHabet="freebieQuistMisdate">
      <dewey>766</dewey>
      <cape mezuzah="jailWhirlyBlazed">
        <anuricApludaPulse>pulasan</anuricApludaPulse>
      </cape>
      <ozaenaSwivingStrowd perfayFrowyFootles="5143" hartenDatswApalit="medaka3706" debussyFuseeFuzzed="injuryTraveFevers">
        <epode>74</epode>
      </ozaenaSwivingStrowd>
      <ineye gaffer="rotiTipisDipping">
        <chizzel>feintedBowpotKunwari</chizzel>
      </ineye>
      <soonerRedux vocate="thinlyGealScrogs" kakkeGriseSennit="expleteConiineBedung" kanthan="735" ulcerTsurisOilless="814065">
        <kgfAlmeDucally>3066371</kgfAlmeDucally>
      </soonerRedux>
      <notatorCururos crusWerenSeraya="garvey" coetusJarabeStchi="2279361" optiveGoober="rowenaOiler4929">
        <weemenUnladenOutroar>nebRelayBurlily5071</weemenUnladenOutroar>
      </notatorCururos>
      <gongman borageRecost="orly" rollixBaizas="84974" spicily="tarascoBespateQuott2865">
        <tramelsBetween>scandal</tramelsBetween>
      </gongman>
      <boltantTopi withnayDeboise="duchessIresDishier7211">
        <follOutpityDatums>jak3675</follOutpityDatums>
      </boltantTopi>
      <insider boldenFerfet="54327" reguard="zumaticKowtows">
        <unhelms>hulksCrop</unhelms>
      </insider>
      <gripEmerilElzevir>
        <dustily>assobreKidskinRehedge</dustily>
      </gripEmerilElzevir>
      <epulary strawyEulogia="danliDerham" corta="59319" lames="habitan" gaura="55333">
        <ilkaneCareer>benmostSloom</ilkaneCareer>
      </epulary>
      <brandsPatapatOverget megohmTabacumChayote="resideEasel">
        <tichelFoehnsCivil>poohOratorsUndaub9640</tichelFoehnsCivil>
      </brandsPatapatOverget>
    </bedlids>
    <undererGruelerOvulum riddedPangasi="litiopa996" crang="306678092" pregame="pythius" spotsCroise="sleyed" fillets="43866">
      <evenersSpinulaHoras>parmaEnalid</evenersSpinulaHoras>
      <thermo ransomsAlcidaeFldxt="1" indoxylAdenous="vanadylIdiomCrushes" bocaZeroed="dentile362" seabootIxiasNapper="pyralis">
        <johannMoondogAnabata>8986</johannMoondogAnabata>
      </thermo>
    </undererGruelerOvulum>
    <skate>
      <cliquesRach>cattabuReboteCashews</cliquesRach>
      <deairsFats furzeSabine="3">
        <cookeyBettineLeaker>spandyArupa</cookeyBettineLeaker>
      </deairsFats>
      <spurtedEarflap>
        <woodbin>mirachHosanna</woodbin>
      </spurtedEarflap>
      <tannersKungChichis doggonePardieu="2499824">
        <desmoma>yaksha</desmoma>
      </tannersKungChichis>
      <taharCuriate quinoaAnticalTourte="hasAmtrack">
        <nowch>bis</nowch>
      </taharCuriate>
    </skate>
    <moaria>
      <wadsetsCampily>coneTrankumDeposes</wadsetsCampily>
    </moaria>
    <toisedCottonsOctary favilla="strowdBirks" paxwaxKeets="njaveTissues" soranceGrundel="870">
      <timelia>antis</timelia>
    </toisedCottonsOctary>
    <retimeStarletSerpigo>
      <brindedAimlessSnooks>henpeck</brindedAimlessSnooks>
    </retimeStarletSerpigo>
    <barky scaean="emeutes22">
      <niog>15</niog>
    </barky>
    <toluole adweschBugbaneWilly="abuse" excitonEnsuerHause="aguishParliUnluted" eetenAppet="fylgjurSenvyPhymata">
      <fussers>445</fussers>
      <comdtFibers miosis="yodlersPeratae">
        <soriteNickelAerated>6583</soriteNickelAerated>
      </comdtFibers>
      <vassarBeleftScribe condole="valetHardierSerbize5" stultyBirdieEroteme="descendFaille" hamule="rehayteCurnKniazi">
        <snubbeeUrduCaman>nishiki</snubbeeUrduCaman>
      </vassarBeleftScribe>
      <baskeSorters seamer="ejidosPeggle7" beldameRunsyRillet="244" inwickGlanceHennin="sabicuMatin">
        <chortenUnlinksBobbie>yinceEpigneRentree</chortenUnlinksBobbie>
      </baskeSorters>
      <bawGrassSonovox missionWelders="31007" jackrodPlebian="kabalasEmagram" wokenTrystedOtidium="31" creadModusTink="improveCliency">
        <insuresDaytale>frogger</insuresDaytale>
      </bawGrassSonovox>
      <laevo roddenHautboy="forgo" unrowScoterObscura="denselyStorBrokes">
        <loggers>bucketTallitCarnies</loggers>
      </laevo>
      <sealers recoilsWadset="ninetedPoltinaPhtalic">
        <crureusOrage>coostTrepans</crureusOrage>
      </sealers>
      <faffyPesewaGigsmen quintesAndiaSatinet="4222631" subroot="acerbic89">
        <carneol>32805</carneol>
      </faffyPesewaGigsmen>
      <tingledLeafySkim magian="912472" submenMentalMooters="insertPoinardMonkdom63">
        <loppersGoalee>agitantBatata1</loppersGoalee>
      </tingledLeafySkim>
      <tinklesAppere>
        <succory>6549149</succory>
      </tinklesAppere>
      <sondesHort omitter="boshasSerdabs6412">
        <unline>fass</unline>
      </sondesHort>
      <avanceEnarmUnbran tentierAlvin="legginsSearcePercy" arcsinSquitch="aludelShawing" entrepHobbyFrame="3610" uruguayWaglingBanner="anilinsBoresPacquet">
        <archersReproofPawmark>garauAlembic</archersReproofPawmark>
      </avanceEnarmUnbran>
      <bologna auristsFawnReddock="chooseAngelotDoge" lockjaw="siricid" quiinaBozosUnhumid="aratiMruOscella" gitoxinShivoosInfame="917">
        <gangersKukuDanai>pilules</gangersKukuDanai>
      </bologna>
      <brochanSweetieCedrin otalgyNorselEkistic="mismake466" brookUntoned="60206020">
        <toftmanNaughty>caskedTextual</toftmanNaughty>
      </brochanSweetieCedrin>
      <sundewsTirade>
        <meiosisCuartelRiddles>blamesSoar</meiosisCuartelRiddles>
      </sundewsTirade>
      <bettors>
        <imamDanishWhils>643456076</imamDanishWhils>
      </bettors>
      <mildensHakBurin mumpers="671704" eyed="terman39" daphnid="berms" prestly="scupper">
        <vouchEncloud>hingers</vouchEncloud>
      </mildensHakBurin>
      <iwwoodNotcherAimless kozukaSpavin="organryNodiakConfact" sardarGourdedSouthed="mirklyGrimsirSixteen">
        <breedsDart>966484958</breedsDart>
      </iwwoodNotcherAimless>
      <bidget>
        <thouseYengeeOnerier>canakinCageot6</thouseYengeeOnerier>
      </bidget>
    </toluole>
  </unpayPoachRheumed>
  <hornistAudited patrial="ureBurins" smartie="duads" />
  <rotaliaShriAthecae carreta="dhoneyUngulaeSubarea" drovingEcdyson="869212" />
</flaconsWinfred>