<?xml version="1.0"?>
<hidPensterPinge>
  <creviceCoptic garrotRespond="casheen" gotStingeBloom="cletch" dizoicSieged="walkeneQualityCentry" />
  <birt takefulCrumpSpits="jackingSwerve" mandi="ampelis" kallegeSpadone="223" />
  <tauts>
    <kassakCrimPiazza bygoneAspyEldin="paniersBanallyEsquire77">
      <outwordAdcLegates>harkMonody7979</outwordAdcLegates>
      <oxidizeLiggat glewSilvas="arowChicoryHalakah">
        <ervils>biopticDiaxonOutmode</ervils>
      </oxidizeLiggat>
      <windz psig="7975" guerre="glebesGamene" modules="carawayPaeoninSasses" kything="lawmakeParges8804">
        <bagirmi>actoryRazzFundus</bagirmi>
      </windz>
      <deskmenZenana lispundGobioRillets="serosalCadging">
        <duckiesShew>fulgoraKoreaDeletes</duckiesShew>
      </deskmenZenana>
      <uswards aljobaBatman="mediasRegressLigula" conveysOrleansGut="pulsars" fenrirWhalyDeborah="peghJewsSorels" uswards="mooningManageeLarvas5896">
        <betiseDownlie>codwormPreloanSagum</betiseDownlie>
      </uswards>
      <swingle outyellTons="whittawOldiesUngiven57">
        <doucely>mirexLamel</doucely>
      </swingle>
      <aggest delays="misdietServiusEll" farcin="vivantsNappieLute" naegaitBlunted="droukMonarch" agnosis="cultiveMaltierDesmids">
        <grylleGuffinStarets>hansoms</grylleGuffinStarets>
      </aggest>
      <dexTanegaSoget gasifySkiverVigor="enjoyedGranite" bosomsOchreDubbah="isagogePliableGilo" methodySeron="dulnessLeawill">
        <togataEverly>9491</togataEverly>
      </dexTanegaSoget>
      <mna borshts="burdens443" unfork="mosetteBrevBemole">
        <kiva>crokerRation</kiva>
      </mna>
      <sovkhoz roslandFaysTeucrin="kgf" genipapBish="deniesZona" pipkins="7216955" abricoMaladyKoppie="596498219">
        <unawakeAdoxyBale>cumenylUsurper</unawakeAdoxyBale>
      </sovkhoz>
      <yardage angularCotwin="849215">
        <loaf>22447</loaf>
      </yardage>
      <speckly>
        <suevi>anansi</suevi>
      </speckly>
      <entreatGuserid charksRabbin="stumps" estatsSansara="15" soferCathine="pinlockCarrom" lenten="majoraAbdNakong439">
        <sinkingAlya>339</sinkingAlya>
      </entreatGuserid>
    </kassakCrimPiazza>
    <handlerNoes uneven="samitiTesvinoBungled">
      <gazedVirousBreaded>56197</gazedVirousBreaded>
      <stavers sweenyGuildic="sinopisPickerNatch" shiftyReboiseTonies="stilled" swarmerEstrusPhots="leersiaAdv" flots="refusedIxtlesUnhive8947">
        <calemesCussedDoolie>fatal</calemesCussedDoolie>
      </stavers>
      <sicsCatches>
        <coriaRhedas>2567453</coriaRhedas>
      </sicsCatches>
      <dzungarDinettePibal closen="9295" crudyScrobisBowled="cassataChitraCynthia" uprushWarfarePomane="chutistAureousMethid2" wools="depotWhomble">
        <saxons>osesBeady</saxons>
      </dzungarDinettePibal>
      <hungRancelItalics obeyers="skyre2">
        <brasset>maguari</brasset>
      </hungRancelItalics>
    </handlerNoes>
    <jubasFlioma>
      <verray>prodd</verray>
      <mixible intimal="algineTokamak">
        <boomageConvethInst>dispand</boomageConvethInst>
      </mixible>
      <arriageSecreSsu krithia="24200" nopalsLynJaped="dariiTugMerci" laksaColingTitbit="flane7281" delves="shrogsBluffyLemony72">
        <merks>mel</merks>
      </arriageSecreSsu>
      <arvalCueing chatino="docity" taked="merulaCarcaseSaily">
        <bilboToxinPopcorn>lampas</bilboToxinPopcorn>
      </arvalCueing>
      <jodhpurSines necator="7" frogsGoopyAvadana="7217">
        <igneousIsmsUncream>ichthSeeress</igneousIsmsUncream>
      </jodhpurSines>
      <spondylReded tiarQuohogs="asculaeBalolo2" iranGround="77811">
        <neogaeaShogs>outwalkMonocot</neogaeaShogs>
      </spondylReded>
      <diaseneCaudlesTarsus theory="433476">
        <rotuladKulakiCherup>41994024</rotuladKulakiCherup>
      </diaseneCaudlesTarsus>
      <gubbinsAsidenBeja baskeTellinaEliot="gaumed">
        <pannelSlur>siftsGrampClarty1</pannelSlur>
      </gubbinsAsidenBeja>
      <timishPlage>
        <enhelmRouxChaw>feuars238</enhelmRouxChaw>
      </timishPlage>
      <alimaComradoUtopism>
        <arian>68</arian>
      </alimaComradoUtopism>
    </jubasFlioma>
    <alkaneMinutePinyon>
      <rohob>crayonsHartly</rohob>
    </alkaneMinutePinyon>
    <bedcaseNipped>
      <kermess>buras</kermess>
      <muredEirack alieneRescuesPeepeye="kwartjeIndium" erikGruidaeVega="gestaltCombiteCyathos" ictusesBirrus="wattle" gobFarmyOolly="etoilesAlkoran">
        <stirksHeeders>bashkirTentigo</stirksHeeders>
      </muredEirack>
      <askoye shabThemingLekker="courter" unsafeComping="agapaeLebanLuser">
        <logwiseNeatens>954360</logwiseNeatens>
      </askoye>
      <presaAsap curine="quim">
        <galaxes>hunk</galaxes>
      </presaAsap>
      <shihAsg annicutFarmers="coccicMembralBibs">
        <algineIphisTrilabe>kissyBroose2346</algineIphisTrilabe>
      </shihAsg>
      <eisodicXerosisCrabit bucku="nomisma">
        <moolas>glees</moolas>
      </eisodicXerosisCrabit>
    </bedcaseNipped>
    <flaithCymatia>
      <baratSlings>ringiteHodad</baratSlings>
    </flaithCymatia>
    <mayoralRightsBroncs limns="aughtsUnwive">
      <max>84674</max>
      <roctaPanged>
        <cornfed>ashlars</cornfed>
      </roctaPanged>
      <jedding punchedLittleMishave="53" basoidBoulderCurving="enfrai" binomenPrimes="karoo" sweenyRinserWheeled="comitesStavingPilgrim">
        <ingluJarraJerked>latosol5</ingluJarraJerked>
      </jedding>
      <fylfotSurges engrid="keftiu3" ardelia="44" gaits="83" bocces="jacket86">
        <toytownAmbery>costate</toytownAmbery>
      </fylfotSurges>
      <acetone>
        <joyedNaigie>eluatedTuracou</joyedNaigie>
      </acetone>
      <lupulusManqu mintedLind="grandpa">
        <nubbled>sharpen</nubbled>
      </lupulusManqu>
      <bronzen areg="coosifyPincersGenies" ruinousSettos="759228">
        <fum>678802713</fum>
      </bronzen>
      <passers gyassaJaupSylvins="watchThusly73" insofar="talks" jantCottrelSinges="brindleGrasses" shovingZinky="bianco">
        <befancyUnmixtShaster>6775145</befancyUnmixtShaster>
      </passers>
      <ramiEncinas towedAppendsBedeck="visileNorsel" sectorKooka="toaderDances" deathlyInlayedSamoans="clavuvi188" putonRetypes="outlastAgramedExtern">
        <moeurs>weneLimbus</moeurs>
      </ramiEncinas>
      <rabban flukeyDugdugBlasty="singled">
        <sinatra>pisco</sinatra>
      </rabban>
      <guttieTraik>
        <habutaeBaches>235</habutaeBaches>
      </guttieTraik>
    </mayoralRightsBroncs>
    <flautoPietism>
      <comma>627495082</comma>
      <hurters gageeUpcurve="rump145">
        <rustreMoellon>66333703</rustreMoellon>
      </hurters>
      <zikurat detachAvo="scoliid">
        <cdr>meltedPataco</cdr>
      </zikurat>
      <upcreep zamarraOutcrow="prissesPremia">
        <pelickBionics>whampGuimpeDirndl</pelickBionics>
      </upcreep>
      <advoweeValkyrsDower wack="eustyleShufty" barquesNasionAbo="canoedTautly" howderWinking="synacmy">
        <tint>vettedVoicers</tint>
      </advoweeValkyrsDower>
      <subunit sumassSwivingMdse="530" dinnerTinlet="trijetOstlers" sharers="cleadCalina" mysidaeDegener="aerosatSutuZebrina">
        <oroidesYogh>5640302</oroidesYogh>
      </subunit>
    </flautoPietism>
    <barato>
      <netwise>sahibsDelimitTang</netwise>
    </barato>
    <baizeEmbogue wigwagHajib="ejaculaPochay8736" sexedYearendContune="heptineDhikr5">
      <fistifyTushsFirstly>atbash</fistifyTushsFirstly>
    </baizeEmbogue>
    <piquFinis triazoFasherTsadi="79422315" amarthDoiliesRules="lamias" bianchiExuviaeVaranus="powderyMaukin" olena="2430" prosarGirth="orchilKali" rumorAzonicSerring="sammy" motheryFloss="8">
      <ashenSporont>koaliGnu63</ashenSporont>
    </piquFinis>
    <aoifeKinic shuntedVisile="37520" cyclopCyanSoom="774915104" outlineAdesmyGrama="41">
      <periost>handbag</periost>
    </aoifeKinic>
    <thracesReliqueOugh winders="hoaxingAnnuity" arctos="jujubeStudied">
      <accumbBeeswaxShingon>7</accumbBeeswaxShingon>
    </thracesReliqueOugh>
    <todRetypesTunga>
      <rigorEpidiaAgogic>aspectNevoy</rigorEpidiaAgogic>
      <eupneasLashing atoniaVictory="iraqPargets">
        <accableDejecta>amomisTaky</accableDejecta>
      </eupneasLashing>
      <vacuousStems scabia="41034136" iberesAmiaLuxes="elodeasRackmanOffends" shauledMonists="silicaCaloolSamsien8" safi="postieGlyoxim">
        <benzyl>salvoesLowseLiquefy530</benzyl>
      </vacuousStems>
    </todRetypesTunga>
    <begsTetanusBijou boreleOddlegs="argean200">
      <atoxylDotageDarbies>422536316</atoxylDotageDarbies>
      <vadoseAggrate mixtec="repinedTurbots" porettAduanaGremmy="cheth" huzzaedUnpawedMatelow="almanRankles">
        <bennetsSuedeAngeyok>hypoingFucoids64</bennetsSuedeAngeyok>
      </vadoseAggrate>
      <gimels waglingGlowZeuxian="auristsPassePit" vaws="guttersOtarinePrelate" mastWove="ruffianMea" caninesGaltrapKenyan="graalsFusile">
        <cesti>doeSumacsWhse</cesti>
      </gimels>
      <visitedPulingsTrouped norgineForesin="debated" windup="spiremCampusAeon" jimpest="abided">
        <petateBecrowd>elflandBroughCaller</petateBecrowd>
      </visitedPulingsTrouped>
      <gossanDurioSucker adonis="amritasPeiping" tew="unpuffFirmsOwhere722">
        <pitches>cainish8</pitches>
      </gossanDurioSucker>
      <polersMusteesSoviet>
        <resaysChariot>cloison</resaysChariot>
      </polersMusteesSoviet>
      <gemsFlitsHutcher bkprClone="maddedPreshipLeuma">
        <nuzzles>8</nuzzles>
      </gemsFlitsHutcher>
      <hurrier>
        <pucaTestateBanger>30638343</pucaTestateBanger>
      </hurrier>
      <amercerJottersSuffers ararobaPlatys="cloueeBuzzsaw" hammerLayoverLotong="echinusHacklog" provant="keawe" begirds="archyGhebeta139">
        <cuttle>41981</cuttle>
      </amercerJottersSuffers>
      <arborsSarnaMustily>
        <pensil>faquirs</pensil>
      </arborsSarnaMustily>
      <denialPricier grifterDruidryOfo="aljamaDrawersWolfmen757" clotureAlcades="morelloAwapuhiKickout" weddingHarpies="5">
        <redraftTeff>skeinedBlueys</redraftTeff>
      </denialPricier>
    </begsTetanusBijou>
    <satronSnickle payenyPrintedKuffieh="1">
      <kamesEthide>disleaf</kamesEthide>
      <ridgeGaleeCill bunniesDefet="wide" itsy="drammerSnarers" wallach="betoyan">
        <coffeaPitylusAlaster>corning</coffeaPitylusAlaster>
      </ridgeGaleeCill>
      <asceticBeachieRegulus>
        <muckily>390036</muckily>
      </asceticBeachieRegulus>
      <garuda uzara="65">
        <appulseDotageQuohogs>vatfuls1</appulseDotageQuohogs>
      </garuda>
      <samanEssoignWarmful dellaNantzMasculy="lolliesNigella">
        <askrLunge>averilNilgaus</askrLunge>
      </samanEssoignWarmful>
      <chalky ownedLaughy="tendo" melePinbushPaletz="waspilyTecominHubber6" nifleDottelShariat="beice11" glutteiHeight="cabmen">
        <wagonerSarukGoiters>75508</wagonerSarukGoiters>
      </chalky>
      <feilOpalRumney yunWarms="tendidoKwintra" lucarne="repas" chkfileScuppitLigan="dasiTilt30" injunct="flyboyVanload">
        <kathyRoutousSupes>mislaysPupilsRelives</kathyRoutousSupes>
      </feilOpalRumney>
      <quabNoonday homeric="bisyncUnchidExust" howsourMayda="84298812">
        <playboy>25</playboy>
      </quabNoonday>
      <debrief biltong="gnarrs" lochyUrucum="zeoliteAirifyStelai" livable="cautel">
        <hodure>hoagie</hodure>
      </debrief>
      <noyantHatches correct="5">
        <ethideToggingCitadel>episomeTorse</ethideToggingCitadel>
      </noyantHatches>
      <unpietyMormons>
        <lottingDendronMongst>bialysCarestNumud</lottingDendronMongst>
      </unpietyMormons>
    </satronSnickle>
    <cavieVizorsKlephts>
      <perukesKytoonRitzier>unfadedOuijaViqueen</perukesKytoonRitzier>
    </cavieVizorsKlephts>
    <pigmyGenesLustre jainism="trabalBuffingMollah" jocastaSundriSetwork="orochon" blunter="terence885" foreact="eft623" popian="soldierEgalVuggs" misbias="spokeIntroUlex" resatPeyotl="cream">
      <upbraidSpleensDawn>rerailAgnosy</upbraidSpleensDawn>
      <myxomas shrink="dunganSubbaseLorded">
        <carnifyTocsin>7</carnifyTocsin>
      </myxomas>
      <isaiahBlamers tailing="herdessFunster" cangiaFatihahGeat="772256">
        <barde>tundunUnfixCrunch80</barde>
      </isaiahBlamers>
      <carbideResaidLegals flustraToetoePallets="492066" summarFardels="middes">
        <aviaticVers>almudeVallum687</aviaticVers>
      </carbideResaidLegals>
      <rookusCumsha>
        <scowsSitkan>gohila</scowsSitkan>
      </rookusCumsha>
      <bluingsOps hingersFeodaryMucusin="aglaiaTaxless3" cebine="childlyTastierAtones">
        <pheny>5</pheny>
      </bluingsOps>
      <dickyIodidsParlour>
        <alforja>capper</alforja>
      </dickyIodidsParlour>
      <bavinDevelop geat="blabbedMidtapGamelin" scuffleCoachGatten="sunkenEsguard" penult="bettedJaup2" cecumFewestCompos="totalsMamzer">
        <kraits>gunline</kraits>
      </bavinDevelop>
      <nilgaiKnotter nockTroolieMensed="585" macedBunchesPiculet="waningCorsletEve" umberSeizers="599" arylateGawnTercio="ikona">
        <seized>tragiWigher</seized>
      </nilgaiKnotter>
    </pigmyGenesLustre>
    <cuff>
      <mekilta>sikimiBone</mekilta>
    </cuff>
    <aileenPilcorn amatedNestles="prinksEelskinAssegai" prancedLocusta="cadwellHated">
      <cubtiBlancheMisdeem>misset</cubtiBlancheMisdeem>
      <snabble fangedAmugis="pamela6" pinolia="49708" persons="suturalTuamotu" revisee="irisin">
        <groutsAvellanCornish>musteesReavedTarsia</groutsAvellanCornish>
      </snabble>
      <half>
        <endentEmsMisgo>retledGyrates</endentEmsMisgo>
      </half>
      <trismusWainRadiary>
        <demonio>adrianCornbinTyped7</demonio>
      </trismusWainRadiary>
      <fetisRepitchSepias mutuels="solates" pedalerHamuleRomeite="provent" peatmenElixirs="panganeSynopsyZymases" moulded="choregi">
        <surbaseSkydove>allowed</surbaseSkydove>
      </fetisRepitchSepias>
      <mygalidAlexins>
        <joropoRiveret>sender</joropoRiveret>
      </mygalidAlexins>
      <unfixt freshetPursy="thereinLdg" bacinKid="755366875" yawledTrasy="farsangManlike" lineupsPulesYids="upstirSpretty6">
        <matelyNervishSpool>383</matelyNervishSpool>
      </unfixt>
      <balanicRigs olomao="prodigyIntrate" hubbed="abode" usancesCentime="rhotic">
        <recrushXerogel>prewarmDrabant99</recrushXerogel>
      </balanicRigs>
    </aileenPilcorn>
    <eluatesMappers thoronCordyMyxoid="cambayeSuccade" konini="gphDeriderDements" lyrid="rankly" vallumsMiriest="parrPilosis" cheaplyGuasaAveril="akeake">
      <lyctusCretic>890223</lyctusCretic>
    </eluatesMappers>
    <columboSnafusPerjink>
      <fibresAntica>ferigee38</fibresAntica>
    </columboSnafusPerjink>
    <untine especeFarlesCyprina="2" vitalEmbosom="zuisinPoy" emrodeMeleEundem="898943">
      <bemeal>butte54</bemeal>
      <tormina oxyaena="16994" vetch="erminee">
        <shipsJaniceRafty>addulceFlambe</shipsJaniceRafty>
      </tormina>
      <gomerilAbaculiHeiring>
        <reply>picketZiplessBrin</reply>
      </gomerilAbaculiHeiring>
      <wargusUnsawedBulbed forwore="anergicPiingAlaria9172" dormieTimbrelKutta="bausond" valyl="offpay" tolans="tupiks">
        <upspearGharry>4874</upspearGharry>
      </wargusUnsawedBulbed>
    </untine>
    <beennutBaasDuckers bossageGlycols="tuskedUnpopeCrinite" amanousCondole="tiredomAuxesis">
      <nuraghKarch>wangaraTorahs</nuraghKarch>
    </beennutBaasDuckers>
    <fauvistFerryBosun>
      <jillionKory>rewraps6833</jillionKory>
      <murthyNebulaReaute anatronNasitisReknock="inclaveWalloon8" esauWhaupsAgust="arbacin" bracken="loirYielden">
        <lyrists>fubsierNyctea</lyrists>
      </murthyNebulaReaute>
    </fauvistFerryBosun>
    <blackerMisease>
      <kyriesCached>prius</kyriesCached>
      <primoSouldie housal="snuckMarrockPlotlib" prebble="althornAurists7" sunsmitWhiledAseity="loathe">
        <pelletPaenula>gnomedGangava</pelletPaenula>
      </primoSouldie>
      <bedriftMisally prenzieSteri="seismolTruce" bromism="corking" squetUpper="showedMoke40" quellsChanoyuSculp="90981403">
        <araru>doyen</araru>
      </bedriftMisally>
      <whekau bongo="acrasinOwenian">
        <bloteUncowCoccid>unbonnyDiseasyGranula</bloteUncowCoccid>
      </whekau>
      <naigieTervee tambac="47972" kneepadSpave="9751020">
        <halloas>straeZaramoCrepon</halloas>
      </naigieTervee>
      <impiousPlucheaThornen steedsTrudged="stay">
        <fobbedMawkScrunge>garths</fobbedMawkScrunge>
      </impiousPlucheaThornen>
      <resumed mousilyUnfoxyArsle="unlikeSaucilyCurates" rebagJauksFlocced="cloughNetleaf">
        <deponerHeppenChided>doll</deponerHeppenChided>
      </resumed>
      <monuronRedates mabel="smeechRibbierObl" herm="addictsCabezon" tapperPythiosNeighed="859955">
        <scarce>mussel</scarce>
      </monuronRedates>
    </blackerMisease>
    <dashierIntinesRonde>
      <ackeyBoyuna>limeman474</ackeyBoyuna>
    </dashierIntinesRonde>
    <antewarAribinBudget>
      <barbuUdaller>7570</barbuUdaller>
    </antewarAribinBudget>
  </tauts>
  <ulnareOutkick sigilExtense="mmf" arendMythol="bejaTiarasCoronal" learyPavior="unroot" />
  <unlustyCutesy dousersUpmostIguana="vitta2" kookeryBergsRoanoke="68129041" krocketTrellis="mistionAseethe" />
</hidPensterPinge>