<?xml version="1.0"?>
<quinismArms>
  <fleshy />
  <murksCapataz inigoTaryardSmites="6808">
    <dozerPensilXyris bedaubOvercutEnties="metinKente" classisAbibEmerita="dandles" azonUrceusDatival="purpureFauces22" gurshRomicCyano="tesvinoSplatchRynt">
      <caphEarwigsLobular>dereSpiffGerbils</caphEarwigsLobular>
      <pockily fikeyMissisAbjure="awolsEpactBravoes">
        <slampBoughs>violasTapersArdito6</slampBoughs>
      </pockily>
      <gaderFlame larineBrython="lungyiBakalPipiri" bambino="soap" hazesDozilyUreide="decollCharles" nomadicChusite="fictilMallowsSacela">
        <teasing>serImerina</teasing>
      </gaderFlame>
      <postboy sabirPlonkedMfg="eprosyVacuaSempre">
        <spurnedFumaric>fraudsVocoder</spurnedFumaric>
      </postboy>
      <pimplo>
        <ropersYawingRithe>4691544</ropersYawingRithe>
      </pimplo>
      <sensifyBournSirenia dip="baizesGeotyBasoga" halideCoyingEvening="epacridZymoticBestand" toasted="bricky" sheenieDrudged="latexesAcetal44">
        <jugfuls>92800967</jugfuls>
      </sensifyBournSirenia>
      <motion>
        <reprobeEasiesYes>hogging9587</reprobeEasiesYes>
      </motion>
      <galvoBipont wavySpaes="gnus7" lockingWhinnerAssacu="homonidMaslin" nervine="evicted" biallyl="oersted">
        <photalCrookleLanete>cadieUngloomDiced</photalCrookleLanete>
      </galvoBipont>
      <rampsUnmixtHermai>
        <piling>basicSootiedFeuille</piling>
      </rampsUnmixtHermai>
      <piscinaCerthiaPenancy>
        <kibes>acute8643</kibes>
      </piscinaCerthiaPenancy>
      <nonettoNutmegs extenseHurden="regiven" bawlingPuppetsSackage="lizzie" tashlik="prutotTrinedWafty">
        <lieshNighingBetties>eneughUramil54</lieshNighingBetties>
      </nonettoNutmegs>
      <billmenDadu dispairThemselPoxes="29525792" bullous="taroccoRavineZuffolo">
        <opsoninBibcockFarmost>jinniesDepromeGiddap4309</opsoninBibcockFarmost>
      </billmenDadu>
      <khojahStaveClaver>
        <smirklyYoked>syconesRiskers</smirklyYoked>
      </khojahStaveClaver>
      <lavy>
        <pplImperiiDeil>reswore</pplImperiiDeil>
      </lavy>
      <birdie twinkleCateryGuttled="50471" commitsIchthysAgruif="babist3878" picariiJotasNills="impartsTandava">
        <tauryl>clayerRefletUnclout</tauryl>
      </birdie>
    </dozerPensilXyris>
    <lamiterReboard>
      <hobits>xylinaMisdeemHiplike</hobits>
    </lamiterReboard>
    <emdaAstrict>
      <drylyMedalIricize>gumweedYelled8</drylyMedalIricize>
    </emdaAstrict>
    <wullcatBiliary tetrolMozettaOutplot="wakeupSignate7" kollerStruct="braggy" pinasBedrown="gregoPulperArises" weezeSafrolInhaul="patinLythrum49" hooksCurdles="649949268" venula="agamae" wheam="pliancy">
      <uptideFlector>inherle</uptideFlector>
      <hirudoYogoiteTappall>
        <ladlingPalew>loanOstrich</ladlingPalew>
      </hirudoYogoiteTappall>
      <mindelFablers carfulTerek="628091636">
        <vintageBecketsBrogues>729160</vintageBecketsBrogues>
      </mindelFablers>
      <herbistDustuck>
        <feveredSillilyXylenyl>restungSalutedHipbone</feveredSillilyXylenyl>
      </herbistDustuck>
      <scfm>
        <raucityZoonaEntices>pacolet</raucityZoonaEntices>
      </scfm>
    </wullcatBiliary>
    <losingsDevelopZinked>
      <fugacy>seesawsFrancs5</fugacy>
      <rixy glowsMktTallboy="92360196" raphusCoalier="yamens6">
        <zed>cuffs</zed>
      </rixy>
    </losingsDevelopZinked>
    <cristaeOndatra>
      <drudger>auntiesPlaidyCamblet</drudger>
    </cristaeOndatra>
    <teartCrosaForces verbidGarniceDraft="baddieInlookAmenage" sheltie="elemRhoncalThais">
      <outpart>planetBireme7651</outpart>
      <knellTewer krelosMuling="4136872" stichoiWarship="grumous21" tire="raggledForumsAcatery9">
        <pylar>apodousIngotsPeakier</pylar>
      </knellTewer>
      <capCoca diciestToskishDarted="oceanogBreveteStatohm" stellioDyeable="stackerOsselet" subericCranks="irenaTrot">
        <palma>tarmacShalierCarbro</palma>
      </capCoca>
      <korunaBevyNelsons olonetsMudbank="retramp" taverCubaThrinax="pranker" rober="jellsCawing3657" pinging="spunkie">
        <seeping>paiks42</seeping>
      </korunaBevyNelsons>
      <ushasWalpapiToneme>
        <softnerRoofageMmmm>hankedImplode</softnerRoofageMmmm>
      </ushasWalpapiToneme>
      <decimal yanky="stylopsAshrafiChimp" sirensRauliBurut="gruysReducedCulbert" yecchAcumen="aging" forelTact="kiefScores">
        <spuddyPctRime>fakeerUpraise</spuddyPctRime>
      </decimal>
      <athyris>
        <dosedVermes>coto</dosedVermes>
      </athyris>
      <outwilePilcrow shriekBolshie="60" starsSelaminTeathe="brimlyWidenerBands" banak="jobble3">
        <piliCorves>173625150</piliCorves>
      </outwilePilcrow>
    </teartCrosaForces>
    <ceps>
      <hoped>azotedGems</hoped>
      <dreads tiglons="coadaptCecally" baysWolfianStooped="huckle" nontanSlanterAnlases="wahaheSoireesTomboys" booley="uncakesRondinoSpurrer">
        <krosaOki>unhated</krosaOki>
      </dreads>
      <elbowWabster gunnungEurousMaleate="amarnaHalala">
        <charpieDrumlin>lemnad</charpieDrumlin>
      </elbowWabster>
      <oompah hamburgBrahm="3">
        <packwayCuficAbsinth>borak</packwayCuficAbsinth>
      </oompah>
      <ratha kylieZepPaveed="byes" based="986744233" buhrsHooleeUnhand="brumesCeroticCoequal" popes="33708">
        <crossUptower>dearnDubbedContg76</crossUptower>
      </ratha>
      <updartPanelaShampoo mastersDaikers="flytedFleur" unjudgeGrinnieEndoubt="312327">
        <pursingZygonDiss>soughtFoozled</pursingZygonDiss>
      </updartPanelaShampoo>
      <erucJazeranSynesis>
        <gironny>mucusinWakas</gironny>
      </erucJazeranSynesis>
      <pretellTambourDonas flog="casualsSowableHeaders">
        <peePaulinKraut>scrufLogeumUnoped</peePaulinKraut>
      </pretellTambourDonas>
      <thrown>
        <rectorsBroomedPaisley>nonetMonadicMatty</rectorsBroomedPaisley>
      </thrown>
      <eniac>
        <lerp>sowlikePinmanOracles</lerp>
      </eniac>
      <emilia sousPeageSaps="floroonRada34" sprugsCastsFez="fircaForlie" swishThreap="papularChop">
        <barn>galet9</barn>
      </emilia>
      <civitePalis>
        <genistaDhobisUnion>cancrumGeekSanctae</genistaDhobisUnion>
      </civitePalis>
      <rettoreNope bulk="piastrePanadaTillman" moratCepe="99214">
        <louterXyletic>winemayDefierSavate</louterXyletic>
      </rettoreNope>
      <brujaSaiteFozier relay="unroofsSeiser" happifyEyrasGeegaws="vei" papyrinKamseenRivel="chylesAnusesDispeed" unbladeSked="trinaryExposesOneida">
        <hulloHauteur>akeki</hulloHauteur>
      </brujaSaiteFozier>
      <oristicFear tanzebGadi="60383705" salicyl="tottumTrikerUndiked665" wisps="relapseMudroom" grampusVolency="pachasGuyerGhbor">
        <atleeRuinsKilerg>pamiriNavallyThawing</atleeRuinsKilerg>
      </oristicFear>
      <doupion coshingMtge="7525" huipil="pleioneAlsVexer" roncoUnfur="squaxon">
        <fitness>kerne22</fitness>
      </doupion>
      <manavelEmptins fanniesSneakyPupa="762190" neffyStuddy="frabSmopple" mooleysAtipYechy="tarumaLangateRonin">
        <guddledPopperSiti>billowsKenned</guddledPopperSiti>
      </manavelEmptins>
    </ceps>
  </murksCapataz>
  <stopped arrahCleruch="cottage" clintonPleural="jandersGarbo" violonZedSnidery="503898800" />
  <dureeSemieggCurtsy />
  <rowdiesRada hexagynKnowerAnole="284588" atomismPorism="zikurat" respectAndamanHexing="kuarMusal" bocciaTengu="24952522">
    <yaupersAriki>
      <parmackSirione>iodeEyebath</parmackSirione>
      <atokeGoetic molliesMussel="68" hogtie="stiffly" pulpar="jochPhycite">
        <inputs>liszt</inputs>
      </atokeGoetic>
    </yaupersAriki>
    <griddedStarlitBenab anreGrillyUltra="nardineJingledEquinia3594" centerPilotsEchoic="896640" tajesKlismoiAbdest="358516772" dreng="98" lance="peytrel5" breederKariFurrily="dingies" sapsWarthogCamblet="nocket">
      <sinicoCroatan>gateauxVerbsGermans</sinicoCroatan>
      <boxy cuppasAquas="karacul" comptJemmy="bethink" apieces="plainAirestShmo3">
        <alnath>ramism</alnath>
      </boxy>
      <strightYap>
        <pestis>bullaryDaywrit</pestis>
      </strightYap>
      <scorch ammineStowerMorsal="wollockPyres" dolorsSegment="492523032" propelsSowable="billonZabaean605">
        <snastyBleepsRipped>watchedShilha</snastyBleepsRipped>
      </scorch>
      <odorOutsatEpimers peckleInanes="ferrets" subidar="grassetGlasser" patencyYenderKeister="misteukNeal">
        <mazingCoffinShrimp>tauliaHassleHei</mazingCoffinShrimp>
      </odorOutsatEpimers>
      <choca>
        <unfullBerneSpeary>trainerAchatesNucula</unfullBerneSpeary>
      </choca>
      <deinosBilledRecolor hygeia="scovyAnansi">
        <peevish>mamlukOutgoes</peevish>
      </deinosBilledRecolor>
      <upsendsDalar lunaryGagaku="webeyeJassoidJonnock" bafaro="crotchy5" lowanRecarrySmog="plantad">
        <bournsSanjeev>cornsLovingCortex</bournsSanjeev>
      </upsendsDalar>
      <alaniLawterThawier avestaUpburn="55800955" orgone="flavorsLeylandSnudge" lekanaiVitallyPuffing="warbird" layingCaza="rename5677">
        <analyse>virlTheow</analyse>
      </alaniLawterThawier>
      <cruentImcntScreams gawney="722167603" rapportAutoing="blokes45" purs="gaysomeClosersTeller">
        <martsBundoc>971618129</martsBundoc>
      </cruentImcntScreams>
      <acetoin dashnak="7366906" styletMarbledTipsify="40" tokenedPannose="raglet">
        <workupsTereteShocker>quietly</workupsTereteShocker>
      </acetoin>
      <rwoundCaretGowan audian="bucare" shrivesWaufEntasis="buckiePrickleLatah8" sleechyNobbler="97569308" gullMilieus="shelveMaxiTarwood3">
        <penniAudad>ropy</penniAudad>
      </rwoundCaretGowan>
      <furilicDucapeBantin updove="yoiRamulus">
        <waniestSkelpitDebarks>605956</waniestSkelpitDebarks>
      </furilicDucapeBantin>
      <pandropPacket achrasMewedNonbase="falsify">
        <opened>faadeShh</opened>
      </pandropPacket>
      <wearingVucomsAngelo anchovy="curdyCholee" shereefBungyDefiled="capannaSissierSlutter" exists="swearer">
        <shophar>maileVivaNoyance</shophar>
      </wearingVucomsAngelo>
      <sinningCistae moatHedericKhir="goner" signary="congealWetlyOshac" octanFlopsCraney="antientCappier6245" polygon="getLycidae">
        <rollixFeoffor>estiveHeriotsJism</rollixFeoffor>
      </sinningCistae>
      <azothsWarbLinacs>
        <twank>choanaLazilyNoghead</twank>
      </azothsWarbLinacs>
      <fanit>
        <fleeten>bambooHeeling</fleeten>
      </fanit>
      <sativaExtoled>
        <cystisKeymove>pink</cystisKeymove>
      </sativaExtoled>
    </griddedStarlitBenab>
    <knurlySidle>
      <unfaintUvanite>erotemaAcryl</unfaintUvanite>
      <ricracVenom flybyGieaway="lignone" cojonesDentelSloosh="perlidBagass" degamesSmirkleTaffia="taeniasClangBewared" mikvehsKerrie="linsangRigged">
        <dalleHookas>56050930</dalleHookas>
      </ricracVenom>
      <grosserReclaim termed="warlowValidly1248" vapor="986685933" ger="embrailDiuron" ndodermIroningFulah="drabsGadling3030">
        <tailed>giguesBilithNoddled</tailed>
      </grosserReclaim>
      <reformXeresAnode ewers="trouterBedusk61">
        <enfever>520385</enfever>
      </reformXeresAnode>
      <patellaPopulus ovarian="bisagre" usneoidUnsated="hindsStromePinrail" lutidin="austricMaravi">
        <bedoteUncleadNekkar>peizeNaticaBelve</bedoteUncleadNekkar>
      </patellaPopulus>
      <delveKariHardock distyle="seetherGlebesHonesty">
        <scleraKotukuErthen>894046773</scleraKotukuErthen>
      </delveKariHardock>
      <rambler greenukAtopicBioptic="664904466" preveneYarest="880">
        <eggedCoronasMeltith>686</eggedCoronasMeltith>
      </rambler>
      <saxtie haceksSussyMckay="ollasStretchTiddle" groats="giddilyHabbleCajou5">
        <strain>pollentPosthoc</strain>
      </saxtie>
      <fewmetsAbradedPeoplet>
        <replays>tressesKorma</replays>
      </fewmetsAbradedPeoplet>
      <alewifeDunbirdSemital>
        <redoneGpad>kevils</redoneGpad>
      </alewifeDunbirdSemital>
      <takeingGuanyl groperEmporiaIdothea="tunings">
        <lutistsCarpal>8151</lutistsCarpal>
      </takeingGuanyl>
      <resatDrainHippie apalitEstablePumple="43931803" seizureEyghtDesi="847782855">
        <brawlsPolygam>875124</brawlsPolygam>
      </resatDrainHippie>
    </knurlySidle>
    <saladCadmusBlas iambMoonsif="17" gybing="virgule" alupagUngreatPockier="kulang" iberismByously="sexlessPeised" lurcher="gyps184">
      <aroliumAnguishSubsect>noyanceTabacBipod</aroliumAnguishSubsect>
      <tussore>
        <mustang>lordingCoucherApiole3617</mustang>
      </tussore>
      <carolusDaffle numbingHaventKarate="tackifySoyateRashly87" sciaenaMeld="nonheroBobache" swage="481439">
        <vividlyEnsweepResects>kedge</vividlyEnsweepResects>
      </carolusDaffle>
      <depLentor tswanaMensch="isatinsPhis7">
        <skelpin>abn</skelpin>
      </depLentor>
      <fidalgoYapsterChains drupa="cigThowelThacker" viewierVitita="dekingGluepotWat" sarinOchava="stibicPyin" lacingsReseize="prowedSabeca">
        <chairerBodrage>belgium</chairerBodrage>
      </fidalgoYapsterChains>
      <unhairBold jodelr="pertishMizpah" caderas="torrefyDubbed" goladarKokobeh="bulimiaMutterFagald" mombinNamby="vitrineMarcorScug">
        <metesCuppinIsobath>queakArefyGandul166</metesCuppinIsobath>
      </unhairBold>
      <micellsDisrulyCampo brassyBaylikeSmopple="tophousTourney">
        <coostIhram>147166391</coostIhram>
      </micellsDisrulyCampo>
      <brakerMajaguaRhodora>
        <riveretWatteauVoicers>gwineJesuateAlarm</riveretWatteauVoicers>
      </brakerMajaguaRhodora>
      <funtDontMarron>
        <trenailGunyang>logTopis</trenailGunyang>
      </funtDontMarron>
      <hamber pyrroyl="amin" crazyWhiting="sueviSpud" laniard="725810" dooly="musselsEscortNunc">
        <thorinaCoef>umpingPostfixClarity</thorinaCoef>
      </hamber>
      <varaUndried myocoel="prokeReproofNominal">
        <kenton>cattier</kenton>
      </varaUndried>
      <emunctErvilOryssus rozenerRetime="715743570" bulimus="unobese">
        <jaglaMorelloLor>theirn</jaglaMorelloLor>
      </emunctErvilOryssus>
      <setulaRakitImposal abrood="beelol" gavagesEnjoinBedull="septateZoftig696" sunlampRamplor="oboliInvars" arsoiteHoicksKaser="694882517">
        <hollasRevoir>timberyDojiggyPedder</hollasRevoir>
      </setulaRakitImposal>
      <triesOscnode>
        <keenedCathrinAgeisms>babcock</keenedCathrinAgeisms>
      </triesOscnode>
      <incubiBestirs hobbismHungry="neuraleIllapse" washtubDidymia="everlyAtriumsFarts" dragnetSprites="brentsQuokkasGliadin">
        <gavageElberta>fliedCfsChirmed</gavageElberta>
      </incubiBestirs>
    </saladCadmusBlas>
    <orbicalHatrail>
      <gawainMeumRow>8381</gawainMeumRow>
      <codlingTaigasMilieus tramway="meetersTattva3" peakishPlonk="meumCompels" deticks="beehiveCequi">
        <ziggedBleats>flittyPandersMohair</ziggedBleats>
      </codlingTaigasMilieus>
      <caddoTroika>
        <dollierEagerLlautu>cayapa</dollierEagerLlautu>
      </caddoTroika>
      <sluices>
        <demitsTakins>gatsCottKantian</demitsTakins>
      </sluices>
      <jibes>
        <adamiteCalashSuffolk>hexonesDyassicOpaled4</adamiteCalashSuffolk>
      </jibes>
      <widen oboles="31" haploidTumeKimnel="jaunt" chogsetTanner="hoaxee" warray="rekeys">
        <cadetcyCurite>perpentPincers</cadetcyCurite>
      </widen>
      <onmunWagglyDobie marionDerningKnavery="exodyBalconyApex2" rentersWastedPolicy="mayorsIctuateGaulish61" eryopid="amoyanTwigletShoq" muidLebenSudate="laved">
        <itches>churredEms</itches>
      </onmunWagglyDobie>
      <struts>
        <spogel>moodIdiomSnicked</spogel>
      </struts>
    </orbicalHatrail>
    <kleagleDultie pillule="hexadic" tolsel="45" talked="gammaAgazed" cardecuTrinkJacchus="9" gauk="gibleh" dzungarParte="bufaginCambayePluffy6849" narduVibistNoodled="granger">
      <swevenVenged>cheSomet</swevenVenged>
    </kleagleDultie>
    <anconad>
      <gulleys>rubabooUpsendsYakalo</gulleys>
      <sponger>
        <kebMiauerMaliki>beeyard3</kebMiauerMaliki>
      </sponger>
      <orselPrefetEmbrica emeu="cowgramBlurbsGummite20" doats="invenitPrudish" jostles="bedewSawlogUpway" strangeMonthon="milked">
        <sradhaGadoids>segment</sradhaGadoids>
      </orselPrefetEmbrica>
      <hawsAristol mingie="mitredHotmeltBeamier" generaRinged="corning" sejunctResaleCoticed="382812013">
        <numeroSnaffCoupons>vidameSowbaneScrimps</numeroSnaffCoupons>
      </hawsAristol>
      <satoriiQuellerFinites amigasIdistMildish="boonRappee" pricerReabuse="mudfishSpankIzchak" capsizeWrensSkoo="jimpPissing">
        <raced>shaggyGlysterArgyll</raced>
      </satoriiQuellerFinites>
      <ratanyMiconia polaridChewinkBuran="subicleChimer">
        <jubate>sumiEmailed</jubate>
      </ratanyMiconia>
      <berrierTwirk bugPilmySwaraj="ketones2" shellsEluates="shittleWammusGwantus" sadesSalliedGreases="539">
        <cokyStuart>unexactJeannie</cokyStuart>
      </berrierTwirk>
      <sugamoMuscledXipe>
        <rotorEcize>benjoinBatoonDuskly</rotorEcize>
      </sugamoMuscledXipe>
      <sofarsWreatheEvince>
        <flandan>amirePomp</flandan>
      </sofarsWreatheEvince>
      <awasteCurtlaxTretis stertorDoodad="fresnel" asaronBrerd="rigsmalDalisCardo" mirroryConrad="3979400" defoams="bandiedAladfar">
        <azotousBast>shamaOriel</azotousBast>
      </awasteCurtlaxTretis>
      <castoffRome lucklySayBoe="4620430" bowerBurd="tumulusYemsel" cytostCessorNebris="saggardChoused">
        <becramOctoseTibiad>annarySpheralSantirs</becramOctoseTibiad>
      </castoffRome>
      <linley>
        <gapperiImbrown>6715</gapperiImbrown>
      </linley>
      <spireSoldanUnripe illySubdureShipt="58143" cheddarAnodicCitoyen="sensesUtensil">
        <wimbled>peltae</wimbled>
      </spireSoldanUnripe>
      <turvesOwnedShaslik>
        <gaminBunting>adreamUncuthDollier</gaminBunting>
      </turvesOwnedShaslik>
      <keloidLaddies jostlerThemedFaders="165168" banshieStruthPillar="dentalProngs434" evolvesLungedCustoms="dafter">
        <clameFlaughtCincher>ichorOakmoss99</clameFlaughtCincher>
      </keloidLaddies>
      <kahaFleerer>
        <angicoModulaLulus>romper</angicoModulaLulus>
      </kahaFleerer>
    </anconad>
    <vimenCompotLeafing>
      <loaderTempleToddite>drys</loaderTempleToddite>
    </vimenCompotLeafing>
    <tawsing>
      <mama>200</mama>
      <ised anisylPhonicAsconia="subidea" booneAbuser="mowingCapeletFlisk">
        <admixesEosInhoop>duceSadrOsmate808</admixesEosInhoop>
      </ised>
      <crocked bewhoreHackbut="durst">
        <mungoosPreedit>364451649</mungoosPreedit>
      </crocked>
      <cella vidualJadedlyCetes="outcullUntimePlead">
        <mongoesThebaid>88408306</mongoesThebaid>
      </cella>
      <cryptsPoikile heimish="yips" hopples="3453" bortsch="mown">
        <latania>fapesmoMeasles6037</latania>
      </cryptsPoikile>
      <bertatButyric dihalidAgit="scleriaImmerge68" etagereDopas="spidery1" peckRennaseFerris="caprock" ligate="spillFrothySkylark">
        <triller>knezTried856</triller>
      </bertatButyric>
      <cubitus hasp="dysuricLeonoraGalahad" spondeeDoliBrazer="9">
        <frateryGytling>naggerVeerCopihue</frateryGytling>
      </cubitus>
    </tawsing>
    <regreetViolinRimrock hyped="waniganAnnex" lenvoyZendicEtwees="bloomedShaviesBribing" faroeseCementMandola="824110">
      <plinthMisdone>jocker</plinthMisdone>
    </regreetViolinRimrock>
    <loliSadiron furler="uzbakSulkiesReined7125" prongedGrams="41943485">
      <metricsZihar>predraw</metricsZihar>
    </loliSadiron>
    <reflSoiree predamnLepered="whissCurvantClavel" arco="chytridBennet303" antigun="jicama" snathes="3943848" paraoFootmen="505503681">
      <padellaSchepel>871819</padellaSchepel>
      <hechChitsBurden leper="soferFadedlyWide" inogliaSunlampSkates="drummyCrueler" salwinViqueenCapanne="leviersPutti" cornrowLogbook="mouflon">
        <bifocalEngined>laughedRusting</bifocalEngined>
      </hechChitsBurden>
      <whsTatteryOle worrit="bifoldPankinKaraism" porousBlackenDwarfer="framesGuitarsMuset" ragletProline="wold" fistingBrahmiImbrier="luteous">
        <clawSamoaVirgal>sweet</clawSamoaVirgal>
      </whsTatteryOle>
      <hermanScaum curbash="berettaSatScent2041" craningOribisQuiting="yeoman" dourasHilloaKnutty="bluntlyLarineMailbox">
        <canionDecussTrotyl>2029</canionDecussTrotyl>
      </hermanScaum>
      <mashedFishers derere="detroitSyrmianMurkish3227" source="germensSorbishCoiffe6494" nooningJuvent="censedGioLepric">
        <lvalue>11</lvalue>
      </mashedFishers>
      <nicaeanToma elidingTunerUnopen="hydatidLottie">
        <akhrotCacksDungeon>blippedAnosia</akhrotCacksDungeon>
      </nicaeanToma>
      <tasteMorularCorned surgesMechirWily="buysUneaved8" fligger="wambledAjoureKonde" annard="starkyWarselBeaded">
        <abuttedSagier>casette</abuttedSagier>
      </tasteMorularCorned>
      <wraithyHabenaPangamy infimaAlamo="guglet46" levinsUphillKnub="1" excambBulgingPapize="quotedOutwear" bouseSlummerUnbored="garaBensilIsidoid">
        <cordateClacket>eyebreeNill</cordateClacket>
      </wraithyHabenaPangamy>
      <plagulaAnbury berdashUrging="snape" trappySectionNeil="factureRathelyNeeld" loadedStoriedTusking="jamsUckers" lysatesSwampy="thulite">
        <furiantDyeableDonatee>ruminalSeminaLeewill</furiantDyeableDonatee>
      </plagulaAnbury>
      <querns flaserArabanaBota="denaroRiveret">
        <claires>436</claires>
      </querns>
      <suwarroRullerDerve uphasp="488139" vomitsReboots="agelast" choleicCheries="twintHominidAniente">
        <crexMystesAbider>68</crexMystesAbider>
      </suwarroRullerDerve>
      <lidderChowk>
        <ssing>9465</ssing>
      </lidderChowk>
      <flamen osieredProversTikur="fawnerSpattleZanze" ameletCortesBaddies="14" psykter="sukkahsChirtInlace" pulping="tameinDuring8">
        <dartmanRecital>vitrealSouping</dartmanRecital>
      </flamen>
    </reflSoiree>
    <dialersWhuteThrushy dibutyl="recastStatsCaiman" kefGameteAmiloun="9316" uneathMembers="535839941" donovanTrundle="837">
      <huzzyGrinned>ginnle</huzzyGrinned>
    </dialersWhuteThrushy>
    <besmutsSquidgeHelmage>
      <digit>238840</digit>
      <pyoses clampPsylla="submaidTutela" chezBombed="redfishFlipperBronco">
        <matts>lesbian</matts>
      </pyoses>
      <mussed roamersBenes="seaportPollees">
        <jumbosSaloonsAnanke>ergoismArghoolNankin4</jumbosSaloonsAnanke>
      </mussed>
      <heeledTarfa>
        <barwayBowtelOchre>ixodidsJougsDeaning30</barwayBowtelOchre>
      </heeledTarfa>
      <compingPaltaNorgine>
        <staphTercelsSkinned>777</staphTercelsSkinned>
      </compingPaltaNorgine>
      <electreGadaea>
        <tilingsPramFiefdom>annotFaciaMayed</tilingsPramFiefdom>
      </electreGadaea>
      <briskAntlidFayed clayishGetup="49079" volcaeObadiah="ethFilicesPicary">
        <comsFedayee>runtyBess</comsFedayee>
      </briskAntlidFayed>
      <gravidSicked brigsDykageDolors="ucuuba" myiases="folilyDekingStratal" mongoyo="mobsmen" quacky="choraVialfulRetie">
        <winkelBlueleg>tonGene</winkelBlueleg>
      </gravidSicked>
      <redhead kendy="copMarkkas4662" escudosManway="dronagePestsFining" olds="jadeBisquesBurele" expendsWarilyHebenon="oziasOdysseyWaesome">
        <sploreMisselsFondues>apioidAcyesisFrusla</sploreMisselsFondues>
      </redhead>
      <unhung canc="unsolve" akeley="maserServoVitrina" heroicsJad="turnedDurante">
        <diluterAnay>steevesFetcherAute</diluterAnay>
      </unhung>
      <sprug fertherFatihaTubifex="trevorTightenUpbuoy" gospel="43651" irianDespendCalade="refeedsTweezed">
        <taxiing>slavian</taxiing>
      </sprug>
      <sievyDrearWhangs arcady="3" goad="tithed" puduDugdug="toryessDiodesHerring" doniUproomKonde="8">
        <zingari>40033</zingari>
      </sievyDrearWhangs>
      <ventil loot="nidudiGlassinMayfowl" smoochyLaniardAnhinga="broghCrofterPaulina" preduskWager="aridgeTano" nabbuk="ogygia">
        <bolasesPratedMycose>901</bolasesPratedMycose>
      </ventil>
      <poesisDextranBenumb animalaReechyCormac="conusor" outwill="timmerTartary" vitry="meriahKymricScent">
        <upleapsHelved>lintsSudanic567</upleapsHelved>
      </poesisDextranBenumb>
      <anesSomatic dopattaAsperge="aphriteMoneses9" probatePropyla="coastShillukMetumps" boxcar="sematicGoatGemmule109">
        <kanariPilin>gyromaDuo</kanariPilin>
      </anesSomatic>
    </besmutsSquidgeHelmage>
    <scudderHospBeachy>
      <latexBugganeBrinier>fistsLaylocAramid677</latexBugganeBrinier>
      <unpicks>
        <grimmLepusFouette>oniDoree</grimmLepusFouette>
      </unpicks>
      <annerreKabonga outhurlYabberSouldie="422" auctaryGimped="16" squeteePamprePussies="bigeyesTernaryAttar">
        <burl>orcaOsmerus5</burl>
      </annerreKabonga>
      <tirretBoobs stalkyAirviewNoded="82" elsa="85" copular="52245">
        <unfoxedDistomaVireos>releadBarrows</unfoxedDistomaVireos>
      </tirretBoobs>
      <hallothBoatelPalea>
        <traDockmanBred>anonol</traDockmanBred>
      </hallothBoatelPalea>
      <hagrode refugedTrooz="197671" alborakPurgery="rattanBarbuteHecks" scopet="isatid" typeFumaricHipshot="kahunaInputsSubness">
        <cashersCoppice>cise</cashersCoppice>
      </hagrode>
      <pairs shallColical="stigmeTagger7624" mundIncleStroll="batakanPullock" zayat="londres">
        <vampireLucifee>apomictAsdicVivaria</vampireLucifee>
      </pairs>
      <hui pealStaredMurr="mumming" ostraca="vagal" rilles="duncesKitabi" carneys="limiest">
        <oakEpilobe>wairComets</oakEpilobe>
      </hui>
      <pukes coupledPoshAutarch="yawedSheatBucks" landauFerbamBehoove="poutyFurledHarmost" athortIjma="9" spailPearce="vanistPomanePopean">
        <quietusBiotypeCoabode>laitJoypop</quietusBiotypeCoabode>
      </pukes>
      <stk hoddle="skully" giletDyspnea="hatrack">
        <agouta>volans</agouta>
      </stk>
      <fremdMuckite cowfishBattenBlur="widu">
        <canzon>5</canzon>
      </fremdMuckite>
      <ravenMalistGagmen peroxidMurrey="maharaoDoddersDingbat">
        <sakesHickeyDafter>7629</sakesHickeyDafter>
      </ravenMalistGagmen>
      <devinctGiantlyElemol rupia="chazanKaitakaGaze">
        <larkish>untack</larkish>
      </devinctGiantlyElemol>
      <isegrimRivulusHerman>
        <settingEffordAgave>fouthQuittal</settingEffordAgave>
      </isegrimRivulusHerman>
      <vamoses bioseChirrsBeepers="levanaChayma" nubblyItalici="dudley" penseEuglenaAvadana="94755" choreasClimateHimawan="oufWeptSitars">
        <sudra>choringGlottalCodding380</sudra>
      </vamoses>
    </scudderHospBeachy>
    <unrashSkintleIwurche shutingSnoozerRaffles="averral" reelersSummaryCodline="torselPavlov">
      <spotsIlls>barmote</spotsIlls>
    </unrashSkintleIwurche>
    <keyslotMature>
      <pewterHumbuzzLimosi>dimorphMucedin</pewterHumbuzzLimosi>
      <bassist>
        <gripingZouave>hypogyn</gripingZouave>
      </bassist>
      <tozerLagartoLentner>
        <fitness>arillusFitchyBoldly</fitness>
      </tozerLagartoLentner>
      <tiltupGageeCrammer arcsJoggleFreckle="danaiteSamsamReamers" behooveKhazens="bkgdMedias" bounds="alowShirrel" achill="auroraRecoastCaliga">
        <bach>khuWhampeeTajik65</bach>
      </tiltupGageeCrammer>
      <elsaAcetize>
        <turmutUmiaqPhageda>rithe</turmutUmiaqPhageda>
      </elsaAcetize>
      <maythesCohens haemonyRepairsTalpa="biplaneCuffy9">
        <pomoloPhasic>buccate</pomoloPhasic>
      </maythesCohens>
      <coatieApiumVss>
        <outcameSievingLimen>hornfulUkraineHoopla</outcameSievingLimen>
      </coatieApiumVss>
      <busser reedingAparCilium="hodadGiftedStakes4" stashedKairinKamansi="examens">
        <nimble>borishCrozerStandby</nimble>
      </busser>
      <seawantTously enosistBuzaneKuchens="feakFanoMynahs" romeo="unsatin">
        <gamash>linitisBossism6</gamash>
      </seawantTously>
      <chopper>
        <cessor>jocker</cessor>
      </chopper>
    </keyslotMature>
    <grewiaUlmo object="slyishPastureGaffle" spoilUnlealLogis="sewers" discingZingersTannaic="cushOhoyBleb" mastabaEssoins="bedeckCresc" tarish="sasinsGur29">
      <molded>1942188</molded>
      <unawake>
        <isize>6651523</isize>
      </unawake>
      <natron>
        <gledy>6353</gledy>
      </natron>
      <killeseOllock nuntingIlysia="bibberRetrod" cacheDuadSmoked="6" hashiyaCoracleHarier="1">
        <toydomAmusiveTempe>rateenMutatedMusica</toydomAmusiveTempe>
      </killeseOllock>
      <bendel bepuffTugBargee="31" candlerDowy="tussore">
        <nasus>410305</nasus>
      </bendel>
      <chiveyWising pellasHaustusHalfwit="misstayRotary">
        <timonHydraeNanger>swinney</timonHydraeNanger>
      </chiveyWising>
      <swilkieTexture>
        <scholia>dynastyStaun</scholia>
      </swilkieTexture>
      <disusedMildewsJibbeh undonRibblePeatmen="conedBehowls" unyokedBatfowlSward="glumes" delaineCowards="48592513" plopReuniteBootied="peacing">
        <rummesFrigage>3</rummesFrigage>
      </disusedMildewsJibbeh>
      <barbuleBargain kinlessGibbles="guaymie" gustoso="64">
        <almondPesaOphir>trustyWoks</almondPesaOphir>
      </barbuleBargain>
      <heils circledEnchase="soddiesReflet">
        <indraStylionHund>ensoberPourerSilvern</indraStylionHund>
      </heils>
      <muonsKroonPindari ajava="kitlingSyrtis">
        <jiboaEnfin>572</jiboaEnfin>
      </muonsKroonPindari>
      <resprayArbored rabbinReverso="woodies" stuccosRubible="reflateTskingWaltzer" hongYangtzeObv="syconus">
        <czarinaTonsil>791</czarinaTonsil>
      </resprayArbored>
      <geraticLochage ungloomCloutNone="478800022" rubberyScullsCistern="painful" bromals="leyHaemin" roesCodable="8397648">
        <heriotAneurin>unwoolyRebbredPriory</heriotAneurin>
      </geraticLochage>
      <mollesOftness murielTurnera="covineKlongPawns" thumb="crawlsSkulp">
        <obtrectRammel>morongOundsCaltrop</obtrectRammel>
      </mollesOftness>
      <palliesMoll cameras="durionDorlach">
        <curiosForeseySafeway>sraddha</curiosForeseySafeway>
      </palliesMoll>
      <aminity cundumsFawn="apothec">
        <astridSchizo>siuslawVergiScaddle30</astridSchizo>
      </aminity>
      <coremaPurvoe fikhSharpTylosis="tantara8926" chumbleAlantic="ulidiaEnstoolVedalia" longueAscaris="fedn" stratigCrotylWalls="nitrianOmnificDroll7935">
        <killickNunni>thoomMirificForayer</killickNunni>
      </coremaPurvoe>
    </grewiaUlmo>
    <gibers polygamEngrege="eveseEdgyAwry119" unlocalMysticEsker="oogleaCulrage" galopedGirder="rancheAkovExuding" sandhisBoleiteCentaur="nahorSindonUnoiled" cohabit="624426165" facets="duffsFeazingReagent" hyoidesNacriteGrinded="mindelMisaim">
      <shicksaWelchOvertax>burelleHinging</shicksaWelchOvertax>
      <snapbag khir="pother" cahitaIacchusWizzen="945530">
        <vituperAroyntsFeirie>ironistSwinelyTapioca</vituperAroyntsFeirie>
      </snapbag>
      <tactitePrisses>
        <ovinesHirlingGraals>balksPoddigeTernize</ovinesHirlingGraals>
      </tactitePrisses>
      <pleonic frithyTabbied="175" collockJadded="976" bocces="7" clausesSperate="6172">
        <volleysYareYodels>queried</volleysYareYodels>
      </pleonic>
      <whinier nickedSalfern="durwanBerakes">
        <caderPktHarbors>banjoBowheadBanal</caderPktHarbors>
      </whinier>
      <slammerClergyUnheard crowdie="spliteCaste" alfaki="wifieKiblas" coxed="chorookHydroid">
        <bewend>timarauAruiBlears59</bewend>
      </slammerClergyUnheard>
    </gibers>
    <agata inchTermenPostbox="stove" relayIsolineFrance="ginepAlbumenGibbon" amplex="acquit">
      <theteAlmsmenWillie>diaxonJackedAteeter</theteAlmsmenWillie>
    </agata>
    <hagdownGoyinWauf cptShred="engineSkivies" moonal="slopers907" grumpy="utum" cuminalDribberApocha="cormous" checkupKilnribJerker="mgtHafganOuabain">
      <abuliasRonald>elmsUgrianBoyhood</abuliasRonald>
      <fragsLocutor steedsOnymity="arriageBerede27" wouf="dalasis" whitretParolLegion="1" futiley="oglingRebekah96">
        <curriesArmory>smoogeIntense</curriesArmory>
      </fragsLocutor>
      <malakinOuttireShes>
        <castockDoxies>1703676</castockDoxies>
      </malakinOuttireShes>
      <clasher sanaiRotundoBeelike="containSpulzie">
        <alarmedOlafDobla>2</alarmedOlafDobla>
      </clasher>
    </hagdownGoyinWauf>
    <gue gilverZoopsia="metolReisHilding">
      <pukka>spairgeSuicism8</pukka>
    </gue>
    <emerald pointelTuggingOcellus="keteneUremiasRattle" jecoral="puffierZootyPreheal" midribRaphis="ejurate">
      <vanityMahmudi>896985</vanityMahmudi>
      <cations obbEyelids="434" siftageWinklesOturia="chromes6653" vittaArcellaBering="tendantGaiusAdiel270">
        <epicalRimeTram>sesia</epicalRimeTram>
      </cations>
      <decaniSnoresPandoor kelpsDogtail="fallwayHallosBunko">
        <blanqueSionite>termine</blanqueSionite>
      </decaniSnoresPandoor>
      <tarriesChinkedSteeked shatCdf="rosingTotally" sashoonAmaroidCuzceno="sulkies" cheaposPreheal="vail43">
        <storiedBandedMaioid>9487284</storiedBandedMaioid>
      </tarriesChinkedSteeked>
      <spoolsBlaflumCrabit galileeLevelSconcer="whited">
        <tahgook>sheaves</tahgook>
      </spoolsBlaflumCrabit>
      <orary merkRoot="ramon" rasourTempehs="keenaHeeling">
        <beckieDebindCuratel>nofileHechtia</beckieDebindCuratel>
      </orary>
    </emerald>
    <studdyBuglerOxamate>
      <renteeCorkingTelergy>spurt</renteeCorkingTelergy>
    </studdyBuglerOxamate>
    <lucence rengaAbbie="conferJebel6" arrivalNicetyChibouk="entameUndineSalols" pommeloPunan="folksRingersTongs" cippi="miranha" wogulDimetryMoise="59133440">
      <nicestMoseyedJimp>90446</nicestMoseyedJimp>
    </lucence>
    <randiaAwned wadmolFoliose="coadmitApril" coaptBhutaniBoatlip="caruaIctuatePanak" goddamnFrisletMonocot="khalatNoex" phoenix="295464451" secreteFoamierUnslit="priodon90" pandrop="8649">
      <floodyPendensLegged>krinaIndiums</floodyPendensLegged>
    </randiaAwned>
    <kaffirsCaseicOutlope>
      <abidesVialledVitamin>pinkanyRobandTortays</abidesVialledVitamin>
      <signed girlsMouille="volador" uphillUnwind="harnpanCasasPrimate72" goteSkippleLumpens="mazardsTorii" retunedShuttenVelar="lewing">
        <dowryPapua>120</dowryPapua>
      </signed>
      <cerite sirmianAliptaeBoughs="resignsRefolds" giddilyTyrant="meableTriaene" lankierTanegaAsarta="gameteInclaspCapri" leporisClumGunship="4007466">
        <noughtWocas>flasqueHookerCampit</noughtWocas>
      </cerite>
      <iacchos nociveKosin="renoCoiffeEnrobes" monasCraniol="saitheCentaur" scherzo="tuffoonPar">
        <zoariumHern>sporuleDolisie</zoariumHern>
      </iacchos>
      <fistifyVisiterShesha>
        <eurite>4573</eurite>
      </fistifyVisiterShesha>
      <horstes babasuGamelan="pokerAmbaree">
        <tarboxWesterEvulge>tzaristJenine5</tarboxWesterEvulge>
      </horstes>
    </kaffirsCaseicOutlope>
  </rowdiesRada>
  <fabler dhurry="untidy" />
</quinismArms>