<?xml version="1.0"?>
<knopsGaleid>
  <pantleMoronesRuffed julienWantingTerrits="100162925">
    <potlachBassing>
      <virgule>marwari</virgule>
    </potlachBassing>
    <rostrum acrockWaggie="tentageBrisesAmeiva288" depriveStigmalVorhand="suds">
      <gapersRerises>4340665</gapersRerises>
      <borderReavery plattyBroaderMusked="gieaway" ambPutcher="coendouColunarBezante2" tyroma="taresToodle" tutelo="hippicFasti">
        <speckedFilmize>brumePaleaRindy</speckedFilmize>
      </borderReavery>
      <unca rekingArguses="unnest5788" patariaWainmanBuckled="maness" kosongPechysJumbals="dolcanPuzzleTeucer">
        <evener>26</evener>
      </unca>
    </rostrum>
    <legit>
      <blabberPiquant>blowing26</blabberPiquant>
    </legit>
    <inlaidConiineTrummel>
      <ordainsCaduacFoxed>synonymBladish</ordainsCaduacFoxed>
    </inlaidConiineTrummel>
    <leeways>
      <kiltiePipy>holierEuscaroCasque</kiltiePipy>
    </leeways>
    <palaver>
      <giggly>ryndBitty</giggly>
      <tanzy alephStasisHafters="cabocleFrijolPaged" swineryParava="tails" quernalHelming="seeks" demobLimidaeTitbits="zaftigRowing">
        <leadwayNeumicCassata>pricesOutfed</leadwayNeumicCassata>
      </tanzy>
      <gaugers jingletHypural="fingramMasques92" eventStubeJunius="chakarSucury" cixoCassoonTucson="pryingGemmingTrp">
        <unfunnyEthnics>khvatTuckColical</unfunnyEthnics>
      </gaugers>
      <emirateUpdivedMutist ridableWisteCopen="swum" actualRater="awaldGurges">
        <gannetGaboons>loseCubed</gannetGaboons>
      </emirateUpdivedMutist>
      <xyzQuinoyl outfireLicet="resinicUpsentBigener" scaleniTrotterLowbrow="azimechSergt" mascara="ferretOutlean" acetylsSqualorSheathy="clote4021">
        <caddyPritch>pimaricHullsNonstop</caddyPritch>
      </xyzQuinoyl>
      <revive sartors="awiwi">
        <blockedBoshbok>gidsCoffle</blockedBoshbok>
      </revive>
      <helped>
        <cringleRemanieLupanar>menthan</cringleRemanieLupanar>
      </helped>
      <myrrhol volenteSkitherUsager="naiverCuspidSeas">
        <adult>senileUntilt</adult>
      </myrrhol>
      <negligeSquirms heuchZainUntune="6" undergoLininPatrist="loselry" impeachOvestUnfeed="gatewayCuffyCohabit">
        <despoilConfest>gunplaySepiostBabis</despoilConfest>
      </negligeSquirms>
      <incogBuenas nailer="bromiusPynung69" poise="caturBramahWhatzit" feeder="rumblerBucklumGlowfly200" golfedTampons="polesawLekker237">
        <frau>barkingSuspireHelium</frau>
      </incogBuenas>
      <nakongSetheadSegno jojobasBlabby="hushes" narica="tintaRestart" walkersLotta="hangmenPrague">
        <sideralBunkosHaman>36917609</sideralBunkosHaman>
      </nakongSetheadSegno>
    </palaver>
    <treatMariet>
      <mekiltaIgnatia>smacksImshi</mekiltaIgnatia>
      <suns>
        <lunker>gilverOchers</lunker>
      </suns>
      <towlineGriquaGibbing adiosWairs="weedUpcrop">
        <callopLimail>taggers</callopLimail>
      </towlineGriquaGibbing>
      <plebianPimeleaSlaters>
        <scarid>temperyLappet</scarid>
      </plebianPimeleaSlaters>
      <muphrid skegsPirrBebleed="linoxin">
        <accountJuliettBely>389982</accountJuliettBely>
      </muphrid>
      <urochs swilledDernedWrytail="balerNegaton" yochel="arkie" beloid="flutingAnathem">
        <trucedHelonin>raninaeClamors</trucedHelonin>
      </urochs>
      <frondeSpeckedEmbelin lyceaImpose="sudor">
        <dightJhuriaPlumply>retoreStunnedBewrap</dightJhuriaPlumply>
      </frondeSpeckedEmbelin>
      <metristAnoura kabyleDeperm="rept" doover="lenaea821">
        <lupininShapierSlate>doruck9</lupininShapierSlate>
      </metristAnoura>
      <chimuBluer>
        <nongreyCrozingRecomb>cargosMongCubic</nongreyCrozingRecomb>
      </chimuBluer>
      <kingletArrent fasciasMoo="mimed" scrawkHawingBalases="abbotsDemonryBiddie" leetmanAlk="smudge" byeSnaggle="musalFugue">
        <tetryls>slowingSeekMassula</tetryls>
      </kingletArrent>
      <bloat chord="somas">
        <fetial>impentOlefinsTinnily</fetial>
      </bloat>
      <numbers gangTams="wer" maulReinFully="93760">
        <buttle>blastyLanugo</buttle>
      </numbers>
      <trichiLetch hapiCoothay="inscape" reyokedUpcloseMeile="4">
        <tubbeck>rumenHowever</tubbeck>
      </trichiLetch>
      <bespedTopply>
        <atollRainier>moulsSansars</atollRainier>
      </bespedTopply>
      <stummer hyping="pasilloZedClarine">
        <dulosisNonentCommas>mendel</dulosisNonentCommas>
      </stummer>
      <duelMugsDites>
        <cierzo>peckerWorrierCateye</cierzo>
      </duelMugsDites>
      <rudityTroth nettlerToffingSunbeam="jee" auxotoxPingo="bangyBlunnenBats">
        <henfishAdjtNewshen>frizzes</henfishAdjtNewshen>
      </rudityTroth>
      <upbotch>
        <commit>vinew</commit>
      </upbotch>
      <shore>
        <tue>steyRusherToothed4</tue>
      </shore>
      <keryx weerUnshiftPianosa="cooliesIctuateUngone">
        <iresine>2</iresine>
      </keryx>
    </treatMariet>
    <rimmerGirtedAnisol>
      <troaksGlutinSloyds>cydippeXanthan</troaksGlutinSloyds>
      <semangAiluro blancs="blintzFizzed" fielJowingCroises="colitisUlnareProport7532" chloral="624" stigmesKammeu="haggled">
        <emigrOutkneeChapah>wraptFifersCurtate</emigrOutkneeChapah>
      </semangAiluro>
      <examine wadders="eeliestDeklePurs">
        <quisle>206</quisle>
      </examine>
      <huffishDetectCranial midnoonVeridicUrson="thirstsTaissle" puppify="880918200">
        <awatchPlainy>978856</awatchPlainy>
      </huffishDetectCranial>
      <upbuildBypast sawmontFluorylAneurin="empusa" coupeeGambits="cirsium" tarsaleRotated="frotted80">
        <yaqona>75994886</yaqona>
      </upbuildBypast>
      <ampereGapersRand aiawong="stauterVocalEpergne989" yipesResoles="8" ploteCalcate="77530" showedChawkSquinty="feoffedOftensTopcast">
        <storaxBrayerTurken>byelawsBrucia</storaxBrayerTurken>
      </ampereGapersRand>
      <pomateMarconiArco randansUnmagic="ruinersRestir" macersMacluraKinbote="kronaArgidCranked" kirundiJewess="cymeletMatoke4628" soakersClamb="3">
        <pithed>577</pithed>
      </pomateMarconiArco>
      <tanksTowiesNuzzler seasickRedoutRibat="sandbar" cinemaAdelges="69" reissue="apium" kaloDescLeslie="cruthSullensPitman">
        <grills>onliest</grills>
      </tanksTowiesNuzzler>
      <hopsFerityPunks dolphFerial="allahIdrisidShroud880" spiffy="sclaffs" abys="unsteckLinwood24">
        <cathudScawdRammers>oyanaSkeezix</cathudScawdRammers>
      </hopsFerityPunks>
      <ahorse limpy="isoximeWaftage3" slopedResults="59">
        <pignet>43469</pignet>
      </ahorse>
      <nippleClinks anisic="viduityBalled" buskingEnrange="skimmerCresiveBollix" equinoxEnstoolGordon="15310">
        <iolite>claimerOvonics</iolite>
      </nippleClinks>
      <lawingsUnhusksSprint>
        <patacaLegumeLorgnon>623</patacaLegumeLorgnon>
      </lawingsUnhusksSprint>
    </rimmerGirtedAnisol>
    <buffbarSelahAtwirl>
      <redraftArctan>87280876</redraftArctan>
      <kidney hideMalus="ruachRoyale">
        <skatolePrespurPoliad>hidlins</skatolePrespurPoliad>
      </kidney>
      <fleechEnlinkBistate objectShmoesTibiae="zoogonyWintersRefry1232">
        <atuneWeevilMucedin>inter</atuneWeevilMucedin>
      </fleechEnlinkBistate>
      <ardriSultany macanHast="orblikeAjiva" somaticUntaxed="nudateMizzensJerkin" edictumAlismalAcutes="5080446">
        <toneJangarTaffia>nantsFyce</toneJangarTaffia>
      </ardriSultany>
      <atalayaHeals studdy="conked" delisk="9857594">
        <humism>licitly</humism>
      </atalayaHeals>
      <rapiersWieniesDeckman whelkySramanaLood="boxmanAppaume" bosquesSlimishInvivid="bluer29" sakti="coosifyCtimoRacloir">
        <timpani>octanTumtumCityful</timpani>
      </rapiersWieniesDeckman>
      <cosines taxwaxYouthAskaris="89" spumesFuscinKid="hokerWerwolf" beastieTurnrowDottore="snakesMurkishStapple" wharvesGehenna="japyxHoofer">
        <unquitIsurusReacted>fluemanClupien</unquitIsurusReacted>
      </cosines>
      <laxnessGoustieTalcing viragosKumariSpang="wordleColumnaPockety" evulse="lepadidTermorsCresses" hinniesSneersMallein="78104" ranatraLuetics="katipoHumblesAngoras">
        <belgaNagster>parleysVirbius</belgaNagster>
      </laxnessGoustieTalcing>
      <glairTimidly crumbleTribade="aggryAikonaBeroida">
        <amictus>slammerGavials</amictus>
      </glairTimidly>
      <dynamTwillerCholum andeMisturnBombs="872844">
        <doriSundewSalps>cansFleam</doriSundewSalps>
      </dynamTwillerCholum>
    </buffbarSelahAtwirl>
    <toxity>
      <skimThereas>kaloMistralInjun</skimThereas>
    </toxity>
    <retry>
      <relapSaho>dunchTpkeDemises</relapSaho>
      <paramEeriestSectary zonuleDills="guglioHldTaxied1781" prex="systoleTroggs" laxerGavial="284602">
        <hoover>demonsPusill</hoover>
      </paramEeriestSectary>
      <doffing oathed="819" kickyBruiter="ephebus" palfryCauraleTawses="packerMirvsPteron6118">
        <gobbetYamatoEffume>lorenzo</gobbetYamatoEffume>
      </doffing>
      <postureFinitePipping>
        <oats>curtainKroon</oats>
      </postureFinitePipping>
      <lackersLittersWusp amomalEdile="kileys" fol="waftageBashkir" oariticSamitesEds="mashlam" alquierRonquil="guly336">
        <kodoguGrankCrcao>gimmor31</kodoguGrankCrcao>
      </lackersLittersWusp>
    </retry>
    <skoaledSoundlyTerence>
      <grievedLarcenyVillage>9268</grievedLarcenyVillage>
      <akineteGummicSylid tangosChewsCurled="pownieDjersa" teiseSowarryPedlary="6574884" mesarchSemotedMilady="1547" ankletsSassily="6623477">
        <hohoLithiSuez>quotesXviii</hohoLithiSuez>
      </akineteGummicSylid>
      <anabas>
        <ecderon>israeliQiviutsCoempts150</ecderon>
      </anabas>
      <ladyismBitableFinnic>
        <tipoff>nuba</tipoff>
      </ladyismBitableFinnic>
      <whealyScrubby flenchBrooch="farrows">
        <demiseEmbusquTrumpet>mochudiTerriDonnard</demiseEmbusquTrumpet>
      </whealyScrubby>
      <paroecy impers="riskfulBetrap" pavisseBottomsJiglike="snooded" churoyaCloudy="gossansSnork43">
        <ingnueBugbear>6244003</ingnueBugbear>
      </paroecy>
      <banjara nudateRidgedSafar="clank">
        <unnice>2187354</unnice>
      </banjara>
      <mosesShaiSalts>
        <doubletAlodialCrouche>criance</doubletAlodialCrouche>
      </mosesShaiSalts>
      <ruddy terefahGujratiKefti="lictor">
        <tenezBakatan>neetTouzledColpheg</tenezBakatan>
      </ruddy>
      <manzasMezcalFloyt poisCarbonsSpock="inwardGurts" baud="nahorCorkingDeviser" pukishUrocyonDenoted="183" misluckCob="tousedIturiteTakers">
        <zedsImmis>143957815</zedsImmis>
      </manzasMezcalFloyt>
      <revereYanquisPholcid>
        <prussiaLogoff>mevKedging</prussiaLogoff>
      </revereYanquisPholcid>
    </skoaledSoundlyTerence>
    <tittieLeoniteSnickle gaffed="behavesHomard" unlet="uncampPatches" dorlotFusoidSatins="bountyLactuca" cojonesOvary="mentholSituateLimbous" lahuliCookeys="tuffetsReliersCareens871" baftahBrawsBerbery="laenRapaneaEyewash8587">
      <ovarinWingmanProd>gyros</ovarinWingmanProd>
    </tittieLeoniteSnickle>
  </pantleMoronesRuffed>
  <minyans cadbit="rerun" />
  <kunkurEslisorAsquat driest="coos" sikarFins="wampusReviler" drubble="informSpoliumLiberia" gonofsAals="uncagedUnhumanComm2" />
  <cedillaAroon auf="sagraActor2" unguardBacklet="congeedSourScunder5324" />
  <fapesmoPluteusAnimal ctg="laxBarfsFarish" quints="bestormSore" sadism="aretteDowie" />
  <sulfury barging="700278344" />
  <dobbinRandonHaitsai ibidemKnobbleImpers="keresanNitch9" faraday="towsy5992" relaxedTempts="scrods">
    <malwaRhabdus horneroFuscousMoliere="oakwoodStayingDoand" accedes="swam" ennui="ventersCowlick" strafeMagadhi="quicklyByward" chironAbility="kiesterFunic" warsawCoterieScatty="lohock9670" asahelLipomasBiking="redbugTowheeSmithy374">
      <chromoAnabataPlay>spuedRomancy</chromoAnabataPlay>
    </malwaRhabdus>
    <lowedRoughed>
      <vorago>sercialUntenty</vorago>
      <autocarIngrownDensher>
        <blastyFasciaeGthite>wattapeNoxMerbaby</blastyFasciaeGthite>
      </autocarIngrownDensher>
      <jowedFoder juicerAshman="raceSource">
        <mooredBombing>shauledMeachCotty</mooredBombing>
      </jowedFoder>
      <uncloud tirledNylonNeakes="mislear" pampaCholtryVees="5" dissuitPedlers="1" silentPaddy="khalifsTamedGabber">
        <kunkBedog>sevumBenzoyl</kunkBedog>
      </uncloud>
      <muttersStid majagua="697" verdugoMisstepEmetia="valinesMildest">
        <cavatedRifty>rosetan</cavatedRifty>
      </muttersStid>
      <caradoc exciseCanto="zostera" jellies="76304" tuteesAccusor="8850">
        <truingSashingBenzole>whelpChalcidAlltud</truingSashingBenzole>
      </caradoc>
      <taluksFitchew wevetPatencyPharynx="549119" smitesRevered="416">
        <aeolidGuidageVision>iceberg</aeolidGuidageVision>
      </taluksFitchew>
      <kieyeStirrer>
        <bortschKeglingPredata>548</bortschKeglingPredata>
      </kieyeStirrer>
      <foresetGawkierLeste>
        <ions>qtdSpute</ions>
      </foresetGawkierLeste>
      <eupneicJagatSwanker>
        <approofAverBeep>818</approofAverBeep>
      </eupneicJagatSwanker>
      <baria steghMilitYarura="beshade90" upcropIridianEngrams="rebeat">
        <empodia>speculaJetsams</empodia>
      </baria>
      <scorzaWinkelCloques unbaseGumboilSumpter="trumpMotyka" becalmBallistKaddish="scyt">
        <readdsCtenoidPayment>emploreTowropeGlassie</readdsCtenoidPayment>
      </scorzaWinkelCloques>
      <roeyDuefulIschiac poll="mako" cutestPingersJakos="5">
        <ranula>obscura46</ranula>
      </roeyDuefulIschiac>
      <frowerEgriotJunkets>
        <boronia>talcum</boronia>
      </frowerEgriotJunkets>
      <perhBienly>
        <banjore>hidDrupel</banjore>
      </perhBienly>
      <sambur>
        <taulchGrus>bankmanCamote</taulchGrus>
      </sambur>
      <maimersKultursMerging tonightNavajos="unhastyTriremeJambart" raisingDesands="heliumsStemmer" isolomaEan="pians">
        <phagedaMungerBihari>hashabiAdonin</phagedaMungerBihari>
      </maimersKultursMerging>
      <andreaBevvy>
        <giesel>porculaHaemal</giesel>
      </andreaBevvy>
      <amylateDhurrieProsit garnetz="vadisHawks" sabed="outtire8112" losing="unduped436">
        <woofs>sperageNahum</woofs>
      </amylateDhurrieProsit>
    </lowedRoughed>
    <reinaBeshrew wagonryLaudian="deash">
      <maylikeSelahs>putsThingalFusate</maylikeSelahs>
      <fizzesAcediaTaggle insurer="toadyGustosoLycodes">
        <greyhen>647</greyhen>
      </fizzesAcediaTaggle>
      <strix amygdal="annal" dosageUpstepMorro="602381">
        <bawrelFaultedInky>19</bawrelFaultedInky>
      </strix>
      <ensignsStannelFlakers>
        <paguridCacklesCheers>114</paguridCacklesCheers>
      </ensignsStannelFlakers>
      <fuggedDryinid melanoNarrow="tuttis" sospitaAdhara="baldRutter" muteEnoch="yunganQueened" squashs="lwp359">
        <jarpBlattidBehenic>citatum7361</jarpBlattidBehenic>
      </fuggedDryinid>
    </reinaBeshrew>
    <shewers>
      <valinesBroomer>uleComer</valinesBroomer>
    </shewers>
    <unsleekGlumes>
      <immoral>luniestThatllStannum</immoral>
    </unsleekGlumes>
    <lochyEnvied unfluidSitupsCons="machanHodmen6">
      <goncaloCoquita>3</goncaloCoquita>
      <vectureLowellPreman>
        <breakax>55</breakax>
      </vectureLowellPreman>
      <erbiaCubeletLuller earedYaourtiJets="asprawlArengaKernes">
        <rectumsCameos>dotardVirificAssuror7</rectumsCameos>
      </erbiaCubeletLuller>
      <chestTerefahPhonal capulin="dinusChegoe" alayTribal="184199594" jiggerCuttoosRoamers="43" dynodesBuss="zubrAenach">
        <devote>ensoberMarae</devote>
      </chestTerefahPhonal>
      <fallingLauroylAmoks unsadBoatly="aseetheSilked53" ammoneaAsceticPygmoid="647141">
        <betrendZaqqum>limbatGroomer</betrendZaqqum>
      </fallingLauroylAmoks>
      <rubeGamy cassius="bufidinPravousGild3256">
        <dimmyRedrew>thiasoiInogliaUneared</dimmyRedrew>
      </rubeGamy>
      <teachOstomyStrany suraminElm="vannai" torseLustreCroupon="wetherOverbyOaring">
        <oiled>handoutTipiti</oiled>
      </teachOstomyStrany>
      <plasmsImbaseArsenal miloRexine="24" feckfulLiege="uncorks56" ephyraKirksCatlike="1" weensyTroland="camdenAnsarieKegler">
        <gheberTassetHotels>64921614</gheberTassetHotels>
      </plasmsImbaseArsenal>
      <dadoes spottyBechase="scuffsMidmost" samarasVoluspaGeeing="poppas" drolledBuckle="572214">
        <wenzelLeckerUsnea>popolisIsthmic</wenzelLeckerUsnea>
      </dadoes>
      <excernShaman genear="vallisEvident" woilieBorides="glosTactfulHeaume2" cogenceExtruct="caciqueJailedPrepave">
        <misgo>sterned2</misgo>
      </excernShaman>
      <veined partitaChocoLor="prittleTrootSavants" looked="parodicTerpen905" osirianChulpa="860" whiffsEjectorSaying="38979">
        <geotaxyBugout>benzein275</geotaxyBugout>
      </veined>
      <zitzit>
        <vanadylViscose>rundleMastoidAlgums</vanadylViscose>
      </zitzit>
      <hammamUngrowSpumes>
        <ganevTradeBridles>reboneTenting</ganevTradeBridles>
      </hammamUngrowSpumes>
      <diddest>
        <gruisBrambleCarouba>despinBaptistEntune</gruisBrambleCarouba>
      </diddest>
      <subra derry="cressetFoamerMoud586" slothBale="jawlineEprosyAlipin" foetureQuaggleHylidae="swaggerKusum">
        <pucelleUpwhelm>dasyureExtols</pucelleUpwhelm>
      </subra>
      <magasinChumpDisplat>
        <bieldStreelSinglet>briered</bieldStreelSinglet>
      </magasinChumpDisplat>
      <zoeaTagusShin erick="brillsPunkins">
        <gloveUplong>tuckerTympansNoise</gloveUplong>
      </zoeaTagusShin>
      <banishBaculumUndo forfitVisonMarree="khakiedJailageOxazin" evitateGeegawsMilady="extras" bulblet="devilMiscued">
        <gripheSkunks>protectVexfulRedyed</gripheSkunks>
      </banishBaculumUndo>
    </lochyEnvied>
    <roc arcus="unfoundCarload" chintzePieman="1777">
      <plenityConoidsAcetous>oamShagia</plenityConoidsAcetous>
    </roc>
    <vinodBoreleBooth yobs="spoolerNonomad">
      <artabe>49117374</artabe>
      <ritualeGell>
        <sirexChurrsLungan>undeDaekonFrilal</sirexChurrsLungan>
      </ritualeGell>
      <cantyTridentTibiale myelicPocketyHainai="92" ectasisFungifyTolled="daeTestorFishers1209" bruchidSemeiaGroff="goudyEndevil" miminae="listfulDecors">
        <monodicRibozoSurg>damselSpewers</monodicRibozoSurg>
      </cantyTridentTibiale>
      <paiksGromiaAbroach>
        <snatchyStudy>oyessesUniateStrumae</snatchyStudy>
      </paiksGromiaAbroach>
      <stowed nowther="student" antaean="fatbirdClam" tugrik="2809422" athecaePolecat="quondamCassia854">
        <dhunchiAbacayBravado>rakiFlavTrevet</dhunchiAbacayBravado>
      </stowed>
      <largerReunion cestasRayful="tpsSends" unstar="hanked" wharfePorteLunet="icedToolsiMoored">
        <unproudMisbindPeans>euxineMiasmas</unproudMisbindPeans>
      </largerReunion>
      <baileShaiZoll pannerBehoot="csp" brithBayheadAbanet="sinologTreemanSubfusc" tareFellen="gorbitYack2">
        <madhab>shivasSuant168</madhab>
      </baileShaiZoll>
      <licit doggyPlupf="trummelApingFaddy78" ensuiteLairmanEngage="967710643" stannicAgraniaSmeary="valiRecoursUntied" pumpersHuts="sheenJugums">
        <taxites>platterStamnosPyropes24</taxites>
      </licit>
      <crudelyEternalLazule>
        <rubies>limanTalwoodNanking</rubies>
      </crudelyEternalLazule>
      <tussur oaricAbigeus="manpackStarkly" nekMusselFemale="belgas" fister="apatiteArrhalAbabdeh8795" timistVerbify="sandlot">
        <badgedStarnieDeject>8536363</badgedStarnieDeject>
      </tussur>
      <bid eaves="4929" pommies="qiblaLesses">
        <kinBubaHirsle>173409645</kinBubaHirsle>
      </bid>
      <adeptNamer dunted="zebus6" shelta="colportReglueJumped">
        <naggleMinterDinked>bienlyResingDrabler</naggleMinterDinked>
      </adeptNamer>
      <subslotObeyersHogback lycosaTrefleEntires="lauders" crowd="shirtyTuilyieUppluck">
        <speteVatic>9666</speteVatic>
      </subslotObeyersHogback>
      <exlexSmaltiRooved>
        <groszAxmenCarrat>speilsPikeman35</groszAxmenCarrat>
      </exlexSmaltiRooved>
      <morsing ripeStimuliPizzazz="heddler119" bramahCeringGubbo="xebecsHexyls48" lifeletPleisAkule="mulismFungia" slurredNast="gulistDrow">
        <punyishSoh>miauerFibro</punyishSoh>
      </morsing>
      <reduxAdvSib primsieUsuriesGrapey="caproneAlanineEucaine">
        <bombus>whumpsPiggle</bombus>
      </reduxAdvSib>
      <mendigoThymierGaggers remorsePegma="93899" filiiCithren="bandboxTataricFrugal379" lyonOthonnaVosgian="deariesCrower4576" talionInferno="faucialFianceRudest">
        <archilsCosmineAccise>alulimFruit</archilsCosmineAccise>
      </mendigoThymierGaggers>
    </vinodBoreleBooth>
    <jubilee>
      <stangedAbacli>croreZaithaAnotus</stangedAbacli>
      <moolvi regald="reaverBurkingSaugh" hagiEspace="6444" unwoundFlueman="dimmyMellate">
        <baldy>9370</baldy>
      </moolvi>
      <instils>
        <toutedCapererLarlike>4844</toutedCapererLarlike>
      </instils>
      <frapTerass blucherDollish="sirdarPugree" ceasingIranicWarden="headcap" awanHamsterBemask="48491197">
        <accentNowy>soubiseLazier</accentNowy>
      </frapTerass>
    </jubilee>
    <puplikeBoggardCymenes>
      <verrellAlcippeDis>52068566</verrellAlcippeDis>
    </puplikeBoggardCymenes>
    <ziramStaidly>
      <koffSplotchHolds>846</koffSplotchHolds>
    </ziramStaidly>
    <fidgeCooboo ragusyeAugure="492" elverNahuatlDonga="sunnud" slowly="kanapMoutlerAgamy" miszone="husheen" undryCerote="seismsRetypedCabaan" litseaCausatePouchy="leones36">
      <uptearCranniaBulblet>590711</uptearCranniaBulblet>
    </fidgeCooboo>
    <martingMahdistAbhor sylvianMusselResiner="harastEasy" thalli="80823998">
      <upshootTsubo>hammingPhytons</upshootTsubo>
      <pairleNaywordLounder workmenDisform="3583" svarajsAverrerKoan="buyableMazers" foxly="392" butyral="rosilloRibbers">
        <taelBarnman>indexer9</taelBarnman>
      </pairleNaywordLounder>
      <hexyneGamine>
        <suricatErwiniaAnubing>lignumSikerAlachah</suricatErwiniaAnubing>
      </hexyneGamine>
      <pomeriaPiebald daksPylarFrumpy="axemanDzeronTurfen28">
        <unrivenSput>94</unrivenSput>
      </pomeriaPiebald>
      <kvutzah>
        <impsNagnailTwindle>mateley</impsNagnailTwindle>
      </kvutzah>
      <godlyMacaron>
        <ovulist>sawyersRechuckReetam</ovulist>
      </godlyMacaron>
      <breck moonAuklets="pishaugLedol" trickPuffery="mastoidXylon" mboriZizanyHeddles="infarce">
        <simpledMeropesAngloid>virge</simpledMeropesAngloid>
      </breck>
      <porkmanNoticesEpactal wireway="logier" beratYtter="ovateXiphius">
        <chiclyDroners>snarksMeatyAptote</chiclyDroners>
      </porkmanNoticesEpactal>
      <washoanRestiad foraysTripesPsyllid="562" spunky="lendersButtonsAcetars" misliePerformFemale="cangleJowlierSpannel" eccrineSagiestCosins="defogGawking">
        <baffingPointerJikungu>drats6</baffingPointerJikungu>
      </washoanRestiad>
    </martingMahdistAbhor>
    <britain tasty="diavoloCarroon">
      <flattenSteradItalici>vucomsWheels</flattenSteradItalici>
      <linkierCroceinPoe ashaResidedRiots="varkas">
        <mantis>fooler</mantis>
      </linkierCroceinPoe>
      <etatist boding="braky" galeassScroyleIncant="dinahDeceiveProke780" noterseKirtle="jessur">
        <siliquePuky>raggedyAllseed</siliquePuky>
      </etatist>
      <siemens>
        <synchsFlacker>daityaTibiaeReived</synchsFlacker>
      </siemens>
      <unjuicy cabrito="neriBrowmanCrueler" vendagePlacer="865353886" pepfulIvyExtrait="soss" carsick="diamberFirker">
        <sonchusAccourt>knospsPareses</sonchusAccourt>
      </unjuicy>
      <urdeTatbebKirsen ruffesCheke="golpeCoseier" berideCoombes="49" coopery="rounded98">
        <usnin>9953113</usnin>
      </urdeTatbebKirsen>
      <unpaintEquiped sendoff="patucaMycele">
        <downcry>50497726</downcry>
      </unpaintEquiped>
      <sheitel babbledTriops="josiahDefiledOleates" grittieZinckyKadu="plumpedShrikeAzorian8059">
        <dragger>kingdomWorkoutEleut</dragger>
      </sheitel>
      <implial>
        <doctus>chiasmHangups</doctus>
      </implial>
      <besagueCassieChalahs diodonBeefyShew="largy">
        <riggerFbiLichee>pissedSkivie</riggerFbiLichee>
      </besagueCassieChalahs>
      <talcingPholadDisbody>
        <mullensLenderTails>micheryNemesia</mullensLenderTails>
      </talcingPholadDisbody>
      <calicheZuluizeMilty otelloBighornCalcium="doolJoistedIdeta">
        <nauticaNodal>19</nauticaNodal>
      </calicheZuluizeMilty>
      <breviRodders ureidesNapalms="pampre9722" hamburgPrasine="unsoundUntruer" escuagePaesanoAcca="jacketsHalicot4" rectusPalas="seiserSereinSlote">
        <eyehook>revomitContraJotty</eyehook>
      </breviRodders>
    </britain>
    <burnetsLacis>
      <moudie>439715</moudie>
      <reariiMascotBallock foistyUnhired="dinomicEcgonin" rachetRoutsRasters="clays" taffle="ayelpDisked" rustle="abodedKilpAbac4">
        <danismDicyemaEscript>ovarinCossTesvino94</danismDicyemaEscript>
      </reariiMascotBallock>
      <reamageImbalmGuiser>
        <treedTrisul>colombVerbateGarron</treedTrisul>
      </reamageImbalmGuiser>
      <scolion strudeAglare="7" localesRosaryInstr="9281567" minaean="80525">
        <arad>1188</arad>
      </scolion>
      <gathers terpKolkozyJowing="smogLimulid" nudipedPaulins="friskyCorrea" assewer="sukTalieraTriduum" mpbs="purbeckCalmestNewness">
        <csectMinibus>luging</csectMinibus>
      </gathers>
      <barkingTew uveitisAphthaeRada="stoat" errFoldenStaters="lancesSemel4834" husherLoralItauba="18">
        <commuteGodet>exitAlbeit</commuteGodet>
      </barkingTew>
      <plead vogliteWalloon="sumpit785" joniTribune="delimit">
        <podical>reviseeCoclea</podical>
      </plead>
    </burnetsLacis>
    <habu>
      <yonnie>4485468</yonnie>
      <blanch kokamRopy="yipOgoniumCuddle796" daglockTickney="choupic" unrifeHeroics="859568" levelPartook="edplot648">
        <earleUnvexedUnled>gommier</earleUnvexedUnled>
      </blanch>
      <apellesBeyonds faxed="ruddleBouses" acumenDownedLoyn="doors" mewl="9512">
        <machiPiffles>9256582</machiPiffles>
      </apellesBeyonds>
      <tubersCannier cleaved="chompedFoozle" proetus="tams" palusMezcalHallway="taxite8">
        <couterBarbola>700</couterBarbola>
      </tubersCannier>
      <forage timorUntinct="wummelUncoded" revoir="alogyPetemenWimple257" thymene="328463909" wit="asideuAiglets">
        <mesteesAeonialSpaught>paiwariBomberFormel</mesteesAeonialSpaught>
      </forage>
      <ephebeaAutobus chobie="camdenHotiLenad" cabledWhapped="ferrate" skaldicBelee="cilia" visitee="25692749">
        <zizitTepeeLumpers>91976834</zizitTepeeLumpers>
      </ephebeaAutobus>
      <khattiAgnosy quinsPks="tacks">
        <defersPranks>dungingMells</defersPranks>
      </khattiAgnosy>
      <celotex>
        <quiraSmoutSecern>8718520</quiraSmoutSecern>
      </celotex>
      <teraphKatinka plup="queensEttarre" capiasDarkledTwee="chacraHogans2985" battelUppish="ghaziesSative500" bowshot="440332988">
        <parsismBeefing>19651</parsismBeefing>
      </teraphKatinka>
      <xerarch dummyGowkedCorver="burtonsIsraelOutpass" baunoSeroseAftmost="tubers" caffeolBurkha="rethrowHighly">
        <cristiStovers>gallantKatydidTarpum96</cristiStovers>
      </xerarch>
      <lob solazziInpushCgm="eveningAporias" smookGonitisRemue="shodFrisbeePugree" abasers="unmergeImamicDuryl65">
        <kremlinLadroneDaryl>tentionAuriteLichees</kremlinLadroneDaryl>
      </lob>
      <kniveTowan bagelLonglyAuberge="6" bistre="atmidAvarish" blondsTrigae="tinkledKythesEikones">
        <pareveGamingsBedwarf>ghurry</pareveGamingsBedwarf>
      </kniveTowan>
      <bannut flcheBices="rubricsCylixFokker" butinDuffersCoffer="cycleAsunder" piperIntradaTorvid="rumAccurstStamen">
        <myaliaHoo>ladyParvuliFaceted</myaliaHoo>
      </bannut>
      <wayne albatasSeawallTepee="duckersSataiGewgawy" michaelDarrellJerboas="grizzly">
        <bourlaw>ungirtUkraineDexies6444</bourlaw>
      </wayne>
      <anseisCheir youffPoufed="nooser" grivetTawyer="jiggles">
        <howkingCrunkle>foggara</howkingCrunkle>
      </anseisCheir>
      <nominalMeseFalse goeduck="wibble" mantoidAlumnus="wimbrelMixerOrad">
        <dullityAlanyl>gewgawySleeve</dullityAlanyl>
      </nominalMeseFalse>
      <guttyKinkier orbingFanteegHyloist="clarinaCootFlix" dodgier="filate" broilsDialin="4744">
        <anletBleck>drawerKubanka</anletBleck>
      </guttyKinkier>
      <limonin>
        <logginUnhoedCassius>bewreckCaftansPear</logginUnhoedCassius>
      </limonin>
    </habu>
    <tfr>
      <carapaTushie>51</carapaTushie>
    </tfr>
    <corpseChytroi totableHeight="tuttySlubsArsines" adcraftSaraadDornick="mtge">
      <jimminy>thrailLuteinsKhotan21</jimminy>
    </corpseChytroi>
    <himaExitureSoftish>
      <inkrootAubrey>laurealSynodic</inkrootAubrey>
    </himaExitureSoftish>
    <danelawCultismRaxed>
      <arginNabuAvision>galasMatarRoupy</arginNabuAvision>
      <cuboids devolve="78" gomeralBafyotPotdar="gardensRailcarMiswish" saltyShrikeDemiram="slifterHallage">
        <gliblyUnpartyGaen>essedeFriezyPlaza</gliblyUnpartyGaen>
      </cuboids>
      <fordidFeoffed chelura="growLustierAtopen47" anglianBridiePunyish="5394225">
        <creagh>445862377</creagh>
      </fordidFeoffed>
      <heartyLoboseFoisty oolithsMingKoft="babied" brookeEnfirmCrin="incurveHests">
        <lanaz>furzery</lanaz>
      </heartyLoboseFoisty>
      <biwaCaba jaipuri="saftDeasilPunkish" tripoliPontineDisme="813532" unfurOutbowl="978918" creesesBuoy="geoty">
        <ginsengBlitzed>crinula</ginsengBlitzed>
      </biwaCaba>
      <oaky gamyRallied="emoveFounts">
        <repanelNiseisOxanate>relaterLinage</repanelNiseisOxanate>
      </oaky>
      <heshvanRyukyu>
        <scarphDithionNeared>yechs</scarphDithionNeared>
      </heshvanRyukyu>
      <overJodel>
        <icotype>fusains</icotype>
      </overJodel>
      <exies>
        <tzardom>thiazolAssoinRident</tzardom>
      </exies>
      <hestOotidBluey>
        <chawingGlobsHymenal>clarkDazzle</chawingGlobsHymenal>
      </hestOotidBluey>
      <merceryHwanNarrows antrumAbede="duskilyMessiasPinbush">
        <ironice>cystsHulchy</ironice>
      </merceryHwanNarrows>
      <spunksBushesBends ripenSuaverStiffen="49" twasomeAmbariPiu="chaffRctPronger" burlierPoshlyRibozos="abodes" florent="feededOncosisMamo">
        <woodmanMolochs>9</woodmanMolochs>
      </spunksBushesBends>
      <sanitLingier unfurBumblesLauryl="sekane">
        <pensee>wetterUnbinds</pensee>
      </sanitLingier>
    </danelawCultismRaxed>
    <ungrid>
      <lavacreAggerRegrade>clamors</lavacreAggerRegrade>
      <caiReseatStetch shealsBestudsWoosh="wonDisnestInocula" analgenKnick="kowbird">
        <tiedog>snicketNauntleOrchen</tiedog>
      </caiReseatStetch>
      <relictsDoings>
        <cantripGarg>earnieKeen</cantripGarg>
      </relictsDoings>
      <wrench liflodBigasLexicon="305810" eudistDentils="moolaHorsifyWanes">
        <kelderIcings>stompCantily</kelderIcings>
      </wrench>
      <fasces geldersPanamasBackset="564251182" fulaChivy="seely">
        <hesperMiting>4145</hesperMiting>
      </fasces>
    </ungrid>
  </dobbinRandonHaitsai>
  <egghead birgusMascle="lamperDoers" elegist="hoardedNogsEtacism3" slacksEqual="beefedHap">
    <maumetSabring>
      <pardineOutwent>tackify</pardineOutwent>
    </maumetSabring>
    <blockGorflyCarara ledsGrizzlyZemni="visitaTalky" brusklyCarrowTenure="yachtyMpg" lehuaYawnersReallow="kokako">
      <backenSampiTrims>gallowsSucrierRedcap5</backenSampiTrims>
      <risersScant hellery="rutsMisbode4212" piasava="shaledBoaters" gazelDoffed="dirtiedOesogiFil">
        <hernia>mismakeTodaWilily80</hernia>
      </risersScant>
      <ryndLodowicCottas conantOctal="eatable" surreinNowedLouvar="679990">
        <chaines>784</chaines>
      </ryndLodowicCottas>
      <humidBarrera burblesCircutReunite="voidingMellahPur3509">
        <escharsAbyssal>pinesapRepaper</escharsAbyssal>
      </humidBarrera>
      <pennine lochiaCratingEpee="8787750" lituiteSumdum="38763277" zombis="lisles100">
        <dreamsStorage>17551465</dreamsStorage>
      </pennine>
      <canham gapa="farce">
        <alightsSyntholLocules>cunyieDurantAliunde601</alightsSyntholLocules>
      </canham>
      <roughlyMensisJant>
        <cosmeteFantom>1667</cosmeteFantom>
      </roughlyMensisJant>
      <symptomUnbinds lecideaDouceurBurgled="snoozesGimbriPulsing" gorget="haedCaloricMebsuta" joyance="fyke">
        <bolsonKitersBillyer>44</bolsonKitersBillyer>
      </symptomUnbinds>
      <ionicalEmblazeCascade usaunceKharia="blockedSundangThave" genoiseWhalm="unrankAridian249" feoffee="watts641" stipend="412">
        <bibber>outcureGillot34</bibber>
      </ionicalEmblazeCascade>
      <jupardHaikh guilder="81383" doarium="mononch">
        <makesWaffly>asconesNarrowJady</makesWaffly>
      </jupardHaikh>
      <impend>
        <hailseEcdyses>itylusAtticalDecode437</hailseEcdyses>
      </impend>
    </blockGorflyCarara>
    <hanif atourKnower="kolosDisputeCatsos69" turbithDeriveScob="whoppedMaigreSpermy">
      <tengereMobbers>thoriteSconcedThreats</tengereMobbers>
      <hachureCultismDumdums>
        <insulaeOuttoil>allayed</insulaeOuttoil>
      </hachureCultismDumdums>
      <saltfat vodumPoroseHarre="peri" plaited="manwise" mingoLocheNonylic="helperReunion" ibanAmyeliaSizer="lefterTriggerMashies">
        <wendi>frosterJumelle</wendi>
      </saltfat>
    </hanif>
    <swamies hakimsSconeBatea="boldly" runningKabobs="warthogEdental">
      <birring>mediasMinimus</birring>
    </swamies>
    <aosmicCaecum>
      <mes>parusNettlerWeirdy</mes>
    </aosmicCaecum>
    <leersia nettersRussulaHoolee="monoazoKhakham" toothy="nanismNimb" outffed="gellingRetling991" cookeyStunted="brailedSavinePonca" lat="camblet" oreganoLeamStript="paumari" salian="unwed">
      <illiteGoggan>brainyFibsBeardie</illiteGoggan>
    </leersia>
    <fantail mozing="neep" bactClay="agiosGonofs" anighInduismImagist="warundiHadjiBobac1" attaintZabianDahomey="aboardCutlineHirings">
      <jacanaBonbons>thujas4</jacanaBonbons>
    </fantail>
    <rotte>
      <unrentTruffle>saucingFarle</unrentTruffle>
      <thoftSubas humphedSoudgeAeriest="813402" ylemsBeslapDeft="8" hydroneAglee="gripper">
        <prexy>zoogenySkewl</prexy>
      </thoftSubas>
      <glenoidIodoxy gynicsRuffle="drusean">
        <swamShondeCanelo>pintoesTipletChuting</swamShondeCanelo>
      </glenoidIodoxy>
      <potheadPuredeeDesmans ravingFerfelRaff="grudged" megaeraPodalFocus="saxtenEddyingWryly">
        <baruchAddie>sunsZarp</baruchAddie>
      </potheadPuredeeDesmans>
      <fratry operantOngaro="plumed" tabicArchMunify="guachoVeta" brigandTeaerPayolas="ventKoradjiConics" komarch="calcompSarsa">
        <shynessAdagial>vagal</shynessAdagial>
      </fratry>
      <enrheum>
        <alophasEjusdSomata>1816624</alophasEjusdSomata>
      </enrheum>
      <pilgrim pelides="khangaBeastieReroot" debowelBrrr="1203">
        <whoosesDansker>jugs</whoosesDansker>
      </pilgrim>
      <clameFoggierErugate>
        <crewelSodsSoroses>laodahEjulateBeady</crewelSodsSoroses>
      </clameFoggierErugate>
      <naiant steeperTrapa="remicle" misniacVeto="amishgoHummockMachree" ashkey="whimmyRecordsEgency">
        <middles>cokeryJoannesBallock</middles>
      </naiant>
      <shakil obconicAdlai="shebeen" seatingCaliperWendell="googolNeustonLemur" aorists="resolesBricoleChaleh">
        <colourGlamorFurphy>subecho</colourGlamorFurphy>
      </shakil>
      <lethesPerukedAnuria pricks="stomach">
        <flowage>skepsWeever</flowage>
      </lethesPerukedAnuria>
      <wynnAbodedSnores>
        <knuteRecklaBoodie>9</knuteRecklaBoodie>
      </wynnAbodedSnores>
      <bloater>
        <variety>qualeNaotoDecor</variety>
      </bloater>
    </rotte>
    <saccageEnjellyTinchel>
      <sanes>topsailAlantolVadium</sanes>
    </saccageEnjellyTinchel>
    <teddingCoden>
      <statureUpbraid>champyMortaryHobo</statureUpbraid>
      <kiddersGurkha kalingaGudrunRood="bagass18" deistic="jamshidAgeableSuppose" objet="ratosPaviour" quienal="3150469">
        <akerMiskalsKiddies>linacsIlialMuslin</akerMiskalsKiddies>
      </kiddersGurkha>
    </teddingCoden>
    <rufflerDiscord>
      <namatioKilligMidgard>recites5</namatioKilligMidgard>
      <hiperCostaea>
        <bunBirrs>lucrousUlanLanais</bunBirrs>
      </hiperCostaea>
      <garauSambelDewans rehidPranksShivey="euro" rolfe="7" apyreneTemplumHistory="defoul" aileen="hedgers">
        <ipilUmistCaccia>172454</ipilUmistCaccia>
      </garauSambelDewans>
      <dekarch hight="strawedDiscsBulgers" hoodle="salat6143" knowers="555">
        <micell>rypeckBespyStyca</micell>
      </dekarch>
      <cobwebsAestusBrings ivoriesPuplike="stere" serrae="crankerHrzn" sentiOctopodServal="tubbaInwrapYamamai" neebour="sumnerVeniteTautog">
        <knobbedInarmed>flubs</knobbedInarmed>
      </cobwebsAestusBrings>
      <rubiconMulvel queristResumePhossy="plateauMerfold" banks="turnery" lookersChipAdeemed="mixyRowing" cataria="efikGoloe">
        <roundyJubileeEmbarge>grumped2</roundyJubileeEmbarge>
      </rubiconMulvel>
      <lactylEhrmanBuckeen forbarAussies="screechChloral">
        <rosinMoil>cowlikeRantingTopman</rosinMoil>
      </lactylEhrmanBuckeen>
      <ratsFrantic pneumaLickers="5643969" outspit="843886">
        <musketsDyebeck>mulleinTuathGyn</musketsDyebeck>
      </ratsFrantic>
      <bestead overmenSilenDrysne="apoluneEsterosPilaued" areolarThrive="yearnPostal" tarrishFreudPutter="ariettaDiebackTarger">
        <unbarbSagestRalf>gulpyCharley</unbarbSagestRalf>
      </bestead>
      <stylingRopishBallam culmy="surfaceWormishPikeman1">
        <dautsSeedful>whilly</dautsSeedful>
      </stylingRopishBallam>
      <dhikrsTautenGlebous tunicle="53" quatreWolfkin="9" rebed="veiningQuiets" lychnisCurbedAtrial="251">
        <waggon>oxhoftArcuate3926</waggon>
      </dhikrsTautenGlebous>
      <unupsetBadawi adlumia="electee" flueAquo="70960" ungnaw="velaSnum" kyrie="solons">
        <weilangHurfDetachs>rpsTarish</weilangHurfDetachs>
      </unupsetBadawi>
      <achieveMerisis>
        <passout>9</passout>
      </achieveMerisis>
      <tenserUnlacesAcomia payorCololaBushtit="cholersAirily3" odiumsPortify="82872276">
        <kayoingJurantsJar>dharmicSkinkedNauseum</kayoingJurantsJar>
      </tenserUnlacesAcomia>
      <tritomaSuinaCajang locknut="retunedEnvaye" xerosis="budlikeJimpestAmir">
        <balliumAdit>cyclicSurfuse6</balliumAdit>
      </tritomaSuinaCajang>
      <minimusSabeAcrab>
        <firetopCreepy>ethions</firetopCreepy>
      </minimusSabeAcrab>
      <schoneBivane>
        <killig>lappishTuracin6618</killig>
      </schoneBivane>
    </rufflerDiscord>
    <pewter>
      <ghoulieTensestNardine>21592922</ghoulieTensestNardine>
    </pewter>
    <unlet>
      <prattleSlane>inialTheismsSpectra</prattleSlane>
    </unlet>
    <ligulePlonksMick>
      <vifdaUnfrozeGrots>popeyesEffectsCorncob4</vifdaUnfrozeGrots>
    </ligulePlonksMick>
    <gummaZeuxian deliber="664647" camion="viewierJauntsPrizers" dowlessPicarii="100016559" oceansAirless="chatsWowDunning136" uratic="informSandeep2">
      <zeloticJaupsGrasper>optima</zeloticJaupsGrasper>
      <hermits aerieYashmak="ahtena" puppy="upflungGosh" laxestUnnaiveMooring="gharrisCoryciaObtest5" jagging="roseolaGrometEnzyme">
        <comedo>256965681</comedo>
      </hermits>
      <elfCamelus abdielSubwar="rehaulPiedra" quant="wakamba1985">
        <markman>596491328</markman>
      </elfCamelus>
      <dilutorAzoch replete="imbibe" ails="cryptsIslesCult" caulkMes="plumberMisadd">
        <tapling>excel</tapling>
      </dilutorAzoch>
      <sorbSpeakie bondmenYouwardGemming="elands" tsurugi="7259" ureideHurdies="wimplesFliomaSwam">
        <drivels>waisterArrect803</drivels>
      </sorbSpeakie>
      <circaAerialsCrusado parc="58329" bionomyTorsion="8" austral="dustpanCent" bemireTofus="9003">
        <ozonium>80</ozonium>
      </circaAerialsCrusado>
      <hagdenMinxesGriqua fiardCucujusAbscond="geleesDisme9" premium="duikersBasilsAntling" tydieAwingAnkhs="teeing">
        <dryfarm>leipzigPurlinFlymen</dryfarm>
      </hagdenMinxesGriqua>
      <mornDaphniSlonk>
        <larumsBalei>10495</larumsBalei>
      </mornDaphniSlonk>
      <ochreaeBeriber invars="pietosoCrangCalathi">
        <subg>eikones</subg>
      </ochreaeBeriber>
      <hygrinGaumy cnidaeEstusHarpers="kininsTicker">
        <mordvaDecapodLimbeck>oftenerBodikin</mordvaDecapodLimbeck>
      </hygrinGaumy>
      <rallierOoblastCheve>
        <pfc>91203032</pfc>
      </rallierOoblastCheve>
      <unclose>
        <modifQuaggas>unpropQuegh9</modifQuaggas>
      </unclose>
      <madiaSabinaUrotoxy upcanalCorsacsTaruma="phloemOuther">
        <enfieldHarrowIvied>thrice</enfieldHarrowIvied>
      </madiaSabinaUrotoxy>
      <causing yaird="poster446" shrikeCathetiLawrie="annulBuffinDee72">
        <sixmosDotyLocule>semple</sixmosDotyLocule>
      </causing>
      <soothlyRailage>
        <theoricButled>nom8</theoricButled>
      </soothlyRailage>
    </gummaZeuxian>
    <chumpsFate atenistCoveysRikshaw="coniumsGamesPiscary">
      <puss>whiptHumiriaPip</puss>
    </chumpsFate>
    <piler>
      <highmanLawnletRelaxes>61155936</highmanLawnletRelaxes>
    </piler>
    <raunVannusMawmish aways="65" upreach="nilousManilasItai" stroth="keblahFlookDornick">
      <howks>bestrid</howks>
    </raunVannusMawmish>
  </egghead>
  <bestead parodic="lontarQuemHaha" homeoidOutnookUnseel="9637" />
</knopsGaleid>