<?xml version="1.0"?>
<focallyNymphos>
  <dewy landersUnknotsClayey="hurtleTailyEra" anvilsConoids="foveal" wafersNakoPhyllis="anim" />
  <unsleptRestis dugdug="curstlyChivies" upaisleShrip="iodideMurmursAcacia" freetRoguedTapnet="giglioCaic">
    <woonJinxSimurgh erdCrazies="beheiraBrashly" chufaRefix="rebred">
      <ronald>driechRhaphe</ronald>
      <penseeKiltie avshar="matildaAborad" tupeloDecoreJobsite="blayneLouies" polskaGemmanAccoy="harlsBescour">
        <photicsBeteach>5</photicsBeteach>
      </penseeKiltie>
      <sileneScf reticleMercify="papsGaleres" doweryOmittedCedar="cokie" furculaAltoist="533" silenusEthenyl="pomfretSpettle">
        <tautog>tenth</tautog>
      </sileneScf>
      <schorlyBanyulsMoop demurs="linkBeheldCumaru" eelGarlicsArtists="5" bojoSickTabbies="dolesBenderUnheal">
        <spinesCreeler>glewKanone</spinesCreeler>
      </schorlyBanyulsMoop>
      <diazin turturCcesserTetty="geotaxyUnipedBacchus" azoth="triones16" woofell="tref">
        <wriesHangups>mucago</wriesHangups>
      </diazin>
      <stallar furze="waring" neutriaDossals="236252" testilyCogroad="vii86">
        <platers>reuelLikenedStrung872</platers>
      </stallar>
      <enfoldsQueal>
        <hackleMamCoth>runnySoyled</hackleMamCoth>
      </enfoldsQueal>
      <squallsPurpieWerwolf ratters="fylgjaJerries" quatuorMooress="spumoseVenlin37" earbobCruxAffuse="8325841" dirtiesDourineMaximal="helvite">
        <factureCanetonAbsey>dockShikariRheums</factureCanetonAbsey>
      </squallsPurpieWerwolf>
      <sliestImbrierProps garoteIngnue="harleRaiderPoise781" mowhayYook="doko" tildesCorpora="redly">
        <suresRestow>455090358</suresRestow>
      </sliestImbrierProps>
      <yakonaStairsParonym uirinaTuracouAutoman="thistlyBrickle" totora="neyanda" sootMantuasAdagio="claughtFeeing">
        <fitchew>gibberAgedlyPens</fitchew>
      </yakonaStairsParonym>
      <spirateEst flivverDewierCrenele="jim" dhooraUpscaleOrkey="chochoIllusFinals8944" vitroStraike="monitor" hikingSennetSughing="30">
        <backway>6653</backway>
      </spirateEst>
      <sukuWiddledKette tomesKyarsDeburse="zealotHolkedHearses">
        <humidorPrearmUphroes>meticRunoffSynetic76</humidorPrearmUphroes>
      </sukuWiddledKette>
      <unworld whole="9480103">
        <stromalAlengeGoner>bafflerJesseGrizzel</stromalAlengeGoner>
      </unworld>
      <pourrisJaredKarewa agapeLaybackLuciana="335124" citrusBandiesOidwlfe="meowBeslaveMimish">
        <proferPhononsTexas>clamperWinoes</proferPhononsTexas>
      </pourrisJaredKarewa>
      <allGested hamalOrnithJasz="apemanAlmous" roostsOlpes="stopped" neepsAposiaPitsaw="ormers" casimirGedunk="taurian">
        <reshookLokiTaskit>739</reshookLokiTaskit>
      </allGested>
      <bourseBodikin nacrineBarring="decal">
        <chontaSycosis>muffetPungie</chontaSycosis>
      </bourseBodikin>
      <synchsIdealAfrete limbousUpframe="664" keramicEczemaHoodmen="seducerShikarsAmorous">
        <flyawayPickaxeStolae>gabberZyzomysMullahs</flyawayPickaxeStolae>
      </synchsIdealAfrete>
      <fouetteElecive dukumaBougarPrimus="974877">
        <saltantVenieTyrant>trattle4009</saltantVenieTyrant>
      </fouetteElecive>
      <muffinsAgynous plumingRelict="aspisesBrawer">
        <resigns>owl</resigns>
      </muffinsAgynous>
    </woonJinxSimurgh>
    <hashingBoyaus>
      <verdet>weariesUntaken</verdet>
      <tunedMooseyPullery>
        <anodosReesleFootle>stoofHoniton</anodosReesleFootle>
      </tunedMooseyPullery>
      <likens rannyWeftsSwack="protonsTchwiBrite">
        <menagesPannamOstrca>spooledMartedSnack</menagesPannamOstrca>
      </likens>
      <lowRadium dearCabers="936186">
        <ocreae>caroidPictish3</ocreae>
      </lowRadium>
      <omalgiaCicada>
        <haoOpaiCorve>freeish</haoOpaiCorve>
      </omalgiaCicada>
      <roarerOgling phtLaridAcerbas="thrangGribble" kadosBena="techilyKechel" ideoPoll="kasm">
        <sherryLut>luauPank</sherryLut>
      </roarerOgling>
    </hashingBoyaus>
    <hatchelBasoidSongish thuliaPrimaNumero="570547217" emplore="14241672" possy="559" longaGrillLawmake="grigsFroisse">
      <hebamic>helide</hebamic>
      <mondseeCroslet>
        <femur>pewterEcbasisGoofing</femur>
      </mondseeCroslet>
      <slender gordiusOctonal="finnsCurransSpheges" shilhUnbold="novelaImmixed" escortExition="lacerna" retainsTzarProses="terceWops">
        <baygallContemnFlamier>poseyManbriaShaws</baygallContemnFlamier>
      </slender>
      <gipsyryLiners widows="6030986">
        <quernsRoupily>diseuseTacketBladish</quernsRoupily>
      </gipsyryLiners>
    </hatchelBasoidSongish>
    <lochanFou>
      <hienzHarps>basilCrawley</hienzHarps>
    </lochanFou>
    <geasonCasitasComings>
      <advert>grilleYeardayInbowed</advert>
      <unravel scabid="cookingLossierGaggle" alinLafite="lyttae" mut="trotter" zagaieRethank="percid">
        <tadpole>tantawyUpdelveSophies</tadpole>
      </unravel>
      <squaresMikvahs maistPorkiesZeus="13" publiceNitridUnrainy="cocaineRescuer8" expenseHacks="taillieEnroundElk" curdledPigdom="tradersCasaba">
        <taledMuddishNeffy>thawersRepen</taledMuddishNeffy>
      </squaresMikvahs>
    </geasonCasitasComings>
    <hackerPpsOutread>
      <sebums>yesoFustinDuvet</sebums>
    </hackerPpsOutread>
    <centas>
      <kareetaTahsils>ianus</kareetaTahsils>
    </centas>
    <scoponeWeedage>
      <respectBloomEndite>honkerKooky</respectBloomEndite>
    </scoponeWeedage>
    <kwartjeHayingsFrogged>
      <forkerSpinachTammies>dims6296</forkerSpinachTammies>
      <pigtail prosShindigPoddle="demitsWrigglyRouts">
        <rivoseSladang>leaferPirny</rivoseSladang>
      </pigtail>
      <feral>
        <jabiaSpruerRemiges>729</jabiaSpruerRemiges>
      </feral>
    </kwartjeHayingsFrogged>
    <whorlShawls cissing="hermo" galluotDeserve="caubeenUnknotsSneaps9" volageLacy="lander" gusto="emmetsWibbleAlalus" hawerArcticSindhi="2">
      <pattersRoddersNejdi>oxalato</pattersRoddersNejdi>
      <semmelJerCopse rowlet="4" choroidDwamish="anaxialColza">
        <peelismOverlieOrdinee>siecleSilkmenPopover709</peelismOverlieOrdinee>
      </semmelJerCopse>
      <ahaunch porket="derustSpooredPochard" bonnilyCuletsFurzy="8" rancelThworl="capererOutspanHow">
        <prebend>405848</prebend>
      </ahaunch>
      <lehr sonlessExpwyJoggle="arroyaSuistPasillo">
        <tetrole>sluicerLens2</tetrole>
      </lehr>
      <proceed clint="timawa">
        <halfwayPilula>serpulaFondu9</halfwayPilula>
      </proceed>
      <crosseTuthPeart acyl="tambac">
        <cornoTherellMaius>finderGamone</cornoTherellMaius>
      </crosseTuthPeart>
      <gomeril yuh="globous" plotty="34835" tennerDomicUpwinds="unbars" zeist="goniaEcgoninHoper">
        <llewKoas>sennasAuroral</llewKoas>
      </gomeril>
      <algarot meetsAbuliasLimpily="brazaArgents" suasoryFumadosClara="swineAnnite" rohob="remeneMangar">
        <otoliteDedanimRamped>8785268</otoliteDedanimRamped>
      </algarot>
      <tootsLogoOunds kordax="teddyCloche" harbiChiuleWet="pupilsLorelei">
        <tingisRubigo>lambertUnarkPadraic</tingisRubigo>
      </tootsLogoOunds>
      <seabankAguador cuisine="piebaldYont" frisado="shadufsDerAbusive" ankoli="erythea13" panadaBrogUncrisp="cooersArdito">
        <torcelCockle>86142</torcelCockle>
      </seabankAguador>
      <bidry maranonMalagmaApiece="wings">
        <lentigoQuar>titansRemaps</lentigoQuar>
      </bidry>
      <yesses paeanSnubbeeMafiosi="farsiJamGypsine" dietedEloge="instar" donnismOwenismUpskip="mousedArborsAurelia">
        <moseyedWane>coroadoPapagoNibs</moseyedWane>
      </yesses>
      <brot soundsBitlessSamoan="dietingYielden" ketiminYawny="targingHockyDeceive">
        <wavilyHoodshy>dirityJamboy</wavilyHoodshy>
      </brot>
    </whorlShawls>
    <cascan muffing="865" coatsKilly="pedicleGerbera" elmwoodUpwellObvolve="shillukMice" pulian="terraneMyosins">
      <muphridSupered>773</muphridSupered>
    </cascan>
    <brumesSkee>
      <aglaos>strati</aglaos>
      <kyabuka annexerBipeds="raviSuu" waders="outshot" kulimitKenyteAlkanal="605">
        <cyclope>soapilyHurrah</cyclope>
      </kyabuka>
      <bounderAmetriaAkazgin gullets="wagweno" mildenFlavedo="enrolle1">
        <chiddenRamplor>1302</chiddenRamplor>
      </bounderAmetriaAkazgin>
      <amuBoudinUbi bonzesForesty="fabliauCumuliAltaian" godsib="normedMighted1024" ohv="mucicNither8" taws="fussifyBluffsThrifty">
        <zarebas>rosin</zarebas>
      </amuBoudinUbi>
      <voleHastifFlexive>
        <aspirinDefuzed>calydonSolidsMaiacca8255</aspirinDefuzed>
      </voleHastifFlexive>
    </brumesSkee>
    <addRecopy>
      <esmayle>lixive</esmayle>
      <apyrase roilTipful="gaperShuns" uragoga="amuzzleTivoli" deicedGall="repulseQuilt" sarigueSectist="smith">
        <anounou>57</anounou>
      </apyrase>
    </addRecopy>
  </unsleptRestis>
</focallyNymphos>