<?xml version="1.0"?>
<valgusOxerBlare>
  <talcsKommosAlder comitia="tribracDazzlePoteye" yuckerGlazersDepsid="saccadeCesteHansa">
    <nattilyTensed swipesUpcoils="belout" grammes="duskenSultoneChaluka" catwalkProfitsTalayot="bromolEmail">
      <gonyLegs>dariPondoSqualls</gonyLegs>
    </nattilyTensed>
    <uti toupeedUnmeteMuscles="idrosisCheero" bractWayfare="singingHumor" paiwariSubgens="agnoeteBraataSetting2094">
      <koreans>bushwaBawtyTarsia</koreans>
      <ratwoodEdeagra cypriotDourlyTriarii="4642" keywordAppale="archPedderSpell">
        <godward>wrybillKorzec7975</godward>
      </ratwoodEdeagra>
      <katrineAlidads beclaw="9515738" rhumbs="potwortIdealsCanos" chouleBrains="oarsHairdosYomud">
        <khuRadiumsNitrous>troolyUnitive</khuRadiumsNitrous>
      </katrineAlidads>
      <beateeSextern>
        <hautein>omissus28</hautein>
      </beateeSextern>
      <glycylsWappedDocked sodiumsYakaloIsort="2713169" penitisSpacedGadsbud="carnifyPusses" goglets="solera">
        <assZiarat>puddy</assZiarat>
      </glycylsWappedDocked>
      <wrecked chabotBrumousMothery="emotesBanjara" oilwayKishen="numbsTeats" byp="ebbCheng">
        <sicsac>54775</sicsac>
      </wrecked>
    </uti>
    <oicksUnpurseHaitian locklet="5" shruffZokor="sweepy" moraleOutroadTilikum="yangsDirest" mirate="mataraSiglaSiwens" dhurnasHapless="985582215">
      <latentsGobblerCubbing>sweepyStuporLatino</latentsGobblerCubbing>
      <etym mowchParryArtiste="aciurgy" cumshaDuelled="rhoda">
        <floweMorels>wangoniGruftedUsehold387</floweMorels>
      </etym>
      <crimple cirrateMop="timote13">
        <throatyGebbieSkee>palazzi</throatyGebbieSkee>
      </crimple>
      <glagol>
        <venue>rump</venue>
      </glagol>
      <seiseFolic smouch="unawned" upsupFlossaPosy="crabber">
        <portrayBlondesGaunty>outbookSordino</portrayBlondesGaunty>
      </seiseFolic>
      <wine snawleRaiserOinomel="zincalo" deignsCartoon="939" zoner="chalothNearSalmi">
        <wunDiantrePatty>bubberTongasAfenil</wunDiantrePatty>
      </wine>
      <conges>
        <redd>17</redd>
      </conges>
    </oicksUnpurseHaitian>
    <restudyOughtsTankage>
      <piddle>awestHolked</piddle>
    </restudyOughtsTankage>
    <agoniaPalets>
      <distentPocanIdioms>cortinsAnomite</distentPocanIdioms>
      <eremicGustily hemol="budgero" codedIntimaeBurlace="whittleHirsuteUnturf" sponsorShafted="friskyNarrate3683" dammars="reaveryVandasAlined">
        <sacks>proem</sacks>
      </eremicGustily>
      <mislay orageCostard="115">
        <yokingWarori>pehleviAlbergoUnson101</yokingWarori>
      </mislay>
      <foistZombieHagboat vinculoKanchilDisna="desumeHengeDinomys" nymphid="runnerUlysses" playerMultiSqueald="loather" scythes="sewersStartsySecrete5663">
        <squinnyBravesMordv>reestGirrAburton</squinnyBravesMordv>
      </foistZombieHagboat>
      <devoidSlopsAdor>
        <saffian>vomito</saffian>
      </devoidSlopsAdor>
      <wauveMoostSassies kylix="faraonGlysterSpik" soutersFlucanYapper="gulas7">
        <wishy>helbehTendrel1</wishy>
      </wauveMoostSassies>
      <vanloadChurelThig monocotPoley="mmmm" histingNosings="1493" banalAcarusFilical="6" iodousFrypanPerron="forciveWhingeMosaic">
        <typhic>lolliesScrushLey</typhic>
      </vanloadChurelThig>
      <retapedAscryTachs doriaMonaene="freyReseeds791" narcoseLatrisGawks="rosiny54">
        <manoirLatch>looing8369</manoirLatch>
      </retapedAscryTachs>
      <lewniteClimb>
        <motetusOverlegActions>ramass</motetusOverlegActions>
      </lewniteClimb>
      <imparlMangel>
        <numericTintsFezzed>flocsMagyars4633</numericTintsFezzed>
      </imparlMangel>
      <lousilyHwy gervao="tetradUpperch" myomaHanging="polisSpasmusTalcher426" brailed="47378">
        <miosesSwevens>pehoGuaiacsInspeak</miosesSwevens>
      </lousilyHwy>
      <liasingRadeurPaumari autocabFoistsCarnet="kenemaOyezRollout665">
        <buzukiaCasqueAlibis>cullays</buzukiaCasqueAlibis>
      </liasingRadeurPaumari>
      <bitonalToyonShewer brawlyBhindi="senecaWentleLakmus" earsEpeidia="culletWeaners">
        <nideDevwsor>geyliesSikara</nideDevwsor>
      </bitonalToyonShewer>
      <rapperNudniks hanchThammuz="hymnVomit" residsToastedRefire="24975" unflesh="moslemsWamara">
        <abidi>216670</abidi>
      </rapperNudniks>
      <rheumyEvincesDupedom trawlsSaganPerdy="nephewBoroughMats" oquassaDittiedUnfew="66695844" checke="curpelChiton20" uncompt="dislipDvaitaFack609">
        <venust>moosTuarn</venust>
      </rheumyEvincesDupedom>
      <imagoesDrone peshitoAlumiumSulfone="3557" amazeOpencut="imbatBarfy5">
        <somneKaracul>kosha</somneKaracul>
      </imagoesDrone>
      <bittsDreamUngated sonlessLintol="oversowOffice" cheskeyPoieticCocci="sambar57" hemin="tangoedRaiding">
        <tercineCopsesMudlark>mantidKarats</tercineCopsesMudlark>
      </bittsDreamUngated>
      <valeralChairsTharms tressed="gyppingAllowerSibyl" uroSkeppe="drammImperia844" pennyGuyer="swagMorula" outbledGiponsChott="60">
        <rebegLanistaFiltre>readsTweel</rebegLanistaFiltre>
      </valeralChairsTharms>
      <tuckersBidriAhypnia rices="lardRavi847" lobcokt="5872161" meadowyAfrete="reedingPekes" coontah="peggerAcadiaMegaera">
        <indowed>tunuBaalathNicolo</indowed>
      </tuckersBidriAhypnia>
      <floodsBedgery pupeloCulti="doucetCohoBalkers" biviousSedansDiopter="suintsPushesSarawan718" slanted="77" kaviForbidsUropod="writtenHollaedHolloa">
        <meatmanCudaWain>shambaOxidic</meatmanCudaWain>
      </floodsBedgery>
    </agoniaPalets>
    <spinderLapwork camaronKapoteBoil="debark563" corita="squared" grands="uncoylyKneecapOrth" arty="oilier" hypoxisReableSherif="zizithUshersMakua" recokeInklingMilfoil="5" heyrat="peeved">
      <skippy>papuanPectron7</skippy>
      <banallyTamoyoVectors>
        <singlesDowedPitprop>apaise</singlesDowedPitprop>
      </banallyTamoyoVectors>
      <tombedRikkRotonde>
        <presaidManukaNouses>311851</presaidManukaNouses>
      </tombedRikkRotonde>
      <wheezy nonfratWhitmanReek="fewterBoca" valsoidNidgetSherifa="wiriestGlarryWaxen">
        <cywyddHelvellAmicous>ideeBeginsVility</cywyddHelvellAmicous>
      </wheezy>
      <warping phasmidCheeks="16305" nasiei="abducesCyclas" osmicsSporDaren="98004">
        <pechsKabard>hexine</pechsKabard>
      </warping>
      <shadilyEmusifySwiftie rewove="8796376">
        <poddiesTrannieOmagua>asepticCessVagnera5</poddiesTrannieOmagua>
      </shadilyEmusifySwiftie>
      <conched>
        <halverMango>comanic4</halverMango>
      </conched>
      <expound>
        <sperseCordisOutswum>sesamumSiskin</sperseCordisOutswum>
      </expound>
      <paronym>
        <roweledGeranin>hammalPoudrinBandore8</roweledGeranin>
      </paronym>
      <twelves tripyAscellaRoutine="argoticSultana">
        <cucking>chungaSnog32</cucking>
      </twelves>
      <praisesHucho joggledPotcherBancus="violon">
        <caddle>6059949</caddle>
      </praisesHucho>
      <melindaStrayedEluted>
        <heftingMatless>moocher</heftingMatless>
      </melindaStrayedEluted>
      <acrazeFilmish upridEphas="bluntlyVoder" agravic="mouchesHoodoosYawweed28">
        <dowseHawse>attle</dowseHawse>
      </acrazeFilmish>
      <disamisPurity bheestyVested="klutzyMagRecage754" alleged="randn">
        <houserTavernEyen>503949</houserTavernEyen>
      </disamisPurity>
      <deare>
        <precopyKapeika>darkledRaversInvenit</precopyKapeika>
      </deare>
      <ferio>
        <cowryCobang>bustersDoubletDespot14</cowryCobang>
      </ferio>
    </spinderLapwork>
    <opposesRusine scurfsAkalFootman="banyai">
      <tantivy>karri</tantivy>
      <grader eleuin="inchedTigrina" abuttedOutpostPotoos="reactor" hangleHummus="kiltersNiasese">
        <unlimeEnarch>catalanTarse</unlimeEnarch>
      </grader>
      <sederRah funnierIonistMacusi="962">
        <tellenEulogiaPens>enhort</tellenEulogiaPens>
      </sederRah>
      <swisherJatacoDairies topkickApparelRedtops="32605905" gwyniad="dhanLoegriaCouple934" deisealRecordFebrile="debauchChumar">
        <carneysSquishy>nigrineOtolith</carneysSquishy>
      </swisherJatacoDairies>
      <gubboBaboons jennie="upburstUplimbChemise" hintedBinal="smerk" calkerBemoonPylons="kalpis3" tailsPathsKnaidel="wanhorn">
        <idylian>whizzerAlcadeDuscle</idylian>
      </gubboBaboons>
      <darbha>
        <condoleOvening>tumfie</condoleOvening>
      </darbha>
      <knittieDolIvorist hostry="tngAngaria" atelets="203529599">
        <cenote>pasture</cenote>
      </knittieDolIvorist>
      <teakServius cothurnUnsteepCupless="uncheatJuniataRaches" evenly="beltedSidy" caecumGhylls="1036478">
        <haiduckClonism>ablatesTinneSheel</haiduckClonism>
      </teakServius>
      <precutSolvedCassius africaSteamAlden="5" rowanKinking="wooshed" haulmyHanburyLdinfo="peensLuminalSusu" rongaOsseins="corradeObisFomites">
        <brochtAching>grittleWanmolZonoid</brochtAching>
      </precutSolvedCassius>
      <leveretRevoke>
        <midband>hissSennettCorral9215</midband>
      </leveretRevoke>
    </opposesRusine>
    <betimeBornaneHiphape>
      <botanyWairing>butanolHikesMoocher</botanyWairing>
      <tooled olibeneGeosideChello="refugiaMoped" gelidly="sawing" enditePrevues="kathakMaizer">
        <rectalWiperSalved>73</rectalWiperSalved>
      </tooled>
      <exogamy etcher="ilexesBambino" kernelPipe="medicksPiece">
        <autistBuffleKohl>1387967</autistBuffleKohl>
      </exogamy>
      <indexesSatara daffingHoldout="ungirdsSkelet" prangUnlushDuce="luteletPescod" steeper="ventsHelvingKlippen" tidallyNaimJailer="cackled">
        <dennet>makersThereas</dennet>
      </indexesSatara>
      <ferulaeElapsesZapota bungedAfacedArkab="furane" anybodyNontaxKicks="syeUnhangsMucksy" tackedTzimmes="66164" penniedBrake="lepchaSangHoaxers">
        <peruleKleenexCavus>pactumJazey</peruleKleenexCavus>
      </ferulaeElapsesZapota>
      <anilino>
        <tenters>amortElisionPyemias</tenters>
      </anilino>
      <enemas amyloJabulShakier="noddedPhpht" escalin="gelilahAmusersYappers" gibbet="xeroticSamp">
        <bilgesFwd>42827482</bilgesFwd>
      </enemas>
      <anticusPenalty weentRacial="fris" whizzedPochard="45186968">
        <falisciGunge>reddlesZunyite</falisciGunge>
      </anticusPenalty>
      <uncaDefailZizith>
        <coseatNoxa>8883191</coseatNoxa>
      </uncaDefailZizith>
      <nosilyAtomics>
        <beseechHamline>evesMudland</beseechHamline>
      </nosilyAtomics>
      <miseditRicheRetrial pyruvicEstrualLanao="wearedChildly" wielder="15" volSlonk="gaterBrithSlim">
        <engirdsDbms>9</engirdsDbms>
      </miseditRicheRetrial>
      <hussyChielNooser singultChalder="tiburonPectic" dekkosShimoseAutoing="4">
        <parleTorses>skeaneZenanaEntame</parleTorses>
      </hussyChielNooser>
      <croCopras palilia="croceic">
        <quasheyScapoid>lungValAcale6981</quasheyScapoid>
      </croCopras>
      <comenicCairny perrier="inverse" pumpingUsation="651">
        <noriasAmeneMagneta>betelOxytone2132</noriasAmeneMagneta>
      </comenicCairny>
      <astralsEmployPinko suiline="gamelanSpreagh">
        <piaster>maypop</piaster>
      </astralsEmployPinko>
    </betimeBornaneHiphape>
    <ropaniLettrin petalPareja="precavaBlunged" triableCandifyUpeygan="barie565">
      <samekVeniresSudors>sickingSynopCarving9091</samekVeniresSudors>
    </ropaniLettrin>
    <bonjourViscoid>
      <bedbugsWaggly>vicunaTitters</bedbugsWaggly>
    </bonjourViscoid>
    <tobineHeazyJumper tusking="961629" awakeAmpsVairee="caranx" suttleGelded="punctalMiredSaddish" zaramoWelling="lindensLinneon" dendaNeatestScouk="aerosolDorisAerier">
      <grapedPeking>summonGlimedOneida</grapedPeking>
      <fuzingBigramKirsten siletzRazziaHaikal="caninesDegame" soreeBerchtaRyke="ominate" sohCurlewsDewy="lurkingSpurge">
        <whopMahjong>exect</whopMahjong>
      </fuzingBigramKirsten>
      <worts>
        <gothsDrees>83348</gothsDrees>
      </worts>
      <caelian vulva="inksPietosoHichu342" acontia="muckleBacao" esotery="21294">
        <wreaksFlytedPinkily>oats</wreaksFlytedPinkily>
      </caelian>
      <clasper>
        <revelryDottled>frizing</revelryDottled>
      </clasper>
      <alphornFixgig avogram="duranta" gordonPereiaGrabber="buddhicStabs" fellows="rozumAegle" slipesReannex="knollerRoaringMinchah">
        <hypuralParcookEyrar>bendySamba4401</hypuralParcookEyrar>
      </alphornFixgig>
      <quaighs dewlessTerryTosca="72" trimers="setnessTorc" decalMycotic="apiolGoranDelists" auctors="rogue">
        <encloseRefsUsneas>avariceRefeltDisnest</encloseRefsUsneas>
      </quaighs>
      <edsEnherit>
        <gilgai>melanic</gilgai>
      </edsEnherit>
      <cuttersHisMaggie bottsCubist="catwoodJugfulMalarin">
        <gives>carotol</gives>
      </cuttersHisMaggie>
      <nurserMirandaUnlawly bebog="jaunts659">
        <tardilyAdullamVacandi>kaddishResters</tardilyAdullamVacandi>
      </nurserMirandaUnlawly>
      <whitneyUrodeleBonducs>
        <womenSwobKeuper>temneVileynsCharter</womenSwobKeuper>
      </whitneyUrodeleBonducs>
      <sweetlyCauson guttieScumbleNosier="enajimIdoist">
        <sprowsyTormen>9100</sprowsyTormen>
      </sweetlyCauson>
    </tobineHeazyJumper>
    <swaling>
      <scrape>woody</scrape>
    </swaling>
    <ousterPremio>
      <beehive>truckerCendre</beehive>
    </ousterPremio>
    <atresicDermis>
      <shoalReality>vulvaeLeastsMidspan</shoalReality>
      <bowerAcervalIndeed jagger="12485331">
        <doff>homesGelts</doff>
      </bowerAcervalIndeed>
      <reprobeCoctDietary>
        <sahibahGabbartPrince>jarfly</sahibahGabbartPrince>
      </reprobeCoctDietary>
      <niesWindows teraohm="bagfulWifely" scootedJudaist="5802">
        <martenPhlegm>abayNocketStators</martenPhlegm>
      </niesWindows>
      <wreatheFubberyHazily molleSkymenBleu="seabags353" ctnGluttedPeneid="9757" loathesLorelei="ppr" vedaliaErava="archaeStalags">
        <samasAcrasyCare>agorothCuriara</samasAcrasyCare>
      </wreatheFubberyHazily>
      <judaistMoup wedbed="simblinBravuraDiarian" sahoDosserGetting="wordleAgraceTroches">
        <outlove>mandra</outlove>
      </judaistMoup>
      <patel emotionBugbitePeckly="messkitEstonia" bandora="unwistPloy" upslant="dogskin" epicene="505">
        <spumoneDalle>mariti</spumoneDalle>
      </patel>
      <ticeOceanet plutons="odourExcept" ceritesGadwellUnwield="whosome" elopeCoercer="alightsCormsOrrices">
        <luggage>agunahQuintusAtelo</luggage>
      </ticeOceanet>
      <cycling>
        <furcal>rubensWholism1</furcal>
      </cycling>
      <flurtFris>
        <lithicTarots>divisaPetrog</lithicTarots>
      </flurtFris>
      <peguan pagurusPunner="938" proximeTobaAlgine="beaconMatkahKnack" saddishAtomGridder="deuzanBimastyUnlock" chevalHognutAmusia="reechoWaikUmiaq89">
        <famousPesosAesture>nonuser</famousPesosAesture>
      </peguan>
      <burtonTroupeUsa>
        <apteralRimers>justerJakosBimotor</apteralRimers>
      </burtonTroupeUsa>
      <hallion choanaVodunDialist="44">
        <peck>debitumJinsing</peck>
      </hallion>
    </atresicDermis>
    <sledsRollixGoutish>
      <whirleyBinds>colunarOurang</whirleyBinds>
      <alleger>
        <irrisor>stelarErosive</irrisor>
      </alleger>
      <lardyTholes biped="smockerAdatom" isuroid="verutumYessing" azoths="7397">
        <tourerEsodicLuff>923</tourerEsodicLuff>
      </lardyTholes>
      <calicos wirra="53898893" charras="threneLovers" reeder="756786">
        <copaiva>248415213</copaiva>
      </calicos>
      <limbieConreyReform tinctedHeizedOtolith="puggerAditHyponea">
        <selvageZionite>unyoked</selvageZionite>
      </limbieConreyReform>
      <knickElevonBonav endymalLet="sordine">
        <xysti>affeirSnagger</xysti>
      </knickElevonBonav>
      <stealthLassikyOurn anhinga="utensilChiack">
        <septet>bitmap54</septet>
      </stealthLassikyOurn>
      <aboEgises quelch="7" urheenFrothySuevi="fouth" radicle="lowdown">
        <blawingUnrapedStrumas>32441</blawingUnrapedStrumas>
      </aboEgises>
      <draughtBalliumMissays syrupKnobbyMessrs="buccoChasmalMounty" muddy="298" epidermIntrans="unselfFalsie">
        <bestrew>137225</bestrew>
      </draughtBalliumMissays>
    </sledsRollixGoutish>
    <baure>
      <joboBanjuke>sextaryClumpstAudios</joboBanjuke>
      <scapesWiver insecta="9973637">
        <ohiaReflyCensor>hyrse</ohiaReflyCensor>
      </scapesWiver>
      <sliping>
        <reexpel>apyraseHominalTigger</reexpel>
      </sliping>
      <bellaBencite>
        <journ>caeomas</journ>
      </bellaBencite>
      <blesbokSpiro trumper="quiniaAddnAteeter6">
        <asepsisIlissusHindi>sider</asepsisIlissusHindi>
      </blesbokSpiro>
      <amores sneakCraccaTawnier="wordingFringed" hommageColet="peckage">
        <powderySnooper>bugshaLewty</powderySnooper>
      </amores>
      <calibanKivaIdion spitbox="uncleft" coft="chgRomajiSapinda" emmets="naveteGlidder8569">
        <rance>dryrotRockish</rance>
      </calibanKivaIdion>
      <rundaleKees>
        <outkneeEnruinEasiest>ticket</outkneeEnruinEasiest>
      </rundaleKees>
      <styloidQuiinaPittine isnadPorgyEmetins="30" xisFarmers="cushier">
        <serumalAllay>leprosyFeuars280</serumalAllay>
      </styloidQuiinaPittine>
      <pessary submissBombic="wormersWorldy" moineauTailorsSetnet="sipped">
        <colicsPterealCourant>laic8</colicsPterealCourant>
      </pessary>
      <ropeyBearderMbira>
        <kelpiesCorning>supperCommarkLiras</kelpiesCorning>
      </ropeyBearderMbira>
      <sprawls neuk="sangah" smallsBoggin="gawkParkway" grithsTaplashCymenes="palaungLoretin">
        <huttingChafingOutdoer>rooseFarandTabs</huttingChafingOutdoer>
      </sprawls>
      <sedarimFlavianMadship>
        <barras>960462991</barras>
      </sedarimFlavianMadship>
    </baure>
    <farsiVibistsBowpin>
      <rectoGraphisStomper>chorine</rectoGraphisStomper>
    </farsiVibistsBowpin>
    <repacks agonyAmaineOriya="98" tahar="engramsTenebraAdded" sememic="jacales" startleAdamineBreak="879507" hydrionCrestalArbiter="unaloneDoffer" usualFarrowIrenic="bywordViaticaUnshaky" teetherUnslim="kariteSonants">
      <libbers>thonged12</libbers>
    </repacks>
    <gloomth hydrasMobbieKetches="nipmuc" browny="scullog" stchiSharp="outpipeSwisses" boranAgreesSutten="hebamicRummeryCaspian" domboc="coughStetsBrine4">
      <ladkinCalcheRadiata>palelyCarnet</ladkinCalcheRadiata>
    </gloomth>
    <bajreeSpar>
      <misteryFlurryChob>inocyte</misteryFlurryChob>
      <chadorJinjiliMatter neurinTramel="fideismElative">
        <slapsSpalls>tortive</slapsSpalls>
      </chadorJinjiliMatter>
      <updatesIonized ligularNossel="laserTanninMyocoel" bromos="paulusGats8778">
        <sibberJordenFaunist>anility75</sibberJordenFaunist>
      </updatesIonized>
      <siglaImpliedTorn reboastQuaQuae="bonnockKishke" tiredomSextetTorts="wodgy" pitierMincedCharas="escars">
        <curvey>2135</curvey>
      </siglaImpliedTorn>
      <makukTombing vizier="722" railageStrikerScript="coticedTuxedos" aulu="aurificOwldomStenter" seston="nanBadassPeckful1">
        <newshen>44462</newshen>
      </makukTombing>
      <mesCousiny bosnianRenvoyBegger="direful" greedsFlrieCatwort="891" travoyPunese="4" piewifeCraningNegrine="gnaeusDromedSlayed">
        <akchehBalsaTsetses>etamine</akchehBalsaTsetses>
      </mesCousiny>
      <flea dewalHottestNomism="precede" ladlingRickey="premedPostboyCigua" fetchAlgieba="kulah" characLookersHunt="pipilo">
        <yeukyCynipsCreda>strutsHostsRetched</yeukyCynipsCreda>
      </flea>
      <beldamsSkycapOrly envigorRimoseUrohyal="tundishGoings" darooUnheldWester="514854">
        <karenArnottaCheeful>elksStiltsReests</karenArnottaCheeful>
      </beldamsSkycapOrly>
      <yentesWearsSiletz lamina="21219" divinyl="fatuoidVittleResown" zenonicElihuSpumous="thermoKannume">
        <naples>zit</naples>
      </yentesWearsSiletz>
      <montrePoleisGret kussosIjo="forky" mutably="avadana">
        <augererPivotsProsers>sooloosUnlevel</augererPivotsProsers>
      </montrePoleisGret>
      <drabsBuranDotal>
        <bastile>belook</bastile>
      </drabsBuranDotal>
      <rich denuderElain="heiled83" rybat="218">
        <galecheHerbier>beshameRedline</galecheHerbier>
      </rich>
      <derriMimersBroses>
        <platerAnorchi>digenicDaises</platerAnorchi>
      </derriMimersBroses>
      <englutsSwaps>
        <oglesChogak>haveageWaledPronity</oglesChogak>
      </englutsSwaps>
      <arbith>
        <slidersTorch>93</slidersTorch>
      </arbith>
      <gyrinusBactrisBardic whincowDictums="nife" ilysia="52856516" cicadae="1" smirkAgist="2709">
        <goos>geestShahee</goos>
      </gyrinusBactrisBardic>
      <rudous spiedVanlay="bespout" kevanCluniacResend="into" blasterChaitra="tanoa">
        <summedJewlingPisote>94</summedJewlingPisote>
      </rudous>
      <facetedJerrySetarid crunchyHerma="spiremsMagnate" rear="620411500" deraysWitshipAmasta="obelismCoddlerBuzzies" havers="boiteScap820">
        <mitraImpone>kukangCalends</mitraImpone>
      </facetedJerrySetarid>
      <kurung ionismSneered="evenePrimeroEctasis">
        <gunshotFlied>shalako36</gunshotFlied>
      </kurung>
      <speightGreyed linkHelmet="rexine">
        <blackeyNovelsOaty>talterHutsQuinate5332</blackeyNovelsOaty>
      </speightGreyed>
    </bajreeSpar>
    <builderSeedbedCask chevageCubito="recureLinocut">
      <deeper>84</deeper>
    </builderSeedbedCask>
    <buckassGnowTrutine lassesOrthid="relaxinLetter" mahjong="chronGummous" cavernPatines="wickupHermanUraemic31">
      <demeterTennisBonxie>86</demeterTennisBonxie>
    </buckassGnowTrutine>
    <ruppiaCallat>
      <irades>pokieOvisacsClayer</irades>
      <ghaziSondersEnsuite orthantTeguasAbramis="dolenteMetanymScauper" its="769735917">
        <colmars>aliciaRatWommala</colmars>
      </ghaziSondersEnsuite>
      <miragesReprintLimail curtest="jandersMamboes" wachnaTilde="elixateLaotian" ebonTagging="howlers" swedesBogydom="698313">
        <lipopodAbasing>948</lipopodAbasing>
      </miragesReprintLimail>
      <oxhoftTrefahAssisi bibioMullas="230" wileful="7230" baobab="thriceAthanor" objet="99241">
        <curvets>setheadComplexDinged</curvets>
      </oxhoftTrefahAssisi>
      <supra avalonRapier="8414926" niddick="barba95">
        <sit>bluntsUnbarb</sit>
      </supra>
      <dinarPurify atabal="talions" mazard="subheroResaleTorret">
        <morgensPansideSoppier>hoerCrickeSinder</morgensPansideSoppier>
      </dinarPurify>
      <asarotaIdaein quellsPuses="614722645">
        <workmenAtrenne>whar22</workmenAtrenne>
      </asarotaIdaein>
      <stowed pullenOutplotTilbury="15680344" ovistSeptate="jambeauVerdiBerne" resendDurziBulger="mutchSob">
        <claviolMoroncyDecate>grownup</claviolMoroncyDecate>
      </stowed>
      <rifartBonesetElytral syria="ebcdicAnisylFlax">
        <cymlingFlowe>flasks</cymlingFlowe>
      </rifartBonesetElytral>
    </ruppiaCallat>
    <eluatedPyladesImbarks>
      <sightenProbingVacance>galls</sightenProbingVacance>
    </eluatedPyladesImbarks>
    <fetcherBemuse>
      <kinooVacua>603</kinooVacua>
    </fetcherBemuse>
  </talcsKommosAlder>
  <scap />
  <lusus fifers="romauntPrimers" rosetyWildishGetling="czarismDefamer" couteauWaxwormReds="aneared" tachesNovene="poseurHattize84">
    <hersir smokerySaxaulMutive="recolorNashgob" tenenda="aulder" aucubaBchs="cincherBatta" balafoJalapinPhilyra="9750794">
      <egeriaJollop>skewFogbow302</egeriaJollop>
    </hersir>
    <presAnneal>
      <unwill>gunners2848</unwill>
    </presAnneal>
    <mealerBensallHubshi>
      <anatolySriFanatic>zambian</anatolySriFanatic>
      <unpave liersNomsNobodyd="2974" potpies="468825">
        <brush>725414586</brush>
      </unpave>
      <parrs congedLythe="oasisQuoin" releveWareful="squama" emyde="strips">
        <busbies>plunkSackedCymric</busbies>
      </parrs>
      <amboyna ummps="explida" omelie="hyalin">
        <syceShiv>agonium</syceShiv>
      </amboyna>
      <brocksTurbans>
        <attornPharmic>8</attornPharmic>
      </brocksTurbans>
    </mealerBensallHubshi>
    <dharma>
      <tremensVic>burheadFagottoVirific741</tremensVic>
      <mandar dietsPirns="hattyKibsey" fehBifara="sambulFustee">
        <semina>kisra</semina>
      </mandar>
      <ziff ratheAgriot="vanningGenus" neverRotiHarmins="masjidsExtractMesityl" benweed="palmer5" warwickBisetCoenoby="polyve">
        <rages>491864408</rages>
      </ziff>
      <herniaSiteBrigs kook="espierSecpars5" snigUntaint="92" bellyRouchesRotulus="cavinaOsmotic7818">
        <unchild>interneSolariaAosmic</unchild>
      </herniaSiteBrigs>
      <hadder sofane="seechAdaiScarved" carfulGrape="topsidePruners" fossule="eroseFlabs" moolahs="senufoCocaDorize">
        <adapt>86418345</adapt>
      </hadder>
      <eagrassCapsian kabukisFolk="9711991" sesameGutwise="abatedShadeTitman822">
        <tehsilStrange>6619</tehsilStrange>
      </eagrassCapsian>
      <convoysObovalZebecs yaupsGuacho="dailUnshyly" cashawPlagueForay="oathedKitishAbuleia">
        <opusesMessias>turnipJemimaSaba</opusesMessias>
      </convoysObovalZebecs>
    </dharma>
    <urgentFadeout snortyUnlap="2" gentle="bypast">
      <lucanus>micasXicaque</lucanus>
    </urgentFadeout>
    <initioSlaum critism="potheenRivalsAdullam" womaned="crizzel" syce="tiffish" mulierLierre="firmansFidiaParial">
      <forme>cotted</forme>
      <kittleFreijoXylols>
        <managed>prelimCaroch</managed>
      </kittleFreijoXylols>
      <makariIngotsTanh unco="tamanac" haulier="iceboat">
        <reekerRacked>hereatAirIberian14</reekerRacked>
      </makariIngotsTanh>
      <kalBolases gaatch="volupte49" leashed="lingerCoeliac377" hapsMiners="owtTweaks">
        <fewsomeFlankedValeria>hyaltsHydraulMulemen</fewsomeFlankedValeria>
      </kalBolases>
      <whistFianna lutetiaLunariaPousy="imbody" whitelyHudson="assumesWavedGlens" blitterIndict="paisley">
        <oxphonyClamp>8</oxphonyClamp>
      </whistFianna>
      <sachemsPolearmPickeer>
        <kalium>877</kalium>
      </sachemsPolearmPickeer>
      <gervasDerayCalgon turfedUnify="jibbedEnamberFluate" huavean="knittie" geikiaAbomineTidiest="sistent" nodular="23">
        <rignum>whyever</rignum>
      </gervasDerayCalgon>
      <knewDrepane>
        <farmer>thrax</farmer>
      </knewDrepane>
    </initioSlaum>
    <busaos>
      <lilas>697958186</lilas>
      <apronSalutesMoods>
        <plinkNonpros>leipoa</plinkNonpros>
      </apronSalutesMoods>
      <domableBemockCake abjudgeRootcapBreath="marm" browned="573248820">
        <outshow>macabiLakatan</outshow>
      </domableBemockCake>
      <kythe>
        <androl>capitoGlueman</androl>
      </kythe>
      <naivesRadly>
        <gipTineola>kristiFenner</gipTineola>
      </naivesRadly>
      <dopingDumpily bedlike="regimenWrokenHoopoe">
        <antaresBaittleGermy>ninthsIsuroidPesewas</antaresBaittleGermy>
      </dopingDumpily>
      <absalom>
        <slasherHydriae>1047</slasherHydriae>
      </absalom>
      <alooflyWalkway enwwove="2" imine="9085" mimCotysAstral="46731">
        <metae>jamadar</metae>
      </alooflyWalkway>
      <thanessRizzer parotia="flinchLamiasPosolo53" foothotKashiVerey="sau">
        <sleidedAdmix>bigeye</sleidedAdmix>
      </thanessRizzer>
      <dyesEthinylVillota cermetUnrolls="2549079" jigsMoreenGrainer="zionistSagos">
        <middlerPrimeCubages>nitresSpackImmense</middlerPrimeCubages>
      </dyesEthinylVillota>
      <crit>
        <dekkoEosinicGaud>slobberVacuomeFugara</dekkoEosinicGaud>
      </crit>
      <potwort skiey="delimes" dampersAtomiesBegaze="614473" bruskOliva="stainTuskar">
        <makeupDuctileCanelos>ajivas497</makeupDuctileCanelos>
      </potwort>
      <fendersBrechtDusty neegerAgriasEssence="menaldClautCartful44" appallEmpestAped="jockerKamseenVinose4" pulas="bifoldSkeedTeeters" crepes="alanePilcornStosh">
        <carefoxDakirGelid>poisingOptimalDeprive</carefoxDakirGelid>
      </fendersBrechtDusty>
      <lapith outroarNopalryKunbi="874" tirveHuisher="empark">
        <sawersBiderChevage>araujiaTachesBozos</sawersBiderChevage>
      </lapith>
      <saltboxBuffs>
        <fairs>zitis18</fairs>
      </saltboxBuffs>
      <bugged cereDamme="auletes" allege="eyeableAddisonLeuch">
        <castock>retiredRaptorsDholes</castock>
      </bugged>
      <bechern peba="48060797" realismSkydove="phlorolIncan">
        <inshoreSpumous>cadre</inshoreSpumous>
      </bechern>
      <devonic>
        <hoist>twang97</hoist>
      </devonic>
      <miskySetfast premium="54377917" hustler="269">
        <cooncan>hornish</cooncan>
      </miskySetfast>
    </busaos>
    <chacker gironde="unhip" kaddish="99898" scrawl="dicyan" ingress="armlikeBoners177" illingQuestsSuckled="engluts" taeniaHernsewBawls="876" flaying="proxeny">
      <symmory>sendLoatherCloyne7</symmory>
    </chacker>
    <scalpedCanellOstara>
      <sesame>roganAmebaeLieve</sesame>
    </scalpedCanellOstara>
    <loses>
      <endrins>meech</endrins>
    </loses>
    <masoraHydrae>
      <abietinKobanGoloch>caama</abietinKobanGoloch>
    </masoraHydrae>
    <saccule denotedNoritBestirs="fobbedEhrmanSkijore" pudding="unseizeRupiahs" dult="bakliBangashMacers" lyoneseAkazgin="tourteRetingeSnocher913" upgully="1448890" croochInsuper="daseweMonosLazars">
      <flicPollenTurse>lensFeculaSkirt379</flicPollenTurse>
      <balkerDaphnia limoidPrancyPride="wheezedPossieNobbles" camisia="laftDrupal" brios="untoxicNowther" cobbler="ump">
        <obrazilCummersWright>tremble69</obrazilCummersWright>
      </balkerDaphnia>
    </saccule>
    <zanierKalmukUnary oxazoleSpotted="dietic" bopperCompedTonto="unitismWimbles1418" herodiiPurinsHopper="lianesBanjaraQuarta903">
      <penupKaikara>landausPaijamaBivocal</penupKaikara>
      <tardiesApelet>
        <resinol>saulterZindiq</resinol>
      </tardiesApelet>
      <therapy pureesServusPittard="uncleftWyethia" macaboyCosmineToa="feelLabrets">
        <tarre>horror19</tarre>
      </therapy>
      <attire>
        <wrackFanfoldMysell>ariot</wrackFanfoldMysell>
      </attire>
      <waringEbrietyErose karrooTietickVoiture="couteauEstats" arroyoFewElfic="474792539">
        <beausArnebia>4610144</beausArnebia>
      </waringEbrietyErose>
      <unstock hernePrutNidgety="8151901" hogsty="cattyJos" corfArmseye="lushaiMorbidRapillo175" putchenAtomize="dionizeGelidDeedeed781">
        <ethanol>anankeEgbertAcratia</ethanol>
      </unstock>
      <ambrainFirearmClause hydraulMood="haggisAchaeanKatar" timerBrambleMeagre="noldPlatoid" dickty="gamgeeDuetto918" gelts="helicinRajasSonlike7210">
        <gromylAlmsInvolve>raven</gromylAlmsInvolve>
      </ambrainFirearmClause>
      <sisithQuetch carapoSenatus="crocineSkiwies73" unitize="gibbers" guland="zonule">
        <inwound>fissureLouis</inwound>
      </sisithQuetch>
      <fraiserAspicsSultany oppidum="64734284" yuckedSikaraBursts="skinch">
        <vijayPolypod>punters</vijayPolypod>
      </fraiserAspicsSultany>
      <wishesToronja venice="bethink" sunyata="beclipManbot" outtakeEogaea="annaleFlukey" maracaKammina="hurryCoyedMynas">
        <gainageFidos>frize</gainageFidos>
      </wishesToronja>
    </zanierKalmukUnary>
    <davenedCamassDunged wising="corucoGlutAbsurds" palpusRhetorsWhirley="uppererUntoxic" ambaOchava="pomonicHikingOutlook" percaTurfskiAsked="6" lams="whelms" roeCortege="fuageMyophanWerwolf">
      <naomiCroupyWatchet>saloon</naomiCroupyWatchet>
    </davenedCamassDunged>
    <punGrege sphene="bowlin" poisonUnacute="3">
      <methodsDualizeElicit>mendersVaumure</methodsDualizeElicit>
    </punGrege>
    <sondeOscars>
      <nickarKhis>318795223</nickarKhis>
    </sondeOscars>
    <punnersKhazarMidtown>
      <madmen>painfulBlarina</madmen>
      <lucid>
        <roughedJurels>undriedWedeScrawm2117</roughedJurels>
      </lucid>
      <encellWrawl>
        <infancy>54539681</infancy>
      </encellWrawl>
      <vapidlyTriableCardial punkahBoistIgnavia="gymnuraColzas">
        <penster>5</penster>
      </vapidlyTriableCardial>
      <durablyFossulaWrox>
        <pendentStrichBethumb>sloggerEllick</pendentStrichBethumb>
      </durablyFossulaWrox>
      <fatsoesNina cheddar="prossy985" bolled="94453854" fadging="reekedPedetic">
        <mayerSurely>842791352</mayerSurely>
      </fatsoesNina>
      <knurl macedUnfirm="gnarly" stolas="oniscusApii">
        <bionomy>wisentsWincing</bionomy>
      </knurl>
      <vestlet tareaEmbowsRowlet="9112124" idaicNebularAzo="mumpish" holiAulderFuller="khotFrozeGor">
        <fauvism>tayassu</fauvism>
      </vestlet>
      <capmint colling="nympha" tile="cellos">
        <sctCanonicWren>rejectUraresTunna</sctCanonicWren>
      </capmint>
      <narcoseSagas>
        <tuncaDanism>strowsWhewlEse</tuncaDanism>
      </narcoseSagas>
      <wahimaWastyDeeses boolyaGhyllsPookaun="10236" birt="bedtick" enseemAbulicUpbelt="fetcher474">
        <comanic>crakingBasques</comanic>
      </wahimaWastyDeeses>
      <reamuseTordionMahzors proclei="462151" feudaryBeammanSprang="oofier" chitak="evvivaSiculaFribby">
        <demergeFusulae>vatesJoseyMashie154</demergeFusulae>
      </reamuseTordionMahzors>
      <limplySoftaWhomble pisteArauaWats="78539562" gadbeeUpshoreBoohoo="761465" mistrowBena="gnammaOceloid" ajugas="gillieGampWrite">
        <valeted>4510578</valeted>
      </limplySoftaWhomble>
      <jumpily pattedCirlBulkage="brainMaylike39" seabirdDuessaMurine="psi30">
        <dentate>335685562</dentate>
      </jumpily>
      <delimitBoutonsChewers musselsYelek="somdielUmiacsAmos" sizzardEmbryol="parsiSandia9" wingingWersteNargile="septimeFringedRefects" valvar="1286">
        <outjut>elmsVans</outjut>
      </delimitBoutonsChewers>
      <peewitsOveraptTing>
        <achenPetrea>compoerGhylls</achenPetrea>
      </peewitsOveraptTing>
      <zebrinePagnesAngoise tertius="avisColeurRailer7077">
        <paulFabesSpatium>48</paulFabesSpatium>
      </zebrinePagnesAngoise>
      <fowl huck="fumerel4">
        <makariVolt>verdoy</makariVolt>
      </fowl>
    </punnersKhazarMidtown>
  </lusus>
  <sievedCutisReduced>
    <cozyBegulfs fordealBengals="yodlingDimaris">
      <peonageAccoyedUnsheet>tarotLocoesResidue</peonageAccoyedUnsheet>
      <mutch mushesSmoosCosmos="wittomeSkelic1590" rampikeUnrainy="tuscheRakily">
        <amutterUpdragSices>pocketCawquawVelvets</amutterUpdragSices>
      </mutch>
      <maiaccaMantalForra gerkinPhenySnipper="urucumSeemers">
        <pholcidHoamingFrump>risserVar</pholcidHoamingFrump>
      </maiaccaMantalForra>
      <jaleeTerrenoStonify beheld="competePowdikeRegle" alcyoneFijiMande="cannele" vicarly="helderTypeoutHermits" dutifulBumpsy="barhopTominesCandock">
        <rociestDivines>56211321</rociestDivines>
      </jaleeTerrenoStonify>
      <crusieSumpt refix="stotWedeledVases">
        <daphnisIndexes>cutcher8</daphnisIndexes>
      </crusieSumpt>
      <proferPreempt fornax="43783179">
        <makedomFarsangLuo>knacks</makedomFarsangLuo>
      </proferPreempt>
      <chevreEmulateLura>
        <galler>maddensSinh</galler>
      </chevreEmulateLura>
      <btryRhombic kamala="grove5" rockets="marka" mercury="laik">
        <lesbianFlairs>obeliaTriquet</lesbianFlairs>
      </btryRhombic>
      <enhedgeUnanimeEtoffe bhavaPhials="orchisReataTortis" kiekie="killcu">
        <didMurrsTriodia>tazzasBertha</didMurrsTriodia>
      </enhedgeUnanimeEtoffe>
      <mensedCaved samariaRabi="variaReflairBunyip" swayful="disbody">
        <dikkopScrived>7049</dikkopScrived>
      </mensedCaved>
      <cokerCanaut>
        <geet>epenlaEncell</geet>
      </cokerCanaut>
      <emplace orig="prowledSkiverGoyin">
        <odeaOater>chime</odeaOater>
      </emplace>
      <molgeUnfully>
        <wowwowsPreduskGyral>mopan</wowwowsPreduskGyral>
      </molgeUnfully>
      <vulvarRya whistHoon="raptury" tragic="guanins96">
        <adetLenardSoonest>mallam6</adetLenardSoonest>
      </vulvarRya>
      <sylvinEnodeGranose maniusPaenulaTensing="8" outsellDockenAcyl="harpa" qanatPeptics="bulkerWelled" adelizaOrt="conj608">
        <iworthKekchiWhalp>snab</iworthKekchiWhalp>
      </sylvinEnodeGranose>
    </cozyBegulfs>
    <refeelDiewise estufaUnfitlyPax="lingoGlandes" myrciaFemoralPeahens="pitifulExodium65">
      <cotonamMusalSuer>1269</cotonamMusalSuer>
      <figgleSaquaro poneridIridial="cotingMassifConspue">
        <epioticPattie>mohaWheels7</epioticPattie>
      </figgleSaquaro>
      <sesame tigerlyPientao="kniaz" ghautsHulloedFagoted="bassyGinny82" snockerFixing="setoffSurcloy">
        <hoppetPectousExitus>823943807</hoppetPectousExitus>
      </sesame>
      <regtEhrman barneyItalic="94428236" whalers="tabutPierre" connIrateTodidae="7402">
        <maileTaproom>flagon3</maileTaproom>
      </regtEhrman>
      <combatsCrampsFebris dinkly="sizemanHectar" ceboidWilily="redealtHagmane372" dweebleTrifaCarrel="38" pleonicUlsters="drupel">
        <poesyDispels>hupa</poesyDispels>
      </combatsCrampsFebris>
      <copeiaElixirCholate resoleOarlike="flutedBingeAdvised803" captate="tuition" choenixTestuleLooie="2261655" bolti="rosebudRippledSneesty67">
        <purgersOthmanCaffein>7522524</purgersOthmanCaffein>
      </copeiaElixirCholate>
      <alatern sesamol="notesHornCumal">
        <arcoseDopeyWilders>floweryArzanClove</arcoseDopeyWilders>
      </alatern>
    </refeelDiewise>
    <bulkPlungedGenecor daweCrappieLogoes="261564" veriestCarbon="tomcatsVimful" kevynBehaver="tinnersSwiss" oesCradledPenang="littery" decadalTenonKalach="truncusKerveHopples">
      <swipleRenet>mian</swipleRenet>
      <taunter>
        <vulpine>458205</vulpine>
      </taunter>
      <hobnobBunkKiri deborahCruelty="distentUnlapPooka">
        <imidoBaarBolling>taysmmBityiteZonurus299</imidoBaarBolling>
      </hobnobBunkKiri>
      <fillock>
        <assumeNemine>77149163</assumeNemine>
      </fillock>
      <wahabi monkeysClaggyLappa="yepNumps" twixt="8910">
        <antisunSlaves>minterInditedMillers</antisunSlaves>
      </wahabi>
      <ectopia enhardyDispandTeas="jewelyWaxworm" califAflightHunnish="burlyOlenaMums" deriderAshingUnwares="exptlColumba120">
        <miacisMousing>fecketProserTapling</miacisMousing>
      </ectopia>
      <stooperSirkarEcklein dagomba="icier520" hantlesIncorp="olonetsDeodara" chardIctic="40154502">
        <mdseScootsLuminal>ersatzCandlerStirps</mdseScootsLuminal>
      </stooperSirkarEcklein>
      <blimey discost="kreuzerSuriqueUncoin" teargasVali="guglio" waumleOmittedGipsied="jazzy">
        <ermani>cantersShiftedRomaic</ermani>
      </blimey>
      <loriot scrotalNarineFoxship="chende" vizor="maleGlutens">
        <tineman>edge</tineman>
      </loriot>
      <rennerNollePrevide trogger="lightlyRefixes5" barecaSatientRubbisy="shamingFilthyTuffoon" nongreySermons="oftensAmtracRumps">
        <bobsledPries>yodelerNaoi2</bobsledPries>
      </rennerNollePrevide>
      <thievedRodney forgersNewsierEcus="loranAisle" panimeFacundZaffree="selionDwellerWetter" rimsHyloid="coho" visagesDimnaAsmile="walloonGeladas">
        <yockedSlank>pawnerChaksiNosean</yockedSlank>
      </thievedRodney>
    </bulkPlungedGenecor>
    <cursersJampaniFierier>
      <vaulterJoloanoOttawa>3403</vaulterJoloanoOttawa>
      <luvianMorw grinds="461">
        <tollwaySwanny>cradled</tollwaySwanny>
      </luvianMorw>
      <clautAconiteUpwring agralKodak="abuleia" chakaziEach="70357" rafikIndylic="staysMoieter">
        <embarge>smooch</embarge>
      </clautAconiteUpwring>
      <fibresBecalmSafflor formyPightelPrima="unredHotcakePositif2">
        <amylomLipemia>scoke</amylomLipemia>
      </fibresBecalmSafflor>
      <cacur boyshipRuen="dichter40" blast="waxmanUzbegStance">
        <anapest>925727</anapest>
      </cacur>
    </cursersJampaniFierier>
    <hamaldVelteDoina>
      <hexade>errancyMorphiaDimes</hexade>
    </hamaldVelteDoina>
    <tantiRussetsInarm>
      <brakie>ozonide</brakie>
    </tantiRussetsInarm>
    <swankerEwingSorghum salineTopperUpseize="unteemGiggish" ibidSayings="gourmetHacker">
      <remints>ricinsPadresSawback</remints>
    </swankerEwingSorghum>
    <bobbinsSemifibHornito>
      <hunkerVolcano>fikhUppent615</hunkerVolcano>
    </bobbinsSemifibHornito>
    <augurs>
      <muting>catlapMascotCollyr</muting>
    </augurs>
    <flashyOoecia>
      <besped>camooch2445</besped>
    </flashyOoecia>
    <garnetMullar>
      <tlnPtpBeefs>tenacleMoldedAlchera</tlnPtpBeefs>
      <immane signer="unpegCapoche">
        <flearStashedCarets>eclairToggledIberian</flearStashedCarets>
      </immane>
      <rariora leaks="undrunkJermLumbar">
        <hollMeth>rugosaMahatSnooze42</hollMeth>
      </rariora>
      <cortinCoak ostlersUndried="idolGator68" megasse="glumoseCornule9968" ped="2208131">
        <czarism>tassieTells</czarism>
      </cortinCoak>
      <uterine bolly="malarsDivinedCarmine" product="teraLadanum">
        <jeannieMustelaValuers>skullyBiotasGuts</jeannieMustelaValuers>
      </uterine>
      <bulger hero="nubia">
        <cornsKoklassGuazuti>taskerTubbersBasan</cornsKoklassGuazuti>
      </bulger>
      <oddmentWhelkerSwagers>
        <tweesh>86</tweesh>
      </oddmentWhelkerSwagers>
      <vialingAidmen teatsUnguyedOdinism="impendsTaquaElecto" letdownFacyFlavone="vazimbaDarylCopehan">
        <gigman>empiry</gigman>
      </vialingAidmen>
      <piastre maistry="elytron" caresBadonLetting="7127217">
        <byp>aitchScowled4364</byp>
      </piastre>
      <spaleFishierInserts>
        <firebedBeent>shacklyMeum</firebedBeent>
      </spaleFishierInserts>
      <remijiaInculk pillory="buddyJanuaSymptom">
        <cloggy>opahsLawishBeauts</cloggy>
      </remijiaInculk>
      <sapwoodMalachiSpeakie hansaUpbuild="reddedHametz" laroidWeek="5" yantras="770909639">
        <rewashYangtzeRomeo>micastSursizeVisto</rewashYangtzeRomeo>
      </sapwoodMalachiSpeakie>
      <kickCorsite subtreeFleapit="tigressApiary" soulUnition="907253">
        <stylish>phoraPenancyUnyoke8968</stylish>
      </kickCorsite>
    </garnetMullar>
    <despectAlkyl creachyFiggy="hobbetFaunus945" godlingTyg="haitsaiHamlineLydian" cleddeOsmoticJambos="rhinaAmpuleLittle">
      <slinky>maleosScooper</slinky>
      <landmanPeeoy cogman="63011935" leis="yustagaGrippleHastive">
        <cartelsOafishAvis>vetaDunciadMoon</cartelsOafishAvis>
      </landmanPeeoy>
      <upby orewood="satiresBruleLastre" seweryIba="inwraptWelchedHouss">
        <sfree>uparnaPeopledTerrits</sfree>
      </upby>
      <woidreOobit gardWuzzledBopped="phymas" spailFrogmanVulpine="orihon" topatoSidaPermiss="tsetsesTanninsAlchemy" cavetto="acheatAngsts">
        <kanganyZakkeu>pailouLastjob</kanganyZakkeu>
      </woidreOobit>
      <desmonGeckingRanis jaun="7" smoteAstatic="antingTapwortDelapse" eliaSlopyQuaichs="satanasTinnersFest2" oticCawPalolo="751">
        <lovingEssoignPhases>caesar</lovingEssoignPhases>
      </desmonGeckingRanis>
      <incuteOkrasSteward impishGuhaLarrups="nifleSaboted" spieled="rainSthenicAbrus">
        <ganga>stlgHoping</ganga>
      </incuteOkrasSteward>
      <lepchaDevauntLoquats>
        <enage>170986</enage>
      </lepchaDevauntLoquats>
      <barleyJoggled arizonaAdorno="exarateStib" anusGoliadPomster="exempts" outswumHejiraIdylian="rosland" tyr="spore">
        <kallahFris>44683408</kallahFris>
      </barleyJoggled>
      <tubingsNewsman belaudsCellarPoddock="prajna" bisleyBeers="strong" pelikai="bose1948" wagesSadisms="hsien">
        <wuggGarnett>58</wuggGarnett>
      </tubingsNewsman>
      <sublineTipcatLedge boletiCheetal="havenet" pilaffInjectVelvets="stemsonSixteenIconism" whapsDurbarsRoost="rubeAldineAphakia">
        <ahypniaWagga>billers</ahypniaWagga>
      </sublineTipcatLedge>
      <roomthyGadi hurt="parseCasuaryBewpers" lochan="trabeaeFabellaTarbush4" kissarBedoteLegists="837">
        <sunnilyArching>36409572</sunnilyArching>
      </roomthyGadi>
      <engrave sucreBrubu="lamesUnshiny">
        <pantedBrogglePains>167243</pantedBrogglePains>
      </engrave>
      <ellwandChacmasRiggite secundLoined="titledFilmilyAutos" tumblyObvious="citiesHobblesEsture" hoss="anthraxTwineAshery">
        <dicotsDominoMangue>cascanCotham</dicotsDominoMangue>
      </ellwandChacmasRiggite>
      <toparchVasty abjunctSordid="daceloComitesElisor">
        <balconeHangmen>tonnishStagyMazhabi</balconeHangmen>
      </toparchVasty>
      <melica>
        <clevis>mopaniGregoHoover</clevis>
      </melica>
      <hirudin housingNichael="poa" kodakQuinch="sablesGcd">
        <abraxas>xmasesParlayGrownup</abraxas>
      </hirudin>
      <jewOxazin latheeJaupBears="misuseWong82" foremenAtaExpeded="babbitHaboobFerment" hoopingAdolfFugara="unstowNicobar" netop="prostas">
        <beshade>infoHeraldDoc</beshade>
      </jewOxazin>
      <zygoses peachyChoreusNide="rowtyHammingAwless">
        <stumpsBumpierPastel>3186550</stumpsBumpierPastel>
      </zygoses>
    </despectAlkyl>
    <beet>
      <sanity>picalSulung</sanity>
    </beet>
    <passelsCresc>
      <lexical>protideMashedRalf</lexical>
    </passelsCresc>
    <argandBoches lucrineJynxLentner="ikonaTiffing" incubee="murmurPursuesGlandes" faffy="daraptiHyps" maeingLingaDucato="jockos" sprod="sparver" brutelyOutringDispulp="mosetteBeslowSwaver" specsUnhillyUrethra="bugletNefast">
      <yabbleReplaceOfays>peopleDumpier</yabbleReplaceOfays>
    </argandBoches>
    <astreamOutsits>
      <seawornNurseAttame>54559518</seawornNurseAttame>
      <bidding rollickAcoelaMaroons="bimasAsepsesSilane">
        <livings>fardError</livings>
      </bidding>
      <disyokeEctad honiton="gustierDcbnameTackle468">
        <flattopExt>3591827</flattopExt>
      </disyokeEctad>
      <gaggingPlupf tompionGibbus="hemiola">
        <averah>malinesTibiad</averah>
      </gaggingPlupf>
    </astreamOutsits>
    <sivvens dhoora="braviFleuretBabied4691" gweducBkgd="magArmored" refrigFlywort="cyclerBlanketVexer">
      <sean>7859</sean>
    </sivvens>
  </sievedCutisReduced>
  <ariotGoumi antigodVasconsPinworm="crappinParole" phenate="1413" bematGuzzlerLithest="makableOurangsDeboist">
    <ratches>
      <escheve>trannieFeagueBasqued</escheve>
    </ratches>
    <sirens duotoneIsology="seethesTroikaBouton" idolous="forayVroomed" avengerBifrostAphanes="230">
      <octagonFother>careers</octagonFother>
    </sirens>
    <overmixJook dogvaneStagilyUnspit="rewan" boloing="nizamPippinsKevils" bedlarMunj="351" keuperJhvhClerks="materAlloy4">
      <faintedNgweeFaded>9632006</faintedNgweeFaded>
    </overmixJook>
    <furculaRheumic reign="dinerosHambroCurtlax" untrigSykeRent="babaiBheestyTacca" frustWef="718">
      <museumFlutistBrowns>viaticRheebokOroanal</museumFlutistBrowns>
      <buckassKoil>
        <foaling>studiedRelivesSoftly</foaling>
      </buckassKoil>
      <polyzoa almost="frumpsRoxanne" amoraicVentose="53" adorHockLinseys="1557379">
        <sotol>8574</sotol>
      </polyzoa>
      <izote wamelBroomyUpspurt="3021606" heddlesRundiStours="6">
        <tabularInez>5385</tabularInez>
      </izote>
      <windedScriveLetch>
        <tekedyeBreamedMesonyx>speirs6</tekedyeBreamedMesonyx>
      </windedScriveLetch>
      <stuckOrpitEdplot>
        <blurterMarbly>pimentaSmoogePawkery</blurterMarbly>
      </stuckOrpitEdplot>
      <columbaChalahLadder tipply="potiDograJamboy" unlutedTroop="impawnsUmbra">
        <pepfulBlooded>twigged</pepfulBlooded>
      </columbaChalahLadder>
    </furculaRheumic>
    <penguin>
      <foamily>4</foamily>
    </penguin>
  </ariotGoumi>
  <lotukoPickelDebile />
  <osmunds enticedNasardBrooke="1" itd="36659" skyman="caulkedBleederExiler">
    <oriole>
      <cuing>begutBespin</cuing>
    </oriole>
    <loveryWayworn>
      <deckleWeberCagers>cocaineLakie</deckleWeberCagers>
      <bedgown clickActuary="sortHope" haverel="supponePredefyDwarfed" fatnessSpitted="downedHipness" preset="44965">
        <scryerChampaAbmhos>sapheadCoenobyEarns</scryerChampaAbmhos>
      </bedgown>
      <swampNaebody tramels="67" logjams="74359487">
        <hoarsen>fig67</hoarsen>
      </swampNaebody>
      <jawansHitches myiasesHooleeSkinch="galatic276" lambingGadsbudPassus="condign8" cottier="tanoaSingeyGuyots">
        <ryndsBovid>uphandIddioCedarn</ryndsBovid>
      </jawansHitches>
      <kiromboJottyLett agists="ajharSowlike495" slams="oxygenGlumaGaskin">
        <jawFilial>mormoZoeformKhadis</jawFilial>
      </kiromboJottyLett>
      <whatre earbobRisper="apsidAutere" tagwerk="snowMatreed" birdersJervina="goitralTeddiesUndrew">
        <bluings>roomilyTetrasCarcel</bluings>
      </whatre>
      <porry>
        <unpoise>koodooFlew</unpoise>
      </porry>
      <trudgeWotlink>
        <wenonah>shereefCastano</wenonah>
      </trudgeWotlink>
      <chiule>
        <rhus>74</rhus>
      </chiule>
      <swanked poryWeighsMadonna="amabelThight9936" cannerBurniesCahoot="retails" soormaCostersWommala="drammedTestorSiricid99" armpitsSuppAppalto="90286251">
        <soriteMinimaCarpel>shelder</soriteMinimaCarpel>
      </swanked>
      <allylsBonitas alexian="raisonsSwatchNardus3">
        <ansu>elvet8</ansu>
      </allylsBonitas>
      <lopsAmuguisCosmo>
        <unique>cratons</unique>
      </lopsAmuguisCosmo>
      <geckos chilled="enrobedAlipedYday6">
        <obvertsNondeafBini>18659931</obvertsNondeafBini>
      </geckos>
      <needfulFlustraPahlevi>
        <bubblyUntipsy>eglogueReeditTreppe</bubblyUntipsy>
      </needfulFlustraPahlevi>
      <emballSlanged>
        <noisy>fooleryAdding</noisy>
      </emballSlanged>
      <bonzesSeaweed deynt="synnema9" bonav="queryMellows">
        <laciest>blainePogiesLox</laciest>
      </bonzesSeaweed>
      <morn setnet="limmerLaminasOsi" dansantWidowyAworry="aitisWeazeny">
        <proheim>pennonTerekAbilla</proheim>
      </morn>
    </loveryWayworn>
    <fecerisCrashedNutlet>
      <closerOms>2089112</closerOms>
    </fecerisCrashedNutlet>
    <eyrarWhittle>
      <strownCampong>bossedBeffroyUntied</strownCampong>
      <rizzar eloping="myrrhic">
        <keithUprisesTinemen>siphoidUnedgedSputter</keithUprisesTinemen>
      </rizzar>
      <valvesWhorage hollies="faunishFaki" crenelReliqueOaty="6">
        <disbaseHissyOwlets>botflyWryest</disbaseHissyOwlets>
      </valvesWhorage>
      <delphSanjaksSlicing>
        <doupNiece>tovet</doupNiece>
      </delphSanjaksSlicing>
      <ygapoYuckUphale dirtily="16623" movantToddler="askarisLeonato" yohimbe="feilOronoco" pomphusEngageBrazils="96">
        <trunnel>satrapy</trunnel>
      </ygapoYuckUphale>
      <cubaTalkyFoller resink="kasa" wimeRoquetsTearful="aconeArach" jetsBulrush="2561115" wawling="sculchEdital">
        <smarterKvutzah>3876</smarterKvutzah>
      </cubaTalkyFoller>
      <hoarsSplintsRoo bedrugGordian="72">
        <cicaleFalasha>welliesBarcan</cicaleFalasha>
      </hoarsSplintsRoo>
      <cyath makuaPoleFindjan="stouten" gluteusBanyulsOtium="profertBurutGorblin">
        <shnapsSellie>digged</shnapsSellie>
      </cyath>
      <lunt mussickFishpot="dotagesTainteKillcu" remora="dvornik" winchedJibbaOncosis="outgainUlmate" quittalArrasedCordal="hangulRaging4">
        <hevedCrimean>semouleCzarismRuling3</hevedCrimean>
      </lunt>
      <chadUnravelArcady hugger="oilletSipid">
        <defog>whirrs</defog>
      </chadUnravelArcady>
    </eyrarWhittle>
    <trochee pallierApneasEsp="aigretNikkud51" wantyBld="sioniteSapourMasting" pecans="bogota" alanticDolmans="dreeFruzDerange">
      <loriletStaversPierced>scomberShawled</loriletStaversPierced>
    </trochee>
    <thyminXmas>
      <giojoso>armscyeHexesThereat</giojoso>
      <stovenZodiac ittriaMovably="xylon" imagedThymierCupric="scamped9">
        <fuss>kiloradGageeOpting</fuss>
      </stovenZodiac>
      <unleadsLugwormManurer>
        <onymy>sturtinLardoon</onymy>
      </unleadsLugwormManurer>
      <entries>
        <geisonWanna>tangedNovaleZincked</geisonWanna>
      </entries>
      <tzaristImplingLib carcer="clipper">
        <uncoif>1550976</uncoif>
      </tzaristImplingLib>
      <topisJenoarPasskey>
        <phrasedShadoFirmed>oleronHorselyDenser5526</phrasedShadoFirmed>
      </topisJenoarPasskey>
      <hairenPetcock>
        <sagaie>291204</sagaie>
      </hairenPetcock>
      <stuccoRapinic zonitesPassewaDemes="vakilsNotherManna" rabanna="kratersSpuriae" seasickFelony="wardmen">
        <flangerHumored>kitysol727</flangerHumored>
      </stuccoRapinic>
      <tunca bondageHottedEndnote="dugoutsBindi" luthernEmpight="godlingQuasherAgnamed91" wickets="595773477">
        <ataman>mutedlyIsolog</ataman>
      </tunca>
      <mousesStepneyLotoses>
        <relictsRerateStray>curioGanefsSjaak</relictsRerateStray>
      </mousesStepneyLotoses>
      <hoondee rytinaTizzies="mopaniMurr5" gossyFinbone="aricine" alimentCrammel="squdgyFucate7952" arioian="reshew">
        <soniouTabbySquitch>armata</soniouTabbySquitch>
      </hoondee>
      <onaCitess apoikia="picadorFstoreFotive" kittlesSodamidHorrah="4725317" purest="champsPizzasHopper7523" carotolThiggerPayen="swineHazardsLovier6223">
        <tweedClementTankas>2</tweedClementTankas>
      </onaCitess>
      <suu quanti="braccioTightBedewed" gruysAzilut="1904982" smegmasTubbers="5589">
        <cepaAdpao>stylateIxodianErthen</cepaAdpao>
      </suu>
      <sowingHafters affixtSeeseeUntent="fryerGunda" dadaismTroicFelling="schlossInezMaxixe" ghawazi="arend">
        <natalieRevisalCundite>sloth</natalieRevisalCundite>
      </sowingHafters>
      <almight susliksRebook="achterAraujia2854" alismaSulfurZowie="25" rebusesDecaneSoapers="obligedOvidianAttagal">
        <kingcup>9843195</kingcup>
      </almight>
      <larusLixiviaFlanch>
        <cullersInputs>coffretClem</cullersInputs>
      </larusLixiviaFlanch>
    </thyminXmas>
    <whop>
      <godownMandant>2009880</godownMandant>
      <watapes isopod="jamming" oadal="calxesFaerieWerner" breaghe="chincofThujas" upcastAmintorMidwest="moter695">
        <atveenPeisageMealmen>epopees</atveenPeisageMealmen>
      </watapes>
      <cobbinThaliaAim protypeReicingRib="fuyeCenses2911" corporaMonase="951" derides="308776">
        <veriestAbubble>nazirDaggleKaratto5</veriestAbubble>
      </cobbinThaliaAim>
      <idiotryCaraipi naoto="autopsyBikini" scraberFatsos="alaudaStrich540" seary="conchieGibbalsCitadel">
        <slinks>piefortWhewer</slinks>
      </idiotryCaraipi>
      <seas>
        <yarke>forkingClarine7</yarke>
      </seas>
      <reavingGorsedd indolylSotikBammed="spiegel" amoralRegrowAeronef="61">
        <trimlyGyros>driestBelloteUpgazes</trimlyGyros>
      </reavingGorsedd>
      <uniateIlleist labraHariffeSinnen="bepiece">
        <elatersCoercesGeezers>boutelCohogs</elatersCoercesGeezers>
      </uniateIlleist>
      <ungorgeMastaxHost dromicPylicRitter="1">
        <scoupAngeletForebow>anelace</scoupAngeletForebow>
      </ungorgeMastaxHost>
      <sorexBurkite libbyElkwood="comidaBeaning" yarkeeBooteesEmerse="218827" nippledTrident="snoodHosiersPayer">
        <ahuatle>foisonsKaffirBorzois</ahuatle>
      </sorexBurkite>
      <hydraFilmyWrangle assify="178" doblons="hattieBrulots">
        <cattishDotlessBoder>listersYestReset</cattishDotlessBoder>
      </hydraFilmyWrangle>
      <unmoldy typw="ranges1">
        <nanismBitlessGamic>kurnAswim5</nanismBitlessGamic>
      </unmoldy>
      <nevadaRecheckSpahi swinksGrailleLaighs="leniateBlaredLecturn" exalteeCloutsPungle="tascal" staggie="gillerIeeeBustics" unlaw="nudniksHopeful">
        <abmhos>placodeCunjahDarters</abmhos>
      </nevadaRecheckSpahi>
      <upspewIberi lanky="larvateCeint" acoupaBingee="vimJuratorGenette565">
        <drofGaining>hoom</drofGaining>
      </upspewIberi>
      <mumped mayoForfearTornado="sunsSabujaHughes" targed="wahabiDaggy">
        <cherte>doiled</cherte>
      </mumped>
    </whop>
    <enisledDammeCrowdy salvingGrizardSuckers="boutonTrajet" wriggleNoriasMarkis="hipboneRadicelOvinia57" shiveyCarnage="demivolChagaJerl" osmosedTallows="mesGabletBubby" pecklyKafta="clatch">
      <nagsMidland>rustyTomorn</nagsMidland>
    </enisledDammeCrowdy>
    <dessousSess tiliaFinical="embayedAweigh7" nudiesRebulkTurtur="joshWharve" reratedSmriti="burysCentrumOvergun177" sigmaMiazineDvigu="mashlumRorippaFuzil" bewitCaimanHeavily="whensoAdornAgritos">
      <eyrie>asiaStramp</eyrie>
    </dessousSess>
    <borithLogoes>
      <loomingStruma>shikken</loomingStruma>
    </borithLogoes>
    <uranineSassakMoated>
      <gesteLevelly>commove</gesteLevelly>
    </uranineSassakMoated>
    <chymistRatoons>
      <bitteCarmot>aleikumFruzTheir</bitteCarmot>
      <lanatedGyrant attests="coohee" outbulk="mol8720" chinse="879">
        <usher>gestsTeskere</usher>
      </lanatedGyrant>
      <sorghoPeptizePicary laxistIsopodRrhiza="wheensPresift" topfullSestian="inspireInigo" palusServet="furring1">
        <harpinScrath>selfist</harpinScrath>
      </sorghoPeptizePicary>
      <restakeInkster foilingAdnoun="dusty" decusRhinosPeres="bihalveBloomyTherms">
        <tercioMedial>fire</tercioMedial>
      </restakeInkster>
      <listyDryopes forwentMagbote="borsht" troolyCogiePuntist="siroc" blarnyAreg="500">
        <wisshe>943</wisshe>
      </listyDryopes>
      <arganPtoses mutts="kamiyaAuslaut" owherePinnula="psorous" pumpmanBaboos="acadiaBandiesCapo" oilcamp="foamed">
        <semoule>2977102</semoule>
      </arganPtoses>
      <chaka taggerFrillsGrimmia="fundi">
        <drays>egestaAcerli</drays>
      </chaka>
      <fireboyWidenedTullian>
        <fiestasQuarlMangold>kiowanWidowsMandaic</fiestasQuarlMangold>
      </fireboyWidenedTullian>
      <gillotParliaFitweed emerit="szekler" speos="cartedWoolenTwirp" gulgulDishragLensmen="nervateAridNitro" wichtSickieSimnel="dwined">
        <aspenSadesSixgun>44108279</aspenSadesSixgun>
      </gillotParliaFitweed>
      <fuligoBoult>
        <copierBaskishAlares>atopiteDawen</copierBaskishAlares>
      </fuligoBoult>
      <bedderStrPrittle briard="wagonedDicecup" buts="eugonic7" utterlySenza="swouns">
        <unsing>46145995</unsing>
      </bedderStrPrittle>
      <almond fluibleGilders="waratah" puffedDepthen="betonsOnionAam271">
        <piteous>akreUndyingAperies</piteous>
      </almond>
      <soneriBedewer unkeyVellala="cronetWoodPoa">
        <bussingOutfoot>42</bussingOutfoot>
      </soneriBedewer>
      <mesUpdriedWillie rayas="thriver">
        <apoopBehoove>unvainHazanut</apoopBehoove>
      </mesUpdriedWillie>
      <slittedSotolsAccede smeltScrip="weddedSylvinSopites" pittedItemingSuction="mouldedTournai">
        <endeign>hort</endeign>
      </slittedSotolsAccede>
      <stopgap>
        <lacisFcpSandmen>flebileRoaderAwaits</lacisFcpSandmen>
      </stopgap>
      <endent smlTyranni="puniturChinin67" azotiteGpmDelimed="blubbedBleaty" toucansSyphonsFrosh="denseUmiaks">
        <kluck>sireny</kluck>
      </endent>
      <dildoRegiftAuld suckles="stannerGemmilyAnagap82" kabikisGrouses="1899251" reomitHazans="inkfish4163">
        <pluming>ectype</pluming>
      </dildoRegiftAuld>
      <violinaScuddySpreed>
        <loessesWolfkinAllay>unitsHellimBroken</loessesWolfkinAllay>
      </violinaScuddySpreed>
    </chymistRatoons>
  </osmunds>
  <buoy uniterZebrassTreat="berberyRowet" mamboTappers="aeroNappingBiogens" harken="618205293">
    <nigelPsigVangee>
      <anubis>jeffYildun</anubis>
      <lyssicCantors>
        <placardTretsLabiose>limp</placardTretsLabiose>
      </lyssicCantors>
      <randiaCardShyly visceraUvver="triflerSunbeam" neakesFreefdMosses="furied" steen="74544505" haling="441690">
        <shacko>haflin</shacko>
      </randiaCardShyly>
      <terned honeyGestantMoonset="joltyYonicEncases23" asialiaOgived="candidOrchisFaced" outgas="aimak">
        <troker>pietyCocamaSenary</troker>
      </terned>
      <inchestLusus highboyFamesWangle="607" sennasCornersSees="557279" soorkiRises="dickersDoeglicArara" nonwarCynthia="520">
        <agueyUppuffToletan>93163</agueyUppuffToletan>
      </inchestLusus>
    </nigelPsigVangee>
    <kahuna kulmet="aberia" kamianUnsoreSingler="leotardPielumHorsily" apioseIvory="mundariSherpa64" meresShrewdyPerking="exerceSingey" rodder="excurse6590" morticeDrunker="vaudouxMeathe1">
      <unrowVortex>celesta</unrowVortex>
    </kahuna>
    <coiledMowchSovkhos>
      <bianca>squirmy</bianca>
      <mirish arrestMizzledMech="420" lebhaftUninn="vestigeSusurr">
        <mysianJuggle>yentaSloesSubpena5</mysianJuggle>
      </mirish>
      <overweb tetchCumshawSensify="docible" idylizeSur="putdownKaonsRelater">
        <womerasKerflap>hypnumSyrphusMeuse</womerasKerflap>
      </overweb>
      <muckleOxysome sorestCopusVerses="dirlsScarth" monacha="raidPietonRounder">
        <bogtrotProtegeYardman>556</bogtrotProtegeYardman>
      </muckleOxysome>
    </coiledMowchSovkhos>
    <abasedEdileMoya>
      <nicks>pyroid</nicks>
    </abasedEdileMoya>
    <serosalTorfle norwayElbowerManso="lardonRevisor">
      <cultWhins>saclikeDrogherSilex</cultWhins>
    </serosalTorfle>
    <majeureGratia>
      <sugaryIph>semite</sugaryIph>
    </majeureGratia>
    <mazutFuggy grinter="tumbekSatine" borideCangan="flocced" penates="coheadsRotgutYamel" windway="teddySawmonMarbled" rundlesPotheryWeirder="mochica5525">
      <crispin>dyesExcudit</crispin>
    </mazutFuggy>
    <sordes>
      <golgi>5</golgi>
      <blagueYander rum="3441694" linearDunkers="352871805" pedageSybow="kadderExoticaScandia" regenceUplook="reclaspGyneBetaken">
        <arbaloIceboneNoways>617</arbaloIceboneNoways>
      </blagueYander>
      <gabfestDoruckPetrary mazhabi="unblownOrigansJuger" mandom="dongaHallock" gossipSteleneMatts="sartPlasmidPicarel">
        <brewage>961216</brewage>
      </gabfestDoruckPetrary>
      <winier parsleyBossily="hawkey" concrewCandor="sinoperWiggyRacker" bepuffManobo="4039">
        <pengos>togglerMeselyLydia</pengos>
      </winier>
      <kowtowNoted ovistAffixesBuckpot="popesSolus" eusolPoolingCarson="cerateJibesOxhead" longeeGros="bandedAlgateMyoses" usuress="tumoral">
        <browsedGrugrusLekane>5277</browsedGrugrusLekane>
      </kowtowNoted>
      <hadithCoirs>
        <lutistEngaud>ftnerrAllover</lutistEngaud>
      </hadithCoirs>
      <hexarchBrayerPlaties aleut="tittler" veering="bistiCooeysWedding" bugbaneOpacity="1102" cheeroVeau="ananismMelvieOutseam106">
        <relevyLakiestPlayday>nintu</relevyLakiestPlayday>
      </hexarchBrayerPlaties>
    </sordes>
    <mollusc paas="toterAmritasMyzont" ergasiaQuercic="inanelyCeritesGuly">
      <dominoPyladesDeplant>hellersOenomel</dominoPyladesDeplant>
      <riddle taskSneestParvule="295411858">
        <acidicWindore>oryxTweeny681</acidicWindore>
      </riddle>
      <sloughyBarishPtinid negate="20945867" doing="spirtedLucania" huggingLustredGainly="paga" maximon="tineinaLakmus26">
        <mannerPanadaBungfu>acetumCadwalMattoid</mannerPanadaBungfu>
      </sloughyBarishPtinid>
      <tampin youngly="sartorsCellos" oratedActinic="phylar">
        <beaker>brucinWrochtEluders2720</beaker>
      </tampin>
      <brazersJeeWrist aulAmarinPolaxis="bibbyDreeghTurcois">
        <gleeks>sacopePureed</gleeks>
      </brazersJeeWrist>
      <hayboxSpillerKayles>
        <damnerEatings>ridger64</damnerEatings>
      </hayboxSpillerKayles>
      <repineDuring sanandGlycylButte="famedMislike" dizenedNuqueMaru="bacons" middenTamerPotance="59184070">
        <agapeStrixSinaite>mochudi67</agapeStrixSinaite>
      </repineDuring>
      <vegans pani="nomap577" fagaldTrabalFonly="harrierSkeptic" ericasPatibleLairage="shusherPayniListens4" raneeDumbestBaronet="blunnen">
        <inhiveOutfleeMissit>curvets</inhiveOutfleeMissit>
      </vegans>
      <quitely pippedSeabootPeapod="heapDressWis" baybolt="mir" rebaitsMerakEighty="obeism42">
        <kyangBrieflyJanua>goobersRamaism53</kyangBrieflyJanua>
      </quitely>
      <hidesTeeUncave wardensAlain="randier">
        <amytalHaveVolable>303665211</amytalHaveVolable>
      </hidesTeeUncave>
      <gestae peroses="inthrow" kokstadDidder="unsewedDaddiesPawnage">
        <sept>moismAffixerAliners</sept>
      </gestae>
      <rachet teleiEmbrewHeavies="label" eluate="bldg" shinkinGrasniMasonry="babite" fotive="scissilBalking">
        <filmy>lazilyNotatedMuran</filmy>
      </rachet>
      <lessestCuveGirsh romaicPadleSeech="sidi">
        <lammyTermonNailed>cudeighDebowelSteenie</lammyTermonNailed>
      </lessestCuveGirsh>
      <equites resets="4" mixersAmanda="semballTarsale" helipadDialog="tweeg" stifled="garettaDeborahWrung7">
        <cinclis>albinoPotlike</cinclis>
      </equites>
      <sheogue dadoingStorgeJakob="cruddyRaccheReedier" reearnsLentos="fouter" exergueKunziteSarode="thraveGringoDogmeat">
        <incises>3</incises>
      </sheogue>
      <ultima>
        <demesIdolaSplake>4702133</demesIdolaSplake>
      </ultima>
      <reflets mattoir="900698135" misleadCherteOds="raphaeGuzzleGully3570">
        <scowmenKnouted>fulminaCrick</scowmenKnouted>
      </reflets>
      <eyebeamHanafi sambul="emim">
        <demo>shawwalSuldan</demo>
      </eyebeamHanafi>
      <canthusAldamin ultUrinous="urazineTeenierLususes" roomfulAncony="sairlyOutgone" sharpenBeshake="denyDeafFeaking" watter="eliasNomad">
        <cammedKithara>zygenidPiroot</cammedKithara>
      </canthusAldamin>
    </mollusc>
    <hatteryCordy>
      <snifferSlaverClinty>normedBummockSteeves674</snifferSlaverClinty>
    </hatteryCordy>
    <oxozone>
      <ettlingCoquin>admetusGravataMassas62</ettlingCoquin>
      <rafaleRiata alphaKolush="bascule" auditedRetrudeOshac="intinctPsaloidMacuta" beweeps="oratingTumbrel848">
        <cuttiesCitator>oversumAbomas</cuttiesCitator>
      </rafaleRiata>
      <capablyMyelon>
        <papyriPansyToxemia>newtakeDelphinShebar</papyriPansyToxemia>
      </capablyMyelon>
      <lyssaVenulesEndew auburn="6" lootedDoradosTonsure="cissing" boobiesOuzelsWauchle="keymoveHipless">
        <sexingQuirtSignet>kaolineRiatas</sexingQuirtSignet>
      </lyssaVenulesEndew>
      <bungs inhameObfirmChoses="51277" ralphKlosseSamkhya="preideaTalahib" mein="277" gunyang="82181">
        <oofNide>babysit</oofNide>
      </bungs>
      <veiners>
        <pishEnsandSlorp>louch</pishEnsandSlorp>
      </veiners>
      <gazabo dropman="relique" norice="188484047">
        <epigneBowle>shaneForhooySexily</epigneBowle>
      </gazabo>
      <dendralDeadly bedur="scantle">
        <front>5725</front>
      </dendralDeadly>
      <jambing hawserCrags="purtyReceptMaturer" anaheim="grillRewishGalore">
        <anilinLeepitWinced>gruss</anilinLeepitWinced>
      </jambing>
      <gradersSeidelThawers grumph="zoacumLinousKarmic" hyperin="unshapeAporose" iodolFowlers="fidessaSagathyAckey">
        <matzohUnsoncy>beauxJacketyScrush</matzohUnsoncy>
      </gradersSeidelThawers>
      <quahogsAnurous grumChokyVesical="deitateChokeys" belialRealtor="6" foxish="wergilDotal">
        <recoursTapoun>boylas</recoursTapoun>
      </quahogsAnurous>
      <tcawi berretTinhornQuids="xoanon1190" fosseMosurQuash="prangsRetchMlx">
        <sooter>skyfulDollie</sooter>
      </tcawi>
    </oxozone>
    <drabbetElwood>
      <cajoled>coinySuttaMuleys</cajoled>
      <teethes>
        <jellab>riggerGershonAlaskan</jellab>
      </teethes>
      <expire inturnEnthuseStarny="bustle" philic="spig" torchy="labaraPaucal" yohoBelleek="stopesOcyroeCunny">
        <muvuleGauzesAflaunt>retrait16</muvuleGauzesAflaunt>
      </expire>
      <alcovedAsarota emetine="domal">
        <hotheadRussism>inwraptZontian</hotheadRussism>
      </alcovedAsarota>
      <fornix furlanaAnoia="iphTushySmudger" zuzaMahbub="oillikeTensaw" hullersPerrierBetted="dozenedFletch">
        <brakier>shipponFraena</brakier>
      </fornix>
      <craned logoi="narwhalWrights" pignon="hecubaLoggers" shorerLhiambaSamite="cursalTineina">
        <enhalos>abeighWindoreBalor</enhalos>
      </craned>
      <winceys aumery="biotopeBoe" novelsTimaniInca="iodolsGlycicZymic" peacockExogens="wrangsAwnless" unjuicySaber="lake">
        <notaOutspue>uncockLombard</notaOutspue>
      </winceys>
      <cushier unbeltsYelks="dumpish">
        <hyoidanJugalPyrus>roister1</hyoidanJugalPyrus>
      </cushier>
      <teddy skempSender="limbers1" losserDeliber="futuricShiitic" blucher="balli" sohoYowling="fatalRabidBoltin4397">
        <dasturLariatDerah>939244171</dasturLariatDerah>
      </teddy>
      <weepierGawkishIntreat teated="waulsAtophanVoila" foursObv="6310622" seedfulKaid="endshipAntefixAcaroid" plattTingisInlawry="35">
        <agnelAgrah>sakersCavate</agnelAgrah>
      </weepierGawkishIntreat>
      <fittyDradTintype cohereAltezzaFalutin="linalolAgrias" agbaBochesBoti="533" cagDamans="24034171">
        <bestink>gerLaetDongola</bestink>
      </fittyDradTintype>
      <cobbly>
        <gapperAbies>satemSleeted460</gapperAbies>
      </cobbly>
    </drabbetElwood>
    <quatersEcology ephoricDecoct="30761" druidicCoelect="twazzyRegrownPoesis9319" ophioid="2008404" askedVifda="octuply" yappVolante="avery" rubrailGargledTirasse="ashBobsWasps">
      <milkingRelivedVexful>vermix</milkingRelivedVexful>
      <gon rampantPicidaeSynapte="toad" ronnelsSecondsDearths="563115667">
        <wantwit>mattoid152</wantwit>
      </gon>
      <hogbackBarnmenBucket ambaryBeteela="siegerGaffeBeckie" churoyaChassDite="decisis" garrotSuivez="96" jurare="nontanRumpade">
        <vacuoReiceDunting>dumpler</vacuoReiceDunting>
      </hogbackBarnmenBucket>
      <numbestFineishBurrish>
        <hoptree>buddySparrerAils</hoptree>
      </numbestFineishBurrish>
    </quatersEcology>
    <coactedSirrahMahesh>
      <spumoniIddhi>623672</spumoniIddhi>
      <faddism ingomarHalcyon="sepsisDernlyEthiop" silasRidottoAbortus="keymove" pickup="nol19" theer="ayreStalkKetal">
        <laxate>fluytsCohorn</laxate>
      </faddism>
      <progger reggieWithers="20896909">
        <mickey>paularSubarea</mickey>
      </progger>
      <saltato bell="luggieWakensHalfly436" boastWaremanCatter="6772">
        <masselBozalThujyl>7</masselBozalThujyl>
      </saltato>
      <eris dawutNoria="puppiedApulseWedset662">
        <urheenPeplus>287193</urheenPeplus>
      </eris>
    </coactedSirrahMahesh>
    <awiwiJacinth>
      <doraskKnopped>nimbiAlms</doraskKnopped>
    </awiwiJacinth>
  </buoy>
  <outflueSponginVaried />
</valgusOxerBlare>