<?xml version="1.0"?>
<prostoaOildomAgritos>
  <arcticSiganid diggingBastersUnclad="plenums" cymbidLouther="gingalsThigh" />
  <uncoverChewer cariri="atavi782" raniEuskara="desylNovusTrodden" cranks="4">
    <jobless strentFrappes="fiaschi7902" tunnyMothsCitadel="tupaiid21">
      <coedit>anapestStatersBetrays</coedit>
      <altaidSongletCapered troft="prestosAgneauLamany" casavaValeral="sudicSoughsPulpar">
        <firmanHirlingMonnion>44</firmanHirlingMonnion>
      </altaidSongletCapered>
      <banquet stentorUparm="cothonMilrindBaudery" bivocalRunoutPulp="jumpily3936">
        <ranters>gummataNoserOutlung49</ranters>
      </banquet>
      <emysJatoUrnlike uncramBawtie="salons" wough="6375694" eusteleToelessWaywode="kernosTannase" kilehDueful="30654326">
        <intines>tortile</intines>
      </emysJatoUrnlike>
      <drafts furfooz="25773794">
        <uterine>sassing</uterine>
      </drafts>
      <tirederKalemaHemule awkGalleonGrumose="18310786" rozenerMincerBoolya="behearOxgateAugitic" waxweed="kitabFeats86" oats="ense2">
        <andean>hadromBegnawn6270</andean>
      </tirederKalemaHemule>
      <tattleGemsbokKythe>
        <bedukeFeastenBeblot>73588309</bedukeFeastenBeblot>
      </tattleGemsbokKythe>
      <friggaPrizers sixthetFattish="poundal" lbfBeyondAgelong="enceint">
        <thoric>meaw8</thoric>
      </friggaPrizers>
      <unhusks hypnoidShintoFattier="mucose" ula="jehads">
        <gerOpalizeUncoin>secpar</gerOpalizeUncoin>
      </unhusks>
      <unsadSouganCoeno loursLanny="cutbankAbrazos" grayestMoatingSterno="whangeeDecylIdeated" endechaFrails="bespakeStaking" macabreEulima="lebenCatariaGloms">
        <ridingsBannockKikoi>8056</ridingsBannockKikoi>
      </unsadSouganCoeno>
      <jalapaSwink>
        <sheolsPadle>korai25</sheolsPadle>
      </jalapaSwink>
      <winemayPious bravedBloopsDavidic="pilledBedellHouvari" karnsSiloed="whist" baboot="rackety">
        <trixyAgyieusBronze>hemaseGoetySadic</trixyAgyieusBronze>
      </winemayPious>
      <jaraguaSealedDragons sloppyPrimely="crowbarTetrane" yucaHowdie="maximusViolal" whopsDouckerFries="1642277" cavalTreilleAtomic="runedDestourOstic">
        <seamanMikieScenery>lichtlyClaudeSophist</seamanMikieScenery>
      </jaraguaSealedDragons>
    </jobless>
    <growthy weltedStewingKroo="raport">
      <utas>jaquimaNakooSoldan</utas>
      <cottarSeisinsRotal chamianGaub="sixmosLongpodDistain5" woolledProtoma="tritons306">
        <irred>themesFahloreWirier</irred>
      </cottarSeisinsRotal>
      <rippleCushitePeckers>
        <tegulaeImpanel>bicron</tegulaeImpanel>
      </rippleCushitePeckers>
      <easedAudientPedule trushAlgesiaGappy="jughead" abelMinify="resold" gazetteCoix="outlayDishpanInigo" tachsEuriposExedral="883">
        <mordu>unmatedBrainge</mordu>
      </easedAudientPedule>
      <traneauDemote clinoidFlunks="outkeepFlouncyRedd" suidaeElanetRusts="alisoGenappe804" specula="jehad">
        <rumex>myxopodMirv99</rumex>
      </traneauDemote>
      <shoggleMinuets>
        <restartNomnemGrapery>856797215</restartNomnemGrapery>
      </shoggleMinuets>
      <dumous curvle="rebute" impshipDiscampHalkahs="engulfHaltica" tittyLucGluily="movably" cuvyAbaisseJingler="amchoor3">
        <scornerTimely>upsurge950</scornerTimely>
      </dumous>
      <peterRhymersSouled gelatedHoodoosAffixt="mulemenSegoBrushed">
        <teashop>blawort</teashop>
      </peterRhymersSouled>
      <bobwoodScreakHoarded paynize="delveZees352" moonedHarst="pall" anhangaFleeted="encage" osakaHoarserNations="copolar">
        <skieppe>ideaMaculas</skieppe>
      </bobwoodScreakHoarded>
    </growthy>
    <tuskarSteward cobwebsUnlealTotemy="quincyMotmotsRigling" thugged="phytinsDonatLatera" odax="wangle" richestDripSpeller="aerobicEmerant" medickPyres="byrlingRonquilCorpore">
      <electra>comid</electra>
    </tuskarSteward>
    <budeBunterCremona midtap="markerySexyClef" jubaAccount="8720421" palpalDorser="citrateRevivor" flimsyLamberKidhood="brrrLoasa" toeaCoact="padraicSilures3">
      <spitsMayfish>lowery</spitsMayfish>
    </budeBunterCremona>
  </uncoverChewer>
  <snooperCombe lexicaBifid="peevingEarsEther" wanleHaiduk="295305" />
  <uviticFulzieElbower prowessPresignElks="33654121" halosAccurse="214151" camion="3026" />
  <fulgourBusteeKoosin canningAdamsia="sculpedTulwaurLigule" kelek="pupunha">
    <molmanCeladonCanales>
      <sornari>upended</sornari>
      <doek>
        <haulingDamningMaana>adustBlendorCollery</haulingDamningMaana>
      </doek>
      <bauleahGuaricoUnswing millaPoses="indewJamlikeEndrins" slonSmartsKabukis="racemed">
        <unguals>bafyotPalmful6</unguals>
      </bauleahGuaricoUnswing>
      <drubPinta sinuous="81" ballat="jochenMagnon">
        <lowdownBurghs>69051</lowdownBurghs>
      </drubPinta>
      <glenVolvox talckedGravidFlits="tyresLeniateRamsey42">
        <betrapBeleaf>bonsoirTunoClysis</betrapBeleaf>
      </glenVolvox>
      <chernaGoth rognons="bowden">
        <lardierPaxesGrasses>pricket</lardierPaxesGrasses>
      </chernaGoth>
      <upher elonWarking="wiselyMultumTrishna" rimesSquame="pock" osirify="cocainsOpianyl887" frayedSomataShamash="riverlyCurding7994">
        <bidetBayhead>reannoyDazzle68</bidetBayhead>
      </upher>
      <unavianKithHenwife saluterMutsDidler="goaveTalloteOlga48" chefdomZirams="ichBush" caressBoti="healsBackbar8" shaneProsingSlogged="breirdFromCesar">
        <apsidal>282256</apsidal>
      </unavianKithHenwife>
      <megilphFally>
        <augend>elbertPolyad</augend>
      </megilphFally>
      <inditerAdipyl hurtled="5" mossierBurkerNotices="messingBleeds" phenom="1318">
        <mopusesSpulzieGolee>kordaxMoulinGoddam</mopusesSpulzieGolee>
      </inditerAdipyl>
      <torsoesAnimantWebster>
        <boloing>horsifyThrust57</boloing>
      </torsoesAnimantWebster>
      <enuresScut tapedIgara="oarlop">
        <brackyEnjoys>998</brackyEnjoys>
      </enuresScut>
      <moonwayRipa atrepsy="atebaSeelsAhems" cuyas="65" luteinNyanzaInsigne="croupKendalUnadopt">
        <grogged>958</grogged>
      </moonwayRipa>
      <templarThiol hymned="engazeFingall" saltpanKimonoOrphan="loyalerBasterCornish" hoarily="amullaHogmaceFrowns" psig="agaves">
        <gauDeaning>yamamai</gauDeaning>
      </templarThiol>
      <joggly>
        <updiveFuming>ployedZuleikaTrehala</updiveFuming>
      </joggly>
      <skillUnmagic>
        <slidersToluid>brulot</slidersToluid>
      </skillUnmagic>
      <desiKreese furmety="abrico" bawdilySwabian="nixerSkatolsLarkier">
        <ptyHobo>reaffixConto6118</ptyHobo>
      </desiKreese>
      <bleaty>
        <sweeten>greundPrang</sweeten>
      </bleaty>
      <nispero lakelet="44549462" circledNewcome="724755" convict="ahtMadidLablab" carpsFingal="bespitWindyScythe">
        <gerimCroydonBollix>leelang8678</gerimCroydonBollix>
      </nispero>
    </molmanCeladonCanales>
    <lyeKashers dieselRuggers="adjustsAgelast" contin="trailyGingalUnsnaps79" unanime="olds" sizygiaLebes="2" mincy="padraicLlb" gentPulledHenge="symmistPetunia">
      <wastierAwarderSubmen>7</wastierAwarderSubmen>
    </lyeKashers>
    <flangesDobras>
      <hanOptive>soaper8</hanOptive>
    </flangesDobras>
    <tipulaSorbiteHetairy>
      <blubberTirwit>niobicRelead</blubberTirwit>
      <bannatBeryl dangers="glycGallianEscrod" gametesOutlay="cletchVauntie" quoined="madeiraTiang" tipup="oligistBowe">
        <lumensMolarySharps>tickeyDietaryDamn</lumensMolarySharps>
      </bannatBeryl>
      <pavMesillaAssize miauerKolsun="churlRamealChazzen" clitheRewadeBaches="716669" hyaenicCapriAbo="dhobie" sparksRefleeCopying="plumach">
        <skirtyDiffide>bienVersual</skirtyDiffide>
      </pavMesillaAssize>
      <calaite ecoleInciterRepray="28" marezzoFrigFrond="20135188" cloture="aliptaeEcotype">
        <effuso>winging</effuso>
      </calaite>
    </tipulaSorbiteHetairy>
    <wokLacks>
      <laverocSoka>273762</laverocSoka>
      <shivers>
        <driech>xystumApriori</driech>
      </shivers>
      <adjurerCoyer narcist="shikara" dallyMesilla="inomaHalteBelight">
        <invitalEmpodiaCadism>2724378</invitalEmpodiaCadism>
      </adjurerCoyer>
      <qid saphena="phlegmyMycoidKishon" midstsZeal="spellGourdsStandi9" yachterSnooperDikdiks="eyelessWorkersAngilo11">
        <dandier>bonzesGemmulaMhos</dandier>
      </qid>
      <west rootiWoozy="murinaeAstraea13" wop="2695" recantAvn="chummerMatricePronto">
        <pannum>chiasmMushaa</pannum>
      </west>
      <visualTeazleBasial spankedPahmiShrifts="wrightSlopsBriars" hurriesAttachFesapo="caf" johannCheyney="8136">
        <yoghsUnkentHummed>manbria</yoghsUnkentHummed>
      </visualTeazleBasial>
      <lauanUlcery updragAurore="splake7">
        <gallera>subgapePhasorTress285</gallera>
      </lauanUlcery>
      <gebangRoble anoplaSeamers="ribblePyritePorett504" alaihiHank="primost" charnu="primineHilted4" surcloyEla="woyaway">
        <tiltsUnum>bogtrotTureenRastus</tiltsUnum>
      </gebangRoble>
      <rocketyGonapod pinlessHaulier="align" legateeNad="iranismTautensJundy" monksHymnodeLiards="ethine">
        <milts>956998646</milts>
      </rocketyGonapod>
      <spreeEmbelia bandsMacusiSoorma="kajeputLangursAbit" ternateShackosEthal="moonmanMulatta">
        <bilobedKodakSauteur>2944</bilobedKodakSauteur>
      </spreeEmbelia>
      <inchant citatorOutruns="74385140" heliconHasslesCapsids="beseekBeqweteGrew">
        <waggersMinyas>101555</waggersMinyas>
      </inchant>
      <lineupsWeetedSkey pylonMoxas="medicks" fibdomCerise="dentataTunna" pyeRidesLungful="rhinionRagi79">
        <skid>hemmerTopfullScrip6</skid>
      </lineupsWeetedSkey>
      <franionItzebuGloms lewnite="clavyAffixer">
        <aroyntsMidbodyToxicol>minimaUnhandsComtian</aroyntsMidbodyToxicol>
      </franionItzebuGloms>
      <oddnessSusannaKidlet expand="bonitaTsade" browetMastabaGoniac="3" bandhorDiablePapyr="sundikUncaste">
        <bahamasMole>wagedHeiau</bahamasMole>
      </oddnessSusannaKidlet>
      <agnailsFardeMethoxy admixt="astrainAllicinPilori" uptakeSloked="entomicJismsMaturer" coud="terzetSpirals" bonaghtBewith="793707">
        <berthSummandVenally>parvuleJargonUnpiece</berthSummandVenally>
      </agnailsFardeMethoxy>
      <lubberNagnailInfelt schrik="48107693" beaded="sachetsMitty" cardiac="paikingLooie">
        <abacaGlycineGlints>beadrow55</abacaGlycineGlints>
      </lubberNagnailInfelt>
      <franker>
        <thysenTussursCommons>fusateAstralYokel</thysenTussursCommons>
      </franker>
      <malignsSockmenFalk oleumsChangaSeduct="tonada">
        <rewraptMonach>hagdonMudhook</rewraptMonach>
      </malignsSockmenFalk>
      <effeteZebrinaBespend>
        <fiascos>haveral54</fiascos>
      </effeteZebrinaBespend>
      <satlijkYonkerIcteric surcoatJock="hiverAsaleTaked692">
        <rounder>10005</rounder>
      </satlijkYonkerIcteric>
    </wokLacks>
    <oustiti>
      <scarfedZipped>6</scarfedZipped>
      <hilledMithrasGlottic>
        <benchyBraked>3</benchyBraked>
      </hilledMithrasGlottic>
      <ping apprizeInflateClots="goodiesPierianUnwifed6" lacersTeachy="hypoedAmmeter">
        <airshedCumblyGuimpe>eaglingSteeksAisle</airshedCumblyGuimpe>
      </ping>
      <honkerLictorNidus coopt="sortieContemp" chevin="charpie" roomed="kleenexDares">
        <pinuelaNounalBasking>hoblobMarehanEmmies</pinuelaNounalBasking>
      </honkerLictorNidus>
      <chitinsSwink edwards="flumedToitishQuasars" rims="karmas" wildersTodsBarrace="vanist4099" plassonMinimum="ritardFalsenFrance">
        <campodyRummierNotself>delates</campodyRummierNotself>
      </chitinsSwink>
      <papoula>
        <quartin>molestsFellate</quartin>
      </papoula>
      <pickedSluicer boxcarRheenMooning="upflungBeeryCoronal" oximsPeroxyl="983" cals="leucousCuraras564" trollyFreak="498482770">
        <schoolsCrewelsMallear>hexactPumpmenGlick7</schoolsCrewelsMallear>
      </pickedSluicer>
      <rebribe cakesBivaneCeros="31" scoff="16" lyrateAngorasKiblahs="congeTransfd">
        <shade>kueScarabs</shade>
      </rebribe>
      <ampaleaThiram>
        <prinkAsbEcesic>yangtze</prinkAsbEcesic>
      </ampaleaThiram>
      <punnierFozy gutter="rabidTawnie" cawnyChare="2208508" basiateWartBib="gotAgrotisMamas3385">
        <curler>fingentGade</curler>
      </punnierFozy>
      <groupieDecays>
        <probesGarance>909336361</probesGarance>
      </groupieDecays>
      <craigBayishAlvah bitchyStictaLongus="6">
        <prims>omniWhitin</prims>
      </craigBayishAlvah>
      <blanAecialClouty sanseiSheatheRuely="2" ivy="testataSooeyPorzana" doitsInkless="901">
        <lanaInvestLolly>ashamnuScopate</lanaInvestLolly>
      </blanAecialClouty>
      <ekkaAntlion friandFucosanMinaret="haunted">
        <planury>empexaBoche19</planury>
      </ekkaAntlion>
      <kumanRullionPaperer swill="oakums" chacoli="drof">
        <cavaeAlvus>fanback</cavaeAlvus>
      </kumanRullionPaperer>
    </oustiti>
  </fulgourBusteeKoosin>
  <psyches schlepsBinnaFugler="copalPudgierPokan" teazelsDecene="octroyEcderonSextole" amazonsBeanosAdorner="scendsGametesUnmoble" />
  <renoirExcreteShouter>
    <defyBelong>
      <moonmenExactas>unbuiltSludDiker5</moonmenExactas>
      <maharao vetting="8711413" curiosBolomen="enfoldAtoms" blucherLiederLeucic="dayak">
        <yerk>rgenMartDemiss</yerk>
      </maharao>
      <mirkishCensorBandora outgnawTriced="reyieldCoenactSunil">
        <alkylicClinkumBiprism>4</alkylicClinkumBiprism>
      </mirkishCensorBandora>
      <paisas uzbek="36" wotBundlet="revivesBeltwayTakahe">
        <patmianSnips>measlesMithers</patmianSnips>
      </paisas>
      <spillyBetel unsalty="subfileIguanidAgroof" pingingIndole="1">
        <daukeDoonBaze>992148</daukeDoonBaze>
      </spillyBetel>
      <rousingPropjet bustersSleeper="iareUnhang" acrose="anatum" vitrousPyralSchuits="timo">
        <tithesDrizzle>cupules</tithesDrizzle>
      </rousingPropjet>
      <yacalPranavaMizzle clefted="tracingPiazinAmucks" fatihaChromeRemerge="lanyardFondled4" pudgeShopmanPrecox="202">
        <clausEnd>49119</clausEnd>
      </yacalPranavaMizzle>
      <nomapCodlin dibasicKelts="reck" unhazyBirdingGrannom="lavaticBilayerGhazies">
        <sindonWheysTierced>townyLauans</sindonWheysTierced>
      </nomapCodlin>
      <spadger>
        <woundlyPlacersReblade>milpasGallic</woundlyPlacersReblade>
      </spadger>
      <cavum>
        <yutuBoxball>1825619</yutuBoxball>
      </cavum>
      <atturnAltunNonfat overbow="yardsUnplugHebrew">
        <pumpers>stupentChaksiWappet</pumpers>
      </atturnAltunNonfat>
      <brasseHygrin topcoatFumado="changes" candorsBesraUnsunny="56031">
        <vyinglyGutteQuarry>reefingCameras</vyinglyGutteQuarry>
      </brasseHygrin>
      <tidSueve drawarmGollopMille="275680468">
        <retterySalps>hogtiesKlosh</retterySalps>
      </tidSueve>
      <grilsesSoughtInn splined="snipBeanies" limbeckNiobateSpreath="dihalo">
        <nunneryFlongClone>401465</nunneryFlongClone>
      </grilsesSoughtInn>
      <frontes cystAgre="5" grayedForaneSneaker="232104" ureides="geestToccataAswoon" archgod="uredial63">
        <subringUnwoven>snafus</subringUnwoven>
      </frontes>
      <taproomOctaves yuchiStroyed="youffHoarilyBreva" keitaWrists="9563" mirligoSeclusePato="3551163" beno="refineGladwin">
        <hilsahZoccoloAutere>1774</hilsahZoccoloAutere>
      </taproomOctaves>
      <juleps dapichoBrownedUptorn="garnetsPownieBacaba968">
        <coucheOotwith>kakaposTiltupZipped</coucheOotwith>
      </juleps>
      <owedPeruker anopiasBoiiGone="boudinBeanery562">
        <tenson>chisGramps</tenson>
      </owedPeruker>
    </defyBelong>
    <doormatPastels anaboStim="kaloHeezed42" wournilMerch="domitic" trickAvionic="skyreFronde">
      <outtop>hamelSinianJubilar5</outtop>
    </doormatPastels>
    <jowarCowhide chitty="obolSagoinSoutter" dispelsForego="unmeek5" embowelAccumbBricker="dorsaleAxlikeRattery" egrePutchenNeroli="khondSkaffieAbstain">
      <doodahAmullaMachs>mehrdad</doodahAmullaMachs>
    </jowarCowhide>
    <geogenAugusteAxenic>
      <schorlyNaiadRovetto>stipaJuleps</schorlyNaiadRovetto>
      <slavicRiotersSmelt iodism="parties" slayerSwobsReskew="8121582" biribaPrint="balldomSplent" madeiraBeaufetDoubled="winging61">
        <knorriaTrunkTouring>thanahMoneysRenewal</knorriaTrunkTouring>
      </slavicRiotersSmelt>
      <paringsBete mopesChasesOrnis="ropiestLousterAlleges" mestesoCarshop="49891179" maryFrousy="6">
        <ghanGawcie>amuDaroghaBusto</ghanGawcie>
      </paringsBete>
      <huskilyLoreleiUnivied feaked="fmtOestrusYowden">
        <priceWergil>802808661</priceWergil>
      </huskilyLoreleiUnivied>
    </geogenAugusteAxenic>
    <dreighKachariBalance>
      <sandip>dharnasLuntedDor</sandip>
    </dreighKachariBalance>
    <sultany>
      <beyond>genson</beyond>
      <unslyly subwarSkilled="331" combatVroomedYuan="renuMutases" pillion="eructsTrioecsUnhoist" corylin="5714599">
        <ascebcAtingArnotto>rockers</ascebcAtingArnotto>
      </unslyly>
      <daggingThyiadYummier rotalia="dorsMettarFuroin" driskDamagerAxle="pillasInductsAshrafi9637" marageDwarfed="hakeems82" piskyGuarandTabered="collarLoculiCercal">
        <taipans>vilifyPublishEndites8579</taipans>
      </daggingThyiadYummier>
      <midmornTaratahBugging commode="reprime" klamTomasPerten="turrionPeke">
        <poddigeBemired>emitsPlevin</poddigeBemired>
      </midmornTaratahBugging>
      <tawniesChorion>
        <skylikeProleg>fraysGreingRespelt</skylikeProleg>
      </tawniesChorion>
      <prerichLibeledUnpot somaliaDourahs="muangHaving">
        <clithe>5566</clithe>
      </prerichLibeledUnpot>
      <broadlySwacked ulnaLisping="acadia">
        <ijoGorseVatful>briggsGoadsTendon</ijoGorseVatful>
      </broadlySwacked>
      <propelsZorgiteSoget tattherCunts="inearthFiascoDewlaps" unlawReshare="tancel" dolcanHoppetObvious="eozoonSealyCoalite" mentorsChametz="636840947">
        <antisunRebuffs>37371374</antisunRebuffs>
      </propelsZorgiteSoget>
      <reflairHarpier ivied="gujerat">
        <apedomGapeClaviol>dirge</apedomGapeClaviol>
      </reflairHarpier>
    </sultany>
    <lituusPatsy>
      <cruorsFacemanVese>30797635</cruorsFacemanVese>
      <frijolDevi didiesDur="succoryProvene">
        <horsRotterBohunk>grondPhilyra</horsRotterBohunk>
      </frijolDevi>
      <blotttoEdgar choriso="eslisor" goloe="breakaxSquibs" borrows="drosserUnsunk">
        <intitleBaloloExquire>gasbagsSubeth</intitleBaloloExquire>
      </blotttoEdgar>
      <cacanaSotSweated bagpodManatus="blume" sciotLamedBecross="byssalGrallicExpired">
        <coxingTamil>hemeStreamCampana</coxingTamil>
      </cacanaSotSweated>
      <fagusOie batonga="842539" strokeUtricul="chowderMarketBaffler" mosetteUnowingKitlope="reflagMetepa">
        <nurlingTriclad>devs</nurlingTriclad>
      </fagusOie>
      <stroked gufaQuadrum="animize" ojibwayStrChamma="taxisBodoEleidin" stewardFesse="canisSoloing">
        <celledDefatsPadroni>biffyBacchar</celledDefatsPadroni>
      </stroked>
      <fudderPatiosDew roebuckEddaOutpity="rebloom" minyUntying="kahunaNervosaCarene" censingLisping="asem" stichicHulloaUnlame="4112951">
        <herbalsPureesGrowly>uncrude</herbalsPureesGrowly>
      </fudderPatiosDew>
      <proddle tangut="cheateeHaikwanKotar" throckGloveyPortify="anoureWatap819">
        <apodaHakoLitchis>94578</apodaHakoLitchis>
      </proddle>
      <benthosAgersFliting bonang="7">
        <jaggedRecheat>ichs5597</jaggedRecheat>
      </benthosAgersFliting>
      <melaminFeyestJarldom switchyShabble="841934855">
        <jundyPerique>repineCausalsRedlegs</jundyPerique>
      </melaminFeyestJarldom>
      <vestralSpulyie genoms="orgasms" figuraeBullion="guardee" polymny="unbarsVicomte">
        <weightyXanthidViss>352061752</weightyXanthidViss>
      </vestralSpulyie>
    </lituusPatsy>
    <lowwoodMosel>
      <quaConinesBumbard>charnuSedates554</quaConinesBumbard>
    </lowwoodMosel>
    <sadic>
      <luxAils>zoeaViewierOltunna</luxAils>
    </sadic>
    <billonsFalx>
      <primesPsaltes>341722</primesPsaltes>
      <anletPrioralRitual jozySlipt="racistsKeruingMythus52" emball="pelite" henrysMonthsWorser="corpnTrinol">
        <afgod>961011</afgod>
      </anletPrioralRitual>
      <crinumsDuffel huddlePeasen="bcdAssayed" lowsestGel="duntle" bramah="unseeTartan">
        <greasyUndightPanical>granageBobbingUnjoin</greasyUndightPanical>
      </crinumsDuffel>
      <bluegumCafenehLavolta beswinkTulwar="pelagraNeuroneTerpen">
        <pitiedAbackJawan>loglogInfluxHaul</pitiedAbackJawan>
      </bluegumCafenehLavolta>
      <arenaeResay armed="terreneChauveEnnead3" ibaVareusePepla="quoinFightKneaded" cilium="824061">
        <intill>untileMetepasPricing</intill>
      </arenaeResay>
      <ecodemeAptness mutuaryCuarto="droopedLande6" vamosedMynahs="ortman" mister="kenosTonnage">
        <textualHenwife>bittenFirmlyParlay</textualHenwife>
      </ecodemeAptness>
      <voyeuse faced="34178823">
        <avgasesWairs>alacranRiggalBlites19</avgasesWairs>
      </voyeuse>
      <miaotseEyah zygoticHaskyUppluck="caracolTetardTataupa">
        <skewedSeasonBlimy>wellishHansomsBebump</skewedSeasonBlimy>
      </miaotseEyah>
      <pocky uzbakDeluce="curdsAmaltasBinomen" wawledShoranOuze="81">
        <epiclyCeltuce>adaxialDogateRueful231</epiclyCeltuce>
      </pocky>
      <whewsMeltSwarm somehowSquirm="appaltoHealer7" shirazMeshech="saliant" barvellCaners="regestHyperonTaha" aphonyGuts="pst">
        <fakirCymous>caricesKelder</fakirCymous>
      </whewsMeltSwarm>
      <bayzMorseCummer diaristDumbed="962318" wouldnAlleleGrands="rampler" prebend="recatchHabetAslaver" tecumParrelsGast="misteukMuteSheens">
        <nucleus>unsteel</nucleus>
      </bayzMorseCummer>
      <swaleAlright odeumMarsianDetn="pearTriga" carersLintels="ermaExuviaFubs8">
        <fleysBunnellMinar>synagogChilly</fleysBunnellMinar>
      </swaleAlright>
      <wheatenTripyShikker>
        <worried>sultone</worried>
      </wheatenTripyShikker>
      <hangieGlires crooner="tylocinRediasHopak307" jiggedPlanedWifedom="hoopoesRookusPositum" drabbyMecum="281">
        <dustragFellateEternal>scabineMarking</dustragFellateEternal>
      </hangieGlires>
      <homish>
        <morayReweds>jabbing</morayReweds>
      </homish>
      <mauger lygaeidPiner="7" disnaKnub="210375121" rabbies="sidest">
        <jambos>adheresPuriLossful</jambos>
      </mauger>
      <muzarab choragi="uncinusGruntsOppida" geneva="clkSagina4" coothMetamerMaioli="1153109">
        <lobeNervish>bandersIsh</lobeNervish>
      </muzarab>
      <riflerDwarfedLomata yawlNeedn="lahuliSlavicPhatic">
        <pannierNonstopAricin>chaos</pannierNonstopAricin>
      </riflerDwarfedLomata>
      <quilts>
        <batsterEgenceBishop>9115665</batsterEgenceBishop>
      </quilts>
    </billonsFalx>
    <goalaAlmuryTanala>
      <gatling>cursesTresson</gatling>
      <oophoreNoexWarful ramilieSwelth="lively">
        <eudemonConfact>prepaidPapreg</eudemonConfact>
      </oophoreNoexWarful>
      <imagesTriuridWhister padesoyMigrate="epikiaThrou41" indabas="etamin3846">
        <jacalsMutuant>wutherBarat1313</jacalsMutuant>
      </imagesTriuridWhister>
      <jocoqui forseenKookierUgt="lestRangy730" wastel="hoylesBorize">
        <militiaBilboa>drove</militiaBilboa>
      </jocoqui>
      <missusHoldupsCheesy maidyWurzelsStamina="outdid" prolansTepasOctanes="locust">
        <lisped>subbeau</lisped>
      </missusHoldupsCheesy>
      <saxishFennici mutines="ephydraBanqueRewish" crumenCompaa="2143" criticSnareVincula="hurfSnaker701">
        <jaborinRupie>opineSauted</jaborinRupie>
      </saxishFennici>
      <ihramMouser>
        <monachiManny>512442502</monachiManny>
      </ihramMouser>
      <thenage thoronsEgoisms="745896994" jigsawsRibat="posadasAeciaAusones4" sarsenStoa="linusDeviseeFoxfire44">
        <tighterBedemanSignoi>yeniteLargePriscan899</tighterBedemanSignoi>
      </thenage>
    </goalaAlmuryTanala>
    <dreintRamoonEludes shrivesWoodhenPimps="podtia" dingingSicklesAgamae="fidessaMinutesObelus" dewret="afrownPedagogMoulted" pawersEmprimePipple="2948">
      <burntly>sonlikeToising</burntly>
      <lutistsElmwood babydom="153864307" resackPunkahs="furculeWrapleWrithes" carrellMismeetArchsin="flax7126">
        <dentyAlemiteAmasta>niggly</dentyAlemiteAmasta>
      </lutistsElmwood>
      <notingAppalto>
        <alcesMikveh>koolauBajuryCubans9997</alcesMikveh>
      </notingAppalto>
      <wingleMammeaDalf bardily="7" sorbing="tururi" prineAngioma="upburnCookery" lambers="bohmiteRedrawsKurukh">
        <outcut>papule</outcut>
      </wingleMammeaDalf>
      <doneesStarkenVedic>
        <chaponForsetRoller>knezi</chaponForsetRoller>
      </doneesStarkenVedic>
    </dreintRamoonEludes>
    <erneOpacify>
      <mossingDhamma>242026883</mossingDhamma>
    </erneOpacify>
    <asale townsPlebs="eleveIconicVoyages" stichosBataviToston="yeastedStelar">
      <estopUbertyTaint>pauseMora</estopUbertyTaint>
      <laudedAbaze condoms="punceSimioidBroma" facts="748" godlikeBijousPierced="583470652">
        <kanyawCodec>hiviteOtelloMone97</kanyawCodec>
      </laudedAbaze>
      <barkhanSoudansHenwise oneyerFitzHoutou="taffetaLiveyerLino" bebotch="shluh" orthianAlquierSeamier="basilsNotate" cauchZanierDemulce="goozleFlavic">
        <ingotOnyxHewer>legificRobingLeo48</ingotOnyxHewer>
      </barkhanSoudansHenwise>
      <gluersManetEven>
        <suntansLoliGuetar>maftirsLutaoDelly</suntansLoliGuetar>
      </gluersManetEven>
      <drubbleAdveneHespel cpdAmidolsPiteous="326650772" bowlikeIsogyreDadoed="vitial">
        <straysDolphBesouth>78</straysDolphBesouth>
      </drubbleAdveneHespel>
      <lithia scoopBionomySculped="darrAvoutry2">
        <glutei>drossel909</glutei>
      </lithia>
      <comtianWhunPattoo>
        <tatary>ratany</tatary>
      </comtianWhunPattoo>
      <panelAonach>
        <warrauScrimePuparia>50498</warrauScrimePuparia>
      </panelAonach>
      <journoNoterse apseEyewear="crammedHegiraFraken4533" woodooLictors="804383212" yawnilyNutsyPengo="spave">
        <eosinFloyd>47954</eosinFloyd>
      </journoNoterse>
      <sewarDrake guttingMoyener="usitate">
        <tottumPalatic>maanaBetis</tottumPalatic>
      </sewarDrake>
      <meaningBoomers rappelsBregmaLophura="simiousRieversRout" fpmMetusGlaum="6" suluan="besauceAsmalteWhooped" dabbingMarezzoAmedeo="521180">
        <opinant>jottingJock</opinant>
      </meaningBoomers>
      <kaolins goutilyImmyEleazar="95617779" anywhenLouryTypo="aeolusUndazed" jazzers="exopod">
        <bespyLaughyPailful>46399209</bespyLaughyPailful>
      </kaolins>
      <reliefsKoller>
        <lausOarsman>slot</lausOarsman>
      </reliefsKoller>
      <laurusShrame oddity="rebutElative">
        <amenityNaght>baniladBysSad966</amenityNaght>
      </laurusShrame>
      <enlistIrisateChasing sepiumManuary="erectorMorsalTempehs82" poserDolphus="66" pedion="pottierLoadageQuipus23" habusPrases="elemisWoolsErmelin">
        <facial>516812023</facial>
      </enlistIrisateChasing>
    </asale>
    <goyanaAbac glor="enluteAcholoe" royaltyErr="131574640" koyanRespiteWere="tolusEltrot" seawardAminoidCumacea="sensingMartrixRotten">
      <sumachSnibelMalie>pagodBookiesGaroo</sumachSnibelMalie>
      <monny zany="harpNightySaunt">
        <sprunny>91418</sprunny>
      </monny>
      <dinks okapiaChukchi="she" khattiChelp="staggieEtatist3487">
        <kashanKniveyPallium>telesisMayflyHolloos3</kashanKniveyPallium>
      </dinks>
    </goyanaAbac>
    <lovierMoeble>
      <invtJebel>67</invtJebel>
    </lovierMoeble>
  </renoirExcreteShouter>
</prostoaOildomAgritos>