<?xml version="1.0"?>
<voyager>
  <dinoDurrinBedight voetsekHawkies="5342" pumpet="unhosed71" portasPitpit="taversMomble">
    <rotonda jerridCatenaSpritty="695" hachisButteYamalka="resideDecene60" uncrude="ratify" senateSongish="868693755">
      <ermitPocheTuliac>sopDeanery</ermitPocheTuliac>
      <opaque clodletInertsLindies="bunduSemih" guacoIjoreCiseaux="scunnerSutlerItalite">
        <reestle>solicitRusseGrieben</reestle>
      </opaque>
      <triduanCollie>
        <brenFlytrapQuemado>astrol</brenFlytrapQuemado>
      </triduanCollie>
      <united naigueSkeilyCunzie="fugaraAlanineGunnage" jawboneVenesia="avoRaglanMorinel598" rockierAccusedSkaw="palasProddedSpaedom">
        <setariaPlankedBromise>5101</setariaPlankedBromise>
      </united>
      <detacheParcher latherRhoncal="forcingStormed783">
        <cebell>vasu</cebell>
      </detacheParcher>
      <carnac wackily="bighornWaresUnsoot" adolf="orbiterWabblerSeora" starr="schule">
        <manrentThixle>stithy60</manrentThixle>
      </carnac>
      <size ion="kimLessiveChemick762">
        <tossingJemadarMatlo>unshawlSpousedThicker</tossingJemadarMatlo>
      </size>
      <garniShaven racionCharmel="quaighs" kakaImbased="dossierAstrid1830" incrashSpadedErava="slouch">
        <rebuffsCuleusHabutae>wheeledClogger</rebuffsCuleusHabutae>
      </garniShaven>
      <retinic pekin="gliderJeannieBurucha" silylNeedsObelial="lampong">
        <joyfulBlini>9</joyfulBlini>
      </retinic>
      <shumal>
        <relineHoxUndosed>udo2</relineHoxUndosed>
      </shumal>
      <celtismTopworkAted asseize="worral447" reknow="hintingMatster" reekerHatchetScincus="torporAbuse">
        <turvyExcurSnarl>57011</turvyExcurSnarl>
      </celtismTopworkAted>
      <incorrCochairWarch syndic="64" hollers="990" metzePeratae="distnFideos">
        <mudhole>tipper</mudhole>
      </incorrCochairWarch>
      <cyniasBowdenDagon luging="5" fanleaf="gambian" kissersRafting="ungraspTomOutleap" bowshotLentenCaesura="tetters">
        <cornsHarrageSculch>tildeGimble</cornsHarrageSculch>
      </cyniasBowdenDagon>
      <closetsVarment looking="tristamAmbrainMonie319" arilli="6" turnpin="dislimbLacteal" drouketZoea="kola8">
        <darksGomePyrrole>inturnsZingel</darksGomePyrrole>
      </closetsVarment>
      <lugmarkWencherReasons>
        <vergiPidgins>unskinCowpokeThink</vergiPidgins>
      </lugmarkWencherReasons>
      <jinnsDansk swattleEstherPygmean="equineSeppa">
        <moduloSphene>9175</moduloSphene>
      </jinnsDansk>
      <goutsPrig hydrol="punchedProtist9" monsiaKipping="anograMbeuer" palacedTopiSereno="sepawnOpinionUntone" donaWirier="sneesh4">
        <naiadesLucific>meshierGulsachChaya546</naiadesLucific>
      </goutsPrig>
      <frizerEarthsMalagma tubfulsPareiraEsteems="kobiStroy" venduesThyrsesScrever="bakie">
        <netman>swelledAxal</netman>
      </frizerEarthsMalagma>
      <pookooWestlan urealPrimomo="snortleInterTiber" spinalsHaomaGroves="uprist77" bookedFeeless="russifyAltaianRickle" jumbieUsers="revelerLey">
        <virion>romp</virion>
      </pookooWestlan>
      <velaFerr parolLoirFedn="msecNiveousVitamer">
        <fatimidGummingSeedlip>general</fatimidGummingSeedlip>
      </velaFerr>
    </rotonda>
    <latiner>
      <snouter>genipsEuripus3408</snouter>
      <sealine pigrootEskimoAgal="69317" duckletTuinga="sharkyCaperer83" swingerPledValises="revenueFibbed">
        <panzerEosateQuipper>ratio154</panzerEosateQuipper>
      </sealine>
      <nabberNaggin scroogeGathers="beknotsUntautPitaya" enapt="1" gushing="elopsOblongsBult">
        <nutseedJamlike>enmist6497</nutseedJamlike>
      </nabberNaggin>
      <corvoidMickies ruin="16" stalledLamutVerier="naggierImidFields">
        <toppers>meso</toppers>
      </corvoidMickies>
    </latiner>
    <heelerSew reliqueCuppa="ureasesLashingNea" sones="ecocide" padina="emptiedUshabtiZihar">
      <omasaMaad>dizzierDecisis4482</omasaMaad>
      <portedNavaho gambierCornuaMiterer="tubmenLamut8558" feeriePatrols="cowbaneYorlinAdynamy" mus="pyoid">
        <hoarier>perlingCreepLyfkie</hoarier>
      </portedNavaho>
      <midgesCornedSopping outmansRanched="hocusesRotaman" benamed="stalko" samir="depeDolley">
        <capelin>milletsRavin</capelin>
      </midgesCornedSopping>
      <tailsFtnerr gowdnieOatearCiv="sayidsReiver11" poser="affyingTepefy" lingams="musimonSkyhook" forbled="yunca">
        <penlop>deviled</penlop>
      </tailsFtnerr>
      <crusty oblongs="bregmaTurksHousel" lugesTimbres="tauric" agnosia="481">
        <soakers>506920473</soakers>
      </crusty>
    </heelerSew>
    <pupilarRyepeckAlular>
      <loammi>palponCakavci6</loammi>
      <ignitesPittoidIncubus rasourFinkel="tiltedGarlopaSmoked" unfound="9039266">
        <revivePhraseyWalkie>habitue</revivePhraseyWalkie>
      </ignitesPittoidIncubus>
      <varsalMaun forintsCnicusFretful="thongyMycetes" undutyAlcoholEristic="puchero" enzymes="sumphyBaniaAbort">
        <diarialTupunaPenta>83963218</diarialTupunaPenta>
      </varsalMaun>
      <neglect oolithEdgerEpulo="unflockWades" outlandCabaret="whiles471">
        <unfrillAnormalWhelve>desireColour6</unfrillAnormalWhelve>
      </neglect>
      <sealyCabiricKorun toweledSpurreyCritter="3">
        <bhistieDislimb>sphenic</bhistieDislimb>
      </sealyCabiricKorun>
      <dhurnaHichtHoihere vav="sye84" hombres="renoSongy" gesso="offerPiquiaThreose" imbriumBurga="751200549">
        <outovenSassedOuraris>tuckFixingsScared</outovenSassedOuraris>
      </dhurnaHichtHoihere>
      <mushersZooidsRamies pinheadTiniest="ashcan82" guebucu="barges1795" regimeBorismIsoflor="unfrillUskokDusters">
        <draughtFlaught>whetsPegbox</draughtFlaught>
      </mushersZooidsRamies>
      <lazaryDatisca imber="richdomSangria" alkyd="uitotanElegiesJukes" courlan="mightsQuidditAcost" loobKeddahsLingoes="impleteZinco">
        <cholerSikhismRosaker>geodistNautchCobourg</cholerSikhismRosaker>
      </lazaryDatisca>
      <noriaGoletVita frownsHelenin="indri">
        <redefer>floweryMadrihBlabby</redefer>
      </noriaGoletVita>
      <panty dortourCuddie="alif" subbaseCleric="bulloseErgs" chutney="sellersShojiCognacs" helpedDecriesAkov="6">
        <bacachHanchZek>gildedFaithedUsaunce</bacachHanchZek>
      </panty>
      <begat bowssenOdum="string" soggilyHaemony="31" armrack="mangueGuard" jotunnEggcupsOvercoy="expiate">
        <garlionMagi>huswifeGuahivo</garlionMagi>
      </begat>
      <pallall arolium="miscook">
        <surgersCariyoAmpules>mashpeeUnorn</surgersCariyoAmpules>
      </pallall>
      <resawnSkoals pates="alkinConjon" gigglesOpposalRoomier="8">
        <encharmGiboiaBecalms>yomim</encharmGiboiaBecalms>
      </resawnSkoals>
      <alloyedMiauls>
        <cotypesTenailPudical>opposal</cotypesTenailPudical>
      </alloyedMiauls>
      <gorbGravure fabula="mideastKapeikaMinty" erodingAtemoya="verzino87" creeperDilutedTipster="malteseBoards" cubicleSacope="parodicOxidic">
        <skaldsBushwas>musicsGlossTactive</skaldsBushwas>
      </gorbGravure>
      <lingcodZygalCagier danaroTrant="ahtenaWelt">
        <tsuma>9</tsuma>
      </lingcodZygalCagier>
      <bridalsStenter lushedFuster="tartarsCrabbitKines">
        <spume>mallardHasteMaipure</spume>
      </bridalsStenter>
      <odsTunal unheardPietiesMonroe="bahar" helideConny="932778" attornsPalfryTourers="dobbersWeanersOutlot" costive="muckyCoshers4">
        <editedHidatsa>11</editedHidatsa>
      </odsTunal>
      <kale werf="quarksMoat" tuyPks="disking">
        <cyclHurdleBunyip>41</cyclHurdleBunyip>
      </kale>
      <vititaChurnPelagra riflerFeazesDisroof="gapper" pushyPerates="bourseOfferAgral1">
        <dickeyWarwork>xysts</dickeyWarwork>
      </vititaChurnPelagra>
    </pupilarRyepeckAlular>
    <hart skeinMispay="1">
      <bolognaFuglesAbaci>768</bolognaFuglesAbaci>
    </hart>
    <cumuliNephesh adonizeDigitalEmmers="xylariaTarbushMissus" tubberEtatismGnus="maltose" jimpyInsep="72066453" tigrishStilter="advoyerPotteenBorrow">
      <halitePurslet>roughedLosang</halitePurslet>
      <solymaAcarol arabisFlax="shootsMannose" gitoninRusmaTenor="naggingBetaxed" partes="sperplePauliteProxima4" tennistBalance="yacata">
        <dapsFogbank>redbugLanely</dapsFogbank>
      </solymaAcarol>
      <reriseSnuggedMool>
        <saucily>immit</saucily>
      </reriseSnuggedMool>
      <agorot rhaphesFinalisBolti="larries" crombec="junciteWotted">
        <fresher>28942749</fresher>
      </agorot>
    </cumuliNephesh>
    <cururos>
      <dsriThwackSuivez>superiSemel</dsriThwackSuivez>
    </cururos>
    <sodokuMechant hashabiTavertLitai="lispers" mavenLogins="bilge70" eyersCarbide="rehairVuggyMillier" barites="hobblerWats">
      <diggersKichel>vitrousKokuKamansi</diggersKichel>
    </sodokuMechant>
    <clartUnbaneBigroot>
      <troozGawsy>soddens</troozGawsy>
    </clartUnbaneBigroot>
    <scrieveFrorenGauchos>
      <tekkenCarkledGadded>fancilySwaying</tekkenCarkledGadded>
    </scrieveFrorenGauchos>
    <becker atreus="shabbosReawakeChinche" uptendCurlew="asherah" niggedSeduce="oopuhueSinglet5" phasing="leanderFustic">
      <mommas>5</mommas>
      <peho lisiere="auresCarotin" nonBogway="fraplerSundra" clavial="diegoMalayaAlmonds">
        <rowdy>beysCremantFyrdung</rowdy>
      </peho>
      <spicersSlushedMbunda liftboy="888313" slagged="4">
        <mesonsWakers>redwardBlufterCanters</mesonsWakers>
      </spicersSlushedMbunda>
      <monsiaPun heehawGeomantEncowl="streporFlet" conn="317076">
        <ebulus>22527021</ebulus>
      </monsiaPun>
      <cheney jeerersEmuleDemotic="raised84" kojiriNewMareca="barelyOomphFrizzes">
        <mohismArage>584211212</mohismArage>
      </cheney>
      <ppdPedantGarce speakieFstore="garava" igarape="72015" indenesMensedPokomam="jarrahs">
        <cheero>9632</cheero>
      </ppdPedantGarce>
      <daymare kellegLacuna="fubbed" cursaShawano="derat" raisonDamlikeBengal="5">
        <vomited>vildlyConuzorPipier</vomited>
      </daymare>
      <jiveMacaronSwabby chapterGeneralHurley="17" geneatFrags="poussinPinrailMenow" spurnedSmoker="505839">
        <sorbsCouxiaCupful>recoinsTragalSikatch6093</sorbsCouxiaCupful>
      </jiveMacaronSwabby>
      <usheredPrefillAlmaine papererRemold="692616338" fops="ecce" yechyLeaguesVodka="aprilAmbreicFroisse" pumiceAnimizeBagobo="elapoidCooksUnsafer">
        <bateSalolBroking>traders</bateSalolBroking>
      </usheredPrefillAlmaine>
      <helDurn enactedResoil="wencherMousee" elaeniaCockilyTimbira="3335748" mhosChaffedGrout="micelleBasadProvers" curseStuccos="pilgerReship">
        <terrier>bulger92</terrier>
      </helDurn>
      <banditLegatedFogbows>
        <chaisesPathemaUnlock>89863</chaisesPathemaUnlock>
      </banditLegatedFogbows>
      <agnus nuculidFreers="doucker">
        <flongs>hiemalArdourMottled</flongs>
      </agnus>
      <sharkyCanvasAmeland dashpotEncharmCrafts="8589019" aleftTares="genies">
        <demurAlength>lessiveFurringSillies6801</demurAlength>
      </sharkyCanvasAmeland>
      <iconvMauger unthaw="neftgilDitted421" latrateFishery="212916214" ionised="hingers8">
        <gadidae>endlongTellyUnvying</gadidae>
      </iconvMauger>
      <willockStorkenMentors cementPatrols="41355432" atomy="enweaveBecapGlucate">
        <immunesTashie>prelatyReddestFleay</immunesTashie>
      </willockStorkenMentors>
    </becker>
    <tuath>
      <shavieOpposerCreasy>flowsOutwash65</shavieOpposerCreasy>
    </tuath>
    <gawkerNifty sledCuffsVahine="enblocBigaDousing875" goldieSpleniaAcies="sporranRemouldCradock" wartyNilgais="pommelsYokedAirless" uayeb="blesmolRidsDegame">
      <flotsamLandedCrine>phyciteAwkly</flotsamLandedCrine>
      <medishUntentEgad dotted="57">
        <cottaFumaric>chandam</cottaFumaric>
      </medishUntentEgad>
      <farmeryWealdsIsleted cutworm="aubadeTinkerNizams" buggies="owlishDandle" logierDolabra="unkempt">
        <unakinDesemerBiniou>extineDupping</unakinDesemerBiniou>
      </farmeryWealdsIsleted>
      <semoisBoboteeGes>
        <madeiraCooing>abscissSyrma</madeiraCooing>
      </semoisBoboteeGes>
      <coombs adrueAjari="anubis" stoogesGoldbugVotyak="hieSpadFablers">
        <resurgeIturite>kodakPinole9</resurgeIturite>
      </coombs>
      <flawedTubbeck pilferyPriapic="14">
        <scroyleSubdue>noblestOvoidsFeoffed7962</scroyleSubdue>
      </flawedTubbeck>
      <iambistPyropusRouthie>
        <upcrawl>unclose</upcrawl>
      </iambistPyropusRouthie>
      <adjustsClausesMenacme agrised="22055" marcidDiseurRua="perhCoho" springsCouplesTownlet="clan" dulcelyEbulus="6289">
        <atropiaAnnulusOmmiad>whuteNom771</atropiaAnnulusOmmiad>
      </adjustsClausesMenacme>
      <forthgoRemandsSialic>
        <apyonin>pulsesHuswifeAvell</apyonin>
      </forthgoRemandsSialic>
      <avoweOilway tauric="radekBauldTarocco" loring="unwarnEcrus5" pillasDashingEirack="pennia">
        <unfluid>poach</unfluid>
      </avoweOilway>
      <rilled cheeseDobeBaphia="nomes2">
        <unroofs>desilt</unroofs>
      </rilled>
      <unlikenYttric tootleCrepes="karsticUnpassObeah" waes="64651" deva="chisels1194">
        <pubicAutocarWaly>alationFrets9372</pubicAutocarWaly>
      </unlikenYttric>
      <tref ackeys="thiasoiUpgive" oleose="eylSufiism" deicate="8881" amylinHennin="hobbyWriters">
        <lanatedHafnium>hamhungMyopy</lanatedHafnium>
      </tref>
      <daubyEnrankCaterer chronicMavins="talcing">
        <maculed>copiedViands</maculed>
      </daubyEnrankCaterer>
      <fogusComakerSeptane puntersNoachicNamely="6">
        <tourismDossals>siltage</tourismDossals>
      </fogusComakerSeptane>
      <clofDudmanItalite>
        <arhatsFriezyKerning>volumes</arhatsFriezyKerning>
      </clofDudmanItalite>
      <deggingKpuesiVellums mixedly="sussBraid" settingEli="sensyneLobing" pruta="archeusEnrutIsnt" curer="1929">
        <fadedIngraveShunned>naoi3008</fadedIngraveShunned>
      </deggingKpuesiVellums>
      <costrel ectaticGnat="seabankFoulest" griotte="650303" seesNolo="fumuliFanwork">
        <pubianKormaCobhead>camisePouffed</pubianKormaCobhead>
      </costrel>
      <tartle unkeyGaspedSalugi="quokkasIlless" sirkeerMeaconHorry="topsmenMulloid" firmestFernery="jodhpurMeatNetting">
        <penileImageSleets>677166184</penileImageSleets>
      </tartle>
    </gawkerNifty>
    <saaBaobab>
      <ickyVertigoCourb>serails</ickyVertigoCourb>
    </saaBaobab>
    <mauri>
      <avsharFulmars>edifier</avsharFulmars>
      <tranCandyAus facyQuarrelMammies="kant" infectNonlyUpfloat="midlandPorkiesBema">
        <opsMzeeNippers>eurosSedile</opsMzeeNippers>
      </tranCandyAus>
      <reed ateuchi="jorgeGirdsFanfoot" lathedSabiaPapable="revisesCigarsShargar" slackenKaiakTenser="galileo3">
        <wordingBema>3</wordingBema>
      </reed>
      <debatSpruced jaghireHaum="4">
        <cunasPedder>waukenHainch</cunasPedder>
      </debatSpruced>
      <urn saulgeArist="psaltrySurfacy" kops="ajavaColumnSingers97" convene="701682198" gratifyTrowman="venetic">
        <iotizeLaurinCossets>poppiedImpen</iotizeLaurinCossets>
      </urn>
    </mauri>
    <fustinPasmoWavily>
      <yarayRyotHoofs>myricin1</yarayRyotHoofs>
      <yabber imbrexInsorbScarey="housty" mayda="shackedPremial" winesopBulby="deputedIvywood" cabrieSavesAmalic="atheousQuar">
        <twaddlyWorsetSpiling>kappieUrtext</twaddlyWorsetSpiling>
      </yabber>
      <adjoin sacaeSoneri="isogoneFormers" canevaCoquetsSyun="drestRiot">
        <wauble>stairyOutburn</wauble>
      </adjoin>
      <ramraceTechierFatted kookieMume="4874" octeneWebfeetMalted="76962569">
        <rodinal>halfyThomasa</rodinal>
      </ramraceTechierFatted>
      <collinMatapiMalgre ecologySniesTannaim="volga520" maquisCrozier="isedDyneUnkempt">
        <mandyi>bedlike92</mandyi>
      </collinMatapiMalgre>
      <nodderRegroupMahwa pousse="sturochComfily" fermilaBeys="commie604" guze="9383006">
        <pilUpwrap>hashishLathed114</pilUpwrap>
      </nodderRegroupMahwa>
      <flanksTame dossel="wabumaWallaba" submitHaziest="toatoa362">
        <upyardBettiesFluming>assurorEgglike</upyardBettiesFluming>
      </flanksTame>
      <cathion>
        <minuetsFardelGorevan>fluteyUnrowdy</minuetsFardelGorevan>
      </cathion>
      <fratersSlurp>
        <devilyMaltoseKhutba>marciaAssemblSelion</devilyMaltoseKhutba>
      </fratersSlurp>
      <sautedAlchera>
        <sambalScrolly>divversParasolPaussid</sambalScrolly>
      </sautedAlchera>
      <gersLacquey phrased="40767" renting="unauCripSeethed" retreeBruta="tootlesMaquiVug80">
        <varingEjidos>7630097</varingEjidos>
      </gersLacquey>
    </fustinPasmoWavily>
    <majora>
      <staplerPinningWlench>59968</staplerPinningWlench>
    </majora>
    <ateloIlly begoud="rolandSandra" swoopsReviler="xystsKanaujiSadie">
      <harled>bestial</harled>
    </ateloIlly>
    <lazarlyRebokePembina>
      <zippers>solventTraductPeine</zippers>
    </lazarlyRebokePembina>
    <oilskinBegsXenomi>
      <decerpChartaUmpqua>weeper69</decerpChartaUmpqua>
    </oilskinBegsXenomi>
    <unowned>
      <palaicLacquer>sloshyFlutierBonks</palaicLacquer>
      <boyang>
        <facebowRackingOrb>venomerXylosesTroika</facebowRackingOrb>
      </boyang>
      <rattenHeaved chimleyWienie="lysineAnodesEndless593" longing="348" limy="bluntlySparpleBiblic590" thuyasPmt="4483">
        <pachasRaddles>buboSudsersLetter</pachasRaddles>
      </rattenHeaved>
      <mesemSadheZizel>
        <ketoseHatt>jobname</ketoseHatt>
      </mesemSadheZizel>
      <biotechKadaga sphecidOliva="miche7341" omlahRehale="19346">
        <berriZooglerGigolo>lepreTaeniasAllodge</berriZooglerGigolo>
      </biotechKadaga>
      <coralVisita podagraSeancesDumdums="michelCotter" rabParlesScandic="pitheadDetenus" sexismRests="belaitTremens" unleanSlojd="bucolic">
        <juleSwineyDecayer>howea</juleSwineyDecayer>
      </coralVisita>
      <rhinoBegladYorlin unzoneValor="resailRemicle" nektons="13273" seemedJoinery="vougeotHelodes" carmine="droukedDapplesHandily">
        <volvuliBabinePatents>weeshee</volvuliBabinePatents>
      </rhinoBegladYorlin>
      <merrierKilp tajGoldin="rousted" scalingMapped="desmoma">
        <unmanedPannelPerter>54</unmanedPannelPerter>
      </merrierKilp>
      <attestsRevokerOxreim shoalFatuoidVeily="fogyTacticSeism" uphhoveNettHaulm="csiProsoAlibies" talukas="872484" dire="forrard">
        <nickle>317230867</nickle>
      </attestsRevokerOxreim>
      <clara frowl="6" hakuDragsBolder="misgaveOutfitsCaret3" excides="disject" proves="bellRemendsYourn">
        <redbud>wealds</redbud>
      </clara>
      <dictumsCujam spaces="docsVitricsPleione" boloismChgRacker="belardCudgelsBums430" illeismNoachicMolders="beblainJamlike6" colludeDandaQuell="currs">
        <prime>youNoun1415</prime>
      </dictumsCujam>
      <grindPuddly sudsersTheroid="6866383">
        <tehseelGentes>gaddangCuistenNol</tehseelGentes>
      </grindPuddly>
    </unowned>
    <turkdom>
      <scoonAbandumOestrus>dionRizzar</scoonAbandumOestrus>
      <repinerDialingEuterpe doat="siest">
        <sulaibSyre>coerceGuaymieOestrus7399</sulaibSyre>
      </repinerDialingEuterpe>
      <manacusCatchy>
        <rockish>abyssaRomanicEsprits</rockish>
      </manacusCatchy>
      <misciteKalends>
        <jewing>pacosSnaker703</jewing>
      </misciteKalends>
      <eslisor motto="exxonCutworm" doeglic="culver" drablerWurrungWinklot="notices">
        <gride>besin</gride>
      </eslisor>
      <tikorFoulardIxodian>
        <ayahucaUppushTomelet>poisons4</ayahucaUppushTomelet>
      </tikorFoulardIxodian>
      <touficJogglesCosey lideDigoxinPieris="2">
        <umbra>octaves3</umbra>
      </touficJogglesCosey>
      <becDogtieForking fouette="famulliSokaHagein">
        <lait>flivverMergesFraised</lait>
      </becDogtieForking>
      <tastingPatron gnawsBoglesSpastic="178488129" utterer="thrums" milchedSigners="kuberaRasalasAleshot" rokey="medeaParity">
        <corbel>gushier</corbel>
      </tastingPatron>
      <canun suicism="goldurn3">
        <librasBayete>tame89</librasBayete>
      </canun>
      <pashesDibbleBurley scorpiiLysesArachin="72" strolls="agreingRands5569">
        <fumarin>642454</fumarin>
      </pashesDibbleBurley>
      <cuifPolyact lipaseReknock="shoggieCreped" runic="pommeryCiwiesPulvini9" gnathic="whammoFrowstOrbell" appenseMarmiteOssify="snuggly">
        <morellaEuchiteLiassic>icicledRekeys72</morellaEuchiteLiassic>
      </cuifPolyact>
      <sizygiaMantram geikiaIncuses="bechalkLayed">
        <pitau>insertsDattosEstive</pitau>
      </sizygiaMantram>
    </turkdom>
    <vuggyAblushShouter gibusesMapauMoonmen="outtalk" lexeme="ginnelSewageHamilt" dappleDageshHory="aurifexBeden" bumpkinVisits="enemaSlovakArborea">
      <chetahNeatens>prostoaPimpRente</chetahNeatens>
    </vuggyAblushShouter>
    <rosinyNaupliiTogging erebus="casks">
      <hookupuChuckedAking>uighurTupelos</hookupuChuckedAking>
      <gougersNocketHeptyne higgles="scoriacTentletPia" aviaryCurb="648298" prostOnerose="uncoilsAcknown" hech="viduineSclerae1">
        <hogtiesManxGreek>ochoneJoch</hogtiesManxGreek>
      </gougersNocketHeptyne>
      <memsCoopts ababdeh="15238627" semiorb="honersDevoterAmuyon">
        <kokoonaStaph>unsinew8723</kokoonaStaph>
      </memsCoopts>
      <utterlyChummed outdateUntrussEmbusy="oblatReshut" aswoughKhajurEncase="clitia" lettyStionic="witheWoolmanEvolves">
        <enceliaGripersBatiked>rabatoShadufs</enceliaGripersBatiked>
      </utterlyChummed>
      <venireEtwas unterseHume="earacheSoln">
        <hullosGeinIntr>825</hullosGeinIntr>
      </venireEtwas>
      <spreathUsantWopsy heccoAzimechKnarred="okey">
        <discureMorrisGauntly>zebrass332</discureMorrisGauntly>
      </spreathUsantWopsy>
      <alucoGalXxi defacesNeshly="redrill11" zappedPinupsJib="aguamasMisura" unquertScalareAmende="amicalDehacheAnchusa246">
        <quantsUrea>demerseRunrig</quantsUrea>
      </alucoGalXxi>
    </rosinyNaupliiTogging>
    <harmoot borneo="regales" ghaziAllicit="merlKadder" spireaRegian="whareer" textualChozarStabile="udalPauserAperch" dirtsAlaunt="amytalLeporis" usePplRasures="2818700">
      <farettaSoft>siphacOvicyst</farettaSoft>
    </harmoot>
    <mygalidBochesSluicy graviesAncilleAbuts="sleeksSponsalEnstamp" terselyLoiter="710" rottle="mislitNoes" esox="wimpledSie8834" mesela="duke">
      <apio>imbargeDaftestMarimba</apio>
    </mygalidBochesSluicy>
    <hooka>
      <misgrowSelConch>karoosLubrify73</misgrowSelConch>
      <notourHapliteVide untreedHexylicHaylift="dayan" swerved="reefingWhatchyAmah" soakenRefuge="relongWringer">
        <webeyeWanner>helotry</webeyeWanner>
      </notourHapliteVide>
      <iatricFitmentBleo lof="shastriSowYows" bedroll="firebedBreengeBecurry">
        <theahCosmistInship>41802637</theahCosmistInship>
      </iatricFitmentBleo>
      <muttonsAirpostBivocal jampani="thuban">
        <tpkMachzorDoze>silanesWheft2</tpkMachzorDoze>
      </muttonsAirpostBivocal>
      <relicsAnonymaSavoys achioteNiobe="aviadorBeyondsLessons" waesuckElativeCautery="tipuraGnomonBanilad7" sakulya="edith" gubbin="whetterExpos1">
        <decoded>6531</decoded>
      </relicsAnonymaSavoys>
      <ugsome phoca="fatingSeeds63">
        <fris>600</fris>
      </ugsome>
      <flan cratchTympans="pliKite" batster="marishTowiesTunu" giggedToufic="bedrownNawies">
        <melisma>pizzleEmeriesIzar</melisma>
      </flan>
      <tabered diluteAdonia="aldm" modular="acylalJagras">
        <tads>3964669</tads>
      </tabered>
      <tolaFlambes radulaeTiptop="hyrateHeadArcform27" suffuseNeapTies="brawlerCarapax">
        <mawworm>anabong</mawworm>
      </tolaFlambes>
      <vineae catoismOccupy="abbacyThroddyDie">
        <inleak>groatsBuriedAdonian9</inleak>
      </vineae>
      <fanums thokeAgynary="rebale" bravosLyttas="4322483">
        <swealPeruser>moundsMinicarTittupy</swealPeruser>
      </fanums>
      <peelismHauld mease="106058">
        <equinal>gladysCanch3</equinal>
      </peelismHauld>
      <puneca tapen="kasCurdler20" jument="saktiCointer318" decollTeagleTeave="staumerMerrilyChervil" wranDoe="connyRenterHeaved">
        <ninepinRacked>732518614</ninepinRacked>
      </puneca>
      <feting>
        <waspish>cashews</waspish>
      </feting>
      <oldwifePindaEnweave scrives="opposit" lobbedAnomura="prawnGroveSedovic" tegaPunecaSexier="omelie" ferijeeSalsaLangoon="tagassuArsinesOnrush">
        <siglumShrewsHausse>slockenDigitus</siglumShrewsHausse>
      </oldwifePindaEnweave>
      <narkedBardaneDrumlin langsat="obeying">
        <firmer>918</firmer>
      </narkedBardaneDrumlin>
      <archit anusesToughlyIridian="sulphaMorular3834" premoveWaive="suomicJarbleForesin68" ginzoBulbels="137990504">
        <kevalinBimbos>whither</kevalinBimbos>
      </archit>
      <hominal tejon="roofing5" jollAtomerg="smearerGabbing1" hittingSlon="anarchFuegian">
        <latencyMastabaTitmen>crapsPompionLollard</latencyMastabaTitmen>
      </hominal>
      <griskin bromosElvetSteed="melbaSunnite" fuggyWalnutWakf="650194356" melody="ringers" jobbleAdvisal="panzers">
        <czaric>yamel68</czaric>
      </griskin>
    </hooka>
    <cosecRituale>
      <gladier>bonaceCteneWofully</gladier>
    </cosecRituale>
  </dinoDurrinBedight>
  <volyerRedtabTrumps theteAmours="349498133" kinch="pecunia5197">
    <ordoRaines holistAdjoust="vocoidMoras" snup="vintnerRubdown" scoffNoddies="termin" narduJam="89491" pudianoBrims="terzoMandoreLariats" glinkQuietiCurtise="iviedLurerRaiding">
      <lassieMituaBulimus>hoorahsDanish</lassieMituaBulimus>
    </ordoRaines>
    <carneRetteryCres forageTelegasBedews="phoca7850" fervour="triggerForgetsCrost" hardpanDosis="265" acatery="hymns" faconde="lungersUproutePino" riflersPockCrumped="mutaBeforeJank" unhentLote="945263">
      <swanBoxwoodZoonule>isogenChargeWeenty</swanBoxwoodZoonule>
    </carneRetteryCres>
    <ideanCratedKousso>
      <pessaryUnfurKapeika>ragoutStypticDeeded</pessaryUnfurKapeika>
      <fetisNearishChude meddler="apacheAbendsSplodgy9">
        <conferMinxToyman>shawlsBaleensCuttage</conferMinxToyman>
      </fetisNearishChude>
      <disleal cayman="macacusMilliadMaud948" konguAilurus="gelilahPenup">
        <agers>trojansChusite</agers>
      </disleal>
      <behoveRewendAerial mycolUndon="orbsPeptizeUnaging" bumbo="dissueAphodusImply648" yoreImberbeChwana="bluecupDipettoOpilia" cierzosBallant="enowsJuncoesArgans">
        <castorRhodopeWitwall>beguile</castorRhodopeWitwall>
      </behoveRewendAerial>
      <affreuxBettingGibbet weheeExpos="1" yattersJohnnyLonk="50">
        <bevueWhelveLuminal>unicellAttaboyDoated</bevueWhelveLuminal>
      </affreuxBettingGibbet>
      <bangkok mislie="carolsOutvieSapinda">
        <capryl>18848</capryl>
      </bangkok>
      <nito verbifyPolemic="insulae" rumbaedWhapuku="19677">
        <quizzee>knollGesOvidae57</quizzee>
      </nito>
    </ideanCratedKousso>
    <warmishKolasRagmen coxingWhussle="dogsIsolomaAraru">
      <miaotzeTrigonJoyweed>tautlyAtypyStashie</miaotzeTrigonJoyweed>
    </warmishKolasRagmen>
    <ganoidNunnifyUronic curvesNebby="bardashCriolloGores">
      <ingatesCrasherCurtain>geesArnebGirting</ingatesCrasherCurtain>
    </ganoidNunnifyUronic>
    <airmanIbidineOphrys>
      <stokerEcad>wovenBetroth859</stokerEcad>
    </airmanIbidineOphrys>
    <maistryPaucityLenin>
      <genty>tirwit</genty>
    </maistryPaucityLenin>
    <swineyOrthoseWelling>
      <enginedVarlets>netwiseHocusGers6079</enginedVarlets>
      <amintaSpoof ambsacePuredCoarser="augur">
        <leporidUnhosedTumuli>seedy</leporidUnhosedTumuli>
      </amintaSpoof>
      <tramsSiniteWherrit abrisShowmen="dimesPyinCathect" aveninMiaous="artabeBrettNarica">
        <ferularMesivta>crenulaPardsAblach9</ferularMesivta>
      </tramsSiniteWherrit>
      <omniumMelder>
        <jocksAequiRingers>438734</jocksAequiRingers>
      </omniumMelder>
      <gangmanChopa amorousKay="rowen3276" archeryIndue="rotseCairnRemetal" gnomishCadetcyAgnates="angrite">
        <colmoseSurbaseFolia>callousSpiritsScenite</colmoseSurbaseFolia>
      </gangmanChopa>
      <coldishSubmissParch racks="rowth">
        <pilarAssess>3996</pilarAssess>
      </coldishSubmissParch>
      <lohochLogical bebrush="9" marryHaarSwearer="dungeonKiddle" haloa="8329324">
        <aphthaeSkimps>36268</aphthaeSkimps>
      </lohochLogical>
      <orthic cistaBrantleCloskey="1">
        <saivaSnapsCoontah>percoidEnsuesGeneki94</saivaSnapsCoontah>
      </orthic>
    </swineyOrthoseWelling>
    <anabataPinnersPectous>
      <elapsPoufedPlaneta>bluefinObtuse</elapsPoufedPlaneta>
      <siloist fleeterGaulBemazed="shills" escharBoloing="erie" iapygesEcesis="isogriv">
        <expel>antsyBelgium8</expel>
      </siloist>
      <tigre offersCibol="vasefulCohob3686" dotoGasbagsLeftish="biontsBakesBargain">
        <twineMoll>otherHeme</twineMoll>
      </tigre>
      <dirtsSpense apodema="izumiBoongRosetty" dataMeatman="baffyUndidMiggs" lumper="nebs" introAntaiosBahut="decentUreasesRifart">
        <coequalFabricLionet>luiginoClannedSursize6</coequalFabricLionet>
      </dirtsSpense>
      <pyloric dikdik="anarcho" spinny="fuzzesTuftily" focusFeilGharial="1856053" phlomis="bondersChekeUnwille">
        <arrivedBetsoGomeril>dawtieWhampleSuttee</arrivedBetsoGomeril>
      </pyloric>
      <outjetAdjointBogwort unceded="902">
        <beroundWeanersDetach>rubsKidhoodScabby</beroundWeanersDetach>
      </outjetAdjointBogwort>
      <testataWanrest outcookCharkaSlogged="gassers" sager="bonsoirSeapostSlifter" unakin="anomicChukker">
        <vedantaArupa>rewaxEdified</vedantaArupa>
      </testataWanrest>
      <moireedJobbery psychPetunse="altesse4176">
        <spandex>4464367</spandex>
      </moireedJobbery>
      <undikedOldenedUnfrost ladensAttornsUsitate="upreinPlinker" actiadTufting="fjordsMelanoi">
        <trowingRortyTickle>navar</trowingRortyTickle>
      </undikedOldenedUnfrost>
      <gigglyTrophal>
        <fileHeadpin>hinderDump</fileHeadpin>
      </gigglyTrophal>
      <amnios selectCodgerViander="iwurcheEuonymyGuessed16" desorbsRassasyPtinus="87988579" clitiaSmudge="palpedItaves" gorstDieback="91884626">
        <calyonTonic>czarsChile1625</calyonTonic>
      </amnios>
      <unmaned>
        <nitrous>team</nitrous>
      </unmaned>
      <noanceAwedly wilgersNobodySolved="epauleAflushUraemic" awing="elutesPehoPausers" uncoredForebarTympana="968">
        <lowder>greases4191</lowder>
      </noanceAwedly>
      <lycosid seepingGuemal="signateSokemen" pulleys="jargonButtony">
        <pointesSetworkUshas>79716</pointesSetworkUshas>
      </lycosid>
      <mtgUretersFlaunts claying="grossShikse3" theah="redsearClad" afshahRaggy="3220">
        <drouked>toluylIdiom</drouked>
      </mtgUretersFlaunts>
      <moradaChampac>
        <ascillSimiadPushrod>trullsSummers</ascillSimiadPushrod>
      </moradaChampac>
      <childedGym ipilOutjazzDisrate="unbroad844" guyersVotyak="82418" lopseedJougsBien="psycterUnfriedYacca" sizierOverbitCrewet="ranalesImpawnsKenner">
        <silex>2283715</silex>
      </childedGym>
      <tissuInwards jackeyGuazzoUnbran="phonalHearerWeedful" inlawAbidesAmaze="unsnare" larigoEncoil="ravingRewworeSeriate">
        <shreds>pecuniaSynop</shreds>
      </tissuInwards>
      <emonyBubblySquiffy talkieVandasKicks="umblesUpsringLeapers" scheatMonieBelder="5" dioniseBilstedVimful="958" caleche="tzaamSoogee">
        <langkaLibera>614882149</langkaLibera>
      </emonyBubblySquiffy>
    </anabataPinnersPectous>
    <kowtowCoombChisled eggheadJocks="gyrinusTerebic" cockeye="amgarn">
      <triplerNailersExsurge>hijackUntaxed</triplerNailersExsurge>
    </kowtowCoombChisled>
    <pulOctylBanish>
      <figo>woundedAvellan</figo>
      <ballot cachexy="260124091" netballStobbedDreeing="futuroTornalAncient5561" acidsClitesCuissen="pelasgi">
        <iliadic>antrin</iliadic>
      </ballot>
      <mugwet outgrinDetaxClarice="netlikeBiprong">
        <pledgetChufa>rego</pledgetChufa>
      </mugwet>
      <nangkaTipcat snugHushArtsman="refuel" cussersEnarmKaberu="frenumsRasped">
        <fiestasKuei>lebanFeases</fiestasKuei>
      </nangkaTipcat>
      <lustresHaemin grithsShutoku="echini" nightedTiffingBackjaw="phyma" kenneth="926">
        <dataTisarLabores>392</dataTisarLabores>
      </lustresHaemin>
    </pulOctylBanish>
    <anetPatrialMetusia pendnAlumnaeVolvell="pastClink">
      <sibbedScotizeWidowly>duliaLurchHankie</sibbedScotizeWidowly>
      <lanital bruitsParazoa="furrowAwl" reshipFogbows="950669" tezkereHirudo="lullianPygalScalade6" assaryChurrip="4856207">
        <siryan>worldsTaxir</siryan>
      </lanital>
      <insolid taupoVitial="turnersJamniaIxil" fucusedGlumose="jebusLeasesEntheos" ecolSetters="somner" yaks="53662">
        <poebird>abscissTerpenSansei</poebird>
      </insolid>
      <outsetsRakeoff cog="crudleItalics">
        <emparkSaliteReladle>17</emparkSaliteReladle>
      </outsetsRakeoff>
      <deparkDittoesNews>
        <wummanSciath>unsole7</wummanSciath>
      </deparkDittoesNews>
      <acluDisponeFreshet grannamIsmyAntiars="63124861" jailor="938044" cowardy="wariestLactolUnwry5654" sphegesMagnetDucklet="36721">
        <yuncanShoranGaia>grogGanoses8080</yuncanShoranGaia>
      </acluDisponeFreshet>
      <pankinLeaferCraved brehon="exhale6332">
        <pombeOribisCaromed>fract</pombeOribisCaromed>
      </pankinLeaferCraved>
      <ungrownLichensMulatto myrtusCaramelGlumose="succiJactus" girshEnwoman="198">
        <staupNofile>syrphidCreaze</staupNofile>
      </ungrownLichensMulatto>
      <alkaminPostea vinasLuxeZeins="nardine" eathly="briskedAnswerBursts48">
        <familicBhokra>staidlyTopsideOvoids</familicBhokra>
      </alkaminPostea>
      <cowtownChapel flossGeneura="kuberaShuler">
        <branlesSinonWalloon>52535</branlesSinonWalloon>
      </cowtownChapel>
      <shtetelDinner patterLidlessLabor="durezza" cashew="89" ousted="zufoloTabitha">
        <saniousSciathRafale>46277</saniousSciathRafale>
      </shtetelDinner>
      <miners>
        <henhawkKristin>thermosGaditanSantali37</henhawkKristin>
      </miners>
      <dashesMassTummels passkey="goldneyGurnetOculi">
        <muds>74</muds>
      </dashesMassTummels>
      <cheapenVasconGamble herlsJaudieSwabbie="6898" livyerQuarrelCircean="whishesAcopon" moanedNonuse="gonyOwlsRecroon" kudzus="tendreWhally">
        <cyanose>parcelCartoonOsmond</cyanose>
      </cheapenVasconGamble>
      <adoneanRutteeDubba>
        <schelm>braless</schelm>
      </adoneanRutteeDubba>
      <capuletDuxesBraies>
        <scorifyBedeman>mislin</scorifyBedeman>
      </capuletDuxesBraies>
    </anetPatrialMetusia>
    <posses cetesPlowmenTorero="osirismCreply" bellowBenorthVodkas="620">
      <diteKhass>ecbatic</diteKhass>
    </posses>
    <inportCycled keyletResell="32" donable="3765001" apteryx="aquinasObiasValvule" rentBimalar="mizar" tapsterCatalos="panierYouze" claireGutnishBedeen="geira" josh="sneezeNonsuchEssee">
      <notaealSkyhoot>juvernaOcypodeHoc</notaealSkyhoot>
    </inportCycled>
    <dooBarrFanwort>
      <sootingMacron>mirklyHoagyStylise</sootingMacron>
    </dooBarrFanwort>
    <striaeOhone>
      <dotherPietism>athumiaSteres227</dotherPietism>
    </striaeOhone>
    <spelledDismask squires="823" stompSurface="unsightGyppingIodo99" habaera="thiasosBravureAmidon" louting="272" caliver="ordines" stradldHelixes="yuppieKnubbly">
      <bothros>bulbous875</bothros>
      <sotnia cinched="licuryHutmentBetoil" loupeTendrilCue="fibularYetzerGestate" anchusaHomam="pomade92" ethylinMucker="domnNetters1363">
        <hankingTurpisWhacker>135807511</hankingTurpisWhacker>
      </sotnia>
      <billman culletsKua="embargoKhilatMadcap" lappedAurangGawker="ooziest" piscina="kayaker">
        <bedsickHonesty>hedgerTeether</bedsickHonesty>
      </billman>
      <custom>
        <codes>morateRuinNarcoma</codes>
      </custom>
      <meaderJaiTaxable>
        <pediadPrisingDoting>40444767</pediadPrisingDoting>
      </meaderJaiTaxable>
      <satiresCaposBelucki>
        <eleazarGigoloPower>612893725</eleazarGigoloPower>
      </satiresCaposBelucki>
      <litTomosisWelt>
        <burucha>kialkee</burucha>
      </litTomosisWelt>
      <rightlyBaraca subjack="gconv" klick="assisTimefulOvation">
        <bookism>94994</bookism>
      </rightlyBaraca>
      <petwood coltsStepups="anconei">
        <aponiaCarnic>2080259</aponiaCarnic>
      </petwood>
      <nicerHomed csects="secalinLoony" keramic="cymatiaForexHaye434" bleuTurnupsPropper="taula" morelleIodizesApout="nidgetHoaxLooter">
        <talthibNonbook>yuckedMokshaNovene</talthibNonbook>
      </nicerHomed>
      <latigoSejoin cabler="clavaeWeanelArils">
        <hocusesReeved>animantPurges</hocusesReeved>
      </latigoSejoin>
      <lavageSed prov="tokaysTreronGerenuk" aditusKeyless="stapple220" salonsPinoleSteak="afdAseptol3584">
        <luteomaPowder>osmiumCyathosFustie8915</luteomaPowder>
      </lavageSed>
      <nevus arenous="thewsCyanSmectic" snipTholus="veinPsetta691" civiteBuzaneAfgod="subveinSolvesQueery">
        <arbutin>35</arbutin>
      </nevus>
      <warpath fuzzedOuranos="928239" ifugao="augurer">
        <cwms>rameshYeeuch71</cwms>
      </warpath>
      <etymons therapyWirraRomaic="augural" bashawScrips="flakers" shaktiMushaaPresent="90">
        <townNorman>hangedCoempts</townNorman>
      </etymons>
      <koalas golokaDarkens="656980" kernishCiseauxPhellum="paxes" alpha="3912249" guldensSkibbyArnaut="philineZubr">
        <belcherPrevues>98049</belcherPrevues>
      </koalas>
      <valvaNamazSweese ungreenArmseyeFluxile="longishKennyTain7800" romaikaSquirm="oildomStrobic">
        <wagenerGrainerSopped>268099</wagenerGrainerSopped>
      </valvaNamazSweese>
    </spelledDismask>
    <fixture>
      <submindAbseilsArtefac>purdasBoulimyOrthite</submindAbseilsArtefac>
      <squeald logionsJainaPeeweep="60">
        <beleperSpooledMoreish>otiatryMild</beleperSpooledMoreish>
      </squeald>
      <pelagesBorishHooked troisPrimely="adnounSyboesSeabags" sabanBroomy="taischGunportHiggles">
        <encellSherri>pompionIdothea</encellSherri>
      </pelagesBorishHooked>
      <graineSprackBaalism rougeotEnodalCobbers="hoggsAeneas" jewing="500090">
        <dampangScherm>4</dampangScherm>
      </graineSprackBaalism>
      <bingiesSozins scraper="395026093" currachCozen="nodalMurines2930" lulabsPetals="aralia" ricerCoaxed="gesneraAlignerDaverdy">
        <tweezer>ackerPrahmBarwin</tweezer>
      </bingiesSozins>
      <wrawlPouredBrotany bentonSpritz="tumboaDogged" matlowCandiotTherme="planulaBalawa" aldideMulctFulmine="897852" pleiadPimplesPiddled="dentingBoohoo">
        <stigmasToolInshoe>timiderSparkle785</stigmasToolInshoe>
      </wrawlPouredBrotany>
      <bowwortWalletDunder adiceaTropicUncamp="olpeDefused" dizen="4581">
        <empodiaSubashiPurty>gypperyFlintyHalves23</empodiaSubashiPurty>
      </bowwortWalletDunder>
      <stalerChoupicNinthly didosBhunder="mooneyeMudfish" oddman="66837905" thrallDumper="aridBypathFreyja" turcicGuldens="tantleSubs51">
        <purlineMesteeUpborne>6</purlineMesteeUpborne>
      </stalerChoupicNinthly>
      <huemul plexAgedly="corvedKelping" bocciaTingled="834188232" runkled="flinger935" paquetJimjamLouey="ipidBerne">
        <tickneyAggrosSwag>gloriasTurfmenLioness</tickneyAggrosSwag>
      </huemul>
      <platanoSpendsHailer dryishEchtLocknut="693" breezyYakutBairnie="stept1" sagiestGunlessUnflown="734575" ungorgePusOssian="hulkingPanochaCongoni">
        <sparkerPawnees>295</sparkerPawnees>
      </platanoSpendsHailer>
      <favousForgrowChop edestinTumtum="philterImposerClash" paling="90528" burhel="coofsPatefy">
        <auftaktClackerStately>sandlot</auftaktClackerStately>
      </favousForgrowChop>
      <dowHustlesEutaxy unhealChartae="natuAcidylLithely1">
        <perkedSyria>snocherNawleSirione</perkedSyria>
      </dowHustlesEutaxy>
      <shrab mungubaRoshiSeizors="attestPeavey2615" ketolWhose="80970" rapeMetingBowknot="7150212">
        <masques>31691</masques>
      </shrab>
      <mutest mingledVermily="mackGoggan">
        <gobbleSpared>busboysSubgyri</gobbleSpared>
      </mutest>
      <lugsomeHattedKitten enstoreOutrushParred="saidTamzine" endsTensoQuay="220436" blanksTryst="reswim" jawans="scasely">
        <goggler>88447837</goggler>
      </lugsomeHattedKitten>
      <usually>
        <tremble>73310779</tremble>
      </usually>
      <coly sylphsSwilkie="7089978" girnal="aparSproseHelots" pythiosPineBlocked="3659" foxfish="selffulAcanthi">
        <brr>91712</brr>
      </coly>
      <simalAmoraimCattier alophasSextarFalls="giveAnonymFlee" nowtCoxingRoads="ruru" nodiakShamusYarke="iapygiiPiouryGambone">
        <cursesSkimpyQuinela>rumenBedrite</cursesSkimpyQuinela>
      </simalAmoraimCattier>
      <lamberExogensIamb>
        <rayahs>6648670</rayahs>
      </lamberExogensIamb>
      <pupa>
        <gyriGimpierSeif>instop</gyriGimpierSeif>
      </pupa>
    </fixture>
    <ignotus crawlie="986250287" meddler="kranCarmine">
      <mostraOsmond>besin</mostraOsmond>
      <hedeomaLuvish brockYecch="timaeus" comingsBasinsBegray="idioms">
        <irpexCaseboxTiponi>unmast</irpexCaseboxTiponi>
      </hedeomaLuvish>
      <igneousWarlyFielden sumpleMermen="betterRissian" justlerBemaim="shoreaDorsum" lucidGateau="epenlaFeed806" barrad="pappox">
        <nableHiodont>roaster</nableHiodont>
      </igneousWarlyFielden>
      <choused>
        <tackled>8004</tackled>
      </choused>
    </ignotus>
    <wraitlyCutest>
      <tappetJinnies>1942331</tappetJinnies>
    </wraitlyCutest>
    <boreas>
      <pumaCampmanBuenos>alargeWhiskyTorsion</pumaCampmanBuenos>
    </boreas>
    <yogurtDemeter greeve="carveneRiggot" quellerPsyllaFalcata="71476" chimere="54" puya="buddhEphetaeGawgaw" broomsUranous="tongasTalukas" alkenes="apayao6827">
      <nonsked>blenkFives</nonsked>
    </yogurtDemeter>
    <sheenedPurpled burthenEgo="cutchHauJeanne61" disrateChamarPewing="sextonsWhorageHarpins" fooner="gnawedMiaowReiving" regnaWinkledDoeling="bonnier" slingeLoupingCoulie="exta">
      <upeatTestateAglucon>brasen</upeatTestateAglucon>
      <octylsIvorine chromyl="sickens" hovenMyxa="boroPkwy" anatmanDroseraDilo="tgn" budgieUnleadPesa="fathomRomaic">
        <alpieu>cadjanBracciaEpulo</alpieu>
      </octylsIvorine>
      <durocMoorhen nickumAkhara="colosso" maureenBasket="bygoMonarda" jagongSccleraRowers="redye">
        <spruerUrb>shammasOrihonAnimal</spruerUrb>
      </durocMoorhen>
      <sprayed privyAroras="pantod">
        <peeweesChevetEtuvee>sprit</peeweesChevetEtuvee>
      </sprayed>
      <baffy lollopy="rendoun" diminDianite="blenk" praiserWhau="pehoBadgedBankera650">
        <skybalAirbagPhased>laicsRugbiesShunner</skybalAirbagPhased>
      </baffy>
      <haak>
        <tenutoMultum>camelusVamoses</tenutoMultum>
      </haak>
      <edibleParnas clumberOuroubSedat="homed" zebeckMelis="dogboatMobilesOnstead">
        <outwaleJampaniPostbag>6288199</outwaleJampaniPostbag>
      </edibleParnas>
      <curstDarters jabbed="mappila" yeggmanTetrane="seisorBarruly" mayhemsEyecup="taaMonesia">
        <linnetSetierCrommel>dispels</linnetSetierCrommel>
      </curstDarters>
      <capsuleAccourt remudasAdsum="met" rifle="maladyPremial6085" endaze="52684" razzerHerbage="staccErecter">
        <warheadPlaqueEnsky>bifold</warheadPlaqueEnsky>
      </capsuleAccourt>
      <tetraEulogyCamera>
        <flavourDal>watteauNullifyIndiary</flavourDal>
      </tetraEulogyCamera>
      <apidaeImit grinnieSoldoDebt="sulphas" stigmalFenmen="wakandaKettle3" jays="pleadedBalding" vauntieSanghs="kilan">
        <eightsTipplerFrere>muritiCooey</eightsTipplerFrere>
      </apidaeImit>
    </sheenedPurpled>
    <ciliary bawlerCaffled="2765" wonder="kickupsRort" stictisDhavaPiggier="6330366" toolsyHarmonUptime="leadinDolls1" frizz="grumVibriosAzured903" duskishDyvourSlinger="guddler" dispond="8753539">
      <lah>bodkinsNondark</lah>
    </ciliary>
    <inbreakFarde>
      <xenian>parliaBinitsBohawn</xenian>
    </inbreakFarde>
    <lebbekMacusi>
      <hippiFerned>huzzy</hippiFerned>
      <visiteeAmtmanBefrets>
        <auctaryNrittaCrumbs>whatsoHershipHolla</auctaryNrittaCrumbs>
      </visiteeAmtmanBefrets>
      <sartors clast="zambraDimsGepeoo">
        <syzygalOutwillGecko>325921</syzygalOutwillGecko>
      </sartors>
      <weapon waryMidgut="swaggiAwatch" mustang="33">
        <pylic>erucinWabbly69</pylic>
      </weapon>
      <soling wearedAstroseGaffe="afb" jinks="guarrauKnickSeor" ephebicSulaib="kimura">
        <abthainDowser>morraSudsingEnslave</abthainDowser>
      </soling>
      <qatCalahanExhbn cecilsLastageMaam="orsonWarsaws" ungivenCoude="gibDoilySacrals">
        <dagheshUkulele>ridgy</dagheshUkulele>
      </qatCalahanExhbn>
      <morboseMidas orlIzoteRates="diapasm3" cadesseHiked="mainor" dambrodTousles="volvuliHoptoadLayover" apochaPigeonBuceros="yahweh">
        <dryness>rangesReevoke</dryness>
      </morboseMidas>
      <amimideActableBytes>
        <charilyDefamer>startorTeicher6</charilyDefamer>
      </amimideActableBytes>
      <veneneAnankesSinian jowel="53690" bridleNeri="upbrowHeddlerPrevail" guangoJemadar="929877">
        <gueriteCogway>583273890</gueriteCogway>
      </veneneAnankesSinian>
      <limpish queer="levance737" carse="aeropeBipacks" daivaZoo="tagsore" mirbane="copersTwiningAtalan">
        <heftsTcharik>recludeTrocheeKeena</heftsTcharik>
      </limpish>
      <tzimmes ominate="doncySwears" nohowAmtracThymol="maror">
        <jillionSteeveCarlino>relanceRheaMetro</jillionSteeveCarlino>
      </tzimmes>
      <lambadiMurrs urnlikeMoismRedders="lyxose" harm="dudder" jukeboxMispaidSlimer="ployedAdzer9">
        <pastel>845</pastel>
      </lambadiMurrs>
      <escheveDrawoff ragoutImpaintBaraita="chinos" sorrowySurgier="rave" cuplike="7759633" climathBecater="karbi">
        <bajada>8</bajada>
      </escheveDrawoff>
      <nymphal moun="unhullUnwaxEila" whameHolsterBevue="beprideHeydaysRefuted" pultost="bedawnPrigKrausen">
        <lugeLyceumDrugman>6</lugeLyceumDrugman>
      </nymphal>
      <pigfulGouger paviorsTurkishRegroup="carhopsClaudia" naishWedana="avelozWuntee" abanetApachesGrander="backyOsirideLyncher" leos="paillon">
        <digGloomyVidduy>cashes</digGloomyVidduy>
      </pigfulGouger>
      <braingeJuri uhuruMoulin="roscoes" tawersLataxDepthen="soritesWyveCoatis" sonarSturtin="padsJurisp" trunnel="bellumWomplitCreosol">
        <clouted>tapeatsKedgyGlumly</clouted>
      </braingeJuri>
      <twillyBegazesBoweled elses="baaskapUnciMorrow" saucerCadere="819354389" stepney="rewraptNarrowsSennett">
        <muzhiks>colza</muzhiks>
      </twillyBegazesBoweled>
    </lebbekMacusi>
  </volyerRedtabTrumps>
  <maniuCraie pridy="squeamSuffer" wajangVervine="akasaLambda">
    <lokiec wappatoIssues="amourPunilyBiforin" ledaJewessEntrec="scented" talkiesFumidCoequal="greeve">
      <parapet>osmundsLemon</parapet>
      <tamborChowsedCompole kieffer="bagnetWited3451">
        <reddlesClower>4213</reddlesClower>
      </tamborChowsedCompole>
    </lokiec>
    <beliefs>
      <nodular>wantonFreakFlybys</nodular>
      <tessDawkin hoorooElaeis="girdingHeminaHemins30">
        <osseDoggery>pekinsIdahoanGast</osseDoggery>
      </tessDawkin>
      <anil irisedPanime="beglueAnxietySparkly" snurtRange="askingFlappetAmalg">
        <judoistAlbus>lovableCisiumArcane</judoistAlbus>
      </anil>
      <twillyPhrynin charnel="teskere">
        <velungeGuywire>bleoBloreUpgrade</velungeGuywire>
      </twillyPhrynin>
      <bey nanes="8" botchesNonacid="cornierPlasmonBumfs5" amoraSpraint="78763" ovineSpumousSluff="5692">
        <yettLawsoneOsprey>toftmanDominusStoater95</yettLawsoneOsprey>
      </bey>
      <cymols voivodPta="ruddockMarxian" octects="seizorsVeniam" jeerersDebellFunkias="54894">
        <rinks>209892276</rinks>
      </cymols>
      <ryepeckHawkerStoring>
        <unspentSyntype>797207818</unspentSyntype>
      </ryepeckHawkerStoring>
    </beliefs>
    <lath>
      <jackie>617</jackie>
      <screwerLatinosWrits twicerJophiel="laundry" unturf="9171">
        <rondels>sudoricDenaryCauda</rondels>
      </screwerLatinosWrits>
      <akoasm giftedRegrownLuetics="allodsAyondLavanga" chaukTostadaOrcas="klatchVermian" finspotWedsFlongs="33069658" dinka="adjournCorgeKirkton">
        <swapePintoes>bedolt</swapePintoes>
      </akoasm>
      <knorhmnLeersiaAcinic gradinsPropioRnd="secessAzurine" dresdenPitpan="narthexElleYgerne" gurl="64" ramstamPairer="buvetteUphealTules">
        <karmicPouleArle>41542411</karmicPouleArle>
      </knorhmnLeersiaAcinic>
      <jiggerCanidPolio>
        <strook>syconiaWeliNat</strook>
      </jiggerCanidPolio>
      <rokeCouche>
        <winnard>maggots</winnard>
      </rokeCouche>
      <kokobehAlae>
        <tetherPatin>sitz</tetherPatin>
      </kokobehAlae>
      <rabatAlchemy sexismsCrambe="apanageViniestRissian" validGrout="8677" oradBlubLiber="degrees" treddleMorling="beshowUnbegetPrimar">
        <crewels>1525220</crewels>
      </rabatAlchemy>
      <yager rhymerLayloc="85384803" educiveThrows="pernod1" thecate="punicaRefront" plead="galyacs">
        <pariet>exquire</pariet>
      </yager>
      <mannetChuckedAcronic terminiQueachTalents="imbeselTegment">
        <labella>logesMaslinStane</labella>
      </mannetChuckedAcronic>
      <tampaPlitch>
        <caser>8</caser>
      </tampaPlitch>
      <reariiJatoba slurbs="75294" lobosDewyParacme="596" incomeGaboonAutos="feuderMuridsOctaves2972" reloveRelift="octopodClauses11">
        <excusalRebokeBlocage>ostyak</excusalRebokeBlocage>
      </reariiJatoba>
      <vogueSorn crunchIsolead="pousy2334" guestElaineAntwise="safe" marmorVaticDoubts="cascadeAngelaSolacer">
        <correoNookedYerb>19256880</correoNookedYerb>
      </vogueSorn>
      <mutaHatticSuppute scouch="pohGangismSopited">
        <bunchedLorenNutmeat>irsNulloSwift989</bunchedLorenNutmeat>
      </mutaHatticSuppute>
      <inweave dietLacquey="99" misfateCavally="tomaWinnerSouses">
        <pregust>argaileLocalWeent</pregust>
      </inweave>
    </lath>
    <jailerLimba>
      <calombaTangramShoed>seguedRerakeJacal</calombaTangramShoed>
      <ratitaeTongPari>
        <lacy>driftyAccede</lacy>
      </ratitaeTongPari>
      <cowman enoplan="unnovelHostile" aladaMonist="chancelPendent745" cohere="roesSearchColloid8811" relate="maudlinBenote">
        <drooly>stime</drooly>
      </cowman>
      <ceilidh crawmChug="retakerConnu" melt="kendoWispedDowf" pahosFirCaches="defendBoozy">
        <bilosSabers>8</bilosSabers>
      </ceilidh>
      <periodsTabbiesHogling veloSassing="hunhTirritHarbour">
        <scalpraSperonePassee>1191</scalpraSperonePassee>
      </periodsTabbiesHogling>
      <squatty inbye="woolierAhmed" tiangue="mays">
        <serdarVersteBewrite>swiper875</serdarVersteBewrite>
      </squatty>
      <probersTraumas goaves="outjazzVimana" abitibi="zareeba" taniticBetoyaBijou="takahes">
        <synochaDrapery>2</synochaDrapery>
      </probersTraumas>
      <respaceChocho shootee="2603" nations="nebbishOrfrayPunalua" withinGowds="sitch">
        <snorerOosporeFoveate>sigmoid</snorerOosporeFoveate>
      </respaceChocho>
      <quizzesArawaCrashed murphJuckiesKodiak="bidi" tenne="sectionViews">
        <uncia>pinkoesBrand</uncia>
      </quizzesArawaCrashed>
      <gongsChaise bearing="carvenBaluga">
        <emmenicMeowed>budsUnmad710</emmenicMeowed>
      </gongsChaise>
      <emulsinRetrack lechweCriersWhipray="regalesLignify746" sorageYaffil="burblerCreesh" thiramSatan="petardsSextetsSwagman76" jinchao="256">
        <actinFabricVisages>toolersRelaidPorism</actinFabricVisages>
      </emulsinRetrack>
      <msec ateba="cooked" hawkingCippi="phenic" enfume="490403085" downilyTurnpin="unsmokyLinaPrutah">
        <pigging>trasyLindera8</pigging>
      </msec>
      <scarHelvineOtosis circaeaFiliusMagics="scrivesCaulesAltoun" stoutySagesFootage="octicOraisonCapers">
        <edeitisRants>poultsStoepAfrican</edeitisRants>
      </scarHelvineOtosis>
      <pailfulCacara manrootSpilePiation="misgrowSickAnalgen4456" vimpaTariffsFogon="429715">
        <eident>tanyardCommuna</eident>
      </pailfulCacara>
      <panamicFuageMochudi handilySolisteNagged="wejackEncadreTattied11" kennelLottiePapilla="quarl" baroco="gerbo6802" gaudishNitoTwig="apasote">
        <axle>dowsersPaal</axle>
      </panamicFuageMochudi>
    </jailerLimba>
    <labaaraGravPrecox>
      <curbyFremdlyRopani>venoseCite</curbyFremdlyRopani>
      <badhanFascial>
        <furtiveSaccate>propineAviansApert</furtiveSaccate>
      </badhanFascial>
      <onlineVallaryFixated>
        <ksarFuthorc>arduNitrousPandora</ksarFuthorc>
      </onlineVallaryFixated>
      <catlap>
        <gobbeFeudee>steeply</gobbeFeudee>
      </catlap>
      <wpmAssot taborinRubible="embanksPiety" retros="seriousMastageUnseely" kinsDrapes="vendsTrigamyDelime" doomer="toretNedMondego">
        <tracersUnplait>4</tracersUnplait>
      </wpmAssot>
      <crissum cotansRetled="bugbiteGuarapoEngreen" kantele="cogentGarniec1" banksiaDebtfulTilapia="hagmenaDebonerBorele" jaygeesAcerose="361191254">
        <reactShalwar>gradate</reactShalwar>
      </crissum>
      <cleckPaucal>
        <preloanRoebuck>seminarGadmanCaballo</preloanRoebuck>
      </cleckPaucal>
      <pungyPareses bromateTribadeUnweal="whiteysCrustedResize">
        <salamiVerbidsPoudrin>nibsHaycockPelite</salamiVerbidsPoudrin>
      </pungyPareses>
      <tiffyTempery>
        <perukerMuchel>sethic</perukerMuchel>
      </tiffyTempery>
      <onlapBlitzed numpsTruffesPrate="plattenTruckie" guffsTopnetBogan="2">
        <althein>solaHayne</althein>
      </onlapBlitzed>
      <gude cumin="vizards" cymarsCoroll="miaowedAmorphyPebbled" teethed="cullen" egalLawmakeFlacks="laeticMantal">
        <begreenBlae>azaleasTabellaRanula</begreenBlae>
      </gude>
    </labaaraGravPrecox>
    <malays>
      <docetic>thrangAcineta</docetic>
    </malays>
    <fudderFoiled>
      <pivoter>deusSeeping</pivoter>
      <tiltersCatfish allworkInstarOmagua="resedaYuruna">
        <walking>jordan</walking>
      </tiltersCatfish>
      <georgicCandela usaronThraves="31412900">
        <moupGoboesNigging>bequestCrosneTheist8</moupGoboesNigging>
      </georgicCandela>
      <pureeAnthemyRaspish>
        <odylesAuntlyKaturai>981</odylesAuntlyKaturai>
      </pureeAnthemyRaspish>
      <hutcherPendent payongMonieSphegid="gymslipChoregi3">
        <blash>524290</blash>
      </hutcherPendent>
      <panful plenist="markabPagneQualmy">
        <quench>jessamyFolky</quench>
      </panful>
      <urduChicano pelorusRetemTwoling="415608" torajaOrthicLohana="hemps">
        <conteck>revertsPirates</conteck>
      </urduChicano>
      <bedrugSnakierGorcock frijaXyrisGlaucus="palmfulKaibab" tamzineMothAsleep="4" sebilla="tectonaSkewsMong86">
        <gaymentBanchiDawts>wammusRippetWurset</gaymentBanchiDawts>
      </bedrugSnakierGorcock>
    </fudderFoiled>
    <besteadDrapingTawyer crape="mauriceOpiates" grysbokJasper="hotchedScuffs" arachneAahs="madcapsSohoBxs867">
      <malinke>cetidGenos</malinke>
      <tusserDamnitPanayan weakSuasoryBlimy="7">
        <kudo>8597</kudo>
      </tusserDamnitPanayan>
      <eddies>
        <limbate>entrez45</limbate>
      </eddies>
      <bieldsPartimTaste undulyElohistRustful="wayback" fessingPundit="spicesCatfall" didnBenet="azonium" trinolHottery="markebTallesPoppers344">
        <darbhaWordageTsuga>gedecktPlumadeRowet</darbhaWordageTsuga>
      </bieldsPartimTaste>
      <volageEgeran nonfarm="86">
        <adossed>uncoif</adossed>
      </volageEgeran>
      <sheolicSieges linolinUngored="uncramPraecoxApodes" philicManbot="whirredUrielGlew" aggrade="bilkerDills217">
        <wifekin>double7019</wifekin>
      </sheolicSieges>
      <cocklyAlswithMealock pyrOrmondUnworld="anciens" waterieMessansStoved="duopoly">
        <wawBemaim>nepheleRough</wawBemaim>
      </cocklyAlswithMealock>
      <goffersUnhood>
        <tailzieTruerSpurs>guanyl</tailzieTruerSpurs>
      </goffersUnhood>
    </besteadDrapingTawyer>
    <dionymHolmosFelafel brut="stokes" omagraBadness="apodous" naigie="1791" croukeTykenMira="alfa">
      <albeitMerop>wormil</albeitMerop>
    </dionymHolmosFelafel>
    <headierUntipt balingInters="beelikeAstrose" rehangBuddage="91614" sulidaeProssy="flisk">
      <imbodyTowy>ramboNoetianYager</imbodyTowy>
    </headierUntipt>
    <orgoneShakes>
      <berretBeshake>lavantChekenRoux</berretBeshake>
      <mungosCisele gagrootDircaAstheny="braizesGaulish" yamphPopalTaen="plierAeneous" tourizeFreezed="surgent">
        <donzelsEngagerBehn>6497</donzelsEngagerBehn>
      </mungosCisele>
      <babesiaPiattiCouped tartishJitneurTruddo="infandYati" lentoBentangYunker="missend620" cumaean="fuggingRecoalBitsy">
        <senior>woodiesClaithVenerer</senior>
      </babesiaPiattiCouped>
      <juloidApers intrado="caproin" insofarSwannedPamela="honorsClumber" stymiedNat="invidiaCopulasScogie50">
        <ainusRelink>8402545</ainusRelink>
      </juloidApers>
      <holdupPinolesPrompt>
        <waniganHunkies>lauanVermilSipe</waniganHunkies>
      </holdupPinolesPrompt>
      <liegeKyangAbl hentingNaiveteWheezer="keying">
        <spoot>sipersPartimFrwy</spoot>
      </liegeKyangAbl>
      <vucomsLinhay plumachBeroll="39144831" onagersOlonetsAbortus="993137695" nyeJustled="anisesBurgout" tuthOinking="cumbre">
        <crannel>gippedWampleToll</crannel>
      </vucomsLinhay>
      <fasterSmalts cotorosJumpyTulu="gigglerScornyClame69" congoesMilleri="bassusGanofsMyacea">
        <goutsPinkie>backsey</goutsPinkie>
      </fasterSmalts>
      <curvyUntiing tokens="creams">
        <sakerJayceeShred>cowlick2</sakerJayceeShred>
      </curvyUntiing>
      <catlingLoyTaglike hydrideJawy="counter" baleen="shideAnurousRites">
        <batanHumorer>aclysFlaxesUnbury</batanHumorer>
      </catlingLoyTaglike>
      <gnawsUnclogs exition="padlockPalpon" nuptialNiching="363916">
        <culmedMhgPitbird>havens</culmedMhgPitbird>
      </gnawsUnclogs>
      <hexdraRevete>
        <venustNewton>papayaUnvextNimbed37</venustNewton>
      </hexdraRevete>
      <julep tipsier="prewarSaloopsDebile" tchrGlumaNonjury="purpartSixtiesPerks">
        <purler>tyloma</purler>
      </julep>
      <vulpesLatvianPlanful>
        <ekedAerator>oxford</ekedAerator>
      </vulpesLatvianPlanful>
      <choushKickedWhapuku weentGiocoso="7" vannaiOutlungDewdamp="gabgabLoaferSuites1264" scaly="wariestGaziKlutzy" pearletFaddism="morbusWende">
        <cudwortAlibies>gemutiBurh</cudwortAlibies>
      </choushKickedWhapuku>
      <cantataBumkinCoo>
        <waeness>8585</waeness>
      </cantataBumkinCoo>
      <unclifyIdence tsubo="2" yawlsTwinierPontine="gagsLuciteScalps34">
        <fewnesVolyerFore>forgetZillsDiehard4</fewnesVolyerFore>
      </unclifyIdence>
      <flyflapBatster>
        <offeredUpcoastInsult>unmoist9</offeredUpcoastInsult>
      </flyflapBatster>
      <dogbiteAwhet cupcake="76">
        <sutileTombing>brasserSpigNickpot</sutileTombing>
      </dogbiteAwhet>
      <encoresBifocal metin="323386891" dewByesMalist="cluingYaretaTiffany9032" craze="loomedTurfdom">
        <bowlersAlleles>smectic</bowlersAlleles>
      </encoresBifocal>
    </orgoneShakes>
    <ripplet>
      <hellelt>cessioHaptenUpswell</hellelt>
      <vastestCovite>
        <agrise>blackyTchick</agrise>
      </vastestCovite>
      <pnce desiresRadish="gerendaSyce136" stakingCompageHealful="rowths">
        <vernixJuri>splentsBricked4</vernixJuri>
      </pnce>
      <shahdomDecimaAmulets sunckeUnais="4387" coeditSycock="496" mynheer="unslim">
        <caudaeVolostsPuddled>courilAtroceWhemmle</caudaeVolostsPuddled>
      </shahdomDecimaAmulets>
      <ataxias goonsHent="gedunk4270" cowlingVavasor="warmsBursal73">
        <jatoba>9</jatoba>
      </ataxias>
      <saucerMouseesCowboys cutinShruti="rainfulSmudderSwinks" ringer="nephewExacterStandee">
        <doystAmidstFidget>meeting</doystAmidstFidget>
      </saucerMouseesCowboys>
      <iniqueFidessaDakir cliptTriTurkism="bentletTurbitSproil37" insinewJudicia="rcptGrindsChria">
        <subheroChickeeUpbrast>debeGuebre49</subheroChickeeUpbrast>
      </iniqueFidessaDakir>
      <seaAmiLycopod quamashPanueloImpship="brokery" awaneBuddh="81622" arayneIdioticBori="potfuls" thanked="stoae">
        <dunnoTirade>hayboteUmiacsBatteau</dunnoTirade>
      </seaAmiLycopod>
      <purlPriorly>
        <piertSlowful>5359924</piertSlowful>
      </purlPriorly>
      <ardoiseCoz desmicPoulet="altrose14" pontil="graeae">
        <wreaks>chindi5</wreaks>
      </ardoiseCoz>
      <quintarJutties tartsKurveyFlaglet="sheolic" cremorYar="serring2165" liminaRatch="roundupLinchetDankish">
        <dampangAlaska>148280</dampangAlaska>
      </quintarJutties>
      <hoopRosets quintsOncosesQuist="regrade" brailed="shariaHaumStated9402">
        <elampWizardBewrays>aideKhahoonPuffwig1914</elampWizardBewrays>
      </hoopRosets>
      <tubal hechtia="uplaidCoseyNils" lvalues="arguer" lapsi="65945">
        <nonoic>excitedPangasi</nonoic>
      </tubal>
      <eluders paulins="chielSweepsWeevers3379" dequeen="weedierBitisThrifty" palakaKaas="miriGalumphOctave">
        <bhutia>hoho</bhutia>
      </eluders>
      <communaManter passFastlyAeon="43" ratting="sabaPiqueur" lithMyselMeisje="chaouia8" hazanim="laisse">
        <splayerMyelineCupule>disgageYulesOne</splayerMyelineCupule>
      </communaManter>
      <emodinChildedAlkoxy rerunsBossdom="95">
        <baileyPurgesShape>forgot</baileyPurgesShape>
      </emodinChildedAlkoxy>
      <anglishRoseateCardiae jacaminJewbirdCalmant="5763253" wyteRaddleScrin="pilule" mogote="986827640">
        <abeamSammierBiked>bezanteLastre118</abeamSammierBiked>
      </anglishRoseateCardiae>
      <enamourChitted>
        <colliesBoomageLango>musicalTool</colliesBoomageLango>
      </enamourChitted>
      <lud pompoon="798067" kenno="kidneysCulebraBram" furlessCindy="enchest" scag="586322688">
        <othmanNiotaAuctors>pitsaw</othmanNiotaAuctors>
      </lud>
    </ripplet>
    <vermixFreewayShe morbifyRefuel="98804" langahaSuther="27011059">
      <sylphs>outseek7</sylphs>
    </vermixFreewayShe>
    <gloriasCooperyCrewel perrierOzonerAphakia="ventin" vibeIllites="766" sochtBarringOffings="epochalCottoid" tesackVotish="discuteMarinedDowd6">
      <sophora>chebog821</sophora>
    </gloriasCooperyCrewel>
    <nitencyRavison>
      <certOakum>alaternAlkenyl418</certOakum>
      <caccia>
        <quantum>673</quantum>
      </caccia>
      <swatheLace arenasTrochal="dagobasPadnagsHung" ravings="bantamsMounter" sadhakaKippen="styingFoiler" koniagaCoppras="9735111">
        <maraud>withnimGemsbokHaily</maraud>
      </swatheLace>
      <stoic>
        <premissYonkerRigadig>caymans</premissYonkerRigadig>
      </stoic>
      <brucin peshkarFineerSpeer="12132" septane="566693">
        <satanCulpasRereign>seron</satanCulpasRereign>
      </brucin>
      <massilyRivulusMenses>
        <ezekiel>axiomTinman</ezekiel>
      </massilyRivulusMenses>
      <tymbals aquilon="lutao">
        <speakieJugsfulTarai>83248372</speakieJugsfulTarai>
      </tymbals>
      <anaxialWongaraBallad>
        <roanDionaeaChahars>feuars</roanDionaeaChahars>
      </anaxialWongaraBallad>
      <monalGadids>
        <burred>hastati</burred>
      </monalGadids>
      <decemBuzzsawCoopted>
        <eiry>unebbedSarsnetCarryke</eiry>
      </decemBuzzsawCoopted>
      <ghessAnywayChintz lunatedPesanteVannet="flickTriketoBilling" delitSamburHeals="9" outrode="outpollDrawnet">
        <curdlerHalloo>172541</curdlerHalloo>
      </ghessAnywayChintz>
      <yabooMisesErethic jell="hatchel" mattoirPlinks="nelson" skipwayCarneysIsthmal="flimsyCristy" ranket="peptidMopierHaick6">
        <fage>toomlySlowupBoorish</fage>
      </yabooMisesErethic>
      <afeardGambs twinerSalp="5">
        <hayrick>2373</hayrick>
      </afeardGambs>
      <peplumsGuild halely="scaladoIratest">
        <outvie>shastra</outvie>
      </peplumsGuild>
      <reframeGomerecAdvaita hewhole="evictee">
        <bambusaBaubeesCadre>8372</bambusaBaubeesCadre>
      </reframeGomerecAdvaita>
      <ulexiteBemeans annuityChinchaGlow="9297" potageFrissonWonder="alleyTheyllUfs" faddyProxPabble="diatoma">
        <rendersHenbit>upwhirlVialledUmbilic</rendersHenbit>
      </ulexiteBemeans>
    </nitencyRavison>
  </maniuCraie>
  <crepesSmokingAspread pansiedOtters="crepes292" breards="truesCarport" weemManumeaPadauks="mnaWotlinkCiliate" wallman="1" />
</voyager>