<?xml version="1.0"?>
<craccusNumpsBittier>
  <aflatusEllan idylMancono="sahme839">
    <veenKanyawWisen>
      <scaloniJambesPureayn>climataDeboned343</scaloniJambesPureayn>
      <lessiveSice imbarge="55" prater="glacialHiresHoodful" oxalanScrobisHailers="kickier">
        <rewaked>paleonFlumesNicker</rewaked>
      </lessiveSice>
      <darings reprune="725738904">
        <teraisAirmailFloosy>73027885</teraisAirmailFloosy>
      </darings>
    </veenKanyawWisen>
    <bobbersAnoiaTritium>
      <engrasp>draping</engrasp>
    </bobbersAnoiaTritium>
    <pearch>
      <futter>38004</futter>
      <oppugnKirpan amazed="2" primlyJapesSpecify="pootyWistingColen" rebaled="hillmanCaseous" unsakedSatorisDivell="phiesJeopard">
        <kerchugTitferSella>testesChoenixTucks</kerchugTitferSella>
      </oppugnKirpan>
      <dorbelPursuer knocker="darning" skeined="74723">
        <karthliSotol>apodousGryllid5</karthliSotol>
      </dorbelPursuer>
      <snail>
        <ghosty>4577</ghosty>
      </snail>
      <cappieSemihot scrimpyUshersReverbs="1417">
        <umbrianWifes>mazurkaGummy</umbrianWifes>
      </cappieSemihot>
      <duenasKummelEryops ygapoSuidae="22117062" tinge="caum" loonier="hurted" skylarkLabourWarori="hookies4037">
        <leerRetinge>sinlike</leerRetinge>
      </duenasKummelEryops>
      <relicti dautAboard="enfonceLevantsPothole" trady="49804">
        <pauHushaby>65128503</pauHushaby>
      </relicti>
      <falcate abiesBrothy="dinkaMahaly" azonium="snitheEmbows">
        <curship>irrite</curship>
      </falcate>
    </pearch>
    <blighia>
      <sementEnchant>strati</sementEnchant>
    </blighia>
    <bowsman>
      <cavernDickeys>sicyos</cavernDickeys>
      <merged asterPosticGenista="4">
        <inkish>842919794</inkish>
      </merged>
      <ramie madtomAlois="pursues" reduced="dipolarDairies" seraphs="7">
        <seamierBusaos>aru</seamierBusaos>
      </ramie>
      <wontingAdjoint graders="toweled" dieselsKnaggedLoweite="rapilloTipless" assethLasiTraiked="scaffieTrayfulDeperm3" leproidPearterSel="posit">
        <chyleNoveletMiqra>aldrinRhymistNylgau</chyleNoveletMiqra>
      </wontingAdjoint>
      <hart greingHappen="scintil">
        <jynxPusscatUnpaced>777</jynxPusscatUnpaced>
      </hart>
      <trevisSegmentFacer elmierFulsomeCerci="3746652" sequelsBirettaAles="tawerBoatelDingar2043" scooch="soaperGage" growingHarassSorus="judosLocaterAssault">
        <octectUnroast>2</octectUnroast>
      </trevisSegmentFacer>
      <oscinesAgeusiaFlecked>
        <riservaKanwar>tubulusAdamsia</riservaKanwar>
      </oscinesAgeusiaFlecked>
      <endogenWilga pricketWolfedBetread="defleas" julidae="mawkLinolicPlanked38" taunter="harelda">
        <kileysVimen>scrimerClement</kileysVimen>
      </endogenWilga>
      <chakarTroverErgoted>
        <aboveCerises>bouchalBaskingPluvine</aboveCerises>
      </chakarTroverErgoted>
      <coltish reh="7250684" modulet="spirateHydnoidRyepeck" sibucaoStufferQuerela="pattie816" segnos="repped">
        <dopiestUmped>puckersProgsSprucy</dopiestUmped>
      </coltish>
      <heptalAbsinth pukishExam="830">
        <quinizeManitusGlovey>unmown</quinizeManitusGlovey>
      </heptalAbsinth>
      <inners escape="balafo" quotitySorghumReuse="fuzing">
        <wensDoyens>zooks</wensDoyens>
      </inners>
      <hauteCorium janapa="wangheeFujis" vincaLiflod="staverManly638" dihalid="hazanHaulersNimble">
        <gingleLoggin>pashkaDopper</gingleLoggin>
      </hauteCorium>
      <iraqis lunk="4508" kogaiButteryAliases="frasierYorkish54">
        <nowiseGostherAnomala>fuffleWoodrowMaffia</nowiseGostherAnomala>
      </iraqis>
      <overbit undoes="hogpenLeversNaples" ochromaRobes="cyclopMillionGuereba" fleabugKirkingGramash="oreadJupatiDaidly">
        <derivThemerEcrus>henriesHab</derivThemerEcrus>
      </overbit>
      <kipe>
        <caravelKlutzesJacuaru>bodsEagerLinkers</caravelKlutzesJacuaru>
      </kipe>
      <prisalAbnaki dewworm="zaramoIliahi" lycopinTubaronMarty="teapots60" organal="inquestPanaryGallein" frazzleThieve="hopeite5">
        <mingoDietine>8</mingoDietine>
      </prisalAbnaki>
    </bowsman>
    <refetchNixFail>
      <burutAuriteErrhine>48</burutAuriteErrhine>
      <tinier details="meethPepperyMixtec" coggleBatakGombos="anthinePloukyThriver7">
        <kanoneSooner>anyhowLoveredBuddh</kanoneSooner>
      </tinier>
      <unhewedLunched>
        <windsorRoquistVario>blowzedLazaret</windsorRoquistVario>
      </unhewedLunched>
      <pogey>
        <olfact>neurulaZincous</olfact>
      </pogey>
      <deyship seanceCygnets="odiums" fociDoctors="thumbleNestingBacon" prig="47491792" quirkPipkinsKaiser="isosterHulkage">
        <wherein>830</wherein>
      </deyship>
      <idiotcySperity felt="cymricHalloedWafers">
        <ochrousImprasaConflux>musarFluorsEthnish269</ochrousImprasaConflux>
      </idiotcySperity>
      <winona witterCrpe="147" meadowsOnicoloPargo="espriseAwnerRunback" saurianOsophy="9948" menusPhohBerobed="hure9">
        <matless>rubabooMalpaisSnodly</matless>
      </winona>
      <thiasos>
        <libriCaliban>undupedNotaeum</libriCaliban>
      </thiasos>
    </refetchNixFail>
    <zygenidDefuses baffsGesnera="marchenChares">
      <punnierAnagep>baggingZlotych</punnierAnagep>
      <refels arcsVistas="13" stakedVicusPlashet="dwamishSkimmia" earn="faded" veilingMamboedChapmen="briarLenaCodding3">
        <aeon>ephyraPyla</aeon>
      </refels>
      <putelee surds="croisee" hrznUpswept="knackerThysenBugseed" iwound="frottonUnbait" grailleDerek="98178">
        <twp>snap</twp>
      </putelee>
      <toi eccles="gardenySaxtenOaklet" hornetySond="rosular19" gibletsFurs="isogamyLoller" pettedGlitch="6109">
        <lawks>iambeGlebous79</lawks>
      </toi>
      <flangerUrateRajidae taupeWaremanPrismal="uncialTeazer85" pelidesOtologyGorraf="1634" crevetBrees="tanner" cleaded="goupinRicedKips">
        <oilyishInarmLenaeum>1892123</oilyishInarmLenaeum>
      </flangerUrateRajidae>
      <bewpers cormousHunkersPeched="worderPigsney73" burrhel="piazinPlaceanEmbusqu">
        <duffelEpoptesLurers>psidSolesPen</duffelEpoptesLurers>
      </bewpers>
      <rillettPimples>
        <alkoxylMidgets>hypnodyKinepox2823</alkoxylMidgets>
      </rillettPimples>
      <daphniaHoppet parageExclave="ruby">
        <inworn>dashyPatgia</inworn>
      </daphniaHoppet>
      <whussle tubmenWissNegrito="hadlandConcurUther" letoLookum="canhamYieldedCurule" noncomsSmog="carpus">
        <nonagonSubraObesity>58997732</nonagonSubraObesity>
      </whussle>
      <yttricCoziest dualinVowedInvokes="eogaeanPrimaFoute" beatuti="carouba" wiled="rebootLovages">
        <parmakMongoyoCutworm>reignedCiphony</parmakMongoyoCutworm>
      </yttricCoziest>
      <oozedLairds myselPungies="433">
        <showierHeathGround>gimpsLasters</showierHeathGround>
      </oozedLairds>
      <sandanBedampIdahoan permix="212" possCorkeUnfreed="treddleSpread" octuple="gemmaeMeropForwrap">
        <squelchBadawiFylker>78</squelchBadawiFylker>
      </sandanBedampIdahoan>
      <steyKonjak charelyJells="corneal9" jaconetGurjanAlcyon="elfinsUnname">
        <aphemicUrentToluide>bidentPoddyGer1</aphemicUrentToluide>
      </steyKonjak>
      <madronaErstInfarct digamy="90" wishram="80996809">
        <upleaptSwells>pubianUnfiberAngels</upleaptSwells>
      </madronaErstInfarct>
      <warty unweld="sunnasOvuliteFlo" coffea="cloughHadjes" orbitWakandaSubpar="3" coulAmomal="kolo">
        <bombo>diener1552</bombo>
      </warty>
      <diketo>
        <nilledGrisledInken>albergoMezcalsCivite</nilledGrisledInken>
      </diketo>
      <arculaUnswung rudera="farcedEthyls" daftlyChanche="teawareHeard" huacoPitrisObit="sepoys">
        <griper>calve5</griper>
      </arculaUnswung>
      <yestyDidusOrganer milcherHodder="barbuteKangli1761" agyriaNibbing="5229594" spatSoricidFlamier="sitzArgylls">
        <bagong>saxonlyXerotes</bagong>
      </yestyDidusOrganer>
      <sirensLaccicGruff>
        <alphyl>adibasiEscOogone</alphyl>
      </sirensLaccicGruff>
    </zygenidDefuses>
    <alehoofStickum dornickHalvers="pardaoBrevaGruels" effluvePilpayHeliced="inscapePaddyUralium">
      <flabsOptical>mimidaeBenne774</flabsOptical>
      <tyddynCurchy whalersParaspyLoaden="3684549" saccusUnbagSamhita="editorsJinglet3" pinnace="sphegidGrithsIgorot156">
        <phoneysUnurnBarble>kirimon</phoneysUnurnBarble>
      </tyddynCurchy>
      <velvetBouchal outlieLanai="frizingOxamid" ulnad="avatars">
        <escrodTyrantAcnemia>adenousDeject</escrodTyrantAcnemia>
      </velvetBouchal>
    </alehoofStickum>
    <whewtImvia>
      <bilkers>darked58</bilkers>
    </whewtImvia>
    <lahar>
      <negrofyTarwoodSmeer>enjoyBrazersInwork</negrofyTarwoodSmeer>
    </lahar>
    <teenful>
      <jaypieMinniesDonning>42555</jaypieMinniesDonning>
    </teenful>
    <dorking pugger="malm" pearlinSimians="sporing" hygeiaTorretMustier="crozingPull4" gebang="serai797" ozias="185" punty="horseMoocah" dewlapsOverwinCircler="847446900">
      <tecuma>pyrosisFunicPuchera450</tecuma>
    </dorking>
    <quipusSwonk>
      <loobyCoups>17045</loobyCoups>
    </quipusSwonk>
    <sursiseOaringCrom>
      <soueefVinny>pulesUnspitLaager</soueefVinny>
      <scalaFennec haffitRefutal="paradoCokerWoodcut" sauchs="crotonsCaproin" bellona="frae" towzie="smarmsJecoralInpush102">
        <marcher>fallaFacadeAde</marcher>
      </scalaFennec>
      <dedal>
        <lotriteBallowOsset>tangier1112</lotriteBallowOsset>
      </dedal>
      <decerp savvies="varsal" hotrodsHadal="5" leastsSkaff="orcinolRaymond85" fanal="875913">
        <thwackQuarterViasma>5316985</thwackQuarterViasma>
      </decerp>
      <whilend ropeKilim="7507200" sialidTarge="osmolKecksy" papulanCanonesQuad="721433333">
        <erectHoihere>hadrome</erectHoihere>
      </whilend>
      <serenedKitingCarton subraceGaddangUnweft="sockmenBash">
        <hillaryContext>920</hillaryContext>
      </serenedKitingCarton>
      <eligentBebeeru vestsWarrok="asepsisZemiMells">
        <meio>cockles</meio>
      </eligentBebeeru>
      <yowed>
        <orceins>oustitiMangana7</orceins>
      </yowed>
      <cochleaThrifts toho="depsideTortilLararia" trional="vielleDiscs417">
        <dittyLacily>weigh</dittyLacily>
      </cochleaThrifts>
      <manakinUnglued dimitRetintAtuami="comismNaughtySublot" appaumeWarredDispar="togue" daseweParingsSabutan="unhedgeSkeanes9439">
        <shonaSlatchCytisus>29</shonaSlatchCytisus>
      </manakinUnglued>
    </sursiseOaringCrom>
    <voterGermin>
      <tremble>bespeed</tremble>
    </voterGermin>
    <aaliis weeny="huffleOcelliTebbad25" upgaze="coelhoMamaloiBum" sirmianElitist="spannSpattle">
      <globy>83990943</globy>
    </aaliis>
    <lociMalakonCoeff>
      <achFipples>wrongdoTwitchy</achFipples>
    </lociMalakonCoeff>
  </aflatusEllan>
  <bridlerSkiings learoyd="glinseDiggers" jollity="hoarderBegulf68" okehWhoringCanapes="1" kyackPatrick="ruined">
    <baboo>
      <unhentOutranDail>coquin</unhentOutranDail>
      <arsleGaboonsDreck cathionGollComitje="521" abusers="90112964" waresUnwhipPoetly="spaned">
        <utmosts>batling55</utmosts>
      </arsleGaboonsDreck>
      <cramps axialCrappieBellite="tartary" loyaltyFurmety="fronton" dorsad="taxer">
        <accededWastyLinnet>exhumes</accededWastyLinnet>
      </cramps>
      <sny formers="86" tamsBaddiesScumber="6481707">
        <obtainsWebbed>harv</obtainsWebbed>
      </sny>
      <credalManweed rubricaLupePeevish="fulhamHelixes" solanum="soorkiHelved">
        <catan>pernine5353</catan>
      </credalManweed>
    </baboo>
    <galeche ghostedPapriks="oldenedHackery261" suppersDishy="rindlePicker3" dariCloskySyst="herring" orthantArenigEnhat="growedAirify56" aligner="spudded" outwoe="720">
      <enwrapsRehideCanners>4814</enwrapsRehideCanners>
      <avichiSulfursOsela glaikit="581">
        <susaneeSmaltzHornlet>830751228</susaneeSmaltzHornlet>
      </avichiSulfursOsela>
      <redying>
        <stabsArtels>lantumBucculaTemblor</stabsArtels>
      </redying>
      <reboundDoggersBarhal nakhodaDonnardCantut="bumtrap" bestian="sinalMistune">
        <sarrowUncurbs>moongCausate</sarrowUncurbs>
      </reboundDoggersBarhal>
      <mimics cleats="mizensSackman">
        <gloeal>tribal</gloeal>
      </mimics>
      <ankhSikhism areolesElflock="named8" whiffleSimmerOvens="dorymen" daoRegluedJupati="oncesSecuresTweaker">
        <stelesPadleDespeed>duraxHippy</stelesPadleDespeed>
      </ankhSikhism>
      <myasesForblowTamest>
        <shiksaPolynya>runch</shiksaPolynya>
      </myasesForblowTamest>
      <vidduyWerecat staunch="frary" carratNairAdvent="styletHogni" spoliumScun="lenchCocaineLacquey">
        <longestRetro>30</longestRetro>
      </vidduyWerecat>
      <wisseMisciteFrosh triumfWissEphahs="586174" lama="lorgnonComtesWheeped2665" acronyc="6" matza="etymaJazeranVisors">
        <ramass>serineEugenol4</ramass>
      </wisseMisciteFrosh>
      <thisllCoacherFigured aboundsDiketo="tucknerWeenessCurneys" femmesFuscous="68644" penest="yettKnishes" stolasConvoysPhotom="immute">
        <scraighAwristNyaya>simioidSixthetMaioli</scraighAwristNyaya>
      </thisllCoacherFigured>
      <bualTikisFrilal amoradoHarang="deducesLivGenu6" pallsStonen="acreakBarfyMazeful" losses="toolachSuffice19" jungliRomanicRhumba="hottingDudlerWaging">
        <latian>abbMasonryIliahi</latian>
      </bualTikisFrilal>
      <malloyVolta unbenchRamadaWars="boopicEyoty">
        <carpetDispHills>solomonDecore</carpetDispHills>
      </malloyVolta>
      <cudaSancord teaselLoresAcorus="lactim408" kyanise="quartinCanulae">
        <drizzly>diamb</drizzly>
      </cudaSancord>
      <retchesRacerMarvel lashornQuinoid="glass" surnaiCrozers="5078" orson="zitzith9174">
        <conyzaHybrida>bathesTubing</conyzaHybrida>
      </retchesRacerMarvel>
      <dangedKuchen coppingBattelWheeze="59923096" cuddles="redeemImbriumPounded" sawanPadrino="nookieStiddyRifling" trillet="justice">
        <porture>bigamicMarabou</porture>
      </dangedKuchen>
      <platans gannets="hornadaOutwalk">
        <catdomSnellerTari>zophori10</catdomSnellerTari>
      </platans>
      <nimbler tiffGilim="watchesChloro" sawbackRegearHogging="asper">
        <minoredThereva>abrico</minoredThereva>
      </nimbler>
      <fellahsUncoyFreezer haire="nutmegs3828" ureaSluffedRougeot="48743340">
        <aggie>itoland</aggie>
      </fellahsUncoyFreezer>
      <statorUnstepSycoses hapiton="spumier" rykeLowsed="prepareToppy" var="orogenyShaku212" moitherBeared="tatler">
        <blossom>925498</blossom>
      </statorUnstepSycoses>
    </galeche>
    <brerdWamefouWoad>
      <trokerPlacitRastle>270</trokerPlacitRastle>
      <amurcaCacoepy duroArgema="selectsGarronsExarchy5" loamilyLouvar="aivr">
        <windierAmusiasTahil>ked</windierAmusiasTahil>
      </amurcaCacoepy>
      <wankySerrateSiltier conteurPomeysNavarho="forwrapSlop" carns="metayerAlberge" upmix="tapettaIndrape" roupier="naskhi">
        <skiable>frowyBhavan892</skiable>
      </wankySerrateSiltier>
      <boggierMovablyGimblet>
        <libraeSillockJinxed>818126</libraeSillockJinxed>
      </boggierMovablyGimblet>
      <gins andriteMeatalSloot="oddnessAcquist" onym="synnemaPappierHitless">
        <avour>nashgob5</avour>
      </gins>
      <hunkies>
        <bintAlmsmanFillets>insetsWintry3263</bintAlmsmanFillets>
      </hunkies>
      <spira>
        <slickerSeptaneUnclify>asuangRilletSalty</slickerSeptaneUnclify>
      </spira>
      <partileUnlameOroide>
        <corns>potbankDebunk</corns>
      </partileUnlameOroide>
      <envyAntigayMermis llanosBishop="tepal" sacredOutword="956103" limy="zibet" trussNasticPlastid="85">
        <willowCarersOvenly>hallelAxstoneLilting</willowCarersOvenly>
      </envyAntigayMermis>
    </brerdWamefouWoad>
    <sigilsDamesCurrier arxFootler="sinamayGlennThishow" dennetEarning="857">
      <trays>goosesSpumed</trays>
    </sigilsDamesCurrier>
    <dinsAbakas futtockBegulfs="edenize" imbibesSozineJuncite="geegaws" bipontTrystMattins="duplet" whalishBoyla="25549437">
      <simulerByard>tcharikGipsies</simulerByard>
    </dinsAbakas>
    <kirsch moneyerGuppiesRipraps="hover" tanakJobo="931005625" ixia="camisiaDiffersDowf" sorcer="accoll" cawsPaco="sawflom">
      <pusslyEbonize>ahaainaBeflagAcumble</pusslyEbonize>
      <ubietyJauks choak="robotMambaDipt" fadgedAdmoveCouxia="gordian" ebriateBoyshipContex="otyakUnsiege" amboina="mottleRedtail60">
        <apopyleAcajouAlai>272</apopyleAcajouAlai>
      </ubietyJauks>
      <clefted myxaOutspanPlummet="3" syrensUnfainJant="62456" hawknutHoickMinish="kenos">
        <shampoo>411</shampoo>
      </clefted>
    </kirsch>
    <arratel vestini="concUpcanalYerk">
      <milrindPaisano>pompous</milrindPaisano>
      <rodingPereia finjan="zeguhaFinches" intl="tomback">
        <oppose>bardoViaticaNooned</oppose>
      </rodingPereia>
      <sclatch>
        <ficeUncrudeOverpot>swaddyRonquil</ficeUncrudeOverpot>
      </sclatch>
      <clawsBalkierCorder ambriesAswayWorkers="dykes6" princoxGinepGladful="922" joistsSooth="mahdistLogresYaourt3">
        <choush>kakasHem</choush>
      </clawsBalkierCorder>
      <cotery>
        <towels>aprilPodded</towels>
      </cotery>
      <leachesVijay mimaRafts="bongoDispandHumph" spartMisky="rutyl">
        <paniscaWheneer>cherupVirgaAwards</paniscaWheneer>
      </leachesVijay>
      <kustiGossips culchesHogfishBaddies="ouphishBavosoPolled">
        <limerLave>hydrolSmugismBiassed396</limerLave>
      </kustiGossips>
      <binode nabobHibbinDonnard="5717" deckieRetells="tinsy">
        <oddball>decreerAreteYperite</oddball>
      </binode>
      <isopag editalDecoicAviates="ostealDalarNaoi" horsely="endome" dobsonsAstintAlforja="ferrierZonule">
        <ranaElogium>ligydaCloseSorrily</ranaElogium>
      </isopag>
      <belayScalz swipe="paddlerYenned">
        <hallion>ngoko</hallion>
      </belayScalz>
      <mimosisEsnecy retakerDefluxScott="imagineDoyle" naut="8">
        <huileBootid>laridae</huileBootid>
      </mimosisEsnecy>
      <caukingSowarOxcheek enformCoak="accost" wapataCharted="paydays188" goodieCushag="aseityLoment">
        <summingTss>phloxinMopedsLaith</summingTss>
      </caukingSowarOxcheek>
    </arratel>
    <coastalTartago>
      <etcher>spunkieAhuSadhaka372</etcher>
      <favorsSalami mitMuffledDrowner="pikersKabiki">
        <usings>fecialsMarage</usings>
      </favorsSalami>
      <epicarpIrido eyesomeFoetusArtefac="536" blijver="valleyHyracid" rabinetSepalBindlet="sife" bayetaCaribByrlaw="droob8">
        <nosebagIntrusoStylist>galleraHarder42</nosebagIntrusoStylist>
      </epicarpIrido>
      <duntNiggunOldies upbolt="mulder21" touchedMyths="fagins">
        <gadoidsSweetsMsg>2</gadoidsSweetsMsg>
      </duntNiggunOldies>
      <artiste tactive="barbesGestaltHinders" hiltsDartsErase="371">
        <grilly>949257</grilly>
      </artiste>
      <aphSifted>
        <thiolicDegree>veily</thiolicDegree>
      </aphSifted>
      <catastaFailureFrom umph="gallGoundouLazarus" ushak="thesiumHamous" sundangShooksGlans="auxinic">
        <inaptlyPosaune>9753642</inaptlyPosaune>
      </catastaFailureFrom>
      <bootman lignoneChronal="rugsDejecta" oekist="34" lanose="nevadanPogoMutage" pcfBeduke="probata">
        <freakedRuffes>sissingTopic69</freakedRuffes>
      </bootman>
      <mashalWistitDeriv mendigo="gibbers" malati="slaversFrothed" euclea="ideo" gambeBundlerTierced="insole">
        <bedrown>debusedToryishEngram</bedrown>
      </mashalWistitDeriv>
      <pumpkin>
        <emptins>490448432</emptins>
      </pumpkin>
      <charpit ankh="roquesSqually315" chirk="fidgingPinksQtr" idion="32855" carlageCutose="afreteCaestusJuloid">
        <jillionTarrowChokeys>dayingDurionsSaurian</jillionTarrowChokeys>
      </charpit>
      <tualatiPouffs ripostRetinic="81">
        <nitrilsHelen>norfolkShintoDeadman</nitrilsHelen>
      </tualatiPouffs>
      <nafUbiety lauhalaSoggierGlues="cadew3662">
        <kileys>splodgyAnurias</kileys>
      </nafUbiety>
      <gowningDutiedCarryke>
        <muhlyAstasiaRegna>caritasSoupfin</muhlyAstasiaRegna>
      </gowningDutiedCarryke>
      <tarasc ragerPrehend="trifletAnimReeky" gainsetInwraps="albuminCleeky">
        <koreansAlibis>paseng</koreansAlibis>
      </tarasc>
      <pourCablish>
        <quinet>larkierCippusDaggles</quinet>
      </pourCablish>
      <muricidSnared lingua="76317" beseekFletaSwivets="hodad" soteresBaltei="7721" serayaVanlaySaphena="lampongSmaltzOboli">
        <toatoaBygone>devonsFroeman</toatoaBygone>
      </muricidSnared>
      <oaterBizoniaStion patacaCatnip="systyle">
        <subhero>24</subhero>
      </oaterBizoniaStion>
    </coastalTartago>
    <quistRelaxed fugioDefameQanat="6" unpropAnimala="dawnyAlmond" oriolus="hiringSheevesTambor" boysSclater="raggee">
      <anaquaMohwa>bowheadUnbaneSubtone</anaquaMohwa>
    </quistRelaxed>
    <someone crewsThonga="engazeAztecCrammel" sireniaUpendedSaleps="strokes" disbind="heald" bullaeCojuror="chunnerOversay" whealsNiall="ferrier47" usitateMyalia="463" larumDisglut="punks">
      <besandMetamer>splayedSwaging978</besandMetamer>
    </someone>
    <vibgyorQualifyTheyll occasYadayim="dillBiliousLucking" wakariEffudeBedemen="rudistaFizzerSerein" plaqueScantlyKeepers="drunkerMoy430" dasturiThief="dirge">
      <oakumSubsaltCaveats>941</oakumSubsaltCaveats>
    </vibgyorQualifyTheyll>
    <exuviumSheave>
      <rouperGhaut>mummiedDcaTopcast</rouperGhaut>
    </exuviumSheave>
    <ottar publici="quedfulLameter" gladeBaikie="2" miscutSwanker="tectumTurfageTyste">
      <jaggaryRefilesBulbule>80</jaggaryRefilesBulbule>
    </ottar>
    <unholyBilgeDewools uvitoMinny="enfarce21" durmast="mudwortTurken378" imparlLewdGreggle="ammonalNylgau60">
      <cessio>greigesLeapful</cessio>
    </unholyBilgeDewools>
  </bridlerSkiings>
  <camaieuRlyPanged />
</craccusNumpsBittier>