<?xml version="1.0"?>
<tweagAerobee>
  <loamyFeoffer jyngineRefeedFining="scarry" proetteAuthorMaidens="foods603" />
  <enweaveOfftype klutz="2244111" housy="93804" meatsMarkeb="778" />
  <yarlMavensParapod />
  <striped trove="peshkar" butoxyTinglyAlginic="966" honRibletWalks="pyrrha" hotched="aniceFoister" />
  <valses raffsIlokanoDoubles="nocakeEdgarPhooey" keelingTwigAbrazo="500">
    <middayJasione starvedPlumbum="nootkaDevant" romanzaChaumerLemons="ettleJesper" yins="fauveForfear" stoond="plushesCodrusAltun" alibisInditerObes="unamoStromedLazes">
      <swotsAcornsGool>dicyemaNudateTeapoy</swotsAcornsGool>
    </middayJasione>
    <anonangTudelNines slummy="uluhiCatalog" untimeDairi="skirrDishmop" camaka="4355">
      <catteryLingierCheddar>isotoneSpinageTibicen</catteryLingierCheddar>
    </anonangTudelNines>
    <fucoidGramyComitje tolans="cainsRightyRebred" stickyJuncoQuaky="corinAerogun" fenner="wellyNotanMiliola">
      <neiperBlenchDitcher>hose</neiperBlenchDitcher>
      <lysesTaxwise urgencyCerates="emeute" yawling="657" typwSobbed="5375924" detrude="hobby8794">
        <scarphOsmosisAlforge>deforceAedegiResides</scarphOsmosisAlforge>
      </lysesTaxwise>
      <modallyAtomiseOedema noisePuntout="chesilVexedlyRepose766" lenseSlatchPresay="2" fusil="49034" usnin="633">
        <goosierCalledLeased>inklesTarapon</goosierCalledLeased>
      </modallyAtomiseOedema>
      <guacimo cists="siafu" fluoridArt="491429">
        <dwarfsKeslep>obisForraParus</dwarfsKeslep>
      </guacimo>
      <lausKauriesDownier surges="648">
        <squushyIlludeMafey>rhamnalCoonier</squushyIlludeMafey>
      </lausKauriesDownier>
      <faunaeBombing mooned="parnelEnguardShowier" messyMinaret="32">
        <tagetolBubber>zecchin</tagetolBubber>
      </faunaeBombing>
      <upalongGametal manfulProetidFlyblew="hundButtingCrake901" flummer="8">
        <echelon>311</echelon>
      </upalongGametal>
      <himeneMargentThivel pipiest="gatsbyPuppetDimples" izba="914">
        <snarks>klaxonsDebonedTrowie</snarks>
      </himeneMargentThivel>
      <sabziClimate twitch="ethrogKirning" titledHemen="81267287">
        <revengeSurette>soulackTapeman</revengeSurette>
      </sabziClimate>
      <kraals azotedArgolet="tauntedDouceur" sateenJatiMammut="besterHaze" ibidem="vingtun">
        <curingTrib>messin</curingTrib>
      </kraals>
      <almudeCaudateSwingle wavableRaffledCottars="plisse" mtn="633" cooeyed="yuksCheeful">
        <cheetalIsolexWabayo>4215</cheetalIsolexWabayo>
      </almudeCaudateSwingle>
      <paynimsCytosinPerten phorone="kairineRipariiWapato" hapliteOverby="feazeWyled91">
        <pitsawPorrigo>lewistScaifeMoaria</pitsawPorrigo>
      </paynimsCytosinPerten>
      <safiSirkeer hoeingSobers="69139">
        <upsway>lambda</upsway>
      </safiSirkeer>
      <fungusyCalusa>
        <zadrugaHitcher>zarnich</zadrugaHitcher>
      </fungusyCalusa>
      <vinasseDeva kindly="1" antiCrizzel="vittles">
        <helpfulNullumApothgm>94948863</helpfulNullumApothgm>
      </vinasseDeva>
    </fucoidGramyComitje>
    <cyanol encystsPayeesIndiary="lawks9" acuanJarhead="dodgeMoulted" sprink="terpene" gliffs="skeined">
      <harpist>abasgiUndraw</harpist>
      <loquent unsealGalileo="wick" poroseSecures="adornos2" curted="prouderAufgabeSlaty">
        <fervDreesGitalin>subplowUrsidGrubby4</fervDreesGitalin>
      </loquent>
      <meeterAted>
        <ungrowUnfactUncruel>courieStagnum</ungrowUnfactUncruel>
      </meeterAted>
      <sapit>
        <tewhitDensify>shaven7</tewhitDensify>
      </sapit>
      <undeanEncoreKneeler>
        <aggiesMerises>steriCrureus</aggiesMerises>
      </undeanEncoreKneeler>
      <splentsHadOutglad livetinIntice="unwombHeadedJernie" manuresFlotten="pepper" bougie="23">
        <nuance>rebeck</nuance>
      </splentsHadOutglad>
      <jiffiesVelvetyDriven>
        <pewlessLimpinEared>7529</pewlessLimpinEared>
      </jiffiesVelvetyDriven>
      <picoteSambhurAlaite blindlyAttameMib="mushlaRonionJerkish76">
        <windowCurvantSwash>huaveTacoma</windowCurvantSwash>
      </picoteSambhurAlaite>
      <webfoot>
        <burin>rameeKintar69</burin>
      </webfoot>
      <pittingAblyFit vizirChg="1635035" enforthHangtag="macabre" armitLoweBloman="xystoi">
        <bildarSpuffle>statuteClombenTurncap579</bildarSpuffle>
      </pittingAblyFit>
      <gateauGirdsPizzle tensify="graeae7793" forelLinaga="anciensShojis">
        <vyingRewetSpeered>1990753</vyingRewetSpeered>
      </gateauGirdsPizzle>
      <iberiLoof ashlarHunky="54652" seoraGanoidsAliptic="65">
        <keerieRisqu>seniorEryonDogtail</keerieRisqu>
      </iberiLoof>
      <stof amunamDualsBandido="goldin" phos="flogged" robotryFoehns="plexorSkitherNephila" vaguityAdeling="foeishPapalCoins">
        <adatyTraits>80</adatyTraits>
      </stof>
      <stilesTrunkIncomer istana="talliCarinal" opalineBestock="kiltySeech292" eudist="barouni" thriverByssoidCuissen="biter">
        <dizensCurfew>tyrosylYonic985</dizensCurfew>
      </stilesTrunkIncomer>
      <gphIndamin vetiverCariesTains="arccos" melodia="unipod" unfluidSniperLevir="picinae" usage="pankUrnCabre8">
        <unrough>37</unrough>
      </gphIndamin>
      <palp abieticClaques="chethsUnaged">
        <dabbedBotherMudless>preyful</dabbedBotherMudless>
      </palp>
      <zerma trophyChalcusStam="990081">
        <refoldsApogees>haughSwimmer255</refoldsApogees>
      </zerma>
      <telpherSoiled baggara="969374" diffuseAuscultBoottop="spaes" elfhoodMaucaco="cippus2" alumelPinolinEngilds="76616">
        <kochStiposLadakhi>groufNetballAubin</kochStiposLadakhi>
      </telpherSoiled>
      <suriga noecho="vivariaHardim" tembeta="embowWoodsSeccos" pondusMossBossa="383221">
        <titarSatanasAcknew>frounceTowelry</titarSatanasAcknew>
      </suriga>
      <rends tavghiUnclogsFunkia="refedLyfkieOzonic9" citrilOxshoe="mummeryTinageGromet" grivetLadings="hugy">
        <photoJunkmenDialer>prionidRugosa</photoJunkmenDialer>
      </rends>
    </cyanol>
  </valses>
  <armPerpent amelia="pamlicoCoker4275" tinselMetagesMisky="larges97" dassyRuingWrested="kishGiftedTercets" />
</tweagAerobee>