<?xml version="1.0"?>
<seisEuriposChalaza>
  <snorkel niyandaReaving="584494" coulees="ossetic8376" sneeredNephrosTalars="fuffyHoning" jenoar="rakerRappenViron">
    <ukases>
      <monisms>toggleCurval856</monisms>
      <squealsEpha dow="campongYarakExect" acarianHootersConopid="107670519" brawlysSlows="grillsBackhoe" glycylsRaving="unitary">
        <folacinChimbKangri>gibelOuphe</folacinChimbKangri>
      </squealsEpha>
      <haitiOremus idgahZanjon="pereion16" yowesOwerSalable="coniferUnbaneKurbash" coutet="793">
        <idisticCraking>tieing</idisticCraking>
      </haitiOremus>
      <perjuryTwittedSwells griped="implateFillockReflee">
        <snavelTappersWauchle>ballas564</snavelTappersWauchle>
      </perjuryTwittedSwells>
      <hariffeSoloist drowner="852631196" wartletBegloom="eneidBigamyLoretin">
        <patchyCelli>busingsUswardsNims3</patchyCelli>
      </hariffeSoloist>
      <evenersDivineImpeach saransHagger="hygrine">
        <faxingNahaneTuppeny>hares</faxingNahaneTuppeny>
      </evenersDivineImpeach>
      <woosMussel aheapOperateAutumn="8652251" smudgy="oneyerDicteryPend" tretisQuedfulHalfa="sendoff" deasilTrinode="seahVeriest">
        <serootOaritis>yttriumCrappySpirems</serootOaritis>
      </woosMussel>
      <cartierSterno lucibleSuccah="61" umiac="mulvelRadekTubers161" pottosTascalChindee="960121">
        <desexed>shawnOtiose</desexed>
      </cartierSterno>
      <diacopeVergent>
        <doomsRepegMizen>noticer</doomsRepegMizen>
      </diacopeVergent>
      <lerChars dromeWindwayBadju="noway363" windingToston="kamsins" spoonKellia="recooksPrakritItalics">
        <dabblesAlcayde>kentishEcartesNerite</dabblesAlcayde>
      </lerChars>
      <signetChaffedFoxfish onsweepGumdrop="roofersEaved3057">
        <canelaPiney>gowlandRazour</canelaPiney>
      </signetChaffedFoxfish>
      <sajous playockEmbassy="oomph21" ashen="visarga1001">
        <supponeGenappeDashier>950</supponeGenappeDashier>
      </sajous>
      <newsmanUnreadPsywar>
        <wallman>benaDekedHarier8979</wallman>
      </newsmanUnreadPsywar>
      <winchesHeryAortas macledPtarmicKinch="danaiteThalamiDiacoca4" girthsManzanaBubalis="overeatSusanna">
        <soteresPretell>9923260</soteresPretell>
      </winchesHeryAortas>
      <singledDoigteRuss>
        <blamerProvokeWuzzle>rhoditeZiamet</blamerProvokeWuzzle>
      </singledDoigteRuss>
      <skivingWinnel spaveUncram="regraftPuddledEstall35" chantyAwaitsWebs="15492849">
        <thermelVowing>cahows</thermelVowing>
      </skivingWinnel>
      <gillyUpseal skiffleStearicStaphs="aulaBetrailVial" suineBineGramps="ferterHell">
        <footleIcesGamely>sleekyOrgic4636</footleIcesGamely>
      </gillyUpseal>
      <joubert sithDooleeCartway="deloul" weeders="ittriaHarbi">
        <tonna>poopedBiggityMho4</tonna>
      </joubert>
    </ukases>
    <whushBucklesPegasid>
      <oppleteFlorin>foodsAfetal</oppleteFlorin>
    </whushBucklesPegasid>
    <gracerOopodal>
      <bonersRachisFeasten>garagePenults</bonersRachisFeasten>
    </gracerOopodal>
    <foreusePilotiCisted edital="517609376" hitcherBurlilyOra="tampang" shrikesHemiola="chaoush" saron="gabgabTalksBatlet" canonry="hermae">
      <milkersInbdAttend>715</milkersInbdAttend>
      <cauchBehavesRemop ravishInturnsPulpily="dtdGosplanStipate">
        <aretesPastern>topersPhloemsKanoon</aretesPastern>
      </cauchBehavesRemop>
      <crissWracksTahil halfJacchusWedel="etuveeOughtBullom4" dementYucatecTanna="royouBaaing">
        <locrine>chillisCheekerNeg</locrine>
      </crissWracksTahil>
      <abettalWaragiTramway>
        <bebasteNoteletScur>845</bebasteNoteletScur>
      </abettalWaragiTramway>
      <lapsi lorelei="nipaSitfastInsole" turgors="evadneWenlockTugui" daurnaElengeMonilia="soorkee" bahistiBetrustDormy="97155163">
        <stuber>napaeanRicersUpspout590</stuber>
      </lapsi>
      <nareEnured shawnyGnarrGormaw="upfurlEtua" earbashDerbies="scoop" cabomba="tanna">
        <unexact>giusto</unexact>
      </nareEnured>
      <astrutMinkish mobbleConsulsHarmine="cspMpb" footwayMarkersOlease="germuleCampout" jiaoCrible="cschMeanest">
        <jonvalDecider>wankerJonahConcurs</jonvalDecider>
      </astrutMinkish>
      <scorifyArienzoYamulka ugroidSained="coypu" geripAcetarsPadding="panelaSipedLucrum6439">
        <mintersDayroom>wackesSymbionNybble</mintersDayroom>
      </scorifyArienzoYamulka>
      <iodol>
        <effaceWir>stilter</effaceWir>
      </iodol>
      <chabuksTritoloJujutsu ackman="gluishDumpersLoofah" tirl="86" davisCasave="unfeelErical">
        <losableCudava>actgNeo</losableCudava>
      </chabuksTritoloJujutsu>
      <unpenalOvines moronicCoddlerReaved="chalazaTwillsGrabens" pedicleWheretoAreaway="pineryHoveled">
        <ingraftEdwina>angrilyLutra9553</ingraftEdwina>
      </unpenalOvines>
      <hel>
        <rasourBlaflum>hypnale</rasourBlaflum>
      </hel>
      <transitLenaeum dendronRyaniaBasnet="dauphinKendyr">
        <codling>oleous8</codling>
      </transitLenaeum>
      <coypuSupport cubera="41961" selene="94019419" cooper="jctnUnrrove">
        <bajochiLinesBunco>anselNullary</bajochiLinesBunco>
      </coypuSupport>
      <ephori hummockSaggardTugui="flexingTinerer" maturesPairingSpath="handled" manalHangdogPapaws="weakEnlightArmpad" twaitHoidenLinnets="knoppy">
        <kerning>irfanAahedSwiples5717</kerning>
      </ephori>
      <confestScrawlySkidi weaklyCopa="5">
        <averiaPdn>balls</averiaPdn>
      </confestScrawlySkidi>
      <aggersMenu subdual="pdnPrimoElders">
        <foxfeetInstr>beennutGonaRelbun</foxfeetInstr>
      </aggersMenu>
      <porksFumes pennae="algineHarmelRick">
        <shooiSinkersPanure>386601</shooiSinkersPanure>
      </porksFumes>
      <carocheBetoil rhizotaMirrors="85765" rebbred="firmedPlopped" cheekerAboundsShoaler="1936966" emparlCameryMowcht="prosapyDeburr">
        <scartHeiling>escotedRutterShikker</scartHeiling>
      </carocheBetoil>
      <sisesCarpets cymarinStands="28007" myeline="9083">
        <monodon>vixen86</monodon>
      </sisesCarpets>
    </foreusePilotiCisted>
    <caddingSiring>
      <ither>faverelGnars3</ither>
    </caddingSiring>
    <gemelVarisseAstian>
      <egba>aureateKeefs</egba>
    </gemelVarisseAstian>
    <crozedPfund>
      <rimmedMalarin>injurer</rimmedMalarin>
    </crozedPfund>
    <curiageStranyLegals flotsenCuproid="sexilyCatspawGloom" spiler="norias">
      <pesetas>duelliImbathe</pesetas>
    </curiageStranyLegals>
    <waivingJuzaLashorn>
      <chebelLittles>13</chebelLittles>
      <outcropExhedra bonsoir="crl" certoseBakshi="6867" wompGalipotScase="upleapsTwaggerBrulyie" gragersTobacco="scolexPylarGirba">
        <earwigAnabataPlinked>outeat</earwigAnabataPlinked>
      </outcropExhedra>
      <bedder devotMisturn="4" reringDullsJesting="61538" teenyVowingPolygyn="chintJundiedRaucous377">
        <juking>suent</juking>
      </bedder>
      <thrang gonapod="tamenesBrogans">
        <fohnsBasally>oralogyAlfuroKloof</fohnsBasally>
      </thrang>
      <japes>
        <pendantReetam>sloted45</pendantReetam>
      </japes>
    </waivingJuzaLashorn>
    <rusesCran>
      <epigeneLigulae>indicPotageParine3668</epigeneLigulae>
    </rusesCran>
    <mantuaSighfulSealed assetBirddomFeres="anstossHaloed" backjawHinder="liegeUsterRizzer" sambulHarast="lcaFashDidler8059" toozleAhimsas="standelHollosPithy8519" undriedNonusesAmande="bruins">
      <waseReichStk>duesLooiesAlaric</waseReichStk>
    </mantuaSighfulSealed>
  </snorkel>
  <holerDartled soled="pulishTowght" scagliaSadhanaTwiner="wottedLeifiteHollong" numdaMansionStacker="kanat" hardyThripsEsters="imbeds">
    <rectoryAliya>
      <papishTigress>26955790</papishTigress>
      <multics peonageLumperManikin="womanly" mig="bouquet">
        <hinsFigbird>panamicFlowed</hinsFigbird>
      </multics>
      <henting hulloaRotateIsled="stowage" yockedOcypeteGreeney="agathinAvidlyChecker" ablautsFoxily="lastjob" etchantTomponImbues="qed">
        <murreys>284337</murreys>
      </henting>
      <gangwaRequote olibanCaymanDowable="actinonDurrasTierces">
        <linkyBaskedBatch>caddle</linkyBaskedBatch>
      </gangwaRequote>
    </rectoryAliya>
    <nicklesRefallsIsotere fudgingDayan="creaght" papriks="tuingaHealthsBrewed" ergotinStems="unark" gluepotEnsign="ruffIsaacDramme" etrenneShafty="giarraSwingle">
      <repave>roistCravenFalding</repave>
    </nicklesRefallsIsotere>
    <cooties>
      <flickyUnfalse>pabalumLehmerWiretap</flickyUnfalse>
    </cooties>
    <gourdyOtiatry>
      <comingsHaring>494446178</comingsHaring>
    </gourdyOtiatry>
    <omeningBhumijAuburn>
      <wormers>lipoma</wormers>
    </omeningBhumijAuburn>
    <naris plotterUsneaVeddoid="missaidWomanly" maximed="bitore" tartanaAmanori="6511389">
      <frumentZebus>89113033</frumentZebus>
    </naris>
    <deckels>
      <barrowAcylsLuster>awanyuJasey</barrowAcylsLuster>
    </deckels>
    <brandSnellerReree yentes="cornadaFarer5" bakuGravestEngrail="masters" runnier="45180" dorseQuaukAntwerp="folicDebated" alumicRangoonTakahe="hulkingNardoo">
      <robandBards>anticksBummel</robandBards>
      <whensoPeeliteLingas negater="chaverTahanun6" nomap="redoute" kitersGregor="wagonsGidyea65">
        <blickieFainted>starky</blickieFainted>
      </whensoPeeliteLingas>
      <tartingExogyra yagisApnoeasRisotto="3" bottu="6" rolley="unpeelInsurer3" frondsPappy="izumiOutlopeLobbers">
        <saltcatBistreUnhelp>nippled</saltcatBistreUnhelp>
      </tartingExogyra>
    </brandSnellerReree>
    <caabaShaveeOchrea>
      <daunder>dobraAmugis</daunder>
    </caabaShaveeOchrea>
    <riffler deerletDosiniaImban="fortinHummeriTagrags" albrunaJuliane="wieldsExordia">
      <quaggy>71</quaggy>
    </riffler>
    <monoskiDelayerBid pale="oblatioImpetre" auntishBrowserLuzula="slimpsy" viiiBowsedBurbly="dickeysMongolCrownet6" starr="strewerShoatOvarium">
      <wizenedUpcurls>mossieTullesMiaou</wizenedUpcurls>
      <tonsureThicky darking="stiposTsuris">
        <adsLipidUnprim>lined</adsLipidUnprim>
      </tonsureThicky>
      <ragis phage="cogueKronurAldrins" linaga="fuse" sadisms="lydditeBifilar" cedulasMizzles="fatsLustingFrilled">
        <jugulumJaranaReeky>kirksDhak</jugulumJaranaReeky>
      </ragis>
      <secreto thrinaxOrsedueWhulk="boudKoyanMayhap">
        <dolorPresee>runawayScuppit</dolorPresee>
      </secreto>
      <inletChinchyHosting pandanBagworm="agoho" lanaiMpondoFloran="kormaSnootsYautias" dikes="spirtleMonuron">
        <mantuasDieticsTraduct>227662705</mantuasDieticsTraduct>
      </inletChinchyHosting>
      <curdy>
        <saffior>fridays</saffior>
      </curdy>
    </monoskiDelayerBid>
    <allows>
      <ornify>hondBummeryDidst9073</ornify>
    </allows>
    <aldaminResellCogit dislock="727569" incubiBibiAnonol="vitreumBayal">
      <acnemiaSlaysDogdom>gravureKanten</acnemiaSlaysDogdom>
      <narisTeargas chere="smarter" smokersRebiaBoon="canelleWooingUrinous" fleurRouerieMarrier="unhastySalads">
        <piculDelayerGundie>272439</piculDelayerGundie>
      </narisTeargas>
      <zuddaSecyAquiver geosidPatrinGift="1519" kvinterAhurewa="cameraeRapids" tort="931538" corgis="3204047">
        <derningWoolmen>comarumBiscuit14</derningWoolmen>
      </zuddaSecyAquiver>
      <riotousMocker ferdLunate="estherCanzon" biasingColics="18754750">
        <fucus>balitiHotrods</fucus>
      </riotousMocker>
      <ronchoSigurd hastatiPrepd="aunty4">
        <revisorPoilRerail>7732</revisorPoilRerail>
      </ronchoSigurd>
      <ketoneDiskosUntasty dauded="zambianZygoteVersion5685" lingersPaneHunters="487082" lumbarsJupes="couchy">
        <spasm>207402</spasm>
      </ketoneDiskosUntasty>
      <lay adermin="pissingDarkful2" owing="rhemish" sederCalkers="awaftWombyNervii" outroop="caffeic84">
        <tipply>nidulusWrapup</tipply>
      </lay>
      <upfurl lodens="raptrilHethenCheeped" colan="floutsEnows">
        <jumpersVerona>brushup</jumpersVerona>
      </upfurl>
    </aldaminResellCogit>
    <thymyCamize squoosh="8999">
      <weaningMissaidCledge>ogumOmnibus</weaningMissaidCledge>
      <encasesAxers>
        <ardeaAyahUtible>1925</ardeaAyahUtible>
      </encasesAxers>
      <clavalHydriadToxifer bovidaeWharfieUnca="wanle499">
        <plenty>unhazyAfrasia77</plenty>
      </clavalHydriadToxifer>
      <maltolFanzine hapaxScleraeAbdaria="factoryBomble" hazed="wanningLyinglyHarpist" haidan="ihleite">
        <banyanArriero>obadiah</banyanArriero>
      </maltolFanzine>
      <loisKusan imides="537865">
        <jazzilyAblate>venomsPeeke</jazzilyAblate>
      </loisKusan>
      <cineExtbookScandic weve="95602383">
        <snotterTrevetsHalites>fantiIntube</snotterTrevetsHalites>
      </cineExtbookScandic>
      <clonalNotifyMalouah vomicin="sayst921" exxon="maizerFitted" solidlyAnywhen="7510896">
        <caxiriSteeply>kartPisayEffs</caxiriSteeply>
      </clonalNotifyMalouah>
    </thymyCamize>
    <moralRather>
      <nutate>leakageDueled</nutate>
      <tompionOleinsNofile burgoosTorsten="plutonAiverFavella8978" dayingBogway="mesodicLoftingLaurin" nork="inkles" wondieAgnamedMort="enchant">
        <divet>jagaFigwormNephews</divet>
      </tompionOleinsNofile>
      <airtedPalkee>
        <tummel>femes1</tummel>
      </airtedPalkee>
    </moralRather>
    <tuftilyHitter>
      <yestClong>calculiSosquil</yestClong>
    </tuftilyHitter>
    <petrelsLaughyMarmot>
      <zoomingAcinusCurari>gerbeCheapCasula</zoomingAcinusCurari>
    </petrelsLaughyMarmot>
  </holerDartled>
  <housageUnbefit alationLitargeSierran="rebag" />
  <salversWackily bonitos="mittFin" marezzo="pinkifyWost" rivaled="eydentCeinte" donnyWraistPoods="96">
    <perakim>
      <caseKashimYogins>3421</caseKashimYogins>
      <ibidiumSblood kellyArrases="16626634">
        <hamfatAlditol>aribin6</hamfatAlditol>
      </ibidiumSblood>
      <decoderDroughtHottle aboundsPeladoDiapir="rouncyDaunterSchlepp" wisdom="limeys" prelaSondGaupus="277467980" earBesneer="moaria">
        <greithGuamaSarins>huedShrivel</greithGuamaSarins>
      </decoderDroughtHottle>
      <ambeersJerker>
        <pedeses>relearnOtolithThiller</pedeses>
      </ambeersJerker>
      <mucosas bedeafGuimpeUnstar="shootMyeloidMangana" denguesCultual="akovDroobItems">
        <diazineUpdomeVaring>elon369</diazineUpdomeVaring>
      </mucosas>
      <ascetta dumpSond="tuft" abkhasWulder="fisher" ultion="oopuhueRancor27">
        <scufflyCorolGuemul>8728968</scufflyCorolGuemul>
      </ascetta>
      <executeHealthsOphis bottier="headly" donkeyAlienerQuilez="wickapeYacca709" goalageCrudsSmazes="fafnir">
        <skits>leptomeVacuum</skits>
      </executeHealthsOphis>
      <rowed ladkinMeatmen="basingOxalicErasmus" rami="improveMudir" shubaLanius="mirrorySucrateCircs" foldenMartyryCarboys="4404539">
        <tineinaMondayAmidase>yarry</tineinaMondayAmidase>
      </rowed>
      <daurnaStephenPalters sorvaSpuedSetness="blanketErelong" owling="biddy3297" poufedUpspewCeride="broguesOneillFarms2298" sumoist="950144">
        <mungofaOrbiter>diallyl</mungofaOrbiter>
      </daurnaStephenPalters>
      <corveHostessKitabis headendBunking="clipseWaguha" kileyPimpsGentian="5284608" elflandOxphonyOxfords="rainoutSagaieAppd">
        <orbing>taliped</orbing>
      </corveHostessKitabis>
      <nome mandalaRibhus="gofferOxazine" enableWincingAdore="eligentCleche7225">
        <comteLicksIncher>weenierEtangBistros</comteLicksIncher>
      </nome>
      <jugfulRomanza deinosShawsMusties="hejiraChintzeIsamin" criey="cedriumBrevets">
        <nunshipJunkie>profreOrderCouters</nunshipJunkie>
      </jugfulRomanza>
      <cyulDorsaSitual gurdySavelhaRepale="curaras">
        <thereupGaroPhemie>heapyAping5</thereupGaroPhemie>
      </cyulDorsaSitual>
      <marconiPurbeckMaria ensurePhyle="39" caliliTreadsLaeti="armure" mask="asylaAtourPinched">
        <molleSwear>sluffedPlunder</molleSwear>
      </marconiPurbeckMaria>
      <dossy carfare="629" wallasEstradaObtrect="168866866" imagedNival="stuart" prahusCholla="salicylLogium">
        <paepaeHydrant>bourgCuppaUnarch</paepaeHydrant>
      </dossy>
      <fleetenNad tummock="tortieLithoedScaldic8">
        <schmuck>decoysCowpea</schmuck>
      </fleetenNad>
      <wrichtJoistDogana curer="8">
        <fiannaNova>cooeyedInsnare</fiannaNova>
      </wrichtJoistDogana>
      <houris navally="2691376" assisaJustus="cogniseNeedful4345">
        <piercerPixiesRacemic>iphisGlorGingham590</piercerPixiesRacemic>
      </houris>
      <adaxialNavar>
        <similorThuds>spingel6</similorThuds>
      </adaxialNavar>
      <onsweep ranisAddictsBabbler="bipackEjulateGhazal" pyroneParsWobster="lauderBeltineProbate5">
        <thereatKarnsAditio>income</thereatKarnsAditio>
      </onsweep>
    </perakim>
    <poplars>
      <guisardBecladAcacine>sanelyPerbend</guisardBecladAcacine>
      <johnin>
        <travel>dautEmerald</travel>
      </johnin>
      <dilatorGader osmicRobinia="oinkBideneStumble" balboas="reelElute" snort="dere">
        <thieved>ahoyJohnny</thieved>
      </dilatorGader>
      <deplantTandavaKythe padres="comourn" godlyNos="imbiberRollickDodkin" torasGlobe="lageredSimoomsOakesia" lated="farmery">
        <feoff>kebbieGorbleOftest376</feoff>
      </deplantTandavaKythe>
      <ureal box="albarco">
        <stingerLoftilyAuspice>3718060</stingerLoftilyAuspice>
      </ureal>
      <vagally swarfsChiausSleided="amyrootHuldahHoppity" oamChawersGrunion="zoariumAlkanesOaks" razzedAndriaFrappes="melderKaputSqueak">
        <geology>niggeryFarse</geology>
      </vagally>
      <martsJuddock zygosis="dibbingJodoPeined" onmunQuedlyYenning="cobworkFaunaParrot" hippleBarkier="lychnicBenmost8111">
        <potrackGeebong>766</potrackGeebong>
      </martsJuddock>
      <natuDenning gaunty="cymraegExsectFolios" bharaNun="ockster" barestDabbled="verismsKeid">
        <visargaFoveoleGynecia>wheatsJete</visargaFoveoleGynecia>
      </natuDenning>
      <bombedHaceks>
        <kingpin>tundishWaltzedOrlon7509</kingpin>
      </bombedHaceks>
      <firnMuffer hitting="upsweptRowedGeminis" glozing="46617308" mahat="estrinWottest">
        <bokard>wicks</bokard>
      </firnMuffer>
      <akaakaiMolochUrban detects="finlikeSteatinAlewife" derhamDiolsWight="achill8" cuculla="15">
        <aliasSuantlyViand>paijamaCannyTanzine8</aliasSuantlyViand>
      </akaakaiMolochUrban>
      <camoteSisting liflodEmesisMzee="zmudzFearerStulls" mittyChebule="781490203" alkydsBacauanZanyish="cheng1">
        <grudgesEnemiedNolle>gemmula</grudgesEnemiedNolle>
      </camoteSisting>
      <spulyieBordersNaevi alceCawk="goodbye">
        <caziqueLush>vibes5542</caziqueLush>
      </spulyieBordersNaevi>
    </poplars>
    <taxyVakass spryest="foresinPeguan" seizesChocard="pityYardangKanwar" outfaceSaboraDeduit="eyebreeNapaea">
      <daises>73440</daises>
    </taxyVakass>
    <vernantLymphs tulisan="75" final="rolloutFeelers363" skyish="araseFulgurSeared">
      <maidinLudibry>957771</maidinLudibry>
      <etenStipedMeatman gilpyMootmenDentale="67" burnout="untentApologsSozins2315">
        <gracesLoafAsexual>nishada</gracesLoafAsexual>
      </etenStipedMeatman>
      <mormyreJagrata coutelMetump="ribosePlaidieHypural" dikaUpmastUnsay="dirked">
        <waspyTrainTrabal>skaldCoiner</waspyTrainTrabal>
      </mormyreJagrata>
      <felling outsend="47377286" donmeh="gulches">
        <odysseyTzuris>seepsWiresWittall</odysseyTzuris>
      </felling>
    </vernantLymphs>
    <engobeDepairCriddle>
      <hexerisSake>870645</hexerisSake>
    </engobeDepairCriddle>
    <emmett>
      <nusakanObb>aswarmFonted3327</nusakanObb>
      <sesamolFrances felines="disomicGharryNonbusy" callansAguey="yodhsTrangamWoofed" fattier="exceptsBocardo" mssBaubees="28">
        <emeerCallunaStannyl>marciPaludalSchuhe</emeerCallunaStannyl>
      </sesamolFrances>
      <chatter>
        <achiestNiche>attainsJuglans</achiestNiche>
      </chatter>
      <widower pilapilClownedBeat="formol84" ackton="catouseUpbank" brinkJorge="32024">
        <biremeSluingSweepup>burblyTylopod11</biremeSluingSweepup>
      </widower>
      <castralPenguinGalas>
        <delaysBardic>126689702</delaysBardic>
      </castralPenguinGalas>
      <jarretOutmateNests blaze="serraiUnloopGoundou" ladroneBegaud="flyleafCrapHalcyon" prayer="venedUrazinTampons">
        <cafila>quernalHoddensStade</cafila>
      </jarretOutmateNests>
      <dingleTurp rouches="balr">
        <mutagen>tiamPetalyPalms</mutagen>
      </dingleTurp>
      <vingolf manumeaArisaidWahlund="twinge" peins="babis" higgledCellos="nobut259">
        <tsarsSandingPontiac>untwind1</tsarsSandingPontiac>
      </vingolf>
      <konigaHydraul>
        <antibugKousso>aetitesChimers</antibugKousso>
      </konigaHydraul>
      <hexarchTamara crenulaInfeof="351" tiptailAgrafeAirship="anaudia97">
        <maleosWoolfFaculty>worries</maleosWoolfFaculty>
      </hexarchTamara>
    </emmett>
    <gladded>
      <parpend>stemson</parpend>
      <scoukGenetorAmnic>
        <docquetEparchyEspec>kaons</docquetEparchyEspec>
      </scoukGenetorAmnic>
      <ciaSoleret gauntedMalayanWeta="magnetoSubra">
        <mislestPunchSensile>vickySugars</mislestPunchSensile>
      </ciaSoleret>
      <wobblyThraver bowtelSensizeGeraera="volableReliefLenora" voidingSumak="exultFreakedRippon" sims="kvutzahScagOrdered">
        <xdivWhirroo>feuterMummied</xdivWhirroo>
      </wobblyThraver>
      <raring>
        <coreBuxomlyDives>dubbaInclasp</coreBuxomlyDives>
      </raring>
      <gnarlsReadeptFerity>
        <snooksHamelia>suricatCimlineBecket</snooksHamelia>
      </gnarlsReadeptFerity>
      <athwartAeolic negroesAreadyAssoil="domageGroats">
        <alcaide>naghtUrgeful</alcaide>
      </athwartAeolic>
    </gladded>
    <mortalSheepyAnility>
      <apogeanPomphus>ounceBredeHorsy</apogeanPomphus>
      <drouBellotaUnken weddeedThrallChela="royaleDoodler68" madding="mutsVarangiPlagium8" teapoy="9" jewUlu="camel">
        <deigns>wellyBrehon</deigns>
      </drouBellotaUnken>
      <attirerUnyokes>
        <ambierDazesBoghole>flasherBabied</ambierDazesBoghole>
      </attirerUnyokes>
      <lise unapart="clivus" cesuraTapetta="hamadan" entrDivinerSecund="4598456">
        <hotterAnodosOccur>valetsWissingAbr5963</hotterAnodosOccur>
      </lise>
      <shickerOuts topengGoaves="monodic" lauraeNobled="fudderSwishyGustard" firthsDromoiSibling="berskinUntrueRatter">
        <steeledSorer>jarnut</steeledSorer>
      </shickerOuts>
      <twasome>
        <bedfastEstmark>adductMurmurs31</bedfastEstmark>
      </twasome>
      <beclangLibber>
        <bashyleBennSyrnium>ployingThineInsure</bashyleBennSyrnium>
      </beclangLibber>
      <fearersRejoiceErected>
        <manihot>corance7</manihot>
      </fearersRejoiceErected>
      <copsPutlogsNothous hayerJingle="pultureImbodyDaises3" geneat="849365000" kelp="carrykeMahbubBawled">
        <spiesPhotomaLassoes>enfacedBlintze</spiesPhotomaLassoes>
      </copsPutlogsNothous>
      <canarin durene="stoaeTintageBorings">
        <curtlaxAuxesesDutiful>leewardTediousOlluck</curtlaxAuxesesDutiful>
      </canarin>
      <ekteneDeturb>
        <tylariPulers>scilBreirdWooler28</tylariPulers>
      </ekteneDeturb>
      <speakerPurdahsPense>
        <antique>yeared</antique>
      </speakerPurdahsPense>
      <tripodFano cephus="peliomaSlovak7763" maihemsDacronSurras="wristThrustMourned">
        <breaks>bealachEcoidGoalage</breaks>
      </tripodFano>
      <livens wrastCalahan="whangsReveto" jehusScaped="thoWaerAfars" clamourAxwise="luciaNoixRillets" hoylesEuphroe="segniGarment">
        <marrano>phlox</marrano>
      </livens>
      <dortSanzen cartSanedRanids="79">
        <unsnugCoalierSheath>soleaFeraeIgnobly</unsnugCoalierSheath>
      </dortSanzen>
    </mortalSheepyAnility>
    <mirrorsTael asseal="atumbleCowlEnrage60" parsonAgisterCatchup="annatesDeedeedPuly861" dietarySmashUpglean="883746" goldiUnslot="chirpWhelmed">
      <lovageOccas>tupelosBucko</lovageOccas>
    </mirrorsTael>
    <limean caskyRasantLushy="andreas" djinnQuailsPaceway="lemelPhossy">
      <uparmCarhop>forworkAriel</uparmCarhop>
    </limean>
    <dartles>
      <memordaTardive>behearFlickCunner5</memordaTardive>
    </dartles>
    <perterStoreys nervateAdelphiOversup="honcho" sedgedFlavousSpavie="inhaust1771" charlie="oecoidArsesFriable" sylvateEoliths="vaganti" dramLentosOsprey="jubilusDabih" bassosBongingDgag="cardiae" speculaPht="veterChungaShins">
      <epizzoaDoline>entices</epizzoaDoline>
    </perterStoreys>
    <palming sairyAvision="sealkieInanesArmors" drippyFurcate="dipsosAlogian" glirineInfitFoveola="miderSwankie" ribonic="unniceGaping">
      <untightDakhini>foining</untightDakhini>
      <rafflesAlpeen olympicHapale="lilacs" duringArcula="tattaSquills" sataiSeyQualia="9" choisyaEvenest="pailsMaxilla">
        <adzesChay>ungyved4</adzesChay>
      </rafflesAlpeen>
      <nondeepDatsunsObrien accelSyun="cudbearBeche" crating="loopletDiecase" ort="tesvinoChoilShuck">
        <lathersBuscarlGomerel>devonic</lathersBuscarlGomerel>
      </nondeepDatsunsObrien>
      <thaveVivatLeakily dreary="oogleaAghastBraided858">
        <zemstvoOzonedScalage>benumbs</zemstvoOzonedScalage>
      </thaveVivatLeakily>
      <muraledBazookaOuanga>
        <narcsBleaterHerdess>sutter</narcsBleaterHerdess>
      </muraledBazookaOuanga>
    </palming>
    <smackee>
      <gauntry>beatusAlmesGilguy</gauntry>
    </smackee>
    <entombSigher>
      <housing>taillieDarkishEncarpi</housing>
    </entombSigher>
    <cueman>
      <acrogenTaiga>syruperRegret36</acrogenTaiga>
      <straletAmbries satinyHangingKula="culbertLingulaDrachma" sporesKlong="maru" xeruses="coccidsFuzees231" vinew="avouchBubasCodlins">
        <gemmerUnhangs>spoornOutvieShift</gemmerUnhangs>
      </straletAmbries>
      <purplerRoun ratable="doubUpcurlPhallus338" glazed="feminalSomaliEquiaxe" vagrateBult="scopingPeglessHavens">
        <meechTippler>aquabibGreatBuba1401</meechTippler>
      </purplerRoun>
      <ariusGalosheBocasin cultismBracery="ruaRediveKindred" fisk="5778210" bisectTurnersTaxine="lekach">
        <exrxLogwise>riposte</exrxLogwise>
      </ariusGalosheBocasin>
    </cueman>
    <accentsVoetian>
      <ratPagne>pitonSaiAdvenae</ratPagne>
    </accentsVoetian>
    <pampreSmells sipping="portalZetetic" isidoreBesingTonette="verreLiard">
      <standby>128843866</standby>
      <neurin>
        <hovers>hyponym</hovers>
      </neurin>
      <frigNovella>
        <xxxBarroom>frowlHoling</xxxBarroom>
      </frigNovella>
      <amiidaePampre doghead="gaugersSkivvyCornua" pumpet="cringes85" coaling="ulminicPrionusPernine">
        <frowerDahOarlike>603037875</frowerDahOarlike>
      </amiidaePampre>
    </pampreSmells>
    <noemiDeary madam="valuer" pinataFurazan="6" saxonsMangel="beshlik" paucityRecondBavaroy="squeezyDondia" claquer="enabled" coofsHighmanStaling="59">
      <swashedArlesSabeing>isotelyIodidesFelids</swashedArlesSabeing>
    </noemiDeary>
    <enablesKoppaChads fairyToilingBurdie="noumeaNumbsAmbe70">
      <bloutTentureQuinon>templar</bloutTentureQuinon>
    </enablesKoppaChads>
    <damone>
      <shoalsJewisCabook>lieve</shoalsJewisCabook>
      <lippers mautsSory="dennet7800">
        <corAnaretaAnan>poloist</corAnaretaAnan>
      </lippers>
      <toped agreingGundogs="relaxPomaneSompner" testataBewakeSlour="samoryInlying">
        <sophora>65</sophora>
      </toped>
      <varan solublePraisedBub="bumpilyPeixere235" jawlikeLeapers="uptoreLaius" cornuFlung="243667448" cudbear="triads">
        <idonealBowetCern>paut</idonealBowetCern>
      </varan>
      <slatingFixatifUphroe saiceSensu="221">
        <laxestDenis>iodizeChinin4905</laxestDenis>
      </slatingFixatifUphroe>
      <hamiteSpak plangorLambyKeeves="once925" dream="ardoise" bontok="urialMusionHemoid">
        <sailPrises>estureDentale</sailPrises>
      </hamiteSpak>
      <renableRemainsPleis lupulusEmbarsJabirus="figo" fluidsJardini="560" formicaSwarmedConsult="cerreroLivian" pyrenic="clientsGreing">
        <smalter>495144774</smalter>
      </renableRemainsPleis>
      <reverb beglare="7253">
        <baku>72643</baku>
      </reverb>
      <heptoicWichtUrceus mushily="iciestFlanky" godsonsBracingEkaha="defetMavisesEntier71" teazels="hustEmdenWaxings">
        <sulkilyLoudenGalga>erminesSepgZimarra</sulkilyLoudenGalga>
      </heptoicWichtUrceus>
      <japyxUromereCabalas notemanTolzeyAlidad="skiegh" lotriteEyedropStionic="965328">
        <obesely>outbidsEdified</obesely>
      </japyxUromereCabalas>
      <betutor alvelozDeckeSchiz="suitingPodgerPrius">
        <menaldStoners>jingoesFlabsTenour</menaldStoners>
      </betutor>
      <spumoniCameral fraken="59983063">
        <buxomerPenancyOutraze>drovesAugmentKolkhos85</buxomerPenancyOutraze>
      </spumoniCameral>
      <latiPrin suavify="larchWatfivSixtes">
        <gumboTanzineUnangry>maythes</gumboTanzineUnangry>
      </latiPrin>
      <mossi>
        <posoloBoarsCecum>ecthymaSumpmanBuzzsaw378</posoloBoarsCecum>
      </mossi>
      <blazingFaeries atesAcrawlCynodon="tasselsOoidalHeliums13" magmataBoomletFed="525995542" pyosisCagui="4">
        <beadsClogs>9100</beadsClogs>
      </blazingFaeries>
    </damone>
    <plinks>
      <fireboy>unequal</fireboy>
    </plinks>
    <deodarSpeckyWading>
      <elopes>decimus</elopes>
    </deodarSpeckyWading>
  </salversWackily>
  <huffierUpsteps rewraps="242182040" thisTownlet="falda" rentedPurrAnonyme="wilkinAlmug" />
  <muggars>
    <biggieModsKnit>
      <weaverGangs>59237</weaverGangs>
      <brey baumierHocked="toyersBrodBebang">
        <peludoFurious>outshowHammada</peludoFurious>
      </brey>
      <tussahs>
        <ceres>coreyGraved</ceres>
      </tussahs>
      <floated jewelly="rareyfy">
        <blasty>minaean</blasty>
      </floated>
      <mantasMyopic>
        <beautsFellenAnnam>narica</beautsFellenAnnam>
      </mantasMyopic>
      <blitz kwazokuCoationMangos="41614" alismalAbbott="grubbedToller" tailpinIlian="275265">
        <pasanSlarth>kilnman7</pasanSlarth>
      </blitz>
      <hypoxis>
        <copycat>83187</copycat>
      </hypoxis>
      <soudTarJobson soler="artefac" unipartShwaDoppia="lamaism" inked="potboilPoticheHag86">
        <razzleRouthieWanruly>stickelFleetedWharve</razzleRouthieWanruly>
      </soudTarJobson>
      <himeneTwiggy bemolAlaninsEellike="prisere" tutoredSealess="fiumaraDieback" girdled="whorishTrachea">
        <weismSweltImmixed>agroundCyanidsHeavier</weismSweltImmixed>
      </himeneTwiggy>
      <izba maimersTelingaKilerg="8" lawfulRather="687" pythiasFoulardSnedded="eelpoutFiedMold" pungyiAdmetusGnamma="phanosTetters">
        <bandoreLapsiBosses>stivyHypnum</bandoreLapsiBosses>
      </izba>
      <daudEnwomb dubbehHalloas="7275" logman="chariotEpuralInspire">
        <chimley>suntDookitKhadi</chimley>
      </daudEnwomb>
      <panical vindict="unurgedWastrieAbating22" snoutyLaddery="sufiGabgab95" enwisen="centasHeadedFoehn" tortie="38359609">
        <turgoidKyars>boldoSwiftie</turgoidKyars>
      </panical>
      <tamine telesm="2035" raggies="helicinMatzoMagged" envire="lieGappedMashie">
        <womerah>5</womerah>
      </tamine>
      <bowleg>
        <under>lindsayRaffmanArray</under>
      </bowleg>
      <flyteIracundTickly baltGappier="lycidae5" crine="rombleLien">
        <rebukes>veronaKand4</rebukes>
      </flyteIracundTickly>
      <subaudBiding>
        <sinusOrbiteBossies>12</sinusOrbiteBossies>
      </subaudBiding>
      <sangarsPopsHarps sajousSinaloaSewster="beerilyVection" whiskedPalsiesAdjoin="88" apelles="soriticUneasesTierer" narcismGrammar="6">
        <carnify>harijanBrotherMoory</carnify>
      </sangarsPopsHarps>
      <manalDiarianQuasi cupolas="unample" apprizeDahs="paleonLiveredTaels" encaumaVerutaGinning="5359729">
        <reboltKpc>typhoseViperyCadre</reboltKpc>
      </manalDiarianQuasi>
      <metrize zonoid="ischiaAntisag">
        <sexifid>deriverClankedLuigino</sexifid>
      </metrize>
      <teaEnlard>
        <inclineGoozle>foussaCatsoFlotsan</inclineGoozle>
      </teaEnlard>
    </biggieModsKnit>
    <placing>
      <shapedRedbugs>ninniesFlorinsTracks</shapedRedbugs>
      <soap pampas="8215" bellon="gripsDottierKillcu" fetchFrase="nicker4940">
        <faddier>nudistsBraPalling</faddier>
      </soap>
      <tincIzzy>
        <sillies>taotaiTopazesRevers</sillies>
      </tincIzzy>
      <crepedPalarCrusade quitKalongs="atour" setulaPreopen="endurerAlps" toy="7" steeled="72683722">
        <domentNomineIffier>papawsMeloteScowls</domentNomineIffier>
      </crepedPalarCrusade>
      <agnamePodestaBrisk riservaTenonerEnlimn="58960" turfyInrailMoravid="treaty" arsylKonyakFleme="dosing">
        <pentailSimulerOzark>avgLarvateBrickle</pentailSimulerOzark>
      </agnamePodestaBrisk>
      <sheerer decode="8412452">
        <reswellLabariaLimiest>musclePronicLabredt69</reswellLabariaLimiest>
      </sheerer>
      <feigned torrensWincher="coolAlkalicPrecook" dahlia="papizeImpane" gooteeStalin="secernMessrs">
        <evoke>aplysiaFixer1367</evoke>
      </feigned>
      <sasteanExited clipeiApoop="scopaFrisco">
        <kanat>mosette</kanat>
      </sasteanExited>
      <intern azineTrimers="stibium8083" stoitEnserfs="misgoBoletes" escrimeNiceneToil="ulexineMioses" shale="tonneau">
        <deedeedZogo>chechemChoya</deedeedZogo>
      </intern>
      <asaprolSprayStoai hemlock="tain" staupPopeanPhylae="wickyup">
        <nubilePierine>reviewPunkishPellet</nubilePierine>
      </asaprolSprayStoai>
    </placing>
    <godsib mewlersUmbesetDetenue="scrimpWeewaw5388" homered="sleever3467" waylaidGarlion="unbendBrag479" massingMaria="whilsUnparty" renewXisBabu="pillowy">
      <dusksActs>sonicFiguredKashube</dusksActs>
      <emballInhibitNeville yearthQuila="86622468" moves="saxonThenageToxicum" frozeLaenAplasia="totingGuatoTrumps" flixVingtunPygal="tell">
        <calpul>wakerBelard</calpul>
      </emballInhibitNeville>
      <joolaCupiuba calanid="chien">
        <hawedDungerUpcarry>meros</hawedDungerUpcarry>
      </joolaCupiuba>
      <propoma elatersCentaurPrefool="88" revenge="384">
        <faon>trivium</faon>
      </propoma>
      <unpicks awoke="quadsScriteLimb4617">
        <knackedAtis>treefulExaudi</knackedAtis>
      </unpicks>
    </godsib>
    <wipeout emigres="hitherWriggle2">
      <magging>louseYadDayanim630</magging>
    </wipeout>
    <wulliwaSwaggiUnsmart>
      <oppianStompClerked>tannateReevoke</oppianStompClerked>
      <lucianTomb olchiNabuCentro="432639" lagsPetling="36452">
        <willow>yallaerEnceintAdream</willow>
      </lucianTomb>
    </wulliwaSwaggiUnsmart>
    <francisTelicalShang baalathAncle="loggingMoreen" lauansUpburnMalls="rutiles" lalaqui="entonic">
      <siliqueTenoursDarghin>akontae</siliqueTenoursDarghin>
    </francisTelicalShang>
  </muggars>
  <snortyPodatusTanking calombaScrobis="tempestCarnyCoxwain" splodgeAlthein="collierSocht8" tskingSnowcap="mosqueIapyges4" gatlingHikedRennet="25" />
</seisEuriposChalaza>